solid OpenSCAD_Model
  facet normal 0 0 -1
    outer loop
      vertex 58.44 3 1.19
      vertex 59.64 3 1.19
      vertex 59.6143 2.60842 1.19
    endloop
  endfacet
  facet normal 0 0 -1
    outer loop
      vertex 59.64 3 1.19
      vertex 58.44 3 1.19
      vertex 59.64 93.1 1.19
    endloop
  endfacet
  facet normal 0 0 -1
    outer loop
      vertex 58.4246 2.76505 1.19
      vertex 59.6143 2.60842 1.19
      vertex 59.5378 2.22354 1.19
    endloop
  endfacet
  facet normal 0 0 -1
    outer loop
      vertex 58.44 93.1 1.19
      vertex 59.64 93.1 1.19
      vertex 58.44 3 1.19
    endloop
  endfacet
  facet normal 0 0 -1
    outer loop
      vertex 58.3787 2.53413 1.19
      vertex 59.5378 2.22354 1.19
      vertex 59.4116 1.85195 1.19
    endloop
  endfacet
  facet normal 0 0 -1
    outer loop
      vertex 59.64 93.1 1.19
      vertex 58.44 93.1 1.19
      vertex 59.6143 93.4916 1.19
    endloop
  endfacet
  facet normal 0 0 -1
    outer loop
      vertex 58.303 2.31117 1.19
      vertex 59.4116 1.85195 1.19
      vertex 59.2381 1.5 1.19
    endloop
  endfacet
  facet normal 0 0 -1
    outer loop
      vertex 58.4246 93.3349 1.19
      vertex 59.6143 93.4916 1.19
      vertex 58.44 93.1 1.19
    endloop
  endfacet
  facet normal 0 0 -1
    outer loop
      vertex 58.1988 2.1 1.19
      vertex 59.2381 1.5 1.19
      vertex 59.0201 1.17372 1.19
    endloop
  endfacet
  facet normal -0 0 -1
    outer loop
      vertex 59.6143 93.4916 1.19
      vertex 58.4246 93.3349 1.19
      vertex 59.5378 93.8765 1.19
    endloop
  endfacet
  facet normal 0 0 -1
    outer loop
      vertex 58.068 1.90423 1.19
      vertex 59.0201 1.17372 1.19
      vertex 58.7613 0.878679 1.19
    endloop
  endfacet
  facet normal 0 0 -1
    outer loop
      vertex 58.3787 93.5659 1.19
      vertex 59.5378 93.8765 1.19
      vertex 58.4246 93.3349 1.19
    endloop
  endfacet
  facet normal 0 0 -1
    outer loop
      vertex 57.9128 1.72721 1.19
      vertex 58.7613 0.878679 1.19
      vertex 58.4663 0.61994 1.19
    endloop
  endfacet
  facet normal -0 0 -1
    outer loop
      vertex 59.5378 93.8765 1.19
      vertex 58.3787 93.5659 1.19
      vertex 59.4116 94.248 1.19
    endloop
  endfacet
  facet normal 0 0 -1
    outer loop
      vertex 58.303 93.7888 1.19
      vertex 59.4116 94.248 1.19
      vertex 58.3787 93.5659 1.19
    endloop
  endfacet
  facet normal 0 0 -1
    outer loop
      vertex 59.6143 2.60842 1.19
      vertex 58.4246 2.76505 1.19
      vertex 58.44 3 1.19
    endloop
  endfacet
  facet normal 0 0 -1
    outer loop
      vertex 59.5378 2.22354 1.19
      vertex 58.3787 2.53413 1.19
      vertex 58.4246 2.76505 1.19
    endloop
  endfacet
  facet normal 0 0 -1
    outer loop
      vertex 59.4116 1.85195 1.19
      vertex 58.303 2.31117 1.19
      vertex 58.3787 2.53413 1.19
    endloop
  endfacet
  facet normal 0 0 -1
    outer loop
      vertex 59.2381 1.5 1.19
      vertex 58.1988 2.1 1.19
      vertex 58.303 2.31117 1.19
    endloop
  endfacet
  facet normal 0 0 -1
    outer loop
      vertex 57.7358 1.57196 1.19
      vertex 58.4663 0.61994 1.19
      vertex 58.14 0.401923 1.19
    endloop
  endfacet
  facet normal 0 0 -1
    outer loop
      vertex 59.0201 1.17372 1.19
      vertex 58.068 1.90423 1.19
      vertex 58.1988 2.1 1.19
    endloop
  endfacet
  facet normal 0 0 -1
    outer loop
      vertex 58.7613 0.878679 1.19
      vertex 57.9128 1.72721 1.19
      vertex 58.068 1.90423 1.19
    endloop
  endfacet
  facet normal 0 0 -1
    outer loop
      vertex 57.54 1.44115 1.19
      vertex 58.14 0.401923 1.19
      vertex 57.788 0.228361 1.19
    endloop
  endfacet
  facet normal 0 0 -1
    outer loop
      vertex 58.4663 0.61994 1.19
      vertex 57.7358 1.57196 1.19
      vertex 57.9128 1.72721 1.19
    endloop
  endfacet
  facet normal 0 0 -1
    outer loop
      vertex 58.14 0.401923 1.19
      vertex 57.54 1.44115 1.19
      vertex 57.7358 1.57196 1.19
    endloop
  endfacet
  facet normal 0 0 -1
    outer loop
      vertex 57.3288 1.33702 1.19
      vertex 57.788 0.228361 1.19
      vertex 57.4165 0.102222 1.19
    endloop
  endfacet
  facet normal 0 0 -1
    outer loop
      vertex 57.788 0.228361 1.19
      vertex 57.3288 1.33702 1.19
      vertex 57.54 1.44115 1.19
    endloop
  endfacet
  facet normal 0 0 -1
    outer loop
      vertex 57.4165 0.102222 1.19
      vertex 57.1059 1.26133 1.19
      vertex 57.3288 1.33702 1.19
    endloop
  endfacet
  facet normal 0 0 -1
    outer loop
      vertex 57.0316 0.0256653 1.19
      vertex 57.1059 1.26133 1.19
      vertex 57.4165 0.102222 1.19
    endloop
  endfacet
  facet normal 0 0 -1
    outer loop
      vertex 57.0316 0.0256653 1.19
      vertex 56.8749 1.2154 1.19
      vertex 57.1059 1.26133 1.19
    endloop
  endfacet
  facet normal 0 0 -1
    outer loop
      vertex 56.64 0 1.19
      vertex 56.8749 1.2154 1.19
      vertex 57.0316 0.0256653 1.19
    endloop
  endfacet
  facet normal 0 0 -1
    outer loop
      vertex 56.64 0 1.19
      vertex 56.64 1.2 1.19
      vertex 56.8749 1.2154 1.19
    endloop
  endfacet
  facet normal 0 0 -1
    outer loop
      vertex 3 0 1.19
      vertex 56.64 1.2 1.19
      vertex 56.64 0 1.19
    endloop
  endfacet
  facet normal 0 0 -1
    outer loop
      vertex 3 0 1.19
      vertex 3 1.2 1.19
      vertex 56.64 1.2 1.19
    endloop
  endfacet
  facet normal 0 0 -1
    outer loop
      vertex 3 0 1.19
      vertex 2.76505 1.2154 1.19
      vertex 3 1.2 1.19
    endloop
  endfacet
  facet normal 0 0 -1
    outer loop
      vertex 2.60842 0.0256653 1.19
      vertex 2.76505 1.2154 1.19
      vertex 3 0 1.19
    endloop
  endfacet
  facet normal 0 0 -1
    outer loop
      vertex 2.60842 0.0256653 1.19
      vertex 2.53413 1.26133 1.19
      vertex 2.76505 1.2154 1.19
    endloop
  endfacet
  facet normal 0 0 -1
    outer loop
      vertex 2.22354 0.102222 1.19
      vertex 2.53413 1.26133 1.19
      vertex 2.60842 0.0256653 1.19
    endloop
  endfacet
  facet normal -0 0 -1
    outer loop
      vertex 2.53413 1.26133 1.19
      vertex 2.22354 0.102222 1.19
      vertex 2.31117 1.33702 1.19
    endloop
  endfacet
  facet normal 0 0 -1
    outer loop
      vertex 1.85195 0.228361 1.19
      vertex 2.31117 1.33702 1.19
      vertex 2.22354 0.102222 1.19
    endloop
  endfacet
  facet normal -0 0 -1
    outer loop
      vertex 2.31117 1.33702 1.19
      vertex 1.85195 0.228361 1.19
      vertex 2.1 1.44115 1.19
    endloop
  endfacet
  facet normal 0 0 -1
    outer loop
      vertex 1.5 0.401923 1.19
      vertex 2.1 1.44115 1.19
      vertex 1.85195 0.228361 1.19
    endloop
  endfacet
  facet normal -0 0 -1
    outer loop
      vertex 2.1 1.44115 1.19
      vertex 1.5 0.401923 1.19
      vertex 1.90423 1.57196 1.19
    endloop
  endfacet
  facet normal 0 0 -1
    outer loop
      vertex 1.17372 0.61994 1.19
      vertex 1.90423 1.57196 1.19
      vertex 1.5 0.401923 1.19
    endloop
  endfacet
  facet normal -0 0 -1
    outer loop
      vertex 1.90423 1.57196 1.19
      vertex 1.17372 0.61994 1.19
      vertex 1.72721 1.72721 1.19
    endloop
  endfacet
  facet normal 0 0 -1
    outer loop
      vertex 0.878679 0.878679 1.19
      vertex 1.72721 1.72721 1.19
      vertex 1.17372 0.61994 1.19
    endloop
  endfacet
  facet normal -0 0 -1
    outer loop
      vertex 1.72721 1.72721 1.19
      vertex 0.878679 0.878679 1.19
      vertex 1.57196 1.90423 1.19
    endloop
  endfacet
  facet normal 0 0 -1
    outer loop
      vertex 0.61994 1.17372 1.19
      vertex 1.57196 1.90423 1.19
      vertex 0.878679 0.878679 1.19
    endloop
  endfacet
  facet normal -0 0 -1
    outer loop
      vertex 1.57196 1.90423 1.19
      vertex 0.61994 1.17372 1.19
      vertex 1.44115 2.1 1.19
    endloop
  endfacet
  facet normal 0 0 -1
    outer loop
      vertex 0.228361 1.85195 1.19
      vertex 1.33702 2.31117 1.19
      vertex 0.401923 1.5 1.19
    endloop
  endfacet
  facet normal -0 0 -1
    outer loop
      vertex 1.44115 2.1 1.19
      vertex 0.401923 1.5 1.19
      vertex 1.33702 2.31117 1.19
    endloop
  endfacet
  facet normal 0 0 -1
    outer loop
      vertex 0.401923 1.5 1.19
      vertex 1.44115 2.1 1.19
      vertex 0.61994 1.17372 1.19
    endloop
  endfacet
  facet normal -0 0 -1
    outer loop
      vertex 59.4116 94.248 1.19
      vertex 58.303 93.7888 1.19
      vertex 59.2381 94.6 1.19
    endloop
  endfacet
  facet normal 0 0 -1
    outer loop
      vertex 58.1988 94 1.19
      vertex 59.2381 94.6 1.19
      vertex 58.303 93.7888 1.19
    endloop
  endfacet
  facet normal -0 0 -1
    outer loop
      vertex 59.2381 94.6 1.19
      vertex 58.1988 94 1.19
      vertex 59.0201 94.9263 1.19
    endloop
  endfacet
  facet normal 0 0 -1
    outer loop
      vertex 58.068 94.1958 1.19
      vertex 59.0201 94.9263 1.19
      vertex 58.1988 94 1.19
    endloop
  endfacet
  facet normal -0 0 -1
    outer loop
      vertex 59.0201 94.9263 1.19
      vertex 58.068 94.1958 1.19
      vertex 58.7613 95.2213 1.19
    endloop
  endfacet
  facet normal 0 0 -1
    outer loop
      vertex 57.9128 94.3728 1.19
      vertex 58.7613 95.2213 1.19
      vertex 58.068 94.1958 1.19
    endloop
  endfacet
  facet normal -0 0 -1
    outer loop
      vertex 58.7613 95.2213 1.19
      vertex 57.9128 94.3728 1.19
      vertex 58.4663 95.4801 1.19
    endloop
  endfacet
  facet normal 0 0 -1
    outer loop
      vertex 57.7358 94.528 1.19
      vertex 58.4663 95.4801 1.19
      vertex 57.9128 94.3728 1.19
    endloop
  endfacet
  facet normal -0 0 -1
    outer loop
      vertex 58.4663 95.4801 1.19
      vertex 57.7358 94.528 1.19
      vertex 58.14 95.6981 1.19
    endloop
  endfacet
  facet normal 0 0 -1
    outer loop
      vertex 57.54 94.6588 1.19
      vertex 58.14 95.6981 1.19
      vertex 57.7358 94.528 1.19
    endloop
  endfacet
  facet normal -0 0 -1
    outer loop
      vertex 58.14 95.6981 1.19
      vertex 57.54 94.6588 1.19
      vertex 57.788 95.8716 1.19
    endloop
  endfacet
  facet normal 0 0 -1
    outer loop
      vertex 57.3288 94.763 1.19
      vertex 57.788 95.8716 1.19
      vertex 57.54 94.6588 1.19
    endloop
  endfacet
  facet normal -0 0 -1
    outer loop
      vertex 57.788 95.8716 1.19
      vertex 57.3288 94.763 1.19
      vertex 57.4165 95.9978 1.19
    endloop
  endfacet
  facet normal 0 0 -1
    outer loop
      vertex 57.1059 94.8387 1.19
      vertex 57.4165 95.9978 1.19
      vertex 57.3288 94.763 1.19
    endloop
  endfacet
  facet normal 0 0 -1
    outer loop
      vertex 57.1059 94.8387 1.19
      vertex 57.0316 96.0743 1.19
      vertex 57.4165 95.9978 1.19
    endloop
  endfacet
  facet normal 0 0 -1
    outer loop
      vertex 56.8749 94.8846 1.19
      vertex 57.0316 96.0743 1.19
      vertex 57.1059 94.8387 1.19
    endloop
  endfacet
  facet normal 0 0 -1
    outer loop
      vertex 56.64 94.9 1.19
      vertex 57.0316 96.0743 1.19
      vertex 56.8749 94.8846 1.19
    endloop
  endfacet
  facet normal 0 0 -1
    outer loop
      vertex 56.64 94.9 1.19
      vertex 56.64 96.1 1.19
      vertex 57.0316 96.0743 1.19
    endloop
  endfacet
  facet normal 0 0 -1
    outer loop
      vertex 56.64 94.9 1.19
      vertex 3 96.1 1.19
      vertex 56.64 96.1 1.19
    endloop
  endfacet
  facet normal 0 0 -1
    outer loop
      vertex 3 94.9 1.19
      vertex 3 96.1 1.19
      vertex 56.64 94.9 1.19
    endloop
  endfacet
  facet normal 0 0 -1
    outer loop
      vertex 2.76505 94.8846 1.19
      vertex 3 96.1 1.19
      vertex 3 94.9 1.19
    endloop
  endfacet
  facet normal 0 0 -1
    outer loop
      vertex 2.76505 94.8846 1.19
      vertex 2.60842 96.0743 1.19
      vertex 3 96.1 1.19
    endloop
  endfacet
  facet normal 0 0 -1
    outer loop
      vertex 2.53413 94.8387 1.19
      vertex 2.60842 96.0743 1.19
      vertex 2.76505 94.8846 1.19
    endloop
  endfacet
  facet normal 0 0 -1
    outer loop
      vertex 2.22354 95.9978 1.19
      vertex 2.53413 94.8387 1.19
      vertex 2.31117 94.763 1.19
    endloop
  endfacet
  facet normal 0 0 -1
    outer loop
      vertex 2.53413 94.8387 1.19
      vertex 2.22354 95.9978 1.19
      vertex 2.60842 96.0743 1.19
    endloop
  endfacet
  facet normal 0 0 -1
    outer loop
      vertex 1.85195 95.8716 1.19
      vertex 2.31117 94.763 1.19
      vertex 2.1 94.6588 1.19
    endloop
  endfacet
  facet normal 0 0 -1
    outer loop
      vertex 1.5 95.6981 1.19
      vertex 2.1 94.6588 1.19
      vertex 1.90423 94.528 1.19
    endloop
  endfacet
  facet normal 0 0 -1
    outer loop
      vertex 2.31117 94.763 1.19
      vertex 1.85195 95.8716 1.19
      vertex 2.22354 95.9978 1.19
    endloop
  endfacet
  facet normal 0 0 -1
    outer loop
      vertex 1.17372 95.4801 1.19
      vertex 1.90423 94.528 1.19
      vertex 1.72721 94.3728 1.19
    endloop
  endfacet
  facet normal 0 0 -1
    outer loop
      vertex 0.878679 95.2213 1.19
      vertex 1.72721 94.3728 1.19
      vertex 1.57196 94.1958 1.19
    endloop
  endfacet
  facet normal 0 0 -1
    outer loop
      vertex 2.1 94.6588 1.19
      vertex 1.5 95.6981 1.19
      vertex 1.85195 95.8716 1.19
    endloop
  endfacet
  facet normal 0 0 -1
    outer loop
      vertex 0.61994 94.9263 1.19
      vertex 1.57196 94.1958 1.19
      vertex 1.44115 94 1.19
    endloop
  endfacet
  facet normal 0 0 -1
    outer loop
      vertex 0.401923 94.6 1.19
      vertex 1.44115 94 1.19
      vertex 1.33702 93.7888 1.19
    endloop
  endfacet
  facet normal 0 0 -1
    outer loop
      vertex 0.228361 94.248 1.19
      vertex 1.33702 93.7888 1.19
      vertex 1.26133 93.5659 1.19
    endloop
  endfacet
  facet normal 0 0 -1
    outer loop
      vertex 0.102222 93.8765 1.19
      vertex 1.26133 93.5659 1.19
      vertex 1.2154 93.3349 1.19
    endloop
  endfacet
  facet normal 0 0 -1
    outer loop
      vertex 1.90423 94.528 1.19
      vertex 1.17372 95.4801 1.19
      vertex 1.5 95.6981 1.19
    endloop
  endfacet
  facet normal 0 0 -1
    outer loop
      vertex 0.0256653 93.4916 1.19
      vertex 1.2154 93.3349 1.19
      vertex 1.2 93.1 1.19
    endloop
  endfacet
  facet normal 0 0 -1
    outer loop
      vertex 1.2 3 1.19
      vertex 0 3 1.19
      vertex 1.2 93.1 1.19
    endloop
  endfacet
  facet normal -0 0 -1
    outer loop
      vertex 1.33702 2.31117 1.19
      vertex 0.228361 1.85195 1.19
      vertex 1.26133 2.53413 1.19
    endloop
  endfacet
  facet normal 0 0 -1
    outer loop
      vertex 0 93.1 1.19
      vertex 1.2 93.1 1.19
      vertex 0 3 1.19
    endloop
  endfacet
  facet normal 0 0 -1
    outer loop
      vertex 0.102222 2.22354 1.19
      vertex 1.26133 2.53413 1.19
      vertex 0.228361 1.85195 1.19
    endloop
  endfacet
  facet normal 0 -0 -1
    outer loop
      vertex 0.0256653 93.4916 1.19
      vertex 1.2 93.1 1.19
      vertex 0 93.1 1.19
    endloop
  endfacet
  facet normal -0 0 -1
    outer loop
      vertex 1.26133 2.53413 1.19
      vertex 0.102222 2.22354 1.19
      vertex 1.2154 2.76505 1.19
    endloop
  endfacet
  facet normal 0 0 -1
    outer loop
      vertex 1.72721 94.3728 1.19
      vertex 0.878679 95.2213 1.19
      vertex 1.17372 95.4801 1.19
    endloop
  endfacet
  facet normal 0 0 -1
    outer loop
      vertex 0.0256653 2.60842 1.19
      vertex 1.2154 2.76505 1.19
      vertex 0.102222 2.22354 1.19
    endloop
  endfacet
  facet normal 0 0 -1
    outer loop
      vertex 1.57196 94.1958 1.19
      vertex 0.61994 94.9263 1.19
      vertex 0.878679 95.2213 1.19
    endloop
  endfacet
  facet normal -0 0 -1
    outer loop
      vertex 1.2154 2.76505 1.19
      vertex 0.0256653 2.60842 1.19
      vertex 1.2 3 1.19
    endloop
  endfacet
  facet normal 0 0 -1
    outer loop
      vertex 1.44115 94 1.19
      vertex 0.401923 94.6 1.19
      vertex 0.61994 94.9263 1.19
    endloop
  endfacet
  facet normal -0 0 -1
    outer loop
      vertex 1.2 3 1.19
      vertex 0.0256653 2.60842 1.19
      vertex 0 3 1.19
    endloop
  endfacet
  facet normal 0 0 -1
    outer loop
      vertex 1.33702 93.7888 1.19
      vertex 0.228361 94.248 1.19
      vertex 0.401923 94.6 1.19
    endloop
  endfacet
  facet normal 0 0 -1
    outer loop
      vertex 1.26133 93.5659 1.19
      vertex 0.102222 93.8765 1.19
      vertex 0.228361 94.248 1.19
    endloop
  endfacet
  facet normal 0 0 -1
    outer loop
      vertex 1.2154 93.3349 1.19
      vertex 0.0256653 93.4916 1.19
      vertex 0.102222 93.8765 1.19
    endloop
  endfacet
  facet normal -0.997859 -0.0654055 0
    outer loop
      vertex 1.2154 2.76505 0
      vertex 1.2 3 1.19
      vertex 1.2 3 0
    endloop
  endfacet
  facet normal -0.997859 -0.0654055 0
    outer loop
      vertex 1.2 3 1.19
      vertex 1.2154 2.76505 0
      vertex 1.2154 2.76505 1.19
    endloop
  endfacet
  facet normal -0.555572 -0.831468 0
    outer loop
      vertex 1.90423 1.57196 0
      vertex 2.1 1.44115 1.19
      vertex 1.90423 1.57196 1.19
    endloop
  endfacet
  facet normal -0.555572 -0.831468 -0
    outer loop
      vertex 2.1 1.44115 1.19
      vertex 1.90423 1.57196 0
      vertex 2.1 1.44115 0
    endloop
  endfacet
  facet normal -0.946923 -0.32146 0
    outer loop
      vertex 1.33702 2.31117 0
      vertex 1.26133 2.53413 1.19
      vertex 1.26133 2.53413 0
    endloop
  endfacet
  facet normal -0.946923 -0.32146 0
    outer loop
      vertex 1.26133 2.53413 1.19
      vertex 1.33702 2.31117 0
      vertex 1.33702 2.31117 1.19
    endloop
  endfacet
  facet normal 0.195014 -0.980801 0
    outer loop
      vertex 56.8749 1.2154 0
      vertex 57.1059 1.26133 1.19
      vertex 56.8749 1.2154 1.19
    endloop
  endfacet
  facet normal 0.195014 -0.980801 0
    outer loop
      vertex 57.1059 1.26133 1.19
      vertex 56.8749 1.2154 0
      vertex 57.1059 1.26133 0
    endloop
  endfacet
  facet normal 0 1 -0
    outer loop
      vertex 56.64 94.9 0
      vertex 3 94.9 1.19
      vertex 56.64 94.9 1.19
    endloop
  endfacet
  facet normal 0 1 0
    outer loop
      vertex 3 94.9 1.19
      vertex 56.64 94.9 0
      vertex 3 94.9 0
    endloop
  endfacet
  facet normal 0.442452 0.896792 -0
    outer loop
      vertex 57.54 94.6588 0
      vertex 57.3288 94.763 1.19
      vertex 57.54 94.6588 1.19
    endloop
  endfacet
  facet normal 0.442452 0.896792 0
    outer loop
      vertex 57.3288 94.763 1.19
      vertex 57.54 94.6588 0
      vertex 57.3288 94.763 0
    endloop
  endfacet
  facet normal -0.831468 -0.555572 0
    outer loop
      vertex 1.57196 1.90423 0
      vertex 1.44115 2.1 1.19
      vertex 1.44115 2.1 0
    endloop
  endfacet
  facet normal -0.831468 -0.555572 0
    outer loop
      vertex 1.44115 2.1 1.19
      vertex 1.57196 1.90423 0
      vertex 1.57196 1.90423 1.19
    endloop
  endfacet
  facet normal 0.831527 0.555484 0
    outer loop
      vertex 58.1988 94 1.19
      vertex 58.068 94.1958 0
      vertex 58.068 94.1958 1.19
    endloop
  endfacet
  facet normal 0.831527 0.555484 0
    outer loop
      vertex 58.068 94.1958 0
      vertex 58.1988 94 1.19
      vertex 58.1988 94 0
    endloop
  endfacet
  facet normal 0.321575 0.946884 -0
    outer loop
      vertex 57.3288 94.763 0
      vertex 57.1059 94.8387 1.19
      vertex 57.3288 94.763 1.19
    endloop
  endfacet
  facet normal 0.321575 0.946884 0
    outer loop
      vertex 57.1059 94.8387 1.19
      vertex 57.3288 94.763 0
      vertex 57.1059 94.8387 0
    endloop
  endfacet
  facet normal -0.321498 0.94691 0
    outer loop
      vertex 2.53413 94.8387 0
      vertex 2.31117 94.763 1.19
      vertex 2.53413 94.8387 1.19
    endloop
  endfacet
  facet normal -0.321498 0.94691 0
    outer loop
      vertex 2.31117 94.763 1.19
      vertex 2.53413 94.8387 0
      vertex 2.31117 94.763 0
    endloop
  endfacet
  facet normal -0.194956 0.980812 0
    outer loop
      vertex 2.76505 94.8846 0
      vertex 2.53413 94.8387 1.19
      vertex 2.76505 94.8846 1.19
    endloop
  endfacet
  facet normal -0.194956 0.980812 0
    outer loop
      vertex 2.53413 94.8387 1.19
      vertex 2.76505 94.8846 0
      vertex 2.53413 94.8387 0
    endloop
  endfacet
  facet normal 0.997859 -0.0654055 0
    outer loop
      vertex 58.4246 2.76505 1.19
      vertex 58.44 3 0
      vertex 58.44 3 1.19
    endloop
  endfacet
  facet normal 0.997859 -0.0654055 0
    outer loop
      vertex 58.44 3 0
      vertex 58.4246 2.76505 1.19
      vertex 58.4246 2.76505 0
    endloop
  endfacet
  facet normal 0.831488 -0.555543 0
    outer loop
      vertex 58.068 1.90423 1.19
      vertex 58.1988 2.1 0
      vertex 58.1988 2.1 1.19
    endloop
  endfacet
  facet normal 0.831488 -0.555543 0
    outer loop
      vertex 58.1988 2.1 0
      vertex 58.068 1.90423 1.19
      vertex 58.068 1.90423 0
    endloop
  endfacet
  facet normal -1 0 0
    outer loop
      vertex 1.2 3 0
      vertex 1.2 93.1 1.19
      vertex 1.2 93.1 0
    endloop
  endfacet
  facet normal -1 -0 0
    outer loop
      vertex 1.2 93.1 1.19
      vertex 1.2 3 0
      vertex 1.2 3 1.19
    endloop
  endfacet
  facet normal 0.321537 -0.946897 0
    outer loop
      vertex 57.1059 1.26133 0
      vertex 57.3288 1.33702 1.19
      vertex 57.1059 1.26133 1.19
    endloop
  endfacet
  facet normal 0.321537 -0.946897 0
    outer loop
      vertex 57.3288 1.33702 1.19
      vertex 57.1059 1.26133 0
      vertex 57.3288 1.33702 0
    endloop
  endfacet
  facet normal 0.0654194 0.997858 -0
    outer loop
      vertex 56.8749 94.8846 0
      vertex 56.64 94.9 1.19
      vertex 56.8749 94.8846 1.19
    endloop
  endfacet
  facet normal 0.0654194 0.997858 0
    outer loop
      vertex 56.64 94.9 1.19
      vertex 56.8749 94.8846 0
      vertex 56.64 94.9 0
    endloop
  endfacet
  facet normal 0 -1 0
    outer loop
      vertex 3 1.2 0
      vertex 56.64 1.2 1.19
      vertex 3 1.2 1.19
    endloop
  endfacet
  facet normal 0 -1 -0
    outer loop
      vertex 56.64 1.2 1.19
      vertex 3 1.2 0
      vertex 56.64 1.2 0
    endloop
  endfacet
  facet normal 1 -0 0
    outer loop
      vertex 58.44 3 1.19
      vertex 58.44 93.1 0
      vertex 58.44 93.1 1.19
    endloop
  endfacet
  facet normal 1 0 0
    outer loop
      vertex 58.44 93.1 0
      vertex 58.44 3 1.19
      vertex 58.44 3 0
    endloop
  endfacet
  facet normal 0.442212 -0.89691 0
    outer loop
      vertex 57.3288 1.33702 0
      vertex 57.54 1.44115 1.19
      vertex 57.3288 1.33702 1.19
    endloop
  endfacet
  facet normal 0.442212 -0.89691 0
    outer loop
      vertex 57.54 1.44115 1.19
      vertex 57.3288 1.33702 0
      vertex 57.54 1.44115 0
    endloop
  endfacet
  facet normal -0.442263 -0.896885 0
    outer loop
      vertex 2.1 1.44115 0
      vertex 2.31117 1.33702 1.19
      vertex 2.1 1.44115 1.19
    endloop
  endfacet
  facet normal -0.442263 -0.896885 -0
    outer loop
      vertex 2.31117 1.33702 1.19
      vertex 2.1 1.44115 0
      vertex 2.31117 1.33702 0
    endloop
  endfacet
  facet normal 0.896792 0.442452 0
    outer loop
      vertex 58.303 93.7888 1.19
      vertex 58.1988 94 0
      vertex 58.1988 94 1.19
    endloop
  endfacet
  facet normal 0.896792 0.442452 0
    outer loop
      vertex 58.1988 94 0
      vertex 58.303 93.7888 1.19
      vertex 58.303 93.7888 0
    endloop
  endfacet
  facet normal -0.997858 0.0654194 0
    outer loop
      vertex 1.2 93.1 0
      vertex 1.2154 93.3349 1.19
      vertex 1.2154 93.3349 0
    endloop
  endfacet
  facet normal -0.997858 0.0654194 0
    outer loop
      vertex 1.2154 93.3349 1.19
      vertex 1.2 93.1 0
      vertex 1.2 93.1 1.19
    endloop
  endfacet
  facet normal 0.997858 0.0654194 0
    outer loop
      vertex 58.44 93.1 1.19
      vertex 58.4246 93.3349 0
      vertex 58.4246 93.3349 1.19
    endloop
  endfacet
  facet normal 0.997858 0.0654194 0
    outer loop
      vertex 58.4246 93.3349 0
      vertex 58.44 93.1 1.19
      vertex 58.44 93.1 0
    endloop
  endfacet
  facet normal -0.0654055 0.997859 0
    outer loop
      vertex 3 94.9 0
      vertex 2.76505 94.8846 1.19
      vertex 3 94.9 1.19
    endloop
  endfacet
  facet normal -0.0654055 0.997859 0
    outer loop
      vertex 2.76505 94.8846 1.19
      vertex 3 94.9 0
      vertex 2.76505 94.8846 0
    endloop
  endfacet
  facet normal 0.0654194 -0.997858 0
    outer loop
      vertex 56.64 1.2 0
      vertex 56.8749 1.2154 1.19
      vertex 56.64 1.2 1.19
    endloop
  endfacet
  facet normal 0.0654194 -0.997858 0
    outer loop
      vertex 56.8749 1.2154 1.19
      vertex 56.64 1.2 0
      vertex 56.8749 1.2154 0
    endloop
  endfacet
  facet normal -0.0654055 -0.997859 0
    outer loop
      vertex 2.76505 1.2154 0
      vertex 3 1.2 1.19
      vertex 2.76505 1.2154 1.19
    endloop
  endfacet
  facet normal -0.0654055 -0.997859 -0
    outer loop
      vertex 3 1.2 1.19
      vertex 2.76505 1.2154 0
      vertex 3 1.2 0
    endloop
  endfacet
  facet normal 0.980825 0.194891 0
    outer loop
      vertex 58.4246 93.3349 1.19
      vertex 58.3787 93.5659 0
      vertex 58.3787 93.5659 1.19
    endloop
  endfacet
  facet normal 0.980825 0.194891 0
    outer loop
      vertex 58.3787 93.5659 0
      vertex 58.4246 93.3349 1.19
      vertex 58.4246 93.3349 0
    endloop
  endfacet
  facet normal 0.659286 0.751892 -0
    outer loop
      vertex 57.9128 94.3728 0
      vertex 57.7358 94.528 1.19
      vertex 57.9128 94.3728 1.19
    endloop
  endfacet
  facet normal 0.659286 0.751892 0
    outer loop
      vertex 57.7358 94.528 1.19
      vertex 57.9128 94.3728 0
      vertex 57.7358 94.528 0
    endloop
  endfacet
  facet normal -0.659364 -0.751824 0
    outer loop
      vertex 1.72721 1.72721 0
      vertex 1.90423 1.57196 1.19
      vertex 1.72721 1.72721 1.19
    endloop
  endfacet
  facet normal -0.659364 -0.751824 -0
    outer loop
      vertex 1.90423 1.57196 1.19
      vertex 1.72721 1.72721 0
      vertex 1.90423 1.57196 0
    endloop
  endfacet
  facet normal -0.195079 -0.980788 0
    outer loop
      vertex 2.53413 1.26133 0
      vertex 2.76505 1.2154 1.19
      vertex 2.53413 1.26133 1.19
    endloop
  endfacet
  facet normal -0.195079 -0.980788 -0
    outer loop
      vertex 2.76505 1.2154 1.19
      vertex 2.53413 1.26133 0
      vertex 2.76505 1.2154 0
    endloop
  endfacet
  facet normal 0.946884 0.321575 0
    outer loop
      vertex 58.3787 93.5659 1.19
      vertex 58.303 93.7888 0
      vertex 58.303 93.7888 1.19
    endloop
  endfacet
  facet normal 0.946884 0.321575 0
    outer loop
      vertex 58.303 93.7888 0
      vertex 58.3787 93.5659 1.19
      vertex 58.3787 93.5659 0
    endloop
  endfacet
  facet normal 0.194891 0.980825 -0
    outer loop
      vertex 57.1059 94.8387 0
      vertex 56.8749 94.8846 1.19
      vertex 57.1059 94.8387 1.19
    endloop
  endfacet
  facet normal 0.194891 0.980825 0
    outer loop
      vertex 56.8749 94.8846 1.19
      vertex 57.1059 94.8387 0
      vertex 56.8749 94.8846 0
    endloop
  endfacet
  facet normal 0.980812 -0.194956 0
    outer loop
      vertex 58.3787 2.53413 1.19
      vertex 58.4246 2.76505 0
      vertex 58.4246 2.76505 1.19
    endloop
  endfacet
  facet normal 0.980812 -0.194956 0
    outer loop
      vertex 58.4246 2.76505 0
      vertex 58.3787 2.53413 1.19
      vertex 58.3787 2.53413 0
    endloop
  endfacet
  facet normal 0.659406 -0.751787 0
    outer loop
      vertex 57.7358 1.57196 0
      vertex 57.9128 1.72721 1.19
      vertex 57.7358 1.57196 1.19
    endloop
  endfacet
  facet normal 0.659406 -0.751787 0
    outer loop
      vertex 57.9128 1.72721 1.19
      vertex 57.7358 1.57196 0
      vertex 57.9128 1.72721 0
    endloop
  endfacet
  facet normal -0.659244 0.751929 0
    outer loop
      vertex 1.90423 94.528 0
      vertex 1.72721 94.3728 1.19
      vertex 1.90423 94.528 1.19
    endloop
  endfacet
  facet normal -0.659244 0.751929 0
    outer loop
      vertex 1.72721 94.3728 1.19
      vertex 1.90423 94.528 0
      vertex 1.72721 94.3728 0
    endloop
  endfacet
  facet normal -0.831508 0.555513 0
    outer loop
      vertex 1.44115 94 0
      vertex 1.57196 94.1958 1.19
      vertex 1.57196 94.1958 0
    endloop
  endfacet
  facet normal -0.831508 0.555513 0
    outer loop
      vertex 1.57196 94.1958 1.19
      vertex 1.44115 94 0
      vertex 1.44115 94 1.19
    endloop
  endfacet
  facet normal 0.751892 0.659286 0
    outer loop
      vertex 58.068 94.1958 1.19
      vertex 57.9128 94.3728 0
      vertex 57.9128 94.3728 1.19
    endloop
  endfacet
  facet normal 0.751892 0.659286 0
    outer loop
      vertex 57.9128 94.3728 0
      vertex 58.068 94.1958 1.19
      vertex 58.068 94.1958 0
    endloop
  endfacet
  facet normal -0.896885 -0.442263 0
    outer loop
      vertex 1.44115 2.1 0
      vertex 1.33702 2.31117 1.19
      vertex 1.33702 2.31117 0
    endloop
  endfacet
  facet normal -0.896885 -0.442263 0
    outer loop
      vertex 1.33702 2.31117 1.19
      vertex 1.44115 2.1 0
      vertex 1.44115 2.1 1.19
    endloop
  endfacet
  facet normal 0.555484 0.831527 -0
    outer loop
      vertex 57.7358 94.528 0
      vertex 57.54 94.6588 1.19
      vertex 57.7358 94.528 1.19
    endloop
  endfacet
  facet normal 0.555484 0.831527 0
    outer loop
      vertex 57.54 94.6588 1.19
      vertex 57.7358 94.528 0
      vertex 57.54 94.6588 0
    endloop
  endfacet
  facet normal -0.980801 0.195014 0
    outer loop
      vertex 1.2154 93.3349 0
      vertex 1.26133 93.5659 1.19
      vertex 1.26133 93.5659 0
    endloop
  endfacet
  facet normal -0.980801 0.195014 0
    outer loop
      vertex 1.26133 93.5659 1.19
      vertex 1.2154 93.3349 0
      vertex 1.2154 93.3349 1.19
    endloop
  endfacet
  facet normal -0.32146 -0.946923 0
    outer loop
      vertex 2.31117 1.33702 0
      vertex 2.53413 1.26133 1.19
      vertex 2.31117 1.33702 1.19
    endloop
  endfacet
  facet normal -0.32146 -0.946923 -0
    outer loop
      vertex 2.53413 1.26133 1.19
      vertex 2.31117 1.33702 0
      vertex 2.53413 1.26133 0
    endloop
  endfacet
  facet normal -0.946897 0.321537 0
    outer loop
      vertex 1.26133 93.5659 0
      vertex 1.33702 93.7888 1.19
      vertex 1.33702 93.7888 0
    endloop
  endfacet
  facet normal -0.946897 0.321537 0
    outer loop
      vertex 1.33702 93.7888 1.19
      vertex 1.26133 93.5659 0
      vertex 1.26133 93.5659 1.19
    endloop
  endfacet
  facet normal -0.751824 -0.659364 0
    outer loop
      vertex 1.72721 1.72721 0
      vertex 1.57196 1.90423 1.19
      vertex 1.57196 1.90423 0
    endloop
  endfacet
  facet normal -0.751824 -0.659364 0
    outer loop
      vertex 1.57196 1.90423 1.19
      vertex 1.72721 1.72721 0
      vertex 1.72721 1.72721 1.19
    endloop
  endfacet
  facet normal -0.980788 -0.195079 0
    outer loop
      vertex 1.26133 2.53413 0
      vertex 1.2154 2.76505 1.19
      vertex 1.2154 2.76505 0
    endloop
  endfacet
  facet normal -0.980788 -0.195079 0
    outer loop
      vertex 1.2154 2.76505 1.19
      vertex 1.26133 2.53413 0
      vertex 1.26133 2.53413 1.19
    endloop
  endfacet
  facet normal 0.896767 -0.442502 0
    outer loop
      vertex 58.1988 2.1 1.19
      vertex 58.303 2.31117 0
      vertex 58.303 2.31117 1.19
    endloop
  endfacet
  facet normal 0.896767 -0.442502 0
    outer loop
      vertex 58.303 2.31117 0
      vertex 58.1988 2.1 1.19
      vertex 58.1988 2.1 0
    endloop
  endfacet
  facet normal -0.89691 0.442212 0
    outer loop
      vertex 1.33702 93.7888 0
      vertex 1.44115 94 1.19
      vertex 1.44115 94 0
    endloop
  endfacet
  facet normal -0.89691 0.442212 0
    outer loop
      vertex 1.44115 94 1.19
      vertex 1.33702 93.7888 0
      vertex 1.33702 93.7888 1.19
    endloop
  endfacet
  facet normal -0.555543 0.831488 0
    outer loop
      vertex 2.1 94.6588 0
      vertex 1.90423 94.528 1.19
      vertex 2.1 94.6588 1.19
    endloop
  endfacet
  facet normal -0.555543 0.831488 0
    outer loop
      vertex 1.90423 94.528 1.19
      vertex 2.1 94.6588 0
      vertex 1.90423 94.528 0
    endloop
  endfacet
  facet normal 0.555513 -0.831508 0
    outer loop
      vertex 57.54 1.44115 0
      vertex 57.7358 1.57196 1.19
      vertex 57.54 1.44115 1.19
    endloop
  endfacet
  facet normal 0.555513 -0.831508 0
    outer loop
      vertex 57.7358 1.57196 1.19
      vertex 57.54 1.44115 0
      vertex 57.7358 1.57196 0
    endloop
  endfacet
  facet normal 0.751929 -0.659244 0
    outer loop
      vertex 57.9128 1.72721 1.19
      vertex 58.068 1.90423 0
      vertex 58.068 1.90423 1.19
    endloop
  endfacet
  facet normal 0.751929 -0.659244 0
    outer loop
      vertex 58.068 1.90423 0
      vertex 57.9128 1.72721 1.19
      vertex 57.9128 1.72721 0
    endloop
  endfacet
  facet normal -0.751787 0.659406 0
    outer loop
      vertex 1.57196 94.1958 0
      vertex 1.72721 94.3728 1.19
      vertex 1.72721 94.3728 0
    endloop
  endfacet
  facet normal -0.751787 0.659406 0
    outer loop
      vertex 1.72721 94.3728 1.19
      vertex 1.57196 94.1958 0
      vertex 1.57196 94.1958 1.19
    endloop
  endfacet
  facet normal 0.94691 -0.321498 0
    outer loop
      vertex 58.303 2.31117 1.19
      vertex 58.3787 2.53413 0
      vertex 58.3787 2.53413 1.19
    endloop
  endfacet
  facet normal 0.94691 -0.321498 0
    outer loop
      vertex 58.3787 2.53413 0
      vertex 58.303 2.31117 1.19
      vertex 58.303 2.31117 0
    endloop
  endfacet
  facet normal -0.442502 0.896767 0
    outer loop
      vertex 2.31117 94.763 0
      vertex 2.1 94.6588 1.19
      vertex 2.31117 94.763 1.19
    endloop
  endfacet
  facet normal -0.442502 0.896767 0
    outer loop
      vertex 2.1 94.6588 1.19
      vertex 2.31117 94.763 0
      vertex 2.1 94.6588 0
    endloop
  endfacet
  facet normal 0.659478 0.751724 -0
    outer loop
      vertex 58.7613 95.2213 1.19
      vertex 58.4663 95.4801 15
      vertex 58.7613 95.2213 15
    endloop
  endfacet
  facet normal 0.659478 0.751724 0
    outer loop
      vertex 58.4663 95.4801 15
      vertex 58.7613 95.2213 1.19
      vertex 58.4663 95.4801 1.19
    endloop
  endfacet
  facet normal 0.195079 -0.980788 0
    outer loop
      vertex 57.0316 0.0256653 1.19
      vertex 57.4165 0.102222 15
      vertex 57.0316 0.0256653 15
    endloop
  endfacet
  facet normal 0.195079 -0.980788 0
    outer loop
      vertex 57.4165 0.102222 15
      vertex 57.0316 0.0256653 1.19
      vertex 57.4165 0.102222 1.19
    endloop
  endfacet
  facet normal 0.831501 0.555523 0
    outer loop
      vertex 59.2381 94.6 15
      vertex 59.0201 94.9263 1.19
      vertex 59.0201 94.9263 15
    endloop
  endfacet
  facet normal 0.831501 0.555523 0
    outer loop
      vertex 59.0201 94.9263 1.19
      vertex 59.2381 94.6 15
      vertex 59.2381 94.6 1.19
    endloop
  endfacet
  facet normal -0.555577 -0.831465 0
    outer loop
      vertex 1.17372 0.61994 1.19
      vertex 1.5 0.401923 15
      vertex 1.17372 0.61994 15
    endloop
  endfacet
  facet normal -0.555577 -0.831465 -0
    outer loop
      vertex 1.5 0.401923 15
      vertex 1.17372 0.61994 1.19
      vertex 1.5 0.401923 1.19
    endloop
  endfacet
  facet normal 0.896961 0.44211 0
    outer loop
      vertex 59.4116 94.248 15
      vertex 59.2381 94.6 1.19
      vertex 59.2381 94.6 15
    endloop
  endfacet
  facet normal 0.896961 0.44211 0
    outer loop
      vertex 59.2381 94.6 1.19
      vertex 59.4116 94.248 15
      vertex 59.4116 94.248 1.19
    endloop
  endfacet
  facet normal -1 0 0
    outer loop
      vertex 0 93.1 1.19
      vertex 0 91.295 8
      vertex 0 93.1 15
    endloop
  endfacet
  facet normal -1 0 0
    outer loop
      vertex 0 93.1 1.19
      vertex 0 91.2813 7.79116
      vertex 0 91.295 8
    endloop
  endfacet
  facet normal -1 0 0
    outer loop
      vertex 0 93.1 1.19
      vertex 0 91.2405 7.58589
      vertex 0 91.2813 7.79116
    endloop
  endfacet
  facet normal -1 0 0
    outer loop
      vertex 0 93.1 1.19
      vertex 0 91.1732 7.38771
      vertex 0 91.2405 7.58589
    endloop
  endfacet
  facet normal -1 0 0
    outer loop
      vertex 0 93.1 1.19
      vertex 0 91.0806 7.2
      vertex 0 91.1732 7.38771
    endloop
  endfacet
  facet normal -1 0 0
    outer loop
      vertex 0 93.1 1.19
      vertex 0 90.9644 7.02598
      vertex 0 91.0806 7.2
    endloop
  endfacet
  facet normal -1 0 0
    outer loop
      vertex 0 93.1 1.19
      vertex 0 90.8264 6.86863
      vertex 0 90.9644 7.02598
    endloop
  endfacet
  facet normal -1 0 0
    outer loop
      vertex 0 93.1 1.19
      vertex 0 90.669 6.73063
      vertex 0 90.8264 6.86863
    endloop
  endfacet
  facet normal -1 0 0
    outer loop
      vertex 0 93.1 1.19
      vertex 0 90.495 6.61436
      vertex 0 90.669 6.73063
    endloop
  endfacet
  facet normal -1 0 0
    outer loop
      vertex 0 93.1 1.19
      vertex 0 90.3073 6.52179
      vertex 0 90.495 6.61436
    endloop
  endfacet
  facet normal -1 0 0
    outer loop
      vertex 0 93.1 1.19
      vertex 0 90.1091 6.45452
      vertex 0 90.3073 6.52179
    endloop
  endfacet
  facet normal -1 0 0
    outer loop
      vertex 0 93.1 1.19
      vertex 0 89.9038 6.41369
      vertex 0 90.1091 6.45452
    endloop
  endfacet
  facet normal -1 0 0
    outer loop
      vertex 0 93.1 1.19
      vertex 0 89.695 6.4
      vertex 0 89.9038 6.41369
    endloop
  endfacet
  facet normal -1 0 0
    outer loop
      vertex 0 93.1 1.19
      vertex 0 89.4862 6.41369
      vertex 0 89.695 6.4
    endloop
  endfacet
  facet normal -1 0 0
    outer loop
      vertex 0 85.3 2.5
      vertex 0 89.4862 6.41369
      vertex 0 93.1 1.19
    endloop
  endfacet
  facet normal -1 -0 0
    outer loop
      vertex 0 89.4862 6.41369
      vertex 0 85.3 2.5
      vertex 0 89.2809 6.45452
    endloop
  endfacet
  facet normal -1 -0 0
    outer loop
      vertex 0 89.2809 6.45452
      vertex 0 85.3 2.5
      vertex 0 89.0827 6.52179
    endloop
  endfacet
  facet normal -1 -0 0
    outer loop
      vertex 0 89.0827 6.52179
      vertex 0 85.3 2.5
      vertex 0 88.895 6.61436
    endloop
  endfacet
  facet normal -1 -0 0
    outer loop
      vertex 0 88.895 6.61436
      vertex 0 85.3 2.5
      vertex 0 88.721 6.73063
    endloop
  endfacet
  facet normal -1 -0 0
    outer loop
      vertex 0 88.721 6.73063
      vertex 0 85.3 2.5
      vertex 0 88.5636 6.86863
    endloop
  endfacet
  facet normal -1 0 0
    outer loop
      vertex 0 85.3 2.5
      vertex 0 88.095 8
      vertex 0 88.1087 7.79116
    endloop
  endfacet
  facet normal -1 0 0
    outer loop
      vertex 0 85.3 2.5
      vertex 0 88.1087 7.79116
      vertex 0 88.1495 7.58589
    endloop
  endfacet
  facet normal -1 0 0
    outer loop
      vertex 0 85.3 2.5
      vertex 0 88.1495 7.58589
      vertex 0 88.2168 7.38771
    endloop
  endfacet
  facet normal -1 -0 0
    outer loop
      vertex 0 88.095 8
      vertex 0 85.3 2.5
      vertex 0 86.45 12.5
    endloop
  endfacet
  facet normal -1 -0 0
    outer loop
      vertex 0 88.3094 7.2
      vertex 0 85.3 2.5
      vertex 0 88.2168 7.38771
    endloop
  endfacet
  facet normal -1 -0 0
    outer loop
      vertex 0 88.4256 7.02598
      vertex 0 85.3 2.5
      vertex 0 88.3094 7.2
    endloop
  endfacet
  facet normal -1 -0 0
    outer loop
      vertex 0 88.5636 6.86863
      vertex 0 85.3 2.5
      vertex 0 88.4256 7.02598
    endloop
  endfacet
  facet normal -1 0 0
    outer loop
      vertex 0 93.1 1.19
      vertex 0 69.1 2.5
      vertex 0 85.3 2.5
    endloop
  endfacet
  facet normal -1 0 0
    outer loop
      vertex 0 66.2913 8.20884
      vertex 0 67.95 12.5
      vertex 0 66.305 8
    endloop
  endfacet
  facet normal -1 0 0
    outer loop
      vertex 0 69.1 2.5
      vertex 0 66.305 8
      vertex 0 67.95 12.5
    endloop
  endfacet
  facet normal -1 0 0
    outer loop
      vertex 0 69.1 2.5
      vertex 0 66.2913 7.79116
      vertex 0 66.305 8
    endloop
  endfacet
  facet normal -1 0 0
    outer loop
      vertex 0 69.1 2.5
      vertex 0 66.2505 7.58589
      vertex 0 66.2913 7.79116
    endloop
  endfacet
  facet normal -1 0 0
    outer loop
      vertex 0 69.1 2.5
      vertex 0 66.1832 7.38771
      vertex 0 66.2505 7.58589
    endloop
  endfacet
  facet normal -1 0 0
    outer loop
      vertex 0 69.1 2.5
      vertex 0 66.0906 7.2
      vertex 0 66.1832 7.38771
    endloop
  endfacet
  facet normal -1 0 0
    outer loop
      vertex 0 69.1 2.5
      vertex 0 65.9744 7.02598
      vertex 0 66.0906 7.2
    endloop
  endfacet
  facet normal -1 0 0
    outer loop
      vertex 0 69.1 2.5
      vertex 0 65.8364 6.86863
      vertex 0 65.9744 7.02598
    endloop
  endfacet
  facet normal -1 0 0
    outer loop
      vertex 0 69.1 2.5
      vertex 0 65.679 6.73063
      vertex 0 65.8364 6.86863
    endloop
  endfacet
  facet normal -1 0 0
    outer loop
      vertex 0 69.1 2.5
      vertex 0 65.505 6.61436
      vertex 0 65.679 6.73063
    endloop
  endfacet
  facet normal -1 0 0
    outer loop
      vertex 0 69.1 2.5
      vertex 0 65.3173 6.52179
      vertex 0 65.505 6.61436
    endloop
  endfacet
  facet normal -1 0 0
    outer loop
      vertex 0 69.1 2.5
      vertex 0 65.1191 6.45452
      vertex 0 65.3173 6.52179
    endloop
  endfacet
  facet normal -1 0 0
    outer loop
      vertex 0 69.1 2.5
      vertex 0 64.9138 6.41369
      vertex 0 65.1191 6.45452
    endloop
  endfacet
  facet normal -1 0 0
    outer loop
      vertex 0 69.1 2.5
      vertex 0 64.705 6.4
      vertex 0 64.9138 6.41369
    endloop
  endfacet
  facet normal -1 0 0
    outer loop
      vertex 0 69.1 2.5
      vertex 0 64.4962 6.41369
      vertex 0 64.705 6.4
    endloop
  endfacet
  facet normal -1 0 0
    outer loop
      vertex 0 69.1 2.5
      vertex 0 64.2909 6.45452
      vertex 0 64.4962 6.41369
    endloop
  endfacet
  facet normal -1 0 0
    outer loop
      vertex 0 69.1 2.5
      vertex 0 64.0927 6.52179
      vertex 0 64.2909 6.45452
    endloop
  endfacet
  facet normal -1 0 0
    outer loop
      vertex 0 69.1 2.5
      vertex 0 63.905 6.61436
      vertex 0 64.0927 6.52179
    endloop
  endfacet
  facet normal -1 0 0
    outer loop
      vertex 0 69.1 2.5
      vertex 0 63.731 6.73063
      vertex 0 63.905 6.61436
    endloop
  endfacet
  facet normal -1 -0 0
    outer loop
      vertex 0 63.1187 7.79116
      vertex 0 14 6.275
      vertex 0 63.105 8
    endloop
  endfacet
  facet normal -1 -0 0
    outer loop
      vertex 0 63.1595 7.58589
      vertex 0 14 6.275
      vertex 0 63.1187 7.79116
    endloop
  endfacet
  facet normal -1 -0 0
    outer loop
      vertex 0 63.2268 7.38771
      vertex 0 14 6.275
      vertex 0 63.1595 7.58589
    endloop
  endfacet
  facet normal -1 -0 0
    outer loop
      vertex 0 63.3194 7.2
      vertex 0 14 6.275
      vertex 0 63.2268 7.38771
    endloop
  endfacet
  facet normal -1 -0 0
    outer loop
      vertex 0 63.4356 7.02598
      vertex 0 14 6.275
      vertex 0 63.3194 7.2
    endloop
  endfacet
  facet normal -1 -0 0
    outer loop
      vertex 0 63.5736 6.86863
      vertex 0 14 6.275
      vertex 0 63.4356 7.02598
    endloop
  endfacet
  facet normal -1 -0 0
    outer loop
      vertex 0 63.731 6.73063
      vertex 0 14 6.275
      vertex 0 63.5736 6.86863
    endloop
  endfacet
  facet normal -1 0 0
    outer loop
      vertex 0 69.1 2.5
      vertex 0 14 6.275
      vertex 0 63.731 6.73063
    endloop
  endfacet
  facet normal -1 0 0
    outer loop
      vertex 0 3 1.19
      vertex 0 14 6.275
      vertex 0 69.1 2.5
    endloop
  endfacet
  facet normal -1 0 0
    outer loop
      vertex 0 3 1.19
      vertex 0 69.1 2.5
      vertex 0 93.1 1.19
    endloop
  endfacet
  facet normal -1 -0 0
    outer loop
      vertex 0 14 6.275
      vertex 0 3 1.19
      vertex 0 4 6.275
    endloop
  endfacet
  facet normal -1 0 0
    outer loop
      vertex 0 3 15
      vertex 0 4 6.275
      vertex 0 3 1.19
    endloop
  endfacet
  facet normal -1 0 0
    outer loop
      vertex 0 4 6.275
      vertex 0 3 15
      vertex 0 4 15
    endloop
  endfacet
  facet normal -1 0 0
    outer loop
      vertex 0 91.2813 8.20884
      vertex 0 93.1 15
      vertex 0 91.295 8
    endloop
  endfacet
  facet normal -1 0 0
    outer loop
      vertex 0 91.2405 8.41411
      vertex 0 93.1 15
      vertex 0 91.2813 8.20884
    endloop
  endfacet
  facet normal -1 0 0
    outer loop
      vertex 0 91.1732 8.61229
      vertex 0 93.1 15
      vertex 0 91.2405 8.41411
    endloop
  endfacet
  facet normal -1 0 0
    outer loop
      vertex 0 91.0806 8.8
      vertex 0 93.1 15
      vertex 0 91.1732 8.61229
    endloop
  endfacet
  facet normal -1 0 0
    outer loop
      vertex 0 90.9644 8.97402
      vertex 0 93.1 15
      vertex 0 91.0806 8.8
    endloop
  endfacet
  facet normal -1 0 0
    outer loop
      vertex 0 90.8264 9.13137
      vertex 0 93.1 15
      vertex 0 90.9644 8.97402
    endloop
  endfacet
  facet normal -1 0 0
    outer loop
      vertex 0 90.669 9.26937
      vertex 0 93.1 15
      vertex 0 90.8264 9.13137
    endloop
  endfacet
  facet normal -1 0 0
    outer loop
      vertex 0 90.495 9.38564
      vertex 0 93.1 15
      vertex 0 90.669 9.26937
    endloop
  endfacet
  facet normal -1 0 0
    outer loop
      vertex 0 90.3073 9.47821
      vertex 0 93.1 15
      vertex 0 90.495 9.38564
    endloop
  endfacet
  facet normal -1 0 0
    outer loop
      vertex 0 90.1091 9.54548
      vertex 0 93.1 15
      vertex 0 90.3073 9.47821
    endloop
  endfacet
  facet normal -1 0 0
    outer loop
      vertex 0 89.9038 9.58631
      vertex 0 93.1 15
      vertex 0 90.1091 9.54548
    endloop
  endfacet
  facet normal -1 0 0
    outer loop
      vertex 0 89.695 9.6
      vertex 0 93.1 15
      vertex 0 89.9038 9.58631
    endloop
  endfacet
  facet normal -1 0 0
    outer loop
      vertex 0 86.45 12.5
      vertex 0 89.695 9.6
      vertex 0 89.4862 9.58631
    endloop
  endfacet
  facet normal -1 0 0
    outer loop
      vertex 0 86.45 12.5
      vertex 0 89.4862 9.58631
      vertex 0 89.2809 9.54548
    endloop
  endfacet
  facet normal -1 0 0
    outer loop
      vertex 0 86.45 12.5
      vertex 0 89.2809 9.54548
      vertex 0 89.0827 9.47821
    endloop
  endfacet
  facet normal -1 0 0
    outer loop
      vertex 0 86.45 12.5
      vertex 0 89.0827 9.47821
      vertex 0 88.895 9.38564
    endloop
  endfacet
  facet normal -1 0 0
    outer loop
      vertex 0 86.45 12.5
      vertex 0 88.895 9.38564
      vertex 0 88.721 9.26937
    endloop
  endfacet
  facet normal -1 0 0
    outer loop
      vertex 0 86.45 12.5
      vertex 0 88.721 9.26937
      vertex 0 88.5636 9.13137
    endloop
  endfacet
  facet normal -1 0 0
    outer loop
      vertex 0 86.45 12.5
      vertex 0 88.5636 9.13137
      vertex 0 88.4256 8.97402
    endloop
  endfacet
  facet normal -1 0 0
    outer loop
      vertex 0 86.45 12.5
      vertex 0 88.1087 8.20884
      vertex 0 88.095 8
    endloop
  endfacet
  facet normal -1 0 0
    outer loop
      vertex 0 86.45 12.5
      vertex 0 88.1495 8.41411
      vertex 0 88.1087 8.20884
    endloop
  endfacet
  facet normal -1 0 0
    outer loop
      vertex 0 86.45 12.5
      vertex 0 88.2168 8.61229
      vertex 0 88.1495 8.41411
    endloop
  endfacet
  facet normal -1 0 0
    outer loop
      vertex 0 86.45 12.5
      vertex 0 88.3094 8.8
      vertex 0 88.2168 8.61229
    endloop
  endfacet
  facet normal -1 0 0
    outer loop
      vertex 0 86.45 12.5
      vertex 0 88.4256 8.97402
      vertex 0 88.3094 8.8
    endloop
  endfacet
  facet normal -1 0 0
    outer loop
      vertex 0 89.695 9.6
      vertex 0 86.45 12.5
      vertex 0 86.45 13.5
    endloop
  endfacet
  facet normal -1 0 0
    outer loop
      vertex 0 89.695 9.6
      vertex 0 86.45 13.5
      vertex 0 93.1 15
    endloop
  endfacet
  facet normal -1 0 0
    outer loop
      vertex 0 67.95 13.5
      vertex 0 93.1 15
      vertex 0 86.45 13.5
    endloop
  endfacet
  facet normal -1 0 0
    outer loop
      vertex 0 66.2505 8.41411
      vertex 0 67.95 12.5
      vertex 0 66.2913 8.20884
    endloop
  endfacet
  facet normal -1 0 0
    outer loop
      vertex 0 66.1832 8.61229
      vertex 0 67.95 12.5
      vertex 0 66.2505 8.41411
    endloop
  endfacet
  facet normal -1 0 0
    outer loop
      vertex 0 66.0906 8.8
      vertex 0 67.95 12.5
      vertex 0 66.1832 8.61229
    endloop
  endfacet
  facet normal -1 0 0
    outer loop
      vertex 0 65.9744 8.97402
      vertex 0 67.95 12.5
      vertex 0 66.0906 8.8
    endloop
  endfacet
  facet normal -1 0 0
    outer loop
      vertex 0 65.8364 9.13137
      vertex 0 67.95 12.5
      vertex 0 65.9744 8.97402
    endloop
  endfacet
  facet normal -1 0 0
    outer loop
      vertex 0 65.679 9.26937
      vertex 0 67.95 12.5
      vertex 0 65.8364 9.13137
    endloop
  endfacet
  facet normal -1 0 0
    outer loop
      vertex 0 65.505 9.38564
      vertex 0 67.95 12.5
      vertex 0 65.679 9.26937
    endloop
  endfacet
  facet normal -1 0 0
    outer loop
      vertex 0 65.3173 9.47821
      vertex 0 67.95 12.5
      vertex 0 65.505 9.38564
    endloop
  endfacet
  facet normal -1 0 0
    outer loop
      vertex 0 65.1191 9.54548
      vertex 0 67.95 12.5
      vertex 0 65.3173 9.47821
    endloop
  endfacet
  facet normal -1 0 0
    outer loop
      vertex 0 64.9138 9.58631
      vertex 0 67.95 12.5
      vertex 0 65.1191 9.54548
    endloop
  endfacet
  facet normal -1 0 0
    outer loop
      vertex 0 64.705 9.6
      vertex 0 67.95 12.5
      vertex 0 64.9138 9.58631
    endloop
  endfacet
  facet normal -1 -0 0
    outer loop
      vertex 0 67.95 12.5
      vertex 0 64.705 9.6
      vertex 0 67.95 13.5
    endloop
  endfacet
  facet normal -1 0 0
    outer loop
      vertex 0 64.4962 9.58631
      vertex 0 67.95 13.5
      vertex 0 64.705 9.6
    endloop
  endfacet
  facet normal -1 0 0
    outer loop
      vertex 0 64.2909 9.54548
      vertex 0 67.95 13.5
      vertex 0 64.4962 9.58631
    endloop
  endfacet
  facet normal -1 0 0
    outer loop
      vertex 0 64.0927 9.47821
      vertex 0 67.95 13.5
      vertex 0 64.2909 9.54548
    endloop
  endfacet
  facet normal -1 0 0
    outer loop
      vertex 0 63.905 9.38564
      vertex 0 67.95 13.5
      vertex 0 64.0927 9.47821
    endloop
  endfacet
  facet normal -1 0 0
    outer loop
      vertex 0 63.731 9.26937
      vertex 0 67.95 13.5
      vertex 0 63.905 9.38564
    endloop
  endfacet
  facet normal -1 0 0
    outer loop
      vertex 0 14 15
      vertex 0 63.731 9.26937
      vertex 0 63.5736 9.13137
    endloop
  endfacet
  facet normal -1 0 0
    outer loop
      vertex 0 14 6.275
      vertex 0 63.1187 8.20884
      vertex 0 63.105 8
    endloop
  endfacet
  facet normal -1 0 0
    outer loop
      vertex 0 14 15
      vertex 0 63.1187 8.20884
      vertex 0 14 6.275
    endloop
  endfacet
  facet normal -1 0 0
    outer loop
      vertex 0 63.1187 8.20884
      vertex 0 14 15
      vertex 0 63.1595 8.41411
    endloop
  endfacet
  facet normal -1 0 0
    outer loop
      vertex 0 63.1595 8.41411
      vertex 0 14 15
      vertex 0 63.2268 8.61229
    endloop
  endfacet
  facet normal -1 0 0
    outer loop
      vertex 0 63.2268 8.61229
      vertex 0 14 15
      vertex 0 63.3194 8.8
    endloop
  endfacet
  facet normal -1 0 0
    outer loop
      vertex 0 63.3194 8.8
      vertex 0 14 15
      vertex 0 63.4356 8.97402
    endloop
  endfacet
  facet normal -1 0 0
    outer loop
      vertex 0 63.4356 8.97402
      vertex 0 14 15
      vertex 0 63.5736 9.13137
    endloop
  endfacet
  facet normal -1 0 0
    outer loop
      vertex 0 67.95 13.5
      vertex 0 14 15
      vertex 0 93.1 15
    endloop
  endfacet
  facet normal -1 0 0
    outer loop
      vertex 0 63.731 9.26937
      vertex 0 14 15
      vertex 0 67.95 13.5
    endloop
  endfacet
  facet normal 1 0 0
    outer loop
      vertex 59.64 7.5 15
      vertex 59.64 3 15
      vertex 59.64 7.5 7.775
    endloop
  endfacet
  facet normal 1 0 0
    outer loop
      vertex 59.64 10 7.775
      vertex 59.64 7.5 7.775
      vertex 59.64 10 3.775
    endloop
  endfacet
  facet normal 1 0 0
    outer loop
      vertex 59.64 40.45 15
      vertex 59.64 15.3 15
      vertex 59.64 40.45 5.6
    endloop
  endfacet
  facet normal 1 0 0
    outer loop
      vertex 59.64 93.1 15
      vertex 59.64 91.295 8
      vertex 59.64 93.1 1.19
    endloop
  endfacet
  facet normal 1 0 0
    outer loop
      vertex 59.64 93.1 15
      vertex 59.64 91.2813 8.20884
      vertex 59.64 91.295 8
    endloop
  endfacet
  facet normal 1 0 0
    outer loop
      vertex 59.64 93.1 15
      vertex 59.64 91.2405 8.41411
      vertex 59.64 91.2813 8.20884
    endloop
  endfacet
  facet normal 1 0 0
    outer loop
      vertex 59.64 93.1 15
      vertex 59.64 91.1732 8.61229
      vertex 59.64 91.2405 8.41411
    endloop
  endfacet
  facet normal 1 0 0
    outer loop
      vertex 59.64 93.1 15
      vertex 59.64 91.0806 8.8
      vertex 59.64 91.1732 8.61229
    endloop
  endfacet
  facet normal 1 0 0
    outer loop
      vertex 59.64 93.1 15
      vertex 59.64 90.9644 8.97402
      vertex 59.64 91.0806 8.8
    endloop
  endfacet
  facet normal 1 0 0
    outer loop
      vertex 59.64 93.1 15
      vertex 59.64 90.8264 9.13137
      vertex 59.64 90.9644 8.97402
    endloop
  endfacet
  facet normal 1 0 0
    outer loop
      vertex 59.64 93.1 15
      vertex 59.64 90.669 9.26937
      vertex 59.64 90.8264 9.13137
    endloop
  endfacet
  facet normal 1 0 0
    outer loop
      vertex 59.64 93.1 15
      vertex 59.64 90.495 9.38564
      vertex 59.64 90.669 9.26937
    endloop
  endfacet
  facet normal 1 0 0
    outer loop
      vertex 59.64 93.1 15
      vertex 59.64 90.3073 9.47821
      vertex 59.64 90.495 9.38564
    endloop
  endfacet
  facet normal 1 0 0
    outer loop
      vertex 59.64 93.1 15
      vertex 59.64 90.1091 9.54548
      vertex 59.64 90.3073 9.47821
    endloop
  endfacet
  facet normal 1 0 0
    outer loop
      vertex 59.64 93.1 15
      vertex 59.64 89.9038 9.58631
      vertex 59.64 90.1091 9.54548
    endloop
  endfacet
  facet normal 1 0 0
    outer loop
      vertex 59.64 93.1 15
      vertex 59.64 89.695 9.6
      vertex 59.64 89.9038 9.58631
    endloop
  endfacet
  facet normal 1 -0 0
    outer loop
      vertex 59.64 86.45 13.5
      vertex 59.64 89.695 9.6
      vertex 59.64 93.1 15
    endloop
  endfacet
  facet normal 1 -0 0
    outer loop
      vertex 59.64 86.45 12.5
      vertex 59.64 89.695 9.6
      vertex 59.64 86.45 13.5
    endloop
  endfacet
  facet normal 1 0 0
    outer loop
      vertex 59.64 89.695 9.6
      vertex 59.64 86.45 12.5
      vertex 59.64 89.4862 9.58631
    endloop
  endfacet
  facet normal 1 0 0
    outer loop
      vertex 59.64 89.2809 9.54548
      vertex 59.64 86.45 12.5
      vertex 59.64 89.0827 9.47821
    endloop
  endfacet
  facet normal 1 0 0
    outer loop
      vertex 59.64 89.0827 9.47821
      vertex 59.64 86.45 12.5
      vertex 59.64 88.895 9.38564
    endloop
  endfacet
  facet normal 1 0 0
    outer loop
      vertex 59.64 88.895 9.38564
      vertex 59.64 86.45 12.5
      vertex 59.64 88.721 9.26937
    endloop
  endfacet
  facet normal 1 0 0
    outer loop
      vertex 59.64 88.721 9.26937
      vertex 59.64 86.45 12.5
      vertex 59.64 88.5636 9.13137
    endloop
  endfacet
  facet normal 1 0 0
    outer loop
      vertex 59.64 88.1495 8.41411
      vertex 59.64 86.45 12.5
      vertex 59.64 88.1087 8.20884
    endloop
  endfacet
  facet normal 1 0 0
    outer loop
      vertex 59.64 88.2168 8.61229
      vertex 59.64 86.45 12.5
      vertex 59.64 88.1495 8.41411
    endloop
  endfacet
  facet normal 1 0 0
    outer loop
      vertex 59.64 88.3094 8.8
      vertex 59.64 86.45 12.5
      vertex 59.64 88.2168 8.61229
    endloop
  endfacet
  facet normal 1 0 0
    outer loop
      vertex 59.64 88.4256 8.97402
      vertex 59.64 86.45 12.5
      vertex 59.64 88.3094 8.8
    endloop
  endfacet
  facet normal 1 0 0
    outer loop
      vertex 59.64 88.5636 9.13137
      vertex 59.64 86.45 12.5
      vertex 59.64 88.4256 8.97402
    endloop
  endfacet
  facet normal 1 0 0
    outer loop
      vertex 59.64 89.4862 9.58631
      vertex 59.64 86.45 12.5
      vertex 59.64 89.2809 9.54548
    endloop
  endfacet
  facet normal 1 0 0
    outer loop
      vertex 59.64 93.1 15
      vertex 59.64 67.95 13.5
      vertex 59.64 86.45 13.5
    endloop
  endfacet
  facet normal 1 0 0
    outer loop
      vertex 59.64 64.705 9.6
      vertex 59.64 67.95 12.5
      vertex 59.64 67.95 13.5
    endloop
  endfacet
  facet normal 1 0 0
    outer loop
      vertex 59.64 67.95 12.5
      vertex 59.64 66.2913 8.20884
      vertex 59.64 66.305 8
    endloop
  endfacet
  facet normal 1 0 0
    outer loop
      vertex 59.64 67.95 12.5
      vertex 59.64 66.2505 8.41411
      vertex 59.64 66.2913 8.20884
    endloop
  endfacet
  facet normal 1 0 0
    outer loop
      vertex 59.64 67.95 12.5
      vertex 59.64 66.1832 8.61229
      vertex 59.64 66.2505 8.41411
    endloop
  endfacet
  facet normal 1 0 0
    outer loop
      vertex 59.64 67.95 12.5
      vertex 59.64 66.0906 8.8
      vertex 59.64 66.1832 8.61229
    endloop
  endfacet
  facet normal 1 0 0
    outer loop
      vertex 59.64 67.95 12.5
      vertex 59.64 65.9744 8.97402
      vertex 59.64 66.0906 8.8
    endloop
  endfacet
  facet normal 1 0 0
    outer loop
      vertex 59.64 67.95 12.5
      vertex 59.64 65.8364 9.13137
      vertex 59.64 65.9744 8.97402
    endloop
  endfacet
  facet normal 1 0 0
    outer loop
      vertex 59.64 67.95 12.5
      vertex 59.64 65.679 9.26937
      vertex 59.64 65.8364 9.13137
    endloop
  endfacet
  facet normal 1 0 0
    outer loop
      vertex 59.64 67.95 12.5
      vertex 59.64 65.505 9.38564
      vertex 59.64 65.679 9.26937
    endloop
  endfacet
  facet normal 1 0 0
    outer loop
      vertex 59.64 67.95 12.5
      vertex 59.64 65.3173 9.47821
      vertex 59.64 65.505 9.38564
    endloop
  endfacet
  facet normal 1 0 0
    outer loop
      vertex 59.64 67.95 12.5
      vertex 59.64 65.1191 9.54548
      vertex 59.64 65.3173 9.47821
    endloop
  endfacet
  facet normal 1 0 0
    outer loop
      vertex 59.64 67.95 12.5
      vertex 59.64 64.9138 9.58631
      vertex 59.64 65.1191 9.54548
    endloop
  endfacet
  facet normal 1 0 0
    outer loop
      vertex 59.64 67.95 12.5
      vertex 59.64 64.705 9.6
      vertex 59.64 64.9138 9.58631
    endloop
  endfacet
  facet normal 1 0 0
    outer loop
      vertex 59.64 67.95 13.5
      vertex 59.64 64.4962 9.58631
      vertex 59.64 64.705 9.6
    endloop
  endfacet
  facet normal 1 0 0
    outer loop
      vertex 59.64 67.95 13.5
      vertex 59.64 64.2909 9.54548
      vertex 59.64 64.4962 9.58631
    endloop
  endfacet
  facet normal 1 0 0
    outer loop
      vertex 59.64 67.95 13.5
      vertex 59.64 64.0927 9.47821
      vertex 59.64 64.2909 9.54548
    endloop
  endfacet
  facet normal 1 0 0
    outer loop
      vertex 59.64 56.45 15
      vertex 59.64 64.0927 9.47821
      vertex 59.64 67.95 13.5
    endloop
  endfacet
  facet normal 1 0 0
    outer loop
      vertex 59.64 64.0927 9.47821
      vertex 59.64 56.45 15
      vertex 59.64 63.905 9.38564
    endloop
  endfacet
  facet normal 1 0 0
    outer loop
      vertex 59.64 63.905 9.38564
      vertex 59.64 56.45 15
      vertex 59.64 63.731 9.26937
    endloop
  endfacet
  facet normal 1 0 0
    outer loop
      vertex 59.64 63.1595 8.41411
      vertex 59.64 56.45 5.6
      vertex 59.64 63.1187 8.20884
    endloop
  endfacet
  facet normal 1 0 0
    outer loop
      vertex 59.64 63.2268 8.61229
      vertex 59.64 56.45 5.6
      vertex 59.64 63.1595 8.41411
    endloop
  endfacet
  facet normal 1 0 0
    outer loop
      vertex 59.64 56.45 5.6
      vertex 59.64 63.2268 8.61229
      vertex 59.64 56.45 15
    endloop
  endfacet
  facet normal 1 0 0
    outer loop
      vertex 59.64 63.3194 8.8
      vertex 59.64 56.45 15
      vertex 59.64 63.2268 8.61229
    endloop
  endfacet
  facet normal 1 0 0
    outer loop
      vertex 59.64 63.4356 8.97402
      vertex 59.64 56.45 15
      vertex 59.64 63.3194 8.8
    endloop
  endfacet
  facet normal 1 0 0
    outer loop
      vertex 59.64 63.5736 9.13137
      vertex 59.64 56.45 15
      vertex 59.64 63.4356 8.97402
    endloop
  endfacet
  facet normal 1 0 0
    outer loop
      vertex 59.64 63.731 9.26937
      vertex 59.64 56.45 15
      vertex 59.64 63.5736 9.13137
    endloop
  endfacet
  facet normal 1 -0 0
    outer loop
      vertex 59.64 56.45 15
      vertex 59.64 67.95 13.5
      vertex 59.64 93.1 15
    endloop
  endfacet
  facet normal 1 -0 0
    outer loop
      vertex 59.64 91.2813 7.79116
      vertex 59.64 93.1 1.19
      vertex 59.64 91.295 8
    endloop
  endfacet
  facet normal 1 -0 0
    outer loop
      vertex 59.64 91.2405 7.58589
      vertex 59.64 93.1 1.19
      vertex 59.64 91.2813 7.79116
    endloop
  endfacet
  facet normal 1 -0 0
    outer loop
      vertex 59.64 91.1732 7.38771
      vertex 59.64 93.1 1.19
      vertex 59.64 91.2405 7.58589
    endloop
  endfacet
  facet normal 1 -0 0
    outer loop
      vertex 59.64 91.0806 7.2
      vertex 59.64 93.1 1.19
      vertex 59.64 91.1732 7.38771
    endloop
  endfacet
  facet normal 1 -0 0
    outer loop
      vertex 59.64 90.9644 7.02598
      vertex 59.64 93.1 1.19
      vertex 59.64 91.0806 7.2
    endloop
  endfacet
  facet normal 1 -0 0
    outer loop
      vertex 59.64 90.8264 6.86863
      vertex 59.64 93.1 1.19
      vertex 59.64 90.9644 7.02598
    endloop
  endfacet
  facet normal 1 -0 0
    outer loop
      vertex 59.64 90.669 6.73063
      vertex 59.64 93.1 1.19
      vertex 59.64 90.8264 6.86863
    endloop
  endfacet
  facet normal 1 -0 0
    outer loop
      vertex 59.64 90.495 6.61436
      vertex 59.64 93.1 1.19
      vertex 59.64 90.669 6.73063
    endloop
  endfacet
  facet normal 1 -0 0
    outer loop
      vertex 59.64 90.3073 6.52179
      vertex 59.64 93.1 1.19
      vertex 59.64 90.495 6.61436
    endloop
  endfacet
  facet normal 1 -0 0
    outer loop
      vertex 59.64 90.1091 6.45452
      vertex 59.64 93.1 1.19
      vertex 59.64 90.3073 6.52179
    endloop
  endfacet
  facet normal 1 -0 0
    outer loop
      vertex 59.64 89.9038 6.41369
      vertex 59.64 93.1 1.19
      vertex 59.64 90.1091 6.45452
    endloop
  endfacet
  facet normal 1 -0 0
    outer loop
      vertex 59.64 89.695 6.4
      vertex 59.64 93.1 1.19
      vertex 59.64 89.9038 6.41369
    endloop
  endfacet
  facet normal 1 0 0
    outer loop
      vertex 59.64 89.4862 6.41369
      vertex 59.64 93.1 1.19
      vertex 59.64 89.695 6.4
    endloop
  endfacet
  facet normal 1 0 0
    outer loop
      vertex 59.64 85.3 2.5
      vertex 59.64 89.4862 6.41369
      vertex 59.64 89.2809 6.45452
    endloop
  endfacet
  facet normal 1 0 0
    outer loop
      vertex 59.64 85.3 2.5
      vertex 59.64 89.2809 6.45452
      vertex 59.64 89.0827 6.52179
    endloop
  endfacet
  facet normal 1 0 0
    outer loop
      vertex 59.64 85.3 2.5
      vertex 59.64 89.0827 6.52179
      vertex 59.64 88.895 6.61436
    endloop
  endfacet
  facet normal 1 0 0
    outer loop
      vertex 59.64 85.3 2.5
      vertex 59.64 88.895 6.61436
      vertex 59.64 88.721 6.73063
    endloop
  endfacet
  facet normal 1 0 0
    outer loop
      vertex 59.64 85.3 2.5
      vertex 59.64 88.721 6.73063
      vertex 59.64 88.5636 6.86863
    endloop
  endfacet
  facet normal 1 0 0
    outer loop
      vertex 59.64 85.3 2.5
      vertex 59.64 88.5636 6.86863
      vertex 59.64 88.4256 7.02598
    endloop
  endfacet
  facet normal 1 0 0
    outer loop
      vertex 59.64 88.1087 8.20884
      vertex 59.64 86.45 12.5
      vertex 59.64 88.095 8
    endloop
  endfacet
  facet normal 1 0 0
    outer loop
      vertex 59.64 85.3 2.5
      vertex 59.64 88.095 8
      vertex 59.64 86.45 12.5
    endloop
  endfacet
  facet normal 1 0 0
    outer loop
      vertex 59.64 88.095 8
      vertex 59.64 85.3 2.5
      vertex 59.64 88.1087 7.79116
    endloop
  endfacet
  facet normal 1 0 0
    outer loop
      vertex 59.64 88.1087 7.79116
      vertex 59.64 85.3 2.5
      vertex 59.64 88.1495 7.58589
    endloop
  endfacet
  facet normal 1 0 0
    outer loop
      vertex 59.64 88.1495 7.58589
      vertex 59.64 85.3 2.5
      vertex 59.64 88.2168 7.38771
    endloop
  endfacet
  facet normal 1 0 0
    outer loop
      vertex 59.64 85.3 2.5
      vertex 59.64 88.3094 7.2
      vertex 59.64 88.2168 7.38771
    endloop
  endfacet
  facet normal 1 0 0
    outer loop
      vertex 59.64 85.3 2.5
      vertex 59.64 88.4256 7.02598
      vertex 59.64 88.3094 7.2
    endloop
  endfacet
  facet normal 1 0 0
    outer loop
      vertex 59.64 89.4862 6.41369
      vertex 59.64 85.3 2.5
      vertex 59.64 93.1 1.19
    endloop
  endfacet
  facet normal 1 -0 0
    outer loop
      vertex 59.64 69.1 2.5
      vertex 59.64 93.1 1.19
      vertex 59.64 85.3 2.5
    endloop
  endfacet
  facet normal 1 -0 0
    outer loop
      vertex 59.64 66.305 8
      vertex 59.64 69.1 2.5
      vertex 59.64 67.95 12.5
    endloop
  endfacet
  facet normal 1 -0 0
    outer loop
      vertex 59.64 66.2913 7.79116
      vertex 59.64 69.1 2.5
      vertex 59.64 66.305 8
    endloop
  endfacet
  facet normal 1 -0 0
    outer loop
      vertex 59.64 66.2505 7.58589
      vertex 59.64 69.1 2.5
      vertex 59.64 66.2913 7.79116
    endloop
  endfacet
  facet normal 1 -0 0
    outer loop
      vertex 59.64 66.1832 7.38771
      vertex 59.64 69.1 2.5
      vertex 59.64 66.2505 7.58589
    endloop
  endfacet
  facet normal 1 -0 0
    outer loop
      vertex 59.64 66.0906 7.2
      vertex 59.64 69.1 2.5
      vertex 59.64 66.1832 7.38771
    endloop
  endfacet
  facet normal 1 -0 0
    outer loop
      vertex 59.64 65.9744 7.02598
      vertex 59.64 69.1 2.5
      vertex 59.64 66.0906 7.2
    endloop
  endfacet
  facet normal 1 -0 0
    outer loop
      vertex 59.64 65.8364 6.86863
      vertex 59.64 69.1 2.5
      vertex 59.64 65.9744 7.02598
    endloop
  endfacet
  facet normal 1 -0 0
    outer loop
      vertex 59.64 65.679 6.73063
      vertex 59.64 69.1 2.5
      vertex 59.64 65.8364 6.86863
    endloop
  endfacet
  facet normal 1 -0 0
    outer loop
      vertex 59.64 65.505 6.61436
      vertex 59.64 69.1 2.5
      vertex 59.64 65.679 6.73063
    endloop
  endfacet
  facet normal 1 -0 0
    outer loop
      vertex 59.64 65.3173 6.52179
      vertex 59.64 69.1 2.5
      vertex 59.64 65.505 6.61436
    endloop
  endfacet
  facet normal 1 -0 0
    outer loop
      vertex 59.64 65.1191 6.45452
      vertex 59.64 69.1 2.5
      vertex 59.64 65.3173 6.52179
    endloop
  endfacet
  facet normal 1 -0 0
    outer loop
      vertex 59.64 64.9138 6.41369
      vertex 59.64 69.1 2.5
      vertex 59.64 65.1191 6.45452
    endloop
  endfacet
  facet normal 1 -0 0
    outer loop
      vertex 59.64 64.705 6.4
      vertex 59.64 69.1 2.5
      vertex 59.64 64.9138 6.41369
    endloop
  endfacet
  facet normal 1 0 0
    outer loop
      vertex 59.64 64.4962 6.41369
      vertex 59.64 69.1 2.5
      vertex 59.64 64.705 6.4
    endloop
  endfacet
  facet normal 1 0 0
    outer loop
      vertex 59.64 64.2909 6.45452
      vertex 59.64 69.1 2.5
      vertex 59.64 64.4962 6.41369
    endloop
  endfacet
  facet normal 1 0 0
    outer loop
      vertex 59.64 64.0927 6.52179
      vertex 59.64 69.1 2.5
      vertex 59.64 64.2909 6.45452
    endloop
  endfacet
  facet normal 1 0 0
    outer loop
      vertex 59.64 56.45 5.6
      vertex 59.64 64.0927 6.52179
      vertex 59.64 63.905 6.61436
    endloop
  endfacet
  facet normal 1 0 0
    outer loop
      vertex 59.64 56.45 5.6
      vertex 59.64 63.905 6.61436
      vertex 59.64 63.731 6.73063
    endloop
  endfacet
  facet normal 1 0 0
    outer loop
      vertex 59.64 63.1187 8.20884
      vertex 59.64 56.45 5.6
      vertex 59.64 63.105 8
    endloop
  endfacet
  facet normal 1 0 0
    outer loop
      vertex 59.64 63.105 8
      vertex 59.64 56.45 5.6
      vertex 59.64 63.1187 7.79116
    endloop
  endfacet
  facet normal 1 0 0
    outer loop
      vertex 59.64 63.1187 7.79116
      vertex 59.64 56.45 5.6
      vertex 59.64 63.1595 7.58589
    endloop
  endfacet
  facet normal 1 0 0
    outer loop
      vertex 59.64 63.1595 7.58589
      vertex 59.64 56.45 5.6
      vertex 59.64 63.2268 7.38771
    endloop
  endfacet
  facet normal 1 0 0
    outer loop
      vertex 59.64 63.2268 7.38771
      vertex 59.64 56.45 5.6
      vertex 59.64 63.3194 7.2
    endloop
  endfacet
  facet normal 1 0 0
    outer loop
      vertex 59.64 63.3194 7.2
      vertex 59.64 56.45 5.6
      vertex 59.64 63.4356 7.02598
    endloop
  endfacet
  facet normal 1 0 0
    outer loop
      vertex 59.64 56.45 5.6
      vertex 59.64 63.5736 6.86863
      vertex 59.64 63.4356 7.02598
    endloop
  endfacet
  facet normal 1 0 0
    outer loop
      vertex 59.64 56.45 5.6
      vertex 59.64 63.731 6.73063
      vertex 59.64 63.5736 6.86863
    endloop
  endfacet
  facet normal 1 0 0
    outer loop
      vertex 59.64 64.0927 6.52179
      vertex 59.64 56.45 5.6
      vertex 59.64 69.1 2.5
    endloop
  endfacet
  facet normal 1 -0 0
    outer loop
      vertex 59.64 40.45 5.6
      vertex 59.64 69.1 2.5
      vertex 59.64 56.45 5.6
    endloop
  endfacet
  facet normal 1 0 0
    outer loop
      vertex 59.64 15.3 3.775
      vertex 59.64 40.45 5.6
      vertex 59.64 15.3 15
    endloop
  endfacet
  facet normal 1 -0 0
    outer loop
      vertex 59.64 15.3 3.775
      vertex 59.64 69.1 2.5
      vertex 59.64 40.45 5.6
    endloop
  endfacet
  facet normal 1 0 0
    outer loop
      vertex 59.64 3 1.19
      vertex 59.64 69.1 2.5
      vertex 59.64 15.3 3.775
    endloop
  endfacet
  facet normal 1 0 0
    outer loop
      vertex 59.64 3 1.19
      vertex 59.64 15.3 3.775
      vertex 59.64 10 3.775
    endloop
  endfacet
  facet normal 1 0 0
    outer loop
      vertex 59.64 69.1 2.5
      vertex 59.64 3 1.19
      vertex 59.64 93.1 1.19
    endloop
  endfacet
  facet normal 1 0 0
    outer loop
      vertex 59.64 7.5 7.775
      vertex 59.64 3 1.19
      vertex 59.64 10 3.775
    endloop
  endfacet
  facet normal 1 0 0
    outer loop
      vertex 59.64 3 1.19
      vertex 59.64 7.5 7.775
      vertex 59.64 3 15
    endloop
  endfacet
  facet normal 0.751724 0.659478 0
    outer loop
      vertex 59.0201 94.9263 15
      vertex 58.7613 95.2213 1.19
      vertex 58.7613 95.2213 15
    endloop
  endfacet
  facet normal 0.751724 0.659478 0
    outer loop
      vertex 58.7613 95.2213 1.19
      vertex 59.0201 94.9263 15
      vertex 59.0201 94.9263 1.19
    endloop
  endfacet
  facet normal -0.321582 0.946882 0
    outer loop
      vertex 2.22354 95.9978 1.19
      vertex 1.85195 95.8716 15
      vertex 2.22354 95.9978 15
    endloop
  endfacet
  facet normal -0.321582 0.946882 0
    outer loop
      vertex 1.85195 95.8716 15
      vertex 2.22354 95.9978 1.19
      vertex 1.85195 95.8716 1.19
    endloop
  endfacet
  facet normal 0.65939 -0.751801 0
    outer loop
      vertex 58.4663 0.61994 1.19
      vertex 58.7613 0.878679 15
      vertex 58.4663 0.61994 15
    endloop
  endfacet
  facet normal 0.65939 -0.751801 0
    outer loop
      vertex 58.7613 0.878679 15
      vertex 58.4663 0.61994 1.19
      vertex 58.7613 0.878679 1.19
    endloop
  endfacet
  facet normal -0.896873 -0.442288 0
    outer loop
      vertex 0.401923 1.5 1.19
      vertex 0.228361 1.85195 15
      vertex 0.228361 1.85195 1.19
    endloop
  endfacet
  facet normal -0.896873 -0.442288 0
    outer loop
      vertex 0.228361 1.85195 15
      vertex 0.401923 1.5 1.19
      vertex 0.401923 1.5 15
    endloop
  endfacet
  facet normal 0.0653993 -0.997859 0
    outer loop
      vertex 56.64 0 7.77697
      vertex 57.0316 0.0256653 15
      vertex 56.64 0 15
    endloop
  endfacet
  facet normal 0.0654758 -0.997854 -4.16776e-06
    outer loop
      vertex 56.6567 0.00109617 7.6878
      vertex 57.0316 0.0256653 15
      vertex 56.64 0 7.77697
    endloop
  endfacet
  facet normal 0.0651594 -0.997875 1.21239e-05
    outer loop
      vertex 56.6656 0.00167675 7.64057
      vertex 57.0316 0.0256653 15
      vertex 56.6567 0.00109617 7.6878
    endloop
  endfacet
  facet normal 0.0653126 -0.997865 4.47474e-06
    outer loop
      vertex 56.6686 0.00187289 7.59219
      vertex 57.0316 0.0256653 15
      vertex 56.6656 0.00167675 7.64057
    endloop
  endfacet
  facet normal 0.0654339 -0.997857 -1.49471e-06
    outer loop
      vertex 56.7052 0.0042738 7
      vertex 57.0316 0.0256653 15
      vertex 56.6686 0.00187289 7.59219
    endloop
  endfacet
  facet normal 0.000809313 -0.999926 0.0121392
    outer loop
      vertex 56.64 0 6.22302
      vertex 56.6656 0.00167675 6.35943
      vertex 56.6567 0.00109617 6.3122
    endloop
  endfacet
  facet normal 0.0653993 -0.997859 0
    outer loop
      vertex 57.0316 0.0256653 1.19
      vertex 56.64 0 6.22302
      vertex 56.64 0 1.19
    endloop
  endfacet
  facet normal 0.0653701 -0.997861 -2.27961e-06
    outer loop
      vertex 56.64 0 6.22302
      vertex 57.0316 0.0256653 1.19
      vertex 56.6656 0.00167675 6.35943
    endloop
  endfacet
  facet normal 0.0653268 -0.997864 -5.35984e-06
    outer loop
      vertex 56.6656 0.00167675 6.35943
      vertex 57.0316 0.0256653 1.19
      vertex 56.6686 0.00187289 6.40781
    endloop
  endfacet
  facet normal 0.0654291 -0.997857 1.78984e-06
    outer loop
      vertex 56.6686 0.00187289 6.40781
      vertex 57.0316 0.0256653 1.19
      vertex 56.7052 0.0042738 7
    endloop
  endfacet
  facet normal 0.0653974 -0.997859 0
    outer loop
      vertex 56.7052 0.0042738 7
      vertex 57.0316 0.0256653 1.19
      vertex 57.0316 0.0256653 15
    endloop
  endfacet
  facet normal 0.980815 0.19494 0
    outer loop
      vertex 59.6143 93.4916 15
      vertex 59.5378 93.8765 1.19
      vertex 59.5378 93.8765 15
    endloop
  endfacet
  facet normal 0.980815 0.19494 0
    outer loop
      vertex 59.5378 93.8765 1.19
      vertex 59.6143 93.4916 15
      vertex 59.6143 93.4916 1.19
    endloop
  endfacet
  facet normal 0 1 -0
    outer loop
      vertex 56.64 96.1 1.19
      vertex 3 96.1 15
      vertex 56.64 96.1 15
    endloop
  endfacet
  facet normal 0 1 0
    outer loop
      vertex 3 96.1 15
      vertex 56.64 96.1 1.19
      vertex 3 96.1 1.19
    endloop
  endfacet
  facet normal 0.0654873 0.997853 -0
    outer loop
      vertex 57.0316 96.0743 1.19
      vertex 56.64 96.1 15
      vertex 57.0316 96.0743 15
    endloop
  endfacet
  facet normal 0.0654873 0.997853 0
    outer loop
      vertex 56.64 96.1 15
      vertex 57.0316 96.0743 1.19
      vertex 56.64 96.1 1.19
    endloop
  endfacet
  facet normal 0.321651 0.946858 -0
    outer loop
      vertex 57.788 95.8716 1.19
      vertex 57.4165 95.9978 15
      vertex 57.788 95.8716 15
    endloop
  endfacet
  facet normal 0.321651 0.946858 0
    outer loop
      vertex 57.4165 95.9978 15
      vertex 57.788 95.8716 1.19
      vertex 57.4165 95.9978 1.19
    endloop
  endfacet
  facet normal 0.321512 -0.946905 0
    outer loop
      vertex 57.4165 0.102222 1.19
      vertex 57.788 0.228361 15
      vertex 57.4165 0.102222 15
    endloop
  endfacet
  facet normal 0.321512 -0.946905 0
    outer loop
      vertex 57.788 0.228361 15
      vertex 57.4165 0.102222 1.19
      vertex 57.788 0.228361 1.19
    endloop
  endfacet
  facet normal -0.19495 0.980813 0
    outer loop
      vertex 2.60842 96.0743 1.19
      vertex 2.22354 95.9978 15
      vertex 2.60842 96.0743 15
    endloop
  endfacet
  facet normal -0.19495 0.980813 0
    outer loop
      vertex 2.22354 95.9978 15
      vertex 2.60842 96.0743 1.19
      vertex 2.22354 95.9978 1.19
    endloop
  endfacet
  facet normal -0.997859 -0.0654026 0
    outer loop
      vertex 0.0256653 2.60842 1.19
      vertex 0 3 15
      vertex 0 3 1.19
    endloop
  endfacet
  facet normal -0.997859 -0.0654026 0
    outer loop
      vertex 0 3 15
      vertex 0.0256653 2.60842 1.19
      vertex 0.0256653 2.60842 15
    endloop
  endfacet
  facet normal -0.946905 0.321512 0
    outer loop
      vertex 0.102222 93.8765 1.19
      vertex 0.228361 94.248 15
      vertex 0.228361 94.248 1.19
    endloop
  endfacet
  facet normal -0.946905 0.321512 0
    outer loop
      vertex 0.228361 94.248 15
      vertex 0.102222 93.8765 1.19
      vertex 0.102222 93.8765 15
    endloop
  endfacet
  facet normal -0.980786 -0.195089 0
    outer loop
      vertex 0.102222 2.22354 1.19
      vertex 0.0256653 2.60842 15
      vertex 0.0256653 2.60842 1.19
    endloop
  endfacet
  facet normal -0.980786 -0.195089 0
    outer loop
      vertex 0.0256653 2.60842 15
      vertex 0.102222 2.22354 1.19
      vertex 0.102222 2.22354 15
    endloop
  endfacet
  facet normal 0.980813 -0.19495 0
    outer loop
      vertex 59.5378 2.22354 15
      vertex 59.6143 2.60842 1.19
      vertex 59.6143 2.60842 15
    endloop
  endfacet
  facet normal 0.980813 -0.19495 0
    outer loop
      vertex 59.6143 2.60842 1.19
      vertex 59.5378 2.22354 15
      vertex 59.5378 2.22354 1.19
    endloop
  endfacet
  facet normal -0.831481 0.555553 0
    outer loop
      vertex 0.401923 94.6 1.19
      vertex 0.61994 94.9263 15
      vertex 0.61994 94.9263 1.19
    endloop
  endfacet
  facet normal -0.831481 0.555553 0
    outer loop
      vertex 0.61994 94.9263 15
      vertex 0.401923 94.6 1.19
      vertex 0.401923 94.6 15
    endloop
  endfacet
  facet normal 0.19494 0.980815 -0
    outer loop
      vertex 57.4165 95.9978 1.19
      vertex 57.0316 96.0743 15
      vertex 57.4165 95.9978 15
    endloop
  endfacet
  facet normal 0.19494 0.980815 0
    outer loop
      vertex 57.0316 96.0743 15
      vertex 57.4165 95.9978 1.19
      vertex 57.0316 96.0743 1.19
    endloop
  endfacet
  facet normal 0 -1 0
    outer loop
      vertex 3 0 15
      vertex 8 0 9.61333
      vertex 9.37675 0 15
    endloop
  endfacet
  facet normal 0 -1 0
    outer loop
      vertex 3 0 15
      vertex 8 0 8
      vertex 8 0 9.61333
    endloop
  endfacet
  facet normal 0 -1 0
    outer loop
      vertex 3 0 1.19
      vertex 22 0 8
      vertex 8 0 8
    endloop
  endfacet
  facet normal 0 -1 0
    outer loop
      vertex 22 0 8
      vertex 38.05 0 6
      vertex 38.05 0 8
    endloop
  endfacet
  facet normal 0 -1 0
    outer loop
      vertex 47.5486 0 4.54545
      vertex 46.55 0 6
      vertex 38.05 0 6
    endloop
  endfacet
  facet normal 0 -1 0
    outer loop
      vertex 46.55 0 6
      vertex 47.0582 0 5.72943
      vertex 47.0489 0 5.77608
    endloop
  endfacet
  facet normal 0 -1 0
    outer loop
      vertex 46.55 0 6
      vertex 47.0735 0 5.68439
      vertex 47.0582 0 5.72943
    endloop
  endfacet
  facet normal 0 -1 0
    outer loop
      vertex 46.55 0 6
      vertex 47.2646 0 5.12137
      vertex 47.0735 0 5.68439
    endloop
  endfacet
  facet normal 0 -1 -0
    outer loop
      vertex 22 0 8
      vertex 3 0 1.19
      vertex 38.05 0 6
    endloop
  endfacet
  facet normal 0 -1 0
    outer loop
      vertex 46.55 0 6
      vertex 47.2856 0 5.07871
      vertex 47.2646 0 5.12137
    endloop
  endfacet
  facet normal 0 -1 0
    outer loop
      vertex 46.55 0 6
      vertex 47.5486 0 4.54545
      vertex 47.2856 0 5.07871
    endloop
  endfacet
  facet normal 0 -1 0
    outer loop
      vertex 38.05 0 6
      vertex 47.8789 0 4.05108
      vertex 47.5486 0 4.54545
    endloop
  endfacet
  facet normal 0 -1 0
    outer loop
      vertex 38.05 0 6
      vertex 47.9054 0 4.01153
      vertex 47.8789 0 4.05108
    endloop
  endfacet
  facet normal -0 -1 0
    outer loop
      vertex 49.9214 0 2.46459
      vertex 38.05 0 6
      vertex 3 0 1.19
    endloop
  endfacet
  facet normal 0 -1 0
    outer loop
      vertex 38.05 0 6
      vertex 48.2974 0 3.56451
      vertex 47.9054 0 4.01153
    endloop
  endfacet
  facet normal 0 -1 0
    outer loop
      vertex 38.05 0 6
      vertex 48.3287 0 3.52875
      vertex 48.2974 0 3.56451
    endloop
  endfacet
  facet normal 0 -1 0
    outer loop
      vertex 38.05 0 6
      vertex 48.3645 0 3.49739
      vertex 48.3287 0 3.52875
    endloop
  endfacet
  facet normal 0 -1 0
    outer loop
      vertex 38.05 0 6
      vertex 48.8115 0 3.10536
      vertex 48.3645 0 3.49739
    endloop
  endfacet
  facet normal 0 -1 0
    outer loop
      vertex 38.05 0 6
      vertex 49.3059 0 2.77503
      vertex 48.8115 0 3.10536
    endloop
  endfacet
  facet normal 0 -1 0
    outer loop
      vertex 38.05 0 6
      vertex 49.3455 0 2.7486
      vertex 49.3059 0 2.77503
    endloop
  endfacet
  facet normal 0 -1 0
    outer loop
      vertex 38.05 0 6
      vertex 49.3881 0 2.72756
      vertex 49.3455 0 2.7486
    endloop
  endfacet
  facet normal 0 -1 0
    outer loop
      vertex 38.05 0 6
      vertex 49.9214 0 2.46459
      vertex 49.3881 0 2.72756
    endloop
  endfacet
  facet normal 0 -1 -0
    outer loop
      vertex 49.9214 0 2.46459
      vertex 3 0 1.19
      vertex 50.4844 0 2.27347
    endloop
  endfacet
  facet normal 0 -1 -0
    outer loop
      vertex 50.4844 0 2.27347
      vertex 3 0 1.19
      vertex 50.5294 0 2.25818
    endloop
  endfacet
  facet normal 0 -1 -0
    outer loop
      vertex 50.5294 0 2.25818
      vertex 3 0 1.19
      vertex 50.5761 0 2.2489
    endloop
  endfacet
  facet normal 0 -1 0
    outer loop
      vertex 56.64 0 1.19
      vertex 51.7525 0 2.09402
      vertex 51.1592 0 2.13291
    endloop
  endfacet
  facet normal 0 -1 0
    outer loop
      vertex 56.64 0 1.19
      vertex 51.1592 0 2.13291
      vertex 3 0 1.19
    endloop
  endfacet
  facet normal 0 -1 -0
    outer loop
      vertex 50.5761 0 2.2489
      vertex 3 0 1.19
      vertex 51.1592 0 2.13291
    endloop
  endfacet
  facet normal 0 -1 0
    outer loop
      vertex 3 0 1.19
      vertex 8 0 8
      vertex 3 0 15
    endloop
  endfacet
  facet normal 0 -1 -0
    outer loop
      vertex 9.37675 0 15
      vertex 8 0 9.61333
      vertex 11.3872 0 9.61333
    endloop
  endfacet
  facet normal 0 -1 0
    outer loop
      vertex 38.05 0 8
      vertex 49.9644 0 15
      vertex 20.6233 0 15
    endloop
  endfacet
  facet normal -0 -1 0
    outer loop
      vertex 47.9054 0 9.98847
      vertex 49.9644 0 15
      vertex 38.05 0 8
    endloop
  endfacet
  facet normal -0 -1 0
    outer loop
      vertex 48.3645 0 10.5026
      vertex 49.9644 0 15
      vertex 48.3287 0 10.4713
    endloop
  endfacet
  facet normal -0 -1 0
    outer loop
      vertex 48.8115 0 10.8946
      vertex 49.9644 0 15
      vertex 48.3645 0 10.5026
    endloop
  endfacet
  facet normal -0 -1 0
    outer loop
      vertex 49.3059 0 11.225
      vertex 49.9644 0 15
      vertex 48.8115 0 10.8946
    endloop
  endfacet
  facet normal -0 -1 0
    outer loop
      vertex 49.3455 0 11.2514
      vertex 49.9644 0 15
      vertex 49.3059 0 11.225
    endloop
  endfacet
  facet normal -0 -1 0
    outer loop
      vertex 50.4844 0 11.7265
      vertex 49.9644 0 15
      vertex 49.9214 0 11.5354
    endloop
  endfacet
  facet normal 0 -1 -0
    outer loop
      vertex 51.8 0 14.6409
      vertex 51.7525 0 11.906
      vertex 51.8 0 11.9091
    endloop
  endfacet
  facet normal 0 -1 0
    outer loop
      vertex 51.7525 0 14.644
      vertex 51.7525 0 11.906
      vertex 51.8 0 14.6409
    endloop
  endfacet
  facet normal -0 -1 0
    outer loop
      vertex 51.7525 0 11.906
      vertex 51.7525 0 14.644
      vertex 51.1592 0 11.8671
    endloop
  endfacet
  facet normal 0 -1 0
    outer loop
      vertex 51.1592 0 14.6829
      vertex 51.1592 0 11.8671
      vertex 51.7525 0 14.644
    endloop
  endfacet
  facet normal -0 -1 0
    outer loop
      vertex 51.1592 0 11.8671
      vertex 51.1592 0 14.6829
      vertex 50.5761 0 11.7511
    endloop
  endfacet
  facet normal 0 -1 0
    outer loop
      vertex 50.5761 0 14.7989
      vertex 50.5761 0 11.7511
      vertex 51.1592 0 14.6829
    endloop
  endfacet
  facet normal -0 -1 0
    outer loop
      vertex 50.5761 0 11.7511
      vertex 50.5761 0 14.7989
      vertex 50.5294 0 11.7418
    endloop
  endfacet
  facet normal 0 -1 0
    outer loop
      vertex 50.5294 0 14.8082
      vertex 50.5294 0 11.7418
      vertex 50.5761 0 14.7989
    endloop
  endfacet
  facet normal 0 -1 0
    outer loop
      vertex 49.9644 0 15
      vertex 50.4844 0 11.7265
      vertex 50.4844 0 14.8235
    endloop
  endfacet
  facet normal -0 -1 0
    outer loop
      vertex 50.5294 0 11.7418
      vertex 50.5294 0 14.8082
      vertex 50.4844 0 11.7265
    endloop
  endfacet
  facet normal 0 -1 0
    outer loop
      vertex 50.4844 0 14.8235
      vertex 50.4844 0 11.7265
      vertex 50.5294 0 14.8082
    endloop
  endfacet
  facet normal -0 -1 0
    outer loop
      vertex 49.9214 0 11.5354
      vertex 49.9644 0 15
      vertex 49.3881 0 11.2724
    endloop
  endfacet
  facet normal -0 -1 0
    outer loop
      vertex 49.3881 0 11.2724
      vertex 49.9644 0 15
      vertex 49.3455 0 11.2514
    endloop
  endfacet
  facet normal 0 -1 0
    outer loop
      vertex 49.9644 0 15
      vertex 48.2974 0 10.4355
      vertex 48.3287 0 10.4713
    endloop
  endfacet
  facet normal 0 -1 0
    outer loop
      vertex 49.9644 0 15
      vertex 47.9054 0 9.98847
      vertex 48.2974 0 10.4355
    endloop
  endfacet
  facet normal 0 -1 0
    outer loop
      vertex 22 0 9.61333
      vertex 20.6233 0 15
      vertex 18.6128 0 9.61333
    endloop
  endfacet
  facet normal 0 -1 0
    outer loop
      vertex 38.05 0 8
      vertex 20.6233 0 15
      vertex 22 0 9.61333
    endloop
  endfacet
  facet normal 0 -1 0
    outer loop
      vertex 47.9054 0 9.98847
      vertex 38.05 0 8
      vertex 47.8789 0 9.94892
    endloop
  endfacet
  facet normal 0 -1 0
    outer loop
      vertex 47.8789 0 9.94892
      vertex 38.05 0 8
      vertex 47.5486 0 9.45455
    endloop
  endfacet
  facet normal 0 -1 0
    outer loop
      vertex 46.55 0 8
      vertex 47.5486 0 9.45455
      vertex 38.05 0 8
    endloop
  endfacet
  facet normal 0 -1 0
    outer loop
      vertex 47.5486 0 9.45455
      vertex 46.55 0 8
      vertex 47.2856 0 8.92129
    endloop
  endfacet
  facet normal 0 -1 0
    outer loop
      vertex 47.2856 0 8.92129
      vertex 46.55 0 8
      vertex 47.2646 0 8.87863
    endloop
  endfacet
  facet normal 0 -1 0
    outer loop
      vertex 47.2646 0 8.87863
      vertex 46.55 0 8
      vertex 47.0735 0 8.31561
    endloop
  endfacet
  facet normal 0 -1 0
    outer loop
      vertex 38.05 0 8
      vertex 22 0 9.61333
      vertex 22 0 8
    endloop
  endfacet
  facet normal 0 -1 0
    outer loop
      vertex 47.0735 0 8.31561
      vertex 46.55 0 8
      vertex 47.0582 0 8.27057
    endloop
  endfacet
  facet normal 0 -1 0
    outer loop
      vertex 47.0582 0 8.27057
      vertex 46.55 0 8
      vertex 47.0489 0 8.22391
    endloop
  endfacet
  facet normal 0 -1 0
    outer loop
      vertex 46.55 0 8
      vertex 46.9329 0 7.64076
      vertex 47.0489 0 8.22391
    endloop
  endfacet
  facet normal 0 -1 0
    outer loop
      vertex 46.55 0 8
      vertex 46.894 0 7.04746
      vertex 46.9329 0 7.64076
    endloop
  endfacet
  facet normal 0 -1 0
    outer loop
      vertex 46.55 0 8
      vertex 46.8909 0 7
      vertex 46.894 0 7.04746
    endloop
  endfacet
  facet normal 0 -1 0
    outer loop
      vertex 46.55 0 6
      vertex 46.8909 0 7
      vertex 46.55 0 8
    endloop
  endfacet
  facet normal 0 -1 -0
    outer loop
      vertex 46.8909 0 7
      vertex 46.55 0 6
      vertex 46.894 0 6.95254
    endloop
  endfacet
  facet normal 0 -1 -0
    outer loop
      vertex 46.894 0 6.95254
      vertex 46.55 0 6
      vertex 46.9329 0 6.35923
    endloop
  endfacet
  facet normal 0 -1 -0
    outer loop
      vertex 46.9329 0 6.35923
      vertex 46.55 0 6
      vertex 47.0489 0 5.77608
    endloop
  endfacet
  facet normal 0 -1 0
    outer loop
      vertex 53.6336 0 11.5507
      vertex 53.6356 0 15
      vertex 53.6336 0 14.9993
    endloop
  endfacet
  facet normal 0 -1 0
    outer loop
      vertex 53.6336 0 11.5507
      vertex 53.6336 0 14.9993
      vertex 53.0706 0 14.8082
    endloop
  endfacet
  facet normal 0 -1 0
    outer loop
      vertex 53.0706 0 11.7418
      vertex 53.0706 0 14.8082
      vertex 53.0239 0 14.7989
    endloop
  endfacet
  facet normal 0 -1 0
    outer loop
      vertex 53.0239 0 11.7511
      vertex 53.0239 0 14.7989
      vertex 52.4408 0 14.6829
    endloop
  endfacet
  facet normal 0 -1 0
    outer loop
      vertex 51.8475 0 11.906
      vertex 51.8475 0 14.644
      vertex 51.8 0 14.6409
    endloop
  endfacet
  facet normal 0 -1 0
    outer loop
      vertex 51.8475 0 11.906
      vertex 51.8 0 14.6409
      vertex 51.8 0 11.9091
    endloop
  endfacet
  facet normal 0 -1 0
    outer loop
      vertex 51.8475 0 14.644
      vertex 51.8475 0 11.906
      vertex 52.4408 0 14.6829
    endloop
  endfacet
  facet normal 0 -1 0
    outer loop
      vertex 52.4408 0 11.8671
      vertex 52.4408 0 14.6829
      vertex 51.8475 0 11.906
    endloop
  endfacet
  facet normal 0 -1 0
    outer loop
      vertex 53.0239 0 11.7511
      vertex 52.4408 0 14.6829
      vertex 52.4408 0 11.8671
    endloop
  endfacet
  facet normal 0 -1 0
    outer loop
      vertex 53.0239 0 14.7989
      vertex 53.0239 0 11.7511
      vertex 53.0706 0 11.7418
    endloop
  endfacet
  facet normal 0 -1 0
    outer loop
      vertex 53.0706 0 14.8082
      vertex 53.0706 0 11.7418
      vertex 53.6336 0 11.5507
    endloop
  endfacet
  facet normal 0 -1 -0
    outer loop
      vertex 53.6356 0 15
      vertex 53.6336 0 11.5507
      vertex 53.6786 0 11.5354
    endloop
  endfacet
  facet normal 0 -1 0
    outer loop
      vertex 53.6356 0 15
      vertex 53.6786 0 11.5354
      vertex 54.2119 0 11.2724
    endloop
  endfacet
  facet normal 0 -1 0
    outer loop
      vertex 53.6356 0 15
      vertex 54.2119 0 11.2724
      vertex 56.64 0 15
    endloop
  endfacet
  facet normal 0 -1 0
    outer loop
      vertex 54.2545 0 11.2514
      vertex 56.64 0 15
      vertex 54.2119 0 11.2724
    endloop
  endfacet
  facet normal 0 -1 0
    outer loop
      vertex 54.2941 0 11.225
      vertex 56.64 0 15
      vertex 54.2545 0 11.2514
    endloop
  endfacet
  facet normal 0 -1 0
    outer loop
      vertex 54.7885 0 10.8946
      vertex 56.64 0 15
      vertex 54.2941 0 11.225
    endloop
  endfacet
  facet normal 0 -1 0
    outer loop
      vertex 55.2355 0 10.5026
      vertex 56.64 0 15
      vertex 54.7885 0 10.8946
    endloop
  endfacet
  facet normal 0 -1 0
    outer loop
      vertex 55.2713 0 10.4713
      vertex 56.64 0 15
      vertex 55.2355 0 10.5026
    endloop
  endfacet
  facet normal 0 -1 0
    outer loop
      vertex 55.6633 0 10.0242
      vertex 56.64 0 15
      vertex 55.2713 0 10.4713
    endloop
  endfacet
  facet normal 0 -1 0
    outer loop
      vertex 55.6946 0 9.98847
      vertex 56.64 0 15
      vertex 55.6633 0 10.0242
    endloop
  endfacet
  facet normal 0 -1 0
    outer loop
      vertex 55.7211 0 9.94892
      vertex 56.64 0 15
      vertex 55.6946 0 9.98847
    endloop
  endfacet
  facet normal 0 -1 0
    outer loop
      vertex 56.0514 0 9.45455
      vertex 56.64 0 15
      vertex 55.7211 0 9.94892
    endloop
  endfacet
  facet normal 0 -1 0
    outer loop
      vertex 56.0724 0 9.41189
      vertex 56.64 0 15
      vertex 56.0514 0 9.45455
    endloop
  endfacet
  facet normal 0 -1 0
    outer loop
      vertex 56.3354 0 8.87863
      vertex 56.64 0 15
      vertex 56.0724 0 9.41189
    endloop
  endfacet
  facet normal 0 -1 0
    outer loop
      vertex 56.3507 0 8.83359
      vertex 56.64 0 15
      vertex 56.3354 0 8.87863
    endloop
  endfacet
  facet normal 0 -1 0
    outer loop
      vertex 56.5418 0 8.27057
      vertex 56.64 0 15
      vertex 56.3507 0 8.83359
    endloop
  endfacet
  facet normal 0 -1 -0
    outer loop
      vertex 56.64 0 15
      vertex 56.5418 0 8.27057
      vertex 56.64 0 7.77697
    endloop
  endfacet
  facet normal 0 -1 0
    outer loop
      vertex 56.64 0 1.19
      vertex 56.3507 0 5.16641
      vertex 56.3354 0 5.12137
    endloop
  endfacet
  facet normal 0 -1 0
    outer loop
      vertex 56.64 0 1.19
      vertex 55.7211 0 4.05108
      vertex 55.6946 0 4.01153
    endloop
  endfacet
  facet normal 0 -1 0
    outer loop
      vertex 56.64 0 1.19
      vertex 55.6633 0 3.97577
      vertex 55.2713 0 3.52875
    endloop
  endfacet
  facet normal 0 -1 0
    outer loop
      vertex 56.64 0 1.19
      vertex 55.2355 0 3.49739
      vertex 54.7885 0 3.10536
    endloop
  endfacet
  facet normal 0 -1 0
    outer loop
      vertex 56.64 0 1.19
      vertex 51.8475 0 2.09402
      vertex 51.8 0 2.09091
    endloop
  endfacet
  facet normal 0 -1 0
    outer loop
      vertex 56.5418 0 5.72943
      vertex 56.64 0 1.19
      vertex 56.64 0 6.22302
    endloop
  endfacet
  facet normal 0 -1 0
    outer loop
      vertex 56.3507 0 5.16641
      vertex 56.64 0 1.19
      vertex 56.5418 0 5.72943
    endloop
  endfacet
  facet normal 0 -1 0
    outer loop
      vertex 56.0724 0 4.58811
      vertex 56.64 0 1.19
      vertex 56.3354 0 5.12137
    endloop
  endfacet
  facet normal 0 -1 0
    outer loop
      vertex 56.0514 0 4.54545
      vertex 56.64 0 1.19
      vertex 56.0724 0 4.58811
    endloop
  endfacet
  facet normal 0 -1 0
    outer loop
      vertex 55.7211 0 4.05108
      vertex 56.64 0 1.19
      vertex 56.0514 0 4.54545
    endloop
  endfacet
  facet normal 0 -1 0
    outer loop
      vertex 55.6633 0 3.97577
      vertex 56.64 0 1.19
      vertex 55.6946 0 4.01153
    endloop
  endfacet
  facet normal 0 -1 0
    outer loop
      vertex 55.2355 0 3.49739
      vertex 56.64 0 1.19
      vertex 55.2713 0 3.52875
    endloop
  endfacet
  facet normal 0 -1 0
    outer loop
      vertex 54.2941 0 2.77503
      vertex 56.64 0 1.19
      vertex 54.7885 0 3.10536
    endloop
  endfacet
  facet normal 0 -1 0
    outer loop
      vertex 54.2545 0 2.7486
      vertex 56.64 0 1.19
      vertex 54.2941 0 2.77503
    endloop
  endfacet
  facet normal 0 -1 0
    outer loop
      vertex 54.2119 0 2.72756
      vertex 56.64 0 1.19
      vertex 54.2545 0 2.7486
    endloop
  endfacet
  facet normal 0 -1 0
    outer loop
      vertex 53.6786 0 2.46459
      vertex 56.64 0 1.19
      vertex 54.2119 0 2.72756
    endloop
  endfacet
  facet normal 0 -1 0
    outer loop
      vertex 53.6336 0 2.4493
      vertex 56.64 0 1.19
      vertex 53.6786 0 2.46459
    endloop
  endfacet
  facet normal 0 -1 0
    outer loop
      vertex 53.0706 0 2.25818
      vertex 56.64 0 1.19
      vertex 53.6336 0 2.4493
    endloop
  endfacet
  facet normal 0 -1 0
    outer loop
      vertex 53.0239 0 2.2489
      vertex 56.64 0 1.19
      vertex 53.0706 0 2.25818
    endloop
  endfacet
  facet normal 0 -1 0
    outer loop
      vertex 52.4408 0 2.13291
      vertex 56.64 0 1.19
      vertex 53.0239 0 2.2489
    endloop
  endfacet
  facet normal 0 -1 0
    outer loop
      vertex 51.8475 0 2.09402
      vertex 56.64 0 1.19
      vertex 52.4408 0 2.13291
    endloop
  endfacet
  facet normal 0 -1 0
    outer loop
      vertex 51.7525 0 2.09402
      vertex 56.64 0 1.19
      vertex 51.8 0 2.09091
    endloop
  endfacet
  facet normal 0 -1 0
    outer loop
      vertex 13.5093 0 9.61333
      vertex 13.9305 0 15
      vertex 12.6798 0 15
    endloop
  endfacet
  facet normal 0 -1 -0
    outer loop
      vertex 13.9305 0 15
      vertex 13.5093 0 9.61333
      vertex 13.9305 0 9.61333
    endloop
  endfacet
  facet normal 0 -1 0
    outer loop
      vertex 16.4907 0 9.61333
      vertex 16.0695 0 15
      vertex 16.0695 0 9.61333
    endloop
  endfacet
  facet normal 0 -1 0
    outer loop
      vertex 16.0695 0 15
      vertex 16.4907 0 9.61333
      vertex 17.3202 0 15
    endloop
  endfacet
  facet normal -0.321442 -0.946929 0
    outer loop
      vertex 1.85195 0.228361 1.19
      vertex 2.22354 0.102222 15
      vertex 1.85195 0.228361 15
    endloop
  endfacet
  facet normal -0.321442 -0.946929 -0
    outer loop
      vertex 2.22354 0.102222 15
      vertex 1.85195 0.228361 1.19
      vertex 2.22354 0.102222 1.19
    endloop
  endfacet
  facet normal -0.946929 -0.321442 0
    outer loop
      vertex 0.228361 1.85195 1.19
      vertex 0.102222 2.22354 15
      vertex 0.102222 2.22354 1.19
    endloop
  endfacet
  facet normal -0.946929 -0.321442 0
    outer loop
      vertex 0.102222 2.22354 15
      vertex 0.228361 1.85195 1.19
      vertex 0.228361 1.85195 15
    endloop
  endfacet
  facet normal 0.555553 -0.831481 0
    outer loop
      vertex 58.14 0.401923 1.19
      vertex 58.4663 0.61994 15
      vertex 58.14 0.401923 15
    endloop
  endfacet
  facet normal 0.555553 -0.831481 0
    outer loop
      vertex 58.4663 0.61994 15
      vertex 58.14 0.401923 1.19
      vertex 58.4663 0.61994 1.19
    endloop
  endfacet
  facet normal 0.946858 0.321651 0
    outer loop
      vertex 59.5378 93.8765 15
      vertex 59.4116 94.248 1.19
      vertex 59.4116 94.248 15
    endloop
  endfacet
  facet normal 0.946858 0.321651 0
    outer loop
      vertex 59.4116 94.248 1.19
      vertex 59.5378 93.8765 15
      vertex 59.5378 93.8765 1.19
    endloop
  endfacet
  facet normal 0.896936 -0.44216 0
    outer loop
      vertex 59.2381 1.5 15
      vertex 59.4116 1.85195 1.19
      vertex 59.4116 1.85195 15
    endloop
  endfacet
  facet normal 0.896936 -0.44216 0
    outer loop
      vertex 59.4116 1.85195 1.19
      vertex 59.2381 1.5 15
      vertex 59.2381 1.5 1.19
    endloop
  endfacet
  facet normal 0.751769 -0.659426 0
    outer loop
      vertex 58.7613 0.878679 15
      vertex 59.0201 1.17372 1.19
      vertex 59.0201 1.17372 15
    endloop
  endfacet
  facet normal 0.751769 -0.659426 0
    outer loop
      vertex 59.0201 1.17372 1.19
      vertex 58.7613 0.878679 15
      vertex 58.7613 0.878679 1.19
    endloop
  endfacet
  facet normal 0.997853 -0.0654906 0
    outer loop
      vertex 59.6143 2.60842 15
      vertex 59.64 3 1.19
      vertex 59.64 3 15
    endloop
  endfacet
  facet normal 0.997853 -0.0654906 0
    outer loop
      vertex 59.64 3 1.19
      vertex 59.6143 2.60842 15
      vertex 59.6143 2.60842 1.19
    endloop
  endfacet
  facet normal -0.0654026 -0.997859 0
    outer loop
      vertex 2.60842 0.0256653 1.19
      vertex 3 0 15
      vertex 2.60842 0.0256653 15
    endloop
  endfacet
  facet normal -0.0654026 -0.997859 -0
    outer loop
      vertex 3 0 15
      vertex 2.60842 0.0256653 1.19
      vertex 3 0 1.19
    endloop
  endfacet
  facet normal 0.946882 -0.321582 0
    outer loop
      vertex 59.4116 1.85195 15
      vertex 59.5378 2.22354 1.19
      vertex 59.5378 2.22354 15
    endloop
  endfacet
  facet normal 0.946882 -0.321582 0
    outer loop
      vertex 59.5378 2.22354 1.19
      vertex 59.4116 1.85195 15
      vertex 59.4116 1.85195 1.19
    endloop
  endfacet
  facet normal 0.555523 0.831501 -0
    outer loop
      vertex 58.4663 95.4801 1.19
      vertex 58.14 95.6981 15
      vertex 58.4663 95.4801 15
    endloop
  endfacet
  facet normal 0.555523 0.831501 0
    outer loop
      vertex 58.14 95.6981 15
      vertex 58.4663 95.4801 1.19
      vertex 58.14 95.6981 1.19
    endloop
  endfacet
  facet normal 0.997853 0.0654873 0
    outer loop
      vertex 59.64 93.1 15
      vertex 59.6143 93.4916 1.19
      vertex 59.6143 93.4916 15
    endloop
  endfacet
  facet normal 0.997853 0.0654873 0
    outer loop
      vertex 59.6143 93.4916 1.19
      vertex 59.64 93.1 15
      vertex 59.64 93.1 1.19
    endloop
  endfacet
  facet normal -0.980788 0.195079 0
    outer loop
      vertex 0.0256653 93.4916 1.19
      vertex 0.102222 93.8765 15
      vertex 0.102222 93.8765 1.19
    endloop
  endfacet
  facet normal -0.980788 0.195079 0
    outer loop
      vertex 0.102222 93.8765 15
      vertex 0.0256653 93.4916 1.19
      vertex 0.0256653 93.4916 15
    endloop
  endfacet
  facet normal 0.44211 0.896961 -0
    outer loop
      vertex 58.14 95.6981 1.19
      vertex 57.788 95.8716 15
      vertex 58.14 95.6981 15
    endloop
  endfacet
  facet normal 0.44211 0.896961 0
    outer loop
      vertex 57.788 95.8716 15
      vertex 58.14 95.6981 1.19
      vertex 57.788 95.8716 1.19
    endloop
  endfacet
  facet normal -0.997859 0.0653993 0
    outer loop
      vertex 0 93.1 1.19
      vertex 0.0256653 93.4916 15
      vertex 0.0256653 93.4916 1.19
    endloop
  endfacet
  facet normal -0.997859 0.0653993 0
    outer loop
      vertex 0.0256653 93.4916 15
      vertex 0 93.1 1.19
      vertex 0 93.1 15
    endloop
  endfacet
  facet normal -0.751801 0.65939 0
    outer loop
      vertex 0.61994 94.9263 1.19
      vertex 0.878679 95.2213 15
      vertex 0.878679 95.2213 1.19
    endloop
  endfacet
  facet normal -0.751801 0.65939 0
    outer loop
      vertex 0.878679 95.2213 15
      vertex 0.61994 94.9263 1.19
      vertex 0.61994 94.9263 15
    endloop
  endfacet
  facet normal 0.831485 -0.555547 0
    outer loop
      vertex 59.0201 1.17372 15
      vertex 59.2381 1.5 1.19
      vertex 59.2381 1.5 15
    endloop
  endfacet
  facet normal 0.831485 -0.555547 0
    outer loop
      vertex 59.2381 1.5 1.19
      vertex 59.0201 1.17372 15
      vertex 59.0201 1.17372 1.19
    endloop
  endfacet
  facet normal -0.896898 0.442237 0
    outer loop
      vertex 0.228361 94.248 1.19
      vertex 0.401923 94.6 15
      vertex 0.401923 94.6 1.19
    endloop
  endfacet
  facet normal -0.896898 0.442237 0
    outer loop
      vertex 0.401923 94.6 15
      vertex 0.228361 94.248 1.19
      vertex 0.228361 94.248 15
    endloop
  endfacet
  facet normal -0.751846 -0.659339 0
    outer loop
      vertex 0.878679 0.878679 1.19
      vertex 0.61994 1.17372 15
      vertex 0.61994 1.17372 1.19
    endloop
  endfacet
  facet normal -0.751846 -0.659339 0
    outer loop
      vertex 0.61994 1.17372 15
      vertex 0.878679 0.878679 1.19
      vertex 0.878679 0.878679 15
    endloop
  endfacet
  facet normal -0.442288 -0.896873 0
    outer loop
      vertex 1.5 0.401923 1.19
      vertex 1.85195 0.228361 15
      vertex 1.5 0.401923 15
    endloop
  endfacet
  facet normal -0.442288 -0.896873 -0
    outer loop
      vertex 1.85195 0.228361 15
      vertex 1.5 0.401923 1.19
      vertex 1.85195 0.228361 1.19
    endloop
  endfacet
  facet normal -0.659426 0.751769 0
    outer loop
      vertex 1.17372 95.4801 1.19
      vertex 0.878679 95.2213 15
      vertex 1.17372 95.4801 15
    endloop
  endfacet
  facet normal -0.659426 0.751769 0
    outer loop
      vertex 0.878679 95.2213 15
      vertex 1.17372 95.4801 1.19
      vertex 0.878679 95.2213 1.19
    endloop
  endfacet
  facet normal -0.555547 0.831485 0
    outer loop
      vertex 1.5 95.6981 1.19
      vertex 1.17372 95.4801 15
      vertex 1.5 95.6981 15
    endloop
  endfacet
  facet normal -0.555547 0.831485 0
    outer loop
      vertex 1.17372 95.4801 15
      vertex 1.5 95.6981 1.19
      vertex 1.17372 95.4801 1.19
    endloop
  endfacet
  facet normal 0.442237 -0.896898 0
    outer loop
      vertex 57.788 0.228361 1.19
      vertex 58.14 0.401923 15
      vertex 57.788 0.228361 15
    endloop
  endfacet
  facet normal 0.442237 -0.896898 0
    outer loop
      vertex 58.14 0.401923 15
      vertex 57.788 0.228361 1.19
      vertex 58.14 0.401923 1.19
    endloop
  endfacet
  facet normal -0.44216 0.896936 0
    outer loop
      vertex 1.85195 95.8716 1.19
      vertex 1.5 95.6981 15
      vertex 1.85195 95.8716 15
    endloop
  endfacet
  facet normal -0.44216 0.896936 0
    outer loop
      vertex 1.5 95.6981 15
      vertex 1.85195 95.8716 1.19
      vertex 1.5 95.6981 1.19
    endloop
  endfacet
  facet normal -0.831465 -0.555577 0
    outer loop
      vertex 0.61994 1.17372 1.19
      vertex 0.401923 1.5 15
      vertex 0.401923 1.5 1.19
    endloop
  endfacet
  facet normal -0.831465 -0.555577 0
    outer loop
      vertex 0.401923 1.5 15
      vertex 0.61994 1.17372 1.19
      vertex 0.61994 1.17372 15
    endloop
  endfacet
  facet normal -0.659339 -0.751846 0
    outer loop
      vertex 0.878679 0.878679 1.19
      vertex 1.17372 0.61994 15
      vertex 0.878679 0.878679 15
    endloop
  endfacet
  facet normal -0.659339 -0.751846 -0
    outer loop
      vertex 1.17372 0.61994 15
      vertex 0.878679 0.878679 1.19
      vertex 1.17372 0.61994 1.19
    endloop
  endfacet
  facet normal -0.0654906 0.997853 0
    outer loop
      vertex 3 96.1 1.19
      vertex 2.60842 96.0743 15
      vertex 3 96.1 15
    endloop
  endfacet
  facet normal -0.0654906 0.997853 0
    outer loop
      vertex 2.60842 96.0743 15
      vertex 3 96.1 1.19
      vertex 2.60842 96.0743 1.19
    endloop
  endfacet
  facet normal -0.195089 -0.980786 0
    outer loop
      vertex 2.22354 0.102222 1.19
      vertex 2.60842 0.0256653 15
      vertex 2.22354 0.102222 15
    endloop
  endfacet
  facet normal -0.195089 -0.980786 -0
    outer loop
      vertex 2.60842 0.0256653 15
      vertex 2.22354 0.102222 1.19
      vertex 2.60842 0.0256653 1.19
    endloop
  endfacet
  facet normal 0 0 -1
    outer loop
      vertex 47.712 73.5 0
      vertex 42.535 67.0823 0
      vertex 42.5624 67.5 0
    endloop
  endfacet
  facet normal 0 0 -1
    outer loop
      vertex 47.712 73.5 0
      vertex 42.4534 66.6718 0
      vertex 42.535 67.0823 0
    endloop
  endfacet
  facet normal 0 0 -1
    outer loop
      vertex 47.712 73.5 0
      vertex 42.3188 66.2754 0
      vertex 42.4534 66.6718 0
    endloop
  endfacet
  facet normal 0 0 -1
    outer loop
      vertex 47.712 73.5 0
      vertex 42.1337 65.9 0
      vertex 42.3188 66.2754 0
    endloop
  endfacet
  facet normal 0 0 -1
    outer loop
      vertex 44.73 26.7 0
      vertex 41.9011 65.552 0
      vertex 42.1337 65.9 0
    endloop
  endfacet
  facet normal 0 0 -1
    outer loop
      vertex 44.73 26.7 0
      vertex 41.6251 65.2373 0
      vertex 41.9011 65.552 0
    endloop
  endfacet
  facet normal 0 0 -1
    outer loop
      vertex 44.73 26.7 0
      vertex 41.3104 64.9613 0
      vertex 41.6251 65.2373 0
    endloop
  endfacet
  facet normal 0 0 -1
    outer loop
      vertex 44.73 26.7 0
      vertex 40.9624 64.7287 0
      vertex 41.3104 64.9613 0
    endloop
  endfacet
  facet normal 0 0 -1
    outer loop
      vertex 44.73 26.7 0
      vertex 40.587 64.5436 0
      vertex 40.9624 64.7287 0
    endloop
  endfacet
  facet normal 0 0 -1
    outer loop
      vertex 32.3587 34.948 0
      vertex 40.587 64.5436 0
      vertex 44.73 26.7 0
    endloop
  endfacet
  facet normal 0 0 -1
    outer loop
      vertex 40.587 64.5436 0
      vertex 32.3587 34.948 0
      vertex 40.1906 64.409 0
    endloop
  endfacet
  facet normal 0 0 -1
    outer loop
      vertex 32.0827 35.2627 0
      vertex 40.1906 64.409 0
      vertex 32.3587 34.948 0
    endloop
  endfacet
  facet normal 0 0 -1
    outer loop
      vertex 40.1906 64.409 0
      vertex 32.0827 35.2627 0
      vertex 39.7801 64.3274 0
    endloop
  endfacet
  facet normal 0 0 -1
    outer loop
      vertex 31.768 35.5387 0
      vertex 39.7801 64.3274 0
      vertex 32.0827 35.2627 0
    endloop
  endfacet
  facet normal 0 0 -1
    outer loop
      vertex 39.7801 64.3274 0
      vertex 31.768 35.5387 0
      vertex 39.3624 64.3 0
    endloop
  endfacet
  facet normal 0 0 -1
    outer loop
      vertex 31.42 35.7713 0
      vertex 39.3624 64.3 0
      vertex 31.768 35.5387 0
    endloop
  endfacet
  facet normal -0 0 -1
    outer loop
      vertex 39.3624 64.3 0
      vertex 31.42 35.7713 0
      vertex 38.9447 64.3274 0
    endloop
  endfacet
  facet normal 0 0 -1
    outer loop
      vertex 31.0446 35.9564 0
      vertex 38.9447 64.3274 0
      vertex 31.42 35.7713 0
    endloop
  endfacet
  facet normal -0 0 -1
    outer loop
      vertex 38.9447 64.3274 0
      vertex 31.0446 35.9564 0
      vertex 38.5342 64.409 0
    endloop
  endfacet
  facet normal 0 0 -1
    outer loop
      vertex 30.6482 36.091 0
      vertex 38.5342 64.409 0
      vertex 31.0446 35.9564 0
    endloop
  endfacet
  facet normal -0 0 -1
    outer loop
      vertex 38.5342 64.409 0
      vertex 30.6482 36.091 0
      vertex 38.1378 64.5436 0
    endloop
  endfacet
  facet normal 0 0 -1
    outer loop
      vertex 30.2377 36.1726 0
      vertex 38.1378 64.5436 0
      vertex 30.6482 36.091 0
    endloop
  endfacet
  facet normal 0 0 -1
    outer loop
      vertex 32.7764 34.2246 0
      vertex 44.73 26.7 0
      vertex 32.911 33.8282 0
    endloop
  endfacet
  facet normal 0 0 -1
    outer loop
      vertex 32.911 33.8282 0
      vertex 44.73 26.7 0
      vertex 32.9926 33.4177 0
    endloop
  endfacet
  facet normal 0 0 -1
    outer loop
      vertex 32.9926 33.4177 0
      vertex 44.73 26.7 0
      vertex 33.02 33 0
    endloop
  endfacet
  facet normal 0 0 -1
    outer loop
      vertex 44.73 26.7 0
      vertex 32.9926 32.5823 0
      vertex 33.02 33 0
    endloop
  endfacet
  facet normal 0 0 -1
    outer loop
      vertex 44.73 26.7 0
      vertex 32.911 32.1718 0
      vertex 32.9926 32.5823 0
    endloop
  endfacet
  facet normal 0 0 -1
    outer loop
      vertex 44.73 26.7 0
      vertex 32.7764 31.7754 0
      vertex 32.911 32.1718 0
    endloop
  endfacet
  facet normal 0 0 -1
    outer loop
      vertex 44.73 26.7 0
      vertex 32.5913 31.4 0
      vertex 32.7764 31.7754 0
    endloop
  endfacet
  facet normal 0 0 -1
    outer loop
      vertex 44.73 26.7 0
      vertex 32.3587 31.052 0
      vertex 32.5913 31.4 0
    endloop
  endfacet
  facet normal 0 0 -1
    outer loop
      vertex 44.73 26.7 0
      vertex 32.0827 30.7373 0
      vertex 32.3587 31.052 0
    endloop
  endfacet
  facet normal 0 0 -1
    outer loop
      vertex 44.73 26.7 0
      vertex 31.768 30.4613 0
      vertex 32.0827 30.7373 0
    endloop
  endfacet
  facet normal 0 0 -1
    outer loop
      vertex 44.73 26.7 0
      vertex 31.42 30.2287 0
      vertex 31.768 30.4613 0
    endloop
  endfacet
  facet normal 0 0 -1
    outer loop
      vertex 44.73 26.7 0
      vertex 31.0446 30.0436 0
      vertex 31.42 30.2287 0
    endloop
  endfacet
  facet normal 0 0 -1
    outer loop
      vertex 44.73 26.7 0
      vertex 30.6482 29.909 0
      vertex 31.0446 30.0436 0
    endloop
  endfacet
  facet normal 0 0 -1
    outer loop
      vertex 44.73 26.7 0
      vertex 30.2377 29.8274 0
      vertex 30.6482 29.909 0
    endloop
  endfacet
  facet normal 0 0 -1
    outer loop
      vertex 44.73 26.7 0
      vertex 29.82 29.8 0
      vertex 30.2377 29.8274 0
    endloop
  endfacet
  facet normal 0 0 -1
    outer loop
      vertex 14.91 26.7 0
      vertex 29.82 29.8 0
      vertex 44.73 26.7 0
    endloop
  endfacet
  facet normal -0 0 -1
    outer loop
      vertex 29.82 29.8 0
      vertex 14.91 26.7 0
      vertex 29.4023 29.8274 0
    endloop
  endfacet
  facet normal 0 0 -1
    outer loop
      vertex 14.91 26.7 0
      vertex 26.62 33 0
      vertex 26.6474 32.5823 0
    endloop
  endfacet
  facet normal 0 0 -1
    outer loop
      vertex 26.62 33 0
      vertex 23.4502 67.0823 0
      vertex 23.4776 67.5 0
    endloop
  endfacet
  facet normal 0 0 -1
    outer loop
      vertex 26.62 33 0
      vertex 23.3686 66.6718 0
      vertex 23.4502 67.0823 0
    endloop
  endfacet
  facet normal 0 0 -1
    outer loop
      vertex 26.62 33 0
      vertex 23.234 66.2754 0
      vertex 23.3686 66.6718 0
    endloop
  endfacet
  facet normal 0 0 -1
    outer loop
      vertex 26.62 33 0
      vertex 23.0489 65.9 0
      vertex 23.234 66.2754 0
    endloop
  endfacet
  facet normal 0 0 -1
    outer loop
      vertex 26.62 33 0
      vertex 22.8163 65.552 0
      vertex 23.0489 65.9 0
    endloop
  endfacet
  facet normal 0 0 -1
    outer loop
      vertex 26.62 33 0
      vertex 22.5403 65.2373 0
      vertex 22.8163 65.552 0
    endloop
  endfacet
  facet normal 0 0 -1
    outer loop
      vertex 26.62 33 0
      vertex 22.2256 64.9613 0
      vertex 22.5403 65.2373 0
    endloop
  endfacet
  facet normal 0 0 -1
    outer loop
      vertex 26.62 33 0
      vertex 21.8776 64.7287 0
      vertex 22.2256 64.9613 0
    endloop
  endfacet
  facet normal 0 0 -1
    outer loop
      vertex 26.62 33 0
      vertex 21.5022 64.5436 0
      vertex 21.8776 64.7287 0
    endloop
  endfacet
  facet normal 0 0 -1
    outer loop
      vertex 26.62 33 0
      vertex 21.1058 64.409 0
      vertex 21.5022 64.5436 0
    endloop
  endfacet
  facet normal 0 0 -1
    outer loop
      vertex 26.62 33 0
      vertex 20.6953 64.3274 0
      vertex 21.1058 64.409 0
    endloop
  endfacet
  facet normal 0 0 -1
    outer loop
      vertex 26.62 33 0
      vertex 20.2776 64.3 0
      vertex 20.6953 64.3274 0
    endloop
  endfacet
  facet normal 0 0 -1
    outer loop
      vertex 14.91 26.7 0
      vertex 26.6474 32.5823 0
      vertex 26.729 32.1718 0
    endloop
  endfacet
  facet normal 0 0 -1
    outer loop
      vertex 26.62 33 0
      vertex 19.8599 64.3274 0
      vertex 20.2776 64.3 0
    endloop
  endfacet
  facet normal 0 0 -1
    outer loop
      vertex 26.62 33 0
      vertex 19.4494 64.409 0
      vertex 19.8599 64.3274 0
    endloop
  endfacet
  facet normal 0 0 -1
    outer loop
      vertex 26.62 33 0
      vertex 19.053 64.5436 0
      vertex 19.4494 64.409 0
    endloop
  endfacet
  facet normal -0 0 -1
    outer loop
      vertex 26.62 33 0
      vertex 14.91 26.7 0
      vertex 19.053 64.5436 0
    endloop
  endfacet
  facet normal -0 0 -1
    outer loop
      vertex 19.053 64.5436 0
      vertex 14.91 26.7 0
      vertex 18.6776 64.7287 0
    endloop
  endfacet
  facet normal -0 0 -1
    outer loop
      vertex 18.6776 64.7287 0
      vertex 14.91 26.7 0
      vertex 18.3296 64.9613 0
    endloop
  endfacet
  facet normal -0 0 -1
    outer loop
      vertex 18.3296 64.9613 0
      vertex 14.91 26.7 0
      vertex 18.0149 65.2373 0
    endloop
  endfacet
  facet normal -0 0 -1
    outer loop
      vertex 18.0149 65.2373 0
      vertex 14.91 26.7 0
      vertex 17.7389 65.552 0
    endloop
  endfacet
  facet normal -0 0 -1
    outer loop
      vertex 17.7389 65.552 0
      vertex 14.91 26.7 0
      vertex 17.5063 65.9 0
    endloop
  endfacet
  facet normal 0 0 -1
    outer loop
      vertex 11.928 73.5 0
      vertex 17.5063 65.9 0
      vertex 14.91 26.7 0
    endloop
  endfacet
  facet normal 0 0 -1
    outer loop
      vertex 17.1866 66.6718 0
      vertex 11.928 73.5 0
      vertex 17.105 67.0823 0
    endloop
  endfacet
  facet normal 0 0 -1
    outer loop
      vertex 17.3212 66.2754 0
      vertex 11.928 73.5 0
      vertex 17.1866 66.6718 0
    endloop
  endfacet
  facet normal 0 0 -1
    outer loop
      vertex 17.5063 65.9 0
      vertex 11.928 73.5 0
      vertex 17.3212 66.2754 0
    endloop
  endfacet
  facet normal -0 0 -1
    outer loop
      vertex 26.8636 31.7754 0
      vertex 14.91 26.7 0
      vertex 26.729 32.1718 0
    endloop
  endfacet
  facet normal -0 0 -1
    outer loop
      vertex 27.0487 31.4 0
      vertex 14.91 26.7 0
      vertex 26.8636 31.7754 0
    endloop
  endfacet
  facet normal -0 0 -1
    outer loop
      vertex 27.2813 31.052 0
      vertex 14.91 26.7 0
      vertex 27.0487 31.4 0
    endloop
  endfacet
  facet normal -0 0 -1
    outer loop
      vertex 27.5573 30.7373 0
      vertex 14.91 26.7 0
      vertex 27.2813 31.052 0
    endloop
  endfacet
  facet normal -0 0 -1
    outer loop
      vertex 27.872 30.4613 0
      vertex 14.91 26.7 0
      vertex 27.5573 30.7373 0
    endloop
  endfacet
  facet normal -0 0 -1
    outer loop
      vertex 28.22 30.2287 0
      vertex 14.91 26.7 0
      vertex 27.872 30.4613 0
    endloop
  endfacet
  facet normal -0 0 -1
    outer loop
      vertex 28.5954 30.0436 0
      vertex 14.91 26.7 0
      vertex 28.22 30.2287 0
    endloop
  endfacet
  facet normal -0 0 -1
    outer loop
      vertex 28.9918 29.909 0
      vertex 14.91 26.7 0
      vertex 28.5954 30.0436 0
    endloop
  endfacet
  facet normal -0 0 -1
    outer loop
      vertex 29.4023 29.8274 0
      vertex 14.91 26.7 0
      vertex 28.9918 29.909 0
    endloop
  endfacet
  facet normal 0 0 -1
    outer loop
      vertex 14.91 22.3 0
      vertex 44.73 24.5 0
      vertex 44.73 22.3 0
    endloop
  endfacet
  facet normal -0 0 -1
    outer loop
      vertex 44.73 24.5 0
      vertex 14.91 22.3 0
      vertex 14.91 24.5 0
    endloop
  endfacet
  facet normal 0 0 -1
    outer loop
      vertex 14.91 17.9 0
      vertex 44.73 20.1 0
      vertex 44.73 17.9 0
    endloop
  endfacet
  facet normal -0 0 -1
    outer loop
      vertex 44.73 20.1 0
      vertex 14.91 17.9 0
      vertex 14.91 20.1 0
    endloop
  endfacet
  facet normal 0 0 -1
    outer loop
      vertex 11.928 84.5 0
      vertex 47.712 86.7 0
      vertex 47.712 84.5 0
    endloop
  endfacet
  facet normal -0 0 -1
    outer loop
      vertex 47.712 86.7 0
      vertex 11.928 84.5 0
      vertex 11.928 86.7 0
    endloop
  endfacet
  facet normal 0 0 -1
    outer loop
      vertex 11.928 80.1 0
      vertex 47.712 82.3 0
      vertex 47.712 80.1 0
    endloop
  endfacet
  facet normal -0 0 -1
    outer loop
      vertex 47.712 82.3 0
      vertex 11.928 80.1 0
      vertex 11.928 82.3 0
    endloop
  endfacet
  facet normal 0 0 -1
    outer loop
      vertex 11.928 75.7 0
      vertex 47.712 77.9 0
      vertex 47.712 75.7 0
    endloop
  endfacet
  facet normal -0 0 -1
    outer loop
      vertex 47.712 77.9 0
      vertex 11.928 75.7 0
      vertex 11.928 77.9 0
    endloop
  endfacet
  facet normal 0 0 -1
    outer loop
      vertex 56.64 1.2 0
      vertex 58.44 3 0
      vertex 58.4246 2.76505 0
    endloop
  endfacet
  facet normal 0 0 -1
    outer loop
      vertex 58.44 3 0
      vertex 47.712 73.5 0
      vertex 58.44 93.1 0
    endloop
  endfacet
  facet normal 0 0 -1
    outer loop
      vertex 56.64 1.2 0
      vertex 58.4246 2.76505 0
      vertex 58.3787 2.53413 0
    endloop
  endfacet
  facet normal 0 0 -1
    outer loop
      vertex 47.712 75.7 0
      vertex 58.44 93.1 0
      vertex 47.712 73.5 0
    endloop
  endfacet
  facet normal 0 0 -1
    outer loop
      vertex 56.64 1.2 0
      vertex 58.3787 2.53413 0
      vertex 58.303 2.31117 0
    endloop
  endfacet
  facet normal 0 0 -1
    outer loop
      vertex 47.712 77.9 0
      vertex 58.44 93.1 0
      vertex 47.712 75.7 0
    endloop
  endfacet
  facet normal 0 0 -1
    outer loop
      vertex 56.64 1.2 0
      vertex 58.303 2.31117 0
      vertex 58.1988 2.1 0
    endloop
  endfacet
  facet normal 0 0 -1
    outer loop
      vertex 47.712 80.1 0
      vertex 58.44 93.1 0
      vertex 47.712 77.9 0
    endloop
  endfacet
  facet normal 0 0 -1
    outer loop
      vertex 56.64 1.2 0
      vertex 58.1988 2.1 0
      vertex 58.068 1.90423 0
    endloop
  endfacet
  facet normal 0 0 -1
    outer loop
      vertex 47.712 82.3 0
      vertex 58.44 93.1 0
      vertex 47.712 80.1 0
    endloop
  endfacet
  facet normal 0 0 -1
    outer loop
      vertex 56.64 1.2 0
      vertex 58.068 1.90423 0
      vertex 57.9128 1.72721 0
    endloop
  endfacet
  facet normal 0 0 -1
    outer loop
      vertex 47.712 84.5 0
      vertex 58.44 93.1 0
      vertex 47.712 82.3 0
    endloop
  endfacet
  facet normal 0 0 -1
    outer loop
      vertex 56.64 1.2 0
      vertex 57.9128 1.72721 0
      vertex 57.7358 1.57196 0
    endloop
  endfacet
  facet normal 0 0 -1
    outer loop
      vertex 47.712 86.7 0
      vertex 58.44 93.1 0
      vertex 47.712 84.5 0
    endloop
  endfacet
  facet normal 0 0 -1
    outer loop
      vertex 56.64 1.2 0
      vertex 57.7358 1.57196 0
      vertex 57.54 1.44115 0
    endloop
  endfacet
  facet normal 0 0 -1
    outer loop
      vertex 47.712 88.9 0
      vertex 58.44 93.1 0
      vertex 47.712 86.7 0
    endloop
  endfacet
  facet normal 0 0 -1
    outer loop
      vertex 56.64 1.2 0
      vertex 57.54 1.44115 0
      vertex 57.3288 1.33702 0
    endloop
  endfacet
  facet normal 0 -0 -1
    outer loop
      vertex 56.64 94.9 0
      vertex 58.44 93.1 0
      vertex 47.712 88.9 0
    endloop
  endfacet
  facet normal 0 0 -1
    outer loop
      vertex 56.64 1.2 0
      vertex 57.3288 1.33702 0
      vertex 57.1059 1.26133 0
    endloop
  endfacet
  facet normal 0 0 -1
    outer loop
      vertex 58.44 93.1 0
      vertex 56.64 94.9 0
      vertex 58.4246 93.3349 0
    endloop
  endfacet
  facet normal 0 0 -1
    outer loop
      vertex 56.64 1.2 0
      vertex 57.1059 1.26133 0
      vertex 56.8749 1.2154 0
    endloop
  endfacet
  facet normal 0 0 -1
    outer loop
      vertex 58.4246 93.3349 0
      vertex 56.64 94.9 0
      vertex 58.3787 93.5659 0
    endloop
  endfacet
  facet normal -0 0 -1
    outer loop
      vertex 58.44 3 0
      vertex 56.64 1.2 0
      vertex 44.73 15.7 0
    endloop
  endfacet
  facet normal 0 0 -1
    outer loop
      vertex 58.3787 93.5659 0
      vertex 56.64 94.9 0
      vertex 58.303 93.7888 0
    endloop
  endfacet
  facet normal 0 0 -1
    outer loop
      vertex 58.303 93.7888 0
      vertex 56.64 94.9 0
      vertex 58.1988 94 0
    endloop
  endfacet
  facet normal 0 0 -1
    outer loop
      vertex 58.44 3 0
      vertex 44.73 15.7 0
      vertex 44.73 17.9 0
    endloop
  endfacet
  facet normal 0 0 -1
    outer loop
      vertex 56.64 1.2 0
      vertex 14.91 15.7 0
      vertex 44.73 15.7 0
    endloop
  endfacet
  facet normal 0 0 -1
    outer loop
      vertex 1.2 3 0
      vertex 14.91 17.9 0
      vertex 14.91 15.7 0
    endloop
  endfacet
  facet normal -0 0 -1
    outer loop
      vertex 14.91 17.9 0
      vertex 1.2 3 0
      vertex 14.91 20.1 0
    endloop
  endfacet
  facet normal -0 0 -1
    outer loop
      vertex 14.91 20.1 0
      vertex 1.2 3 0
      vertex 14.91 22.3 0
    endloop
  endfacet
  facet normal -0 0 -1
    outer loop
      vertex 14.91 22.3 0
      vertex 1.2 3 0
      vertex 14.91 24.5 0
    endloop
  endfacet
  facet normal -0 0 -1
    outer loop
      vertex 14.91 24.5 0
      vertex 1.2 3 0
      vertex 14.91 26.7 0
    endloop
  endfacet
  facet normal 0 0 -1
    outer loop
      vertex 1.2 93.1 0
      vertex 11.928 75.7 0
      vertex 11.928 73.5 0
    endloop
  endfacet
  facet normal 0 0 -1
    outer loop
      vertex 11.928 75.7 0
      vertex 1.2 93.1 0
      vertex 11.928 77.9 0
    endloop
  endfacet
  facet normal 0 0 -1
    outer loop
      vertex 11.928 77.9 0
      vertex 1.2 93.1 0
      vertex 11.928 80.1 0
    endloop
  endfacet
  facet normal 0 0 -1
    outer loop
      vertex 11.928 80.1 0
      vertex 1.2 93.1 0
      vertex 11.928 82.3 0
    endloop
  endfacet
  facet normal 0 0 -1
    outer loop
      vertex 11.928 82.3 0
      vertex 1.2 93.1 0
      vertex 11.928 84.5 0
    endloop
  endfacet
  facet normal 0 0 -1
    outer loop
      vertex 11.928 84.5 0
      vertex 1.2 93.1 0
      vertex 11.928 86.7 0
    endloop
  endfacet
  facet normal -0 0 -1
    outer loop
      vertex 14.91 26.7 0
      vertex 1.2 3 0
      vertex 11.928 73.5 0
    endloop
  endfacet
  facet normal 0 0 -1
    outer loop
      vertex 1.2 3 0
      vertex 14.91 15.7 0
      vertex 3 1.2 0
    endloop
  endfacet
  facet normal 0 0 -1
    outer loop
      vertex 3 1.2 0
      vertex 14.91 15.7 0
      vertex 56.64 1.2 0
    endloop
  endfacet
  facet normal 0 0 -1
    outer loop
      vertex 58.1988 94 0
      vertex 56.64 94.9 0
      vertex 58.068 94.1958 0
    endloop
  endfacet
  facet normal 0 0 -1
    outer loop
      vertex 58.068 94.1958 0
      vertex 56.64 94.9 0
      vertex 57.9128 94.3728 0
    endloop
  endfacet
  facet normal 0 0 -1
    outer loop
      vertex 57.7358 94.528 0
      vertex 56.64 94.9 0
      vertex 57.54 94.6588 0
    endloop
  endfacet
  facet normal 0 0 -1
    outer loop
      vertex 57.54 94.6588 0
      vertex 56.64 94.9 0
      vertex 57.3288 94.763 0
    endloop
  endfacet
  facet normal 0 0 -1
    outer loop
      vertex 57.3288 94.763 0
      vertex 56.64 94.9 0
      vertex 57.1059 94.8387 0
    endloop
  endfacet
  facet normal 0 0 -1
    outer loop
      vertex 57.1059 94.8387 0
      vertex 56.64 94.9 0
      vertex 56.8749 94.8846 0
    endloop
  endfacet
  facet normal 0 0 -1
    outer loop
      vertex 57.9128 94.3728 0
      vertex 56.64 94.9 0
      vertex 57.7358 94.528 0
    endloop
  endfacet
  facet normal 0 0 -1
    outer loop
      vertex 11.928 88.9 0
      vertex 56.64 94.9 0
      vertex 47.712 88.9 0
    endloop
  endfacet
  facet normal 0 0 -1
    outer loop
      vertex 11.928 88.9 0
      vertex 3 94.9 0
      vertex 56.64 94.9 0
    endloop
  endfacet
  facet normal 0 0 -1
    outer loop
      vertex 1.2 93.1 0
      vertex 11.928 73.5 0
      vertex 1.2 3 0
    endloop
  endfacet
  facet normal 0 0 -1
    outer loop
      vertex 1.2 3 0
      vertex 3 1.2 0
      vertex 2.76505 1.2154 0
    endloop
  endfacet
  facet normal 0 0 -1
    outer loop
      vertex 11.928 86.7 0
      vertex 1.2 93.1 0
      vertex 11.928 88.9 0
    endloop
  endfacet
  facet normal 0 0 -1
    outer loop
      vertex 1.2 3 0
      vertex 2.76505 1.2154 0
      vertex 2.53413 1.26133 0
    endloop
  endfacet
  facet normal 0 0 -1
    outer loop
      vertex 11.928 88.9 0
      vertex 1.2 93.1 0
      vertex 3 94.9 0
    endloop
  endfacet
  facet normal 0 0 -1
    outer loop
      vertex 1.2 3 0
      vertex 2.53413 1.26133 0
      vertex 2.31117 1.33702 0
    endloop
  endfacet
  facet normal 0 0 -1
    outer loop
      vertex 3 94.9 0
      vertex 1.2 93.1 0
      vertex 2.76505 94.8846 0
    endloop
  endfacet
  facet normal 0 0 -1
    outer loop
      vertex 1.2 3 0
      vertex 2.31117 1.33702 0
      vertex 2.1 1.44115 0
    endloop
  endfacet
  facet normal 0 0 -1
    outer loop
      vertex 2.76505 94.8846 0
      vertex 1.2 93.1 0
      vertex 2.53413 94.8387 0
    endloop
  endfacet
  facet normal 0 0 -1
    outer loop
      vertex 1.2 3 0
      vertex 2.1 1.44115 0
      vertex 1.90423 1.57196 0
    endloop
  endfacet
  facet normal 0 0 -1
    outer loop
      vertex 2.53413 94.8387 0
      vertex 1.2 93.1 0
      vertex 2.31117 94.763 0
    endloop
  endfacet
  facet normal 0 0 -1
    outer loop
      vertex 1.2 3 0
      vertex 1.90423 1.57196 0
      vertex 1.72721 1.72721 0
    endloop
  endfacet
  facet normal 0 0 -1
    outer loop
      vertex 2.31117 94.763 0
      vertex 1.2 93.1 0
      vertex 2.1 94.6588 0
    endloop
  endfacet
  facet normal 0 0 -1
    outer loop
      vertex 1.2 3 0
      vertex 1.72721 1.72721 0
      vertex 1.57196 1.90423 0
    endloop
  endfacet
  facet normal 0 0 -1
    outer loop
      vertex 2.1 94.6588 0
      vertex 1.2 93.1 0
      vertex 1.90423 94.528 0
    endloop
  endfacet
  facet normal 0 0 -1
    outer loop
      vertex 1.2 3 0
      vertex 1.57196 1.90423 0
      vertex 1.44115 2.1 0
    endloop
  endfacet
  facet normal 0 0 -1
    outer loop
      vertex 1.90423 94.528 0
      vertex 1.2 93.1 0
      vertex 1.72721 94.3728 0
    endloop
  endfacet
  facet normal 0 0 -1
    outer loop
      vertex 1.2 3 0
      vertex 1.44115 2.1 0
      vertex 1.33702 2.31117 0
    endloop
  endfacet
  facet normal 0 0 -1
    outer loop
      vertex 1.72721 94.3728 0
      vertex 1.2 93.1 0
      vertex 1.57196 94.1958 0
    endloop
  endfacet
  facet normal 0 0 -1
    outer loop
      vertex 1.2 3 0
      vertex 1.33702 2.31117 0
      vertex 1.26133 2.53413 0
    endloop
  endfacet
  facet normal 0 0 -1
    outer loop
      vertex 1.57196 94.1958 0
      vertex 1.2 93.1 0
      vertex 1.44115 94 0
    endloop
  endfacet
  facet normal 0 0 -1
    outer loop
      vertex 1.2 3 0
      vertex 1.26133 2.53413 0
      vertex 1.2154 2.76505 0
    endloop
  endfacet
  facet normal 0 0 -1
    outer loop
      vertex 1.44115 94 0
      vertex 1.2 93.1 0
      vertex 1.33702 93.7888 0
    endloop
  endfacet
  facet normal 0 0 -1
    outer loop
      vertex 1.33702 93.7888 0
      vertex 1.2 93.1 0
      vertex 1.26133 93.5659 0
    endloop
  endfacet
  facet normal 0 0 -1
    outer loop
      vertex 1.26133 93.5659 0
      vertex 1.2 93.1 0
      vertex 1.2154 93.3349 0
    endloop
  endfacet
  facet normal 0 0 -1
    outer loop
      vertex 58.44 3 0
      vertex 44.73 17.9 0
      vertex 44.73 20.1 0
    endloop
  endfacet
  facet normal 0 0 -1
    outer loop
      vertex 58.44 3 0
      vertex 44.73 20.1 0
      vertex 44.73 22.3 0
    endloop
  endfacet
  facet normal 0 0 -1
    outer loop
      vertex 58.44 3 0
      vertex 44.73 22.3 0
      vertex 44.73 24.5 0
    endloop
  endfacet
  facet normal 0 0 -1
    outer loop
      vertex 58.44 3 0
      vertex 44.73 24.5 0
      vertex 44.73 26.7 0
    endloop
  endfacet
  facet normal 0 0 -1
    outer loop
      vertex 58.44 3 0
      vertex 44.73 26.7 0
      vertex 47.712 73.5 0
    endloop
  endfacet
  facet normal 0 0 -1
    outer loop
      vertex 42.1337 65.9 0
      vertex 47.712 73.5 0
      vertex 44.73 26.7 0
    endloop
  endfacet
  facet normal 0 0 -1
    outer loop
      vertex 42.535 67.9177 0
      vertex 47.712 73.5 0
      vertex 42.5624 67.5 0
    endloop
  endfacet
  facet normal 0 0 -1
    outer loop
      vertex 42.4534 68.3282 0
      vertex 47.712 73.5 0
      vertex 42.535 67.9177 0
    endloop
  endfacet
  facet normal 0 0 -1
    outer loop
      vertex 42.3188 68.7246 0
      vertex 47.712 73.5 0
      vertex 42.4534 68.3282 0
    endloop
  endfacet
  facet normal 0 0 -1
    outer loop
      vertex 42.1337 69.1 0
      vertex 47.712 73.5 0
      vertex 42.3188 68.7246 0
    endloop
  endfacet
  facet normal 0 0 -1
    outer loop
      vertex 41.9011 69.448 0
      vertex 47.712 73.5 0
      vertex 42.1337 69.1 0
    endloop
  endfacet
  facet normal 0 0 -1
    outer loop
      vertex 41.6251 69.7627 0
      vertex 47.712 73.5 0
      vertex 41.9011 69.448 0
    endloop
  endfacet
  facet normal 0 0 -1
    outer loop
      vertex 41.3104 70.0387 0
      vertex 47.712 73.5 0
      vertex 41.6251 69.7627 0
    endloop
  endfacet
  facet normal 0 0 -1
    outer loop
      vertex 40.9624 70.2713 0
      vertex 47.712 73.5 0
      vertex 41.3104 70.0387 0
    endloop
  endfacet
  facet normal 0 0 -1
    outer loop
      vertex 40.587 70.4564 0
      vertex 47.712 73.5 0
      vertex 40.9624 70.2713 0
    endloop
  endfacet
  facet normal 0 0 -1
    outer loop
      vertex 40.1906 70.591 0
      vertex 47.712 73.5 0
      vertex 40.587 70.4564 0
    endloop
  endfacet
  facet normal 0 0 -1
    outer loop
      vertex 39.7801 70.6726 0
      vertex 47.712 73.5 0
      vertex 40.1906 70.591 0
    endloop
  endfacet
  facet normal 0 0 -1
    outer loop
      vertex 39.3624 70.7 0
      vertex 47.712 73.5 0
      vertex 39.7801 70.6726 0
    endloop
  endfacet
  facet normal 0 0 -1
    outer loop
      vertex 38.9447 70.6726 0
      vertex 47.712 73.5 0
      vertex 39.3624 70.7 0
    endloop
  endfacet
  facet normal 0 0 -1
    outer loop
      vertex 38.5342 70.591 0
      vertex 47.712 73.5 0
      vertex 38.9447 70.6726 0
    endloop
  endfacet
  facet normal 0 0 -1
    outer loop
      vertex 32.5913 34.6 0
      vertex 44.73 26.7 0
      vertex 32.7764 34.2246 0
    endloop
  endfacet
  facet normal 0 0 -1
    outer loop
      vertex 32.3587 34.948 0
      vertex 44.73 26.7 0
      vertex 32.5913 34.6 0
    endloop
  endfacet
  facet normal -0 0 -1
    outer loop
      vertex 38.1378 64.5436 0
      vertex 30.2377 36.1726 0
      vertex 37.7624 64.7287 0
    endloop
  endfacet
  facet normal 0 0 -1
    outer loop
      vertex 29.82 36.2 0
      vertex 37.7624 64.7287 0
      vertex 30.2377 36.1726 0
    endloop
  endfacet
  facet normal -0 0 -1
    outer loop
      vertex 37.7624 64.7287 0
      vertex 29.82 36.2 0
      vertex 37.4144 64.9613 0
    endloop
  endfacet
  facet normal 0 0 -1
    outer loop
      vertex 29.4023 36.1726 0
      vertex 37.4144 64.9613 0
      vertex 29.82 36.2 0
    endloop
  endfacet
  facet normal 0 0 -1
    outer loop
      vertex 23.4776 67.5 0
      vertex 37.4144 64.9613 0
      vertex 29.4023 36.1726 0
    endloop
  endfacet
  facet normal 0 0 -1
    outer loop
      vertex 37.4144 64.9613 0
      vertex 23.4776 67.5 0
      vertex 37.0997 65.2373 0
    endloop
  endfacet
  facet normal 0 0 -1
    outer loop
      vertex 37.0997 65.2373 0
      vertex 23.4776 67.5 0
      vertex 36.8237 65.552 0
    endloop
  endfacet
  facet normal 0 0 -1
    outer loop
      vertex 36.5911 65.9 0
      vertex 23.4776 67.5 0
      vertex 36.406 66.2754 0
    endloop
  endfacet
  facet normal 0 0 -1
    outer loop
      vertex 36.406 66.2754 0
      vertex 23.4776 67.5 0
      vertex 36.2714 66.6718 0
    endloop
  endfacet
  facet normal 0 0 -1
    outer loop
      vertex 36.2714 66.6718 0
      vertex 23.4776 67.5 0
      vertex 36.1898 67.0823 0
    endloop
  endfacet
  facet normal 0 0 -1
    outer loop
      vertex 36.1898 67.0823 0
      vertex 23.4776 67.5 0
      vertex 36.1624 67.5 0
    endloop
  endfacet
  facet normal 0 0 -1
    outer loop
      vertex 36.1624 67.5 0
      vertex 23.4776 67.5 0
      vertex 36.1898 67.9177 0
    endloop
  endfacet
  facet normal 0 0 -1
    outer loop
      vertex 36.8237 65.552 0
      vertex 23.4776 67.5 0
      vertex 36.5911 65.9 0
    endloop
  endfacet
  facet normal 0 0 -1
    outer loop
      vertex 23.4776 67.5 0
      vertex 29.4023 36.1726 0
      vertex 28.9918 36.091 0
    endloop
  endfacet
  facet normal 0 0 -1
    outer loop
      vertex 23.4776 67.5 0
      vertex 28.9918 36.091 0
      vertex 28.5954 35.9564 0
    endloop
  endfacet
  facet normal 0 0 -1
    outer loop
      vertex 23.4776 67.5 0
      vertex 28.5954 35.9564 0
      vertex 28.22 35.7713 0
    endloop
  endfacet
  facet normal 0 0 -1
    outer loop
      vertex 23.4776 67.5 0
      vertex 28.22 35.7713 0
      vertex 27.872 35.5387 0
    endloop
  endfacet
  facet normal 0 0 -1
    outer loop
      vertex 23.4776 67.5 0
      vertex 27.872 35.5387 0
      vertex 27.5573 35.2627 0
    endloop
  endfacet
  facet normal 0 0 -1
    outer loop
      vertex 23.4776 67.5 0
      vertex 27.5573 35.2627 0
      vertex 27.2813 34.948 0
    endloop
  endfacet
  facet normal 0 0 -1
    outer loop
      vertex 23.4776 67.5 0
      vertex 27.2813 34.948 0
      vertex 27.0487 34.6 0
    endloop
  endfacet
  facet normal 0 0 -1
    outer loop
      vertex 23.4776 67.5 0
      vertex 27.0487 34.6 0
      vertex 26.8636 34.2246 0
    endloop
  endfacet
  facet normal 0 0 -1
    outer loop
      vertex 23.4776 67.5 0
      vertex 26.8636 34.2246 0
      vertex 26.729 33.8282 0
    endloop
  endfacet
  facet normal 0 0 -1
    outer loop
      vertex 23.4776 67.5 0
      vertex 26.6474 33.4177 0
      vertex 26.62 33 0
    endloop
  endfacet
  facet normal 0 0 -1
    outer loop
      vertex 23.4776 67.5 0
      vertex 26.729 33.8282 0
      vertex 26.6474 33.4177 0
    endloop
  endfacet
  facet normal 0 0 -1
    outer loop
      vertex 23.4502 67.9177 0
      vertex 36.1898 67.9177 0
      vertex 23.4776 67.5 0
    endloop
  endfacet
  facet normal 0 0 -1
    outer loop
      vertex 36.1898 67.9177 0
      vertex 23.4502 67.9177 0
      vertex 36.2714 68.3282 0
    endloop
  endfacet
  facet normal 0 0 -1
    outer loop
      vertex 23.3686 68.3282 0
      vertex 36.2714 68.3282 0
      vertex 23.4502 67.9177 0
    endloop
  endfacet
  facet normal 0 0 -1
    outer loop
      vertex 36.2714 68.3282 0
      vertex 23.3686 68.3282 0
      vertex 36.406 68.7246 0
    endloop
  endfacet
  facet normal 0 0 -1
    outer loop
      vertex 23.234 68.7246 0
      vertex 36.406 68.7246 0
      vertex 23.3686 68.3282 0
    endloop
  endfacet
  facet normal 0 0 -1
    outer loop
      vertex 36.406 68.7246 0
      vertex 23.234 68.7246 0
      vertex 36.5911 69.1 0
    endloop
  endfacet
  facet normal 0 0 -1
    outer loop
      vertex 23.0489 69.1 0
      vertex 36.5911 69.1 0
      vertex 23.234 68.7246 0
    endloop
  endfacet
  facet normal 0 0 -1
    outer loop
      vertex 36.5911 69.1 0
      vertex 23.0489 69.1 0
      vertex 36.8237 69.448 0
    endloop
  endfacet
  facet normal 0 0 -1
    outer loop
      vertex 22.8163 69.448 0
      vertex 36.8237 69.448 0
      vertex 23.0489 69.1 0
    endloop
  endfacet
  facet normal 0 0 -1
    outer loop
      vertex 36.8237 69.448 0
      vertex 22.8163 69.448 0
      vertex 37.0997 69.7627 0
    endloop
  endfacet
  facet normal 0 0 -1
    outer loop
      vertex 22.5403 69.7627 0
      vertex 37.0997 69.7627 0
      vertex 22.8163 69.448 0
    endloop
  endfacet
  facet normal 0 0 -1
    outer loop
      vertex 37.0997 69.7627 0
      vertex 22.5403 69.7627 0
      vertex 37.4144 70.0387 0
    endloop
  endfacet
  facet normal 0 0 -1
    outer loop
      vertex 22.2256 70.0387 0
      vertex 37.4144 70.0387 0
      vertex 22.5403 69.7627 0
    endloop
  endfacet
  facet normal 0 0 -1
    outer loop
      vertex 37.4144 70.0387 0
      vertex 22.2256 70.0387 0
      vertex 37.7624 70.2713 0
    endloop
  endfacet
  facet normal 0 0 -1
    outer loop
      vertex 21.8776 70.2713 0
      vertex 37.7624 70.2713 0
      vertex 22.2256 70.0387 0
    endloop
  endfacet
  facet normal 0 0 -1
    outer loop
      vertex 37.7624 70.2713 0
      vertex 21.8776 70.2713 0
      vertex 38.1378 70.4564 0
    endloop
  endfacet
  facet normal 0 0 -1
    outer loop
      vertex 21.5022 70.4564 0
      vertex 38.1378 70.4564 0
      vertex 21.8776 70.2713 0
    endloop
  endfacet
  facet normal 0 0 -1
    outer loop
      vertex 38.1378 70.4564 0
      vertex 21.5022 70.4564 0
      vertex 38.5342 70.591 0
    endloop
  endfacet
  facet normal 0 0 -1
    outer loop
      vertex 21.1058 70.591 0
      vertex 38.5342 70.591 0
      vertex 21.5022 70.4564 0
    endloop
  endfacet
  facet normal 0 0 -1
    outer loop
      vertex 38.5342 70.591 0
      vertex 21.1058 70.591 0
      vertex 47.712 73.5 0
    endloop
  endfacet
  facet normal 0 0 -1
    outer loop
      vertex 20.6953 70.6726 0
      vertex 47.712 73.5 0
      vertex 21.1058 70.591 0
    endloop
  endfacet
  facet normal 0 0 -1
    outer loop
      vertex 11.928 73.5 0
      vertex 20.6953 70.6726 0
      vertex 20.2776 70.7 0
    endloop
  endfacet
  facet normal 0 0 -1
    outer loop
      vertex 11.928 73.5 0
      vertex 20.2776 70.7 0
      vertex 19.8599 70.6726 0
    endloop
  endfacet
  facet normal 0 0 -1
    outer loop
      vertex 20.6953 70.6726 0
      vertex 11.928 73.5 0
      vertex 47.712 73.5 0
    endloop
  endfacet
  facet normal 0 0 -1
    outer loop
      vertex 19.4494 70.591 0
      vertex 11.928 73.5 0
      vertex 19.8599 70.6726 0
    endloop
  endfacet
  facet normal 0 0 -1
    outer loop
      vertex 19.053 70.4564 0
      vertex 11.928 73.5 0
      vertex 19.4494 70.591 0
    endloop
  endfacet
  facet normal 0 0 -1
    outer loop
      vertex 18.6776 70.2713 0
      vertex 11.928 73.5 0
      vertex 19.053 70.4564 0
    endloop
  endfacet
  facet normal 0 0 -1
    outer loop
      vertex 18.3296 70.0387 0
      vertex 11.928 73.5 0
      vertex 18.6776 70.2713 0
    endloop
  endfacet
  facet normal 0 0 -1
    outer loop
      vertex 18.0149 69.7627 0
      vertex 11.928 73.5 0
      vertex 18.3296 70.0387 0
    endloop
  endfacet
  facet normal 0 0 -1
    outer loop
      vertex 17.7389 69.448 0
      vertex 11.928 73.5 0
      vertex 18.0149 69.7627 0
    endloop
  endfacet
  facet normal 0 0 -1
    outer loop
      vertex 17.5063 69.1 0
      vertex 11.928 73.5 0
      vertex 17.7389 69.448 0
    endloop
  endfacet
  facet normal 0 0 -1
    outer loop
      vertex 17.3212 68.7246 0
      vertex 11.928 73.5 0
      vertex 17.5063 69.1 0
    endloop
  endfacet
  facet normal 0 0 -1
    outer loop
      vertex 17.1866 68.3282 0
      vertex 11.928 73.5 0
      vertex 17.3212 68.7246 0
    endloop
  endfacet
  facet normal 0 0 -1
    outer loop
      vertex 17.105 67.9177 0
      vertex 11.928 73.5 0
      vertex 17.1866 68.3282 0
    endloop
  endfacet
  facet normal 0 0 -1
    outer loop
      vertex 17.0776 67.5 0
      vertex 11.928 73.5 0
      vertex 17.105 67.9177 0
    endloop
  endfacet
  facet normal 0 0 -1
    outer loop
      vertex 17.105 67.0823 0
      vertex 11.928 73.5 0
      vertex 17.0776 67.5 0
    endloop
  endfacet
  facet normal 0 0 1
    outer loop
      vertex 57.0316 96.0743 15
      vertex 57.24 93.7 15
      vertex 57.4165 95.9978 15
    endloop
  endfacet
  facet normal 0 0 1
    outer loop
      vertex 56.64 96.1 15
      vertex 57.24 93.7 15
      vertex 57.0316 96.0743 15
    endloop
  endfacet
  facet normal -0 0 1
    outer loop
      vertex 3 96.1 15
      vertex 57.24 93.7 15
      vertex 56.64 96.1 15
    endloop
  endfacet
  facet normal 0 0 1
    outer loop
      vertex 2.4 93.7 15
      vertex 3 96.1 15
      vertex 2.60842 96.0743 15
    endloop
  endfacet
  facet normal 0 0 1
    outer loop
      vertex 3 96.1 15
      vertex 2.4 93.7 15
      vertex 57.24 93.7 15
    endloop
  endfacet
  facet normal -0 0 1
    outer loop
      vertex 2.22354 95.9978 15
      vertex 2.4 93.7 15
      vertex 2.60842 96.0743 15
    endloop
  endfacet
  facet normal -0 0 1
    outer loop
      vertex 1.85195 95.8716 15
      vertex 2.4 93.7 15
      vertex 2.22354 95.9978 15
    endloop
  endfacet
  facet normal -0 0 1
    outer loop
      vertex 1.5 95.6981 15
      vertex 2.4 93.7 15
      vertex 1.85195 95.8716 15
    endloop
  endfacet
  facet normal -0 0 1
    outer loop
      vertex 1.17372 95.4801 15
      vertex 2.4 93.7 15
      vertex 1.5 95.6981 15
    endloop
  endfacet
  facet normal -0 0 1
    outer loop
      vertex 0.878679 95.2213 15
      vertex 2.4 93.7 15
      vertex 1.17372 95.4801 15
    endloop
  endfacet
  facet normal -0 0 1
    outer loop
      vertex 0.61994 94.9263 15
      vertex 2.4 93.7 15
      vertex 0.878679 95.2213 15
    endloop
  endfacet
  facet normal -0 0 1
    outer loop
      vertex 0.401923 94.6 15
      vertex 2.4 93.7 15
      vertex 0.61994 94.9263 15
    endloop
  endfacet
  facet normal -0 0 1
    outer loop
      vertex 0.228361 94.248 15
      vertex 2.4 93.7 15
      vertex 0.401923 94.6 15
    endloop
  endfacet
  facet normal -0 0 1
    outer loop
      vertex 0.102222 93.8765 15
      vertex 2.4 93.7 15
      vertex 0.228361 94.248 15
    endloop
  endfacet
  facet normal 0 0 1
    outer loop
      vertex 0.0256653 93.4916 15
      vertex 2.4 93.7 15
      vertex 0.102222 93.8765 15
    endloop
  endfacet
  facet normal 0 0 1
    outer loop
      vertex 2.4 93.7 15
      vertex 0.0256653 93.4916 15
      vertex 0 93.1 15
    endloop
  endfacet
  facet normal 0 0 1
    outer loop
      vertex 2.4 93.7 15
      vertex 0 93.1 15
      vertex 2.4 14 15
    endloop
  endfacet
  facet normal 0 0 1
    outer loop
      vertex 2.4 14 15
      vertex 0 93.1 15
      vertex 0 14 15
    endloop
  endfacet
  facet normal 0 0 1
    outer loop
      vertex 57.24 93.7 15
      vertex 59.64 93.1 15
      vertex 59.6143 93.4916 15
    endloop
  endfacet
  facet normal -0 0 1
    outer loop
      vertex 57.24 93.7 15
      vertex 59.6143 93.4916 15
      vertex 59.5378 93.8765 15
    endloop
  endfacet
  facet normal 0 0 1
    outer loop
      vertex 57.24 93.7 15
      vertex 59.5378 93.8765 15
      vertex 59.4116 94.248 15
    endloop
  endfacet
  facet normal 0 0 1
    outer loop
      vertex 57.24 93.7 15
      vertex 59.4116 94.248 15
      vertex 59.2381 94.6 15
    endloop
  endfacet
  facet normal 0 0 1
    outer loop
      vertex 57.24 93.7 15
      vertex 59.2381 94.6 15
      vertex 59.0201 94.9263 15
    endloop
  endfacet
  facet normal 0 0 1
    outer loop
      vertex 57.24 93.7 15
      vertex 59.0201 94.9263 15
      vertex 58.7613 95.2213 15
    endloop
  endfacet
  facet normal 0 0 1
    outer loop
      vertex 57.24 93.7 15
      vertex 58.7613 95.2213 15
      vertex 58.4663 95.4801 15
    endloop
  endfacet
  facet normal 0 0 1
    outer loop
      vertex 57.24 93.7 15
      vertex 58.4663 95.4801 15
      vertex 58.14 95.6981 15
    endloop
  endfacet
  facet normal 0 0 1
    outer loop
      vertex 57.24 93.7 15
      vertex 58.14 95.6981 15
      vertex 57.788 95.8716 15
    endloop
  endfacet
  facet normal 0 0 1
    outer loop
      vertex 57.24 93.7 15
      vertex 57.788 95.8716 15
      vertex 57.4165 95.9978 15
    endloop
  endfacet
  facet normal 0 0 1
    outer loop
      vertex 59.64 93.1 15
      vertex 57.24 93.7 15
      vertex 57.24 56.45 15
    endloop
  endfacet
  facet normal 0 0 1
    outer loop
      vertex 59.64 93.1 15
      vertex 57.24 56.45 15
      vertex 59.64 56.45 15
    endloop
  endfacet
  facet normal -0 0 1
    outer loop
      vertex 57.24 4 15
      vertex 59.64 3 15
      vertex 59.64 7.5 15
    endloop
  endfacet
  facet normal 0 0 1
    outer loop
      vertex 59.64 3 15
      vertex 57.24 4 15
      vertex 59.6143 2.60842 15
    endloop
  endfacet
  facet normal 0 0 1
    outer loop
      vertex 59.6143 2.60842 15
      vertex 57.24 4 15
      vertex 59.5378 2.22354 15
    endloop
  endfacet
  facet normal 0 0 1
    outer loop
      vertex 59.5378 2.22354 15
      vertex 57.24 4 15
      vertex 59.4116 1.85195 15
    endloop
  endfacet
  facet normal 0 0 1
    outer loop
      vertex 59.4116 1.85195 15
      vertex 57.24 4 15
      vertex 59.2381 1.5 15
    endloop
  endfacet
  facet normal 0 0 1
    outer loop
      vertex 59.2381 1.5 15
      vertex 57.24 4 15
      vertex 59.0201 1.17372 15
    endloop
  endfacet
  facet normal 0 0 1
    outer loop
      vertex 59.0201 1.17372 15
      vertex 57.24 4 15
      vertex 58.7613 0.878679 15
    endloop
  endfacet
  facet normal 0 0 1
    outer loop
      vertex 58.7613 0.878679 15
      vertex 57.24 4 15
      vertex 58.4663 0.61994 15
    endloop
  endfacet
  facet normal 0 0 1
    outer loop
      vertex 58.4663 0.61994 15
      vertex 57.24 4 15
      vertex 58.14 0.401923 15
    endloop
  endfacet
  facet normal 0 0 1
    outer loop
      vertex 58.14 0.401923 15
      vertex 57.24 4 15
      vertex 57.788 0.228361 15
    endloop
  endfacet
  facet normal 0 0 1
    outer loop
      vertex 57.24 4 15
      vertex 59.64 7.5 15
      vertex 57.24 7.5 15
    endloop
  endfacet
  facet normal 0 0 1
    outer loop
      vertex 57.788 0.228361 15
      vertex 57.24 4 15
      vertex 57.4165 0.102222 15
    endloop
  endfacet
  facet normal 0 0 1
    outer loop
      vertex 57.24 4 15
      vertex 57.0316 0.0256653 15
      vertex 57.4165 0.102222 15
    endloop
  endfacet
  facet normal 0 0 1
    outer loop
      vertex 57.24 4 15
      vertex 56.64 0 15
      vertex 57.0316 0.0256653 15
    endloop
  endfacet
  facet normal 0 0 1
    outer loop
      vertex 57.24 4 15
      vertex 53.6356 0 15
      vertex 56.64 0 15
    endloop
  endfacet
  facet normal 0 0 1
    outer loop
      vertex 57.24 4 15
      vertex 53.6328 0.00101717 15
      vertex 53.6356 0 15
    endloop
  endfacet
  facet normal 0 0 1
    outer loop
      vertex 57.24 4 15
      vertex 53.0192 0.218444 15
      vertex 53.6328 0.00101717 15
    endloop
  endfacet
  facet normal 0 0 1
    outer loop
      vertex 57.24 4 15
      vertex 52.8442 0.256072 15
      vertex 53.0192 0.218444 15
    endloop
  endfacet
  facet normal 0 0 1
    outer loop
      vertex 57.24 4 15
      vertex 52.399 0.351813 15
      vertex 52.8442 0.256072 15
    endloop
  endfacet
  facet normal 0 0 1
    outer loop
      vertex 57.24 4 15
      vertex 52.0272 0.378622 15
      vertex 52.399 0.351813 15
    endloop
  endfacet
  facet normal 0 0 1
    outer loop
      vertex 57.24 4 15
      vertex 51.8 0.395001 15
      vertex 52.0272 0.378622 15
    endloop
  endfacet
  facet normal 0 0 1
    outer loop
      vertex 57.24 4 15
      vertex 51.5728 0.378622 15
      vertex 51.8 0.395001 15
    endloop
  endfacet
  facet normal 0 0 1
    outer loop
      vertex 57.24 4 15
      vertex 51.201 0.351813 15
      vertex 51.5728 0.378622 15
    endloop
  endfacet
  facet normal 0 0 1
    outer loop
      vertex 57.24 4 15
      vertex 50.7558 0.256072 15
      vertex 51.201 0.351813 15
    endloop
  endfacet
  facet normal 0 0 1
    outer loop
      vertex 57.24 4 15
      vertex 50.5808 0.218444 15
      vertex 50.7558 0.256072 15
    endloop
  endfacet
  facet normal 0 0 1
    outer loop
      vertex 57.24 4 15
      vertex 50.4476 0.17122 15
      vertex 50.5808 0.218444 15
    endloop
  endfacet
  facet normal 0 0 1
    outer loop
      vertex 57.24 4 15
      vertex 49.9644 0 15
      vertex 50.4476 0.17122 15
    endloop
  endfacet
  facet normal 0 0 1
    outer loop
      vertex 57.24 4 15
      vertex 20.6233 0.799999 15
      vertex 49.9644 0 15
    endloop
  endfacet
  facet normal -0 0 1
    outer loop
      vertex 3.4 4 15
      vertex 20.6233 0.799999 15
      vertex 57.24 4 15
    endloop
  endfacet
  facet normal 0 0 1
    outer loop
      vertex 17.3202 0.799999 15
      vertex 16.0695 0.799999 15
      vertex 17.3202 0 15
    endloop
  endfacet
  facet normal 0 0 1
    outer loop
      vertex 20.6233 0.799999 15
      vertex 3.4 4 15
      vertex 17.3202 0.799999 15
    endloop
  endfacet
  facet normal 0 0 1
    outer loop
      vertex 17.3202 0.799999 15
      vertex 3.4 4 15
      vertex 16.0695 0.799999 15
    endloop
  endfacet
  facet normal 0 0 1
    outer loop
      vertex 13.9305 0.799999 15
      vertex 12.6798 0.799999 15
      vertex 13.9305 0 15
    endloop
  endfacet
  facet normal 0 0 1
    outer loop
      vertex 16.0695 0.799999 15
      vertex 3.4 4 15
      vertex 13.9305 0.799999 15
    endloop
  endfacet
  facet normal 0 0 1
    outer loop
      vertex 13.9305 0.799999 15
      vertex 3.4 4 15
      vertex 12.6798 0.799999 15
    endloop
  endfacet
  facet normal 0 0 1
    outer loop
      vertex 12.6798 0.799999 15
      vertex 3.4 4 15
      vertex 9.37675 0.799999 15
    endloop
  endfacet
  facet normal 0 0 1
    outer loop
      vertex 3 0 15
      vertex 9.37675 0.799999 15
      vertex 3.4 4 15
    endloop
  endfacet
  facet normal 0 0 1
    outer loop
      vertex 9.37675 0.799999 15
      vertex 3 0 15
      vertex 9.37675 0 15
    endloop
  endfacet
  facet normal 0 0 1
    outer loop
      vertex 3.4 4 15
      vertex 2.60842 0.0256653 15
      vertex 3 0 15
    endloop
  endfacet
  facet normal 0 0 1
    outer loop
      vertex 3.4 4 15
      vertex 2.22354 0.102222 15
      vertex 2.60842 0.0256653 15
    endloop
  endfacet
  facet normal 0 0 1
    outer loop
      vertex 3.4 4 15
      vertex 1.85195 0.228361 15
      vertex 2.22354 0.102222 15
    endloop
  endfacet
  facet normal 0 0 1
    outer loop
      vertex 3.4 4 15
      vertex 1.5 0.401923 15
      vertex 1.85195 0.228361 15
    endloop
  endfacet
  facet normal 0 0 1
    outer loop
      vertex 3.4 4 15
      vertex 1.17372 0.61994 15
      vertex 1.5 0.401923 15
    endloop
  endfacet
  facet normal 0 0 1
    outer loop
      vertex 3.4 4 15
      vertex 0.878679 0.878679 15
      vertex 1.17372 0.61994 15
    endloop
  endfacet
  facet normal 0 0 1
    outer loop
      vertex 3.4 4 15
      vertex 0.61994 1.17372 15
      vertex 0.878679 0.878679 15
    endloop
  endfacet
  facet normal 0 0 1
    outer loop
      vertex 3.4 4 15
      vertex 0.401923 1.5 15
      vertex 0.61994 1.17372 15
    endloop
  endfacet
  facet normal 0 0 1
    outer loop
      vertex 3.4 4 15
      vertex 0.228361 1.85195 15
      vertex 0.401923 1.5 15
    endloop
  endfacet
  facet normal 0 0 1
    outer loop
      vertex 3.4 4 15
      vertex 0.102222 2.22354 15
      vertex 0.228361 1.85195 15
    endloop
  endfacet
  facet normal 0 0 1
    outer loop
      vertex 3.4 4 15
      vertex 0.0256653 2.60842 15
      vertex 0.102222 2.22354 15
    endloop
  endfacet
  facet normal 0 0 1
    outer loop
      vertex 0 3 15
      vertex 3.4 4 15
      vertex 0 4 15
    endloop
  endfacet
  facet normal 0 0 1
    outer loop
      vertex 3.4 4 15
      vertex 0 3 15
      vertex 0.0256653 2.60842 15
    endloop
  endfacet
  facet normal 0 0 1
    outer loop
      vertex 49.9644 0 15
      vertex 20.6233 0.799999 15
      vertex 20.6233 0 15
    endloop
  endfacet
  facet normal 0 0 1
    outer loop
      vertex 17.3202 0 15
      vertex 16.0695 0.799999 15
      vertex 16.0695 0 15
    endloop
  endfacet
  facet normal 0 0 1
    outer loop
      vertex 13.9305 0 15
      vertex 12.6798 0.799999 15
      vertex 12.6798 0 15
    endloop
  endfacet
  facet normal -0 0 1
    outer loop
      vertex 57.24 40.45 15
      vertex 59.64 15.3 15
      vertex 59.64 40.45 15
    endloop
  endfacet
  facet normal 0 0 1
    outer loop
      vertex 59.64 15.3 15
      vertex 57.24 40.45 15
      vertex 57.24 15.3 15
    endloop
  endfacet
  facet normal -0.980777 0 -0.195131
    outer loop
      vertex 55.7658 1 7.5221
      vertex 55.6637 4 8.03528
      vertex 55.7658 4 7.5221
    endloop
  endfacet
  facet normal -0.980777 -0 -0.195131
    outer loop
      vertex 55.6637 4 8.03528
      vertex 55.7658 1 7.5221
      vertex 55.6637 1 8.03528
    endloop
  endfacet
  facet normal -0.997861 0 -0.0653646
    outer loop
      vertex 55.8 1 7
      vertex 55.7658 4 7.5221
      vertex 55.8 4 7
    endloop
  endfacet
  facet normal -0.997861 -0 -0.0653646
    outer loop
      vertex 55.7658 4 7.5221
      vertex 55.8 1 7
      vertex 55.7658 1 7.5221
    endloop
  endfacet
  facet normal 0.321498 0 -0.94691
    outer loop
      vertex 50.2693 1 10.6955
      vertex 50.7647 4 10.8637
      vertex 50.7647 1 10.8637
    endloop
  endfacet
  facet normal 0.321498 0 -0.94691
    outer loop
      vertex 50.7647 4 10.8637
      vertex 50.2693 1 10.6955
      vertex 50.2693 4 10.6955
    endloop
  endfacet
  facet normal -0.831462 0 -0.555582
    outer loop
      vertex 55.2641 1 9
      vertex 54.9734 4 9.43505
      vertex 55.2641 4 9
    endloop
  endfacet
  facet normal -0.831462 -0 -0.555582
    outer loop
      vertex 54.9734 4 9.43505
      vertex 55.2641 1 9
      vertex 54.9734 1 9.43505
    endloop
  endfacet
  facet normal -0.751826 0 0.659362
    outer loop
      vertex 54.6284 1 4.17157
      vertex 54.9734 4 4.56495
      vertex 54.6284 4 4.17157
    endloop
  endfacet
  facet normal -0.751826 0 0.659362
    outer loop
      vertex 54.9734 4 4.56495
      vertex 54.6284 1 4.17157
      vertex 54.9734 1 4.56495
    endloop
  endfacet
  facet normal -0.94692 0 0.321469
    outer loop
      vertex 55.4955 1 5.46927
      vertex 55.6637 4 5.96472
      vertex 55.4955 4 5.46927
    endloop
  endfacet
  facet normal -0.94692 0 0.321469
    outer loop
      vertex 55.6637 4 5.96472
      vertex 55.4955 1 5.46927
      vertex 55.6637 1 5.96472
    endloop
  endfacet
  facet normal 0.555626 0 -0.831432
    outer loop
      vertex 49.365 1 10.1734
      vertex 49.8 4 10.4641
      vertex 49.8 1 10.4641
    endloop
  endfacet
  facet normal 0.555626 0 -0.831432
    outer loop
      vertex 49.8 4 10.4641
      vertex 49.365 1 10.1734
      vertex 49.365 4 10.1734
    endloop
  endfacet
  facet normal 0.0654027 0 0.997859
    outer loop
      vertex 51.2779 4 3.03422
      vertex 51.8 1 3
      vertex 51.8 4 3
    endloop
  endfacet
  facet normal 0.0654027 0 0.997859
    outer loop
      vertex 51.8 1 3
      vertex 51.2779 4 3.03422
      vertex 51.2779 1 3.03422
    endloop
  endfacet
  facet normal -0.555626 0 -0.831432
    outer loop
      vertex 53.8 1 10.4641
      vertex 54.235 4 10.1734
      vertex 54.235 1 10.1734
    endloop
  endfacet
  facet normal -0.555626 0 -0.831432
    outer loop
      vertex 54.235 4 10.1734
      vertex 53.8 1 10.4641
      vertex 53.8 4 10.4641
    endloop
  endfacet
  facet normal 0.751826 0 -0.659362
    outer loop
      vertex 48.9716 1 9.82843
      vertex 48.6266 4 9.43505
      vertex 48.9716 4 9.82843
    endloop
  endfacet
  facet normal 0.751826 0 -0.659362
    outer loop
      vertex 48.6266 4 9.43505
      vertex 48.9716 1 9.82843
      vertex 48.6266 1 9.43505
    endloop
  endfacet
  facet normal 0.980776 -0 0.195135
    outer loop
      vertex 47.8342 1 6.47789
      vertex 47.9363 4 5.96472
      vertex 47.8342 4 6.47789
    endloop
  endfacet
  facet normal 0.980776 0 0.195135
    outer loop
      vertex 47.9363 4 5.96472
      vertex 47.8342 1 6.47789
      vertex 47.9363 1 5.96472
    endloop
  endfacet
  facet normal -0.195087 0 0.980786
    outer loop
      vertex 52.3221 4 3.03422
      vertex 52.8353 1 3.1363
      vertex 52.8353 4 3.1363
    endloop
  endfacet
  facet normal -0.195087 0 0.980786
    outer loop
      vertex 52.8353 1 3.1363
      vertex 52.3221 4 3.03422
      vertex 52.3221 1 3.03422
    endloop
  endfacet
  facet normal 0.831462 0 -0.555582
    outer loop
      vertex 48.6266 1 9.43505
      vertex 48.3359 4 9
      vertex 48.6266 4 9.43505
    endloop
  endfacet
  facet normal 0.831462 0 -0.555582
    outer loop
      vertex 48.3359 4 9
      vertex 48.6266 1 9.43505
      vertex 48.3359 1 9
    endloop
  endfacet
  facet normal -0.555613 0 0.831441
    outer loop
      vertex 53.8 4 3.5359
      vertex 54.235 1 3.82659
      vertex 54.235 4 3.82659
    endloop
  endfacet
  facet normal -0.555613 0 0.831441
    outer loop
      vertex 54.235 1 3.82659
      vertex 53.8 4 3.5359
      vertex 53.8 1 3.5359
    endloop
  endfacet
  facet normal -0.442268 0 0.896883
    outer loop
      vertex 53.3307 4 3.30448
      vertex 53.8 1 3.5359
      vertex 53.8 4 3.5359
    endloop
  endfacet
  facet normal -0.442268 0 0.896883
    outer loop
      vertex 53.8 1 3.5359
      vertex 53.3307 4 3.30448
      vertex 53.3307 1 3.30448
    endloop
  endfacet
  facet normal -0.896887 0 0.44226
    outer loop
      vertex 55.2641 1 5
      vertex 55.4955 4 5.46927
      vertex 55.2641 4 5
    endloop
  endfacet
  facet normal -0.896887 0 0.44226
    outer loop
      vertex 55.4955 4 5.46927
      vertex 55.2641 1 5
      vertex 55.4955 1 5.46927
    endloop
  endfacet
  facet normal 0.831462 -0 0.555582
    outer loop
      vertex 48.3359 1 5
      vertex 48.6266 4 4.56495
      vertex 48.3359 4 5
    endloop
  endfacet
  facet normal 0.831462 0 0.555582
    outer loop
      vertex 48.6266 4 4.56495
      vertex 48.3359 1 5
      vertex 48.6266 1 4.56495
    endloop
  endfacet
  facet normal 0.896887 -0 0.44226
    outer loop
      vertex 48.1045 1 5.46927
      vertex 48.3359 4 5
      vertex 48.1045 4 5.46927
    endloop
  endfacet
  facet normal 0.896887 0 0.44226
    outer loop
      vertex 48.3359 4 5
      vertex 48.1045 1 5.46927
      vertex 48.3359 1 5
    endloop
  endfacet
  facet normal 0.442238 0 -0.896898
    outer loop
      vertex 49.8 1 10.4641
      vertex 50.2693 4 10.6955
      vertex 50.2693 1 10.6955
    endloop
  endfacet
  facet normal 0.442238 0 -0.896898
    outer loop
      vertex 50.2693 4 10.6955
      vertex 49.8 1 10.4641
      vertex 49.8 4 10.4641
    endloop
  endfacet
  facet normal -0.94692 0 -0.321469
    outer loop
      vertex 55.6637 1 8.03528
      vertex 55.4955 4 8.53073
      vertex 55.6637 4 8.03528
    endloop
  endfacet
  facet normal -0.94692 -0 -0.321469
    outer loop
      vertex 55.4955 4 8.53073
      vertex 55.6637 1 8.03528
      vertex 55.4955 1 8.53073
    endloop
  endfacet
  facet normal -0.442238 0 -0.896898
    outer loop
      vertex 53.3307 1 10.6955
      vertex 53.8 4 10.4641
      vertex 53.8 1 10.4641
    endloop
  endfacet
  facet normal -0.442238 0 -0.896898
    outer loop
      vertex 53.8 4 10.4641
      vertex 53.3307 1 10.6955
      vertex 53.3307 4 10.6955
    endloop
  endfacet
  facet normal -0.659321 0 0.751861
    outer loop
      vertex 54.235 4 3.82659
      vertex 54.6284 1 4.17157
      vertex 54.6284 4 4.17157
    endloop
  endfacet
  facet normal -0.659321 0 0.751861
    outer loop
      vertex 54.6284 1 4.17157
      vertex 54.235 4 3.82659
      vertex 54.235 1 3.82659
    endloop
  endfacet
  facet normal 0.442268 0 0.896883
    outer loop
      vertex 49.8 4 3.5359
      vertex 50.2693 1 3.30448
      vertex 50.2693 4 3.30448
    endloop
  endfacet
  facet normal 0.442268 0 0.896883
    outer loop
      vertex 50.2693 1 3.30448
      vertex 49.8 4 3.5359
      vertex 49.8 1 3.5359
    endloop
  endfacet
  facet normal 0.980777 0 -0.195131
    outer loop
      vertex 47.9363 1 8.03528
      vertex 47.8342 4 7.5221
      vertex 47.9363 4 8.03528
    endloop
  endfacet
  facet normal 0.980777 0 -0.195131
    outer loop
      vertex 47.8342 4 7.5221
      vertex 47.9363 1 8.03528
      vertex 47.8342 1 7.5221
    endloop
  endfacet
  facet normal -0.980776 0 0.195135
    outer loop
      vertex 55.6637 1 5.96472
      vertex 55.7658 4 6.47789
      vertex 55.6637 4 5.96472
    endloop
  endfacet
  facet normal -0.980776 0 0.195135
    outer loop
      vertex 55.7658 4 6.47789
      vertex 55.6637 1 5.96472
      vertex 55.7658 1 6.47789
    endloop
  endfacet
  facet normal -0.831462 0 0.555582
    outer loop
      vertex 54.9734 1 4.56495
      vertex 55.2641 4 5
      vertex 54.9734 4 4.56495
    endloop
  endfacet
  facet normal -0.831462 0 0.555582
    outer loop
      vertex 55.2641 4 5
      vertex 54.9734 1 4.56495
      vertex 55.2641 1 5
    endloop
  endfacet
  facet normal -0.997862 0 0.0653634
    outer loop
      vertex 55.7658 1 6.47789
      vertex 55.8 4 7
      vertex 55.7658 4 6.47789
    endloop
  endfacet
  facet normal -0.997862 0 0.0653634
    outer loop
      vertex 55.8 4 7
      vertex 55.7658 1 6.47789
      vertex 55.8 1 7
    endloop
  endfacet
  facet normal -0.321498 0 -0.94691
    outer loop
      vertex 52.8353 1 10.8637
      vertex 53.3307 4 10.6955
      vertex 53.3307 1 10.6955
    endloop
  endfacet
  facet normal -0.321498 0 -0.94691
    outer loop
      vertex 53.3307 4 10.6955
      vertex 52.8353 1 10.8637
      vertex 52.8353 4 10.8637
    endloop
  endfacet
  facet normal 0.195124 0 -0.980779
    outer loop
      vertex 50.7647 1 10.8637
      vertex 51.2779 4 10.9658
      vertex 51.2779 1 10.9658
    endloop
  endfacet
  facet normal 0.195124 0 -0.980779
    outer loop
      vertex 51.2779 4 10.9658
      vertex 50.7647 1 10.8637
      vertex 50.7647 4 10.8637
    endloop
  endfacet
  facet normal 0.659321 0 0.751861
    outer loop
      vertex 48.9716 4 4.17157
      vertex 49.365 1 3.82659
      vertex 49.365 4 3.82659
    endloop
  endfacet
  facet normal 0.659321 0 0.751861
    outer loop
      vertex 49.365 1 3.82659
      vertex 48.9716 4 4.17157
      vertex 48.9716 1 4.17157
    endloop
  endfacet
  facet normal 0.997861 0 -0.0653646
    outer loop
      vertex 47.8342 1 7.5221
      vertex 47.8 4 7
      vertex 47.8342 4 7.5221
    endloop
  endfacet
  facet normal 0.997861 0 -0.0653646
    outer loop
      vertex 47.8 4 7
      vertex 47.8342 1 7.5221
      vertex 47.8 1 7
    endloop
  endfacet
  facet normal -0.659311 0 -0.751871
    outer loop
      vertex 54.235 1 10.1734
      vertex 54.6284 4 9.82843
      vertex 54.6284 1 9.82843
    endloop
  endfacet
  facet normal -0.659311 0 -0.751871
    outer loop
      vertex 54.6284 4 9.82843
      vertex 54.235 1 10.1734
      vertex 54.235 4 10.1734
    endloop
  endfacet
  facet normal 0.896887 0 -0.44226
    outer loop
      vertex 48.3359 1 9
      vertex 48.1045 4 8.53073
      vertex 48.3359 4 9
    endloop
  endfacet
  facet normal 0.896887 0 -0.44226
    outer loop
      vertex 48.1045 4 8.53073
      vertex 48.3359 1 9
      vertex 48.1045 1 8.53073
    endloop
  endfacet
  facet normal -0.321464 0 0.946922
    outer loop
      vertex 52.8353 4 3.1363
      vertex 53.3307 1 3.30448
      vertex 53.3307 4 3.30448
    endloop
  endfacet
  facet normal -0.321464 0 0.946922
    outer loop
      vertex 53.3307 1 3.30448
      vertex 52.8353 4 3.1363
      vertex 52.8353 1 3.1363
    endloop
  endfacet
  facet normal 0.0653646 0 -0.997861
    outer loop
      vertex 51.2779 1 10.9658
      vertex 51.8 4 11
      vertex 51.8 1 11
    endloop
  endfacet
  facet normal 0.0653646 0 -0.997861
    outer loop
      vertex 51.8 4 11
      vertex 51.2779 1 10.9658
      vertex 51.2779 4 10.9658
    endloop
  endfacet
  facet normal -0.195124 0 -0.980779
    outer loop
      vertex 52.3221 1 10.9658
      vertex 52.8353 4 10.8637
      vertex 52.8353 1 10.8637
    endloop
  endfacet
  facet normal -0.195124 0 -0.980779
    outer loop
      vertex 52.8353 4 10.8637
      vertex 52.3221 1 10.9658
      vertex 52.3221 4 10.9658
    endloop
  endfacet
  facet normal 0.321464 0 0.946922
    outer loop
      vertex 50.2693 4 3.30448
      vertex 50.7647 1 3.1363
      vertex 50.7647 4 3.1363
    endloop
  endfacet
  facet normal 0.321464 0 0.946922
    outer loop
      vertex 50.7647 1 3.1363
      vertex 50.2693 4 3.30448
      vertex 50.2693 1 3.30448
    endloop
  endfacet
  facet normal 0.94692 -0 0.321469
    outer loop
      vertex 47.9363 1 5.96472
      vertex 48.1045 4 5.46927
      vertex 47.9363 4 5.96472
    endloop
  endfacet
  facet normal 0.94692 0 0.321469
    outer loop
      vertex 48.1045 4 5.46927
      vertex 47.9363 1 5.96472
      vertex 48.1045 1 5.46927
    endloop
  endfacet
  facet normal 0.659311 0 -0.751871
    outer loop
      vertex 48.9716 1 9.82843
      vertex 49.365 4 10.1734
      vertex 49.365 1 10.1734
    endloop
  endfacet
  facet normal 0.659311 0 -0.751871
    outer loop
      vertex 49.365 4 10.1734
      vertex 48.9716 1 9.82843
      vertex 48.9716 4 9.82843
    endloop
  endfacet
  facet normal -0.0653646 0 -0.997861
    outer loop
      vertex 51.8 1 11
      vertex 52.3221 4 10.9658
      vertex 52.3221 1 10.9658
    endloop
  endfacet
  facet normal -0.0653646 0 -0.997861
    outer loop
      vertex 52.3221 4 10.9658
      vertex 51.8 1 11
      vertex 51.8 4 11
    endloop
  endfacet
  facet normal -0.896887 0 -0.44226
    outer loop
      vertex 55.4955 1 8.53073
      vertex 55.2641 4 9
      vertex 55.4955 4 8.53073
    endloop
  endfacet
  facet normal -0.896887 -0 -0.44226
    outer loop
      vertex 55.2641 4 9
      vertex 55.4955 1 8.53073
      vertex 55.2641 1 9
    endloop
  endfacet
  facet normal 0.195087 0 0.980786
    outer loop
      vertex 50.7647 4 3.1363
      vertex 51.2779 1 3.03422
      vertex 51.2779 4 3.03422
    endloop
  endfacet
  facet normal 0.195087 0 0.980786
    outer loop
      vertex 51.2779 1 3.03422
      vertex 50.7647 4 3.1363
      vertex 50.7647 1 3.1363
    endloop
  endfacet
  facet normal 0.555613 0 0.831441
    outer loop
      vertex 49.365 4 3.82659
      vertex 49.8 1 3.5359
      vertex 49.8 4 3.5359
    endloop
  endfacet
  facet normal 0.555613 0 0.831441
    outer loop
      vertex 49.8 1 3.5359
      vertex 49.365 4 3.82659
      vertex 49.365 1 3.82659
    endloop
  endfacet
  facet normal 0.997862 -0 0.0653634
    outer loop
      vertex 47.8 1 7
      vertex 47.8342 4 6.47789
      vertex 47.8 4 7
    endloop
  endfacet
  facet normal 0.997862 0 0.0653634
    outer loop
      vertex 47.8342 4 6.47789
      vertex 47.8 1 7
      vertex 47.8342 1 6.47789
    endloop
  endfacet
  facet normal -0.751826 0 -0.659362
    outer loop
      vertex 54.9734 1 9.43505
      vertex 54.6284 4 9.82843
      vertex 54.9734 4 9.43505
    endloop
  endfacet
  facet normal -0.751826 -0 -0.659362
    outer loop
      vertex 54.6284 4 9.82843
      vertex 54.9734 1 9.43505
      vertex 54.6284 1 9.82843
    endloop
  endfacet
  facet normal 0.751826 -0 0.659362
    outer loop
      vertex 48.6266 1 4.56495
      vertex 48.9716 4 4.17157
      vertex 48.6266 4 4.56495
    endloop
  endfacet
  facet normal 0.751826 0 0.659362
    outer loop
      vertex 48.9716 4 4.17157
      vertex 48.6266 1 4.56495
      vertex 48.9716 1 4.17157
    endloop
  endfacet
  facet normal -0.0654027 0 0.997859
    outer loop
      vertex 51.8 4 3
      vertex 52.3221 1 3.03422
      vertex 52.3221 4 3.03422
    endloop
  endfacet
  facet normal -0.0654027 0 0.997859
    outer loop
      vertex 52.3221 1 3.03422
      vertex 51.8 4 3
      vertex 51.8 1 3
    endloop
  endfacet
  facet normal 0.94692 0 -0.321469
    outer loop
      vertex 48.1045 1 8.53073
      vertex 47.9363 4 8.03528
      vertex 48.1045 4 8.53073
    endloop
  endfacet
  facet normal 0.94692 0 -0.321469
    outer loop
      vertex 47.9363 4 8.03528
      vertex 48.1045 1 8.53073
      vertex 47.9363 1 8.03528
    endloop
  endfacet
  facet normal -0.144513 -0.67188 -0.726425
    outer loop
      vertex 53.0239 0 11.7511
      vertex 52.4408 0 11.8671
      vertex 52.3221 1 10.9658
    endloop
  endfacet
  facet normal -0.664519 -0.671868 -0.327119
    outer loop
      vertex 55.2641 1 9
      vertex 56.0724 0 9.41189
      vertex 56.0514 0 9.45455
    endloop
  endfacet
  facet normal -0.664295 -0.671872 -0.327568
    outer loop
      vertex 56.0724 0 9.41189
      vertex 55.2641 1 9
      vertex 55.4955 1 8.53073
    endloop
  endfacet
  facet normal 0.0482344 -0.671894 -0.739075
    outer loop
      vertex 51.7525 0 11.906
      vertex 51.8 1 11
      vertex 51.8 0 11.9091
    endloop
  endfacet
  facet normal 0.0484122 -0.671892 -0.739065
    outer loop
      vertex 51.8 1 11
      vertex 51.7525 0 11.906
      vertex 51.2779 1 10.9658
    endloop
  endfacet
  facet normal -0.739075 -0.671882 -0.0484022
    outer loop
      vertex 56.7052 0.0042738 7
      vertex 56.6686 0.00187289 7.59219
      vertex 55.8 1 7
    endloop
  endfacet
  facet normal -0.739071 -0.671885 -0.0484126
    outer loop
      vertex 56.6686 0.00187289 7.59219
      vertex 55.7658 1 7.5221
      vertex 55.8 1 7
    endloop
  endfacet
  facet normal -0.739061 -0.671886 -0.0485525
    outer loop
      vertex 55.7658 1 7.5221
      vertex 56.6686 0.00187289 7.59219
      vertex 56.6656 0.00167675 7.64057
    endloop
  endfacet
  facet normal -0.70129 -0.671893 0.238227
    outer loop
      vertex 56.3507 0 5.16641
      vertex 55.4955 1 5.46927
      vertex 56.3354 0 5.12137
    endloop
  endfacet
  facet normal -0.701336 -0.671892 0.238096
    outer loop
      vertex 55.4955 1 5.46927
      vertex 56.3507 0 5.16641
      vertex 55.6637 1 5.96472
    endloop
  endfacet
  facet normal 0.0484577 -0.671879 -0.739074
    outer loop
      vertex 51.2779 1 10.9658
      vertex 51.7525 0 11.906
      vertex 51.1592 0 11.8671
    endloop
  endfacet
  facet normal -0.0484409 -0.671884 0.739071
    outer loop
      vertex 51.8 1 3
      vertex 51.8475 0 2.09402
      vertex 52.3221 1 3.03422
    endloop
  endfacet
  facet normal -0.0483899 -0.671884 0.739074
    outer loop
      vertex 51.8475 0 2.09402
      vertex 51.8 1 3
      vertex 51.8 0 2.09091
    endloop
  endfacet
  facet normal 0.0483899 -0.671884 0.739074
    outer loop
      vertex 51.8 1 3
      vertex 51.7525 0 2.09402
      vertex 51.8 0 2.09091
    endloop
  endfacet
  facet normal 0.0484409 -0.671884 0.739071
    outer loop
      vertex 51.7525 0 2.09402
      vertex 51.8 1 3
      vertex 51.2779 1 3.03422
    endloop
  endfacet
  facet normal -0.488326 -0.671891 0.556866
    outer loop
      vertex 55.2355 0 3.49739
      vertex 54.6284 1 4.17157
      vertex 54.235 1 3.82659
    endloop
  endfacet
  facet normal -0.488031 -0.671888 0.557128
    outer loop
      vertex 54.6284 1 4.17157
      vertex 55.2355 0 3.49739
      vertex 55.2713 0 3.52875
    endloop
  endfacet
  facet normal 0.726417 -0.671886 0.144527
    outer loop
      vertex 47.0489 0 5.77608
      vertex 47.9363 1 5.96472
      vertex 47.8342 1 6.47789
    endloop
  endfacet
  facet normal 0.72636 -0.671888 0.144805
    outer loop
      vertex 47.9363 1 5.96472
      vertex 47.0489 0 5.77608
      vertex 47.0582 0 5.72943
    endloop
  endfacet
  facet normal 0.327982 -0.671891 0.664071
    outer loop
      vertex 49.3881 0 2.72756
      vertex 49.8 1 3.5359
      vertex 49.3455 0 2.7486
    endloop
  endfacet
  facet normal 0.327567 -0.671888 0.664279
    outer loop
      vertex 49.8 1 3.5359
      vertex 49.3881 0 2.72756
      vertex 50.2693 1 3.30448
    endloop
  endfacet
  facet normal -0.615847 -0.671886 0.411462
    outer loop
      vertex 55.7211 0 4.05108
      vertex 56.0514 0 4.54545
      vertex 55.2641 1 5
    endloop
  endfacet
  facet normal -0.66426 -0.671887 0.327608
    outer loop
      vertex 56.0724 0 4.58811
      vertex 56.3354 0 5.12137
      vertex 55.4955 1 5.46927
    endloop
  endfacet
  facet normal 0.238451 -0.671776 -0.701326
    outer loop
      vertex 50.2693 1 10.6955
      vertex 50.5294 0 11.7418
      vertex 50.4844 0 11.7265
    endloop
  endfacet
  facet normal 0.238122 -0.671877 -0.701341
    outer loop
      vertex 50.5294 0 11.7418
      vertex 50.2693 1 10.6955
      vertex 50.7647 1 10.8637
    endloop
  endfacet
  facet normal 0.327559 -0.671885 0.664286
    outer loop
      vertex 49.9214 0 2.46459
      vertex 50.2693 1 3.30448
      vertex 49.3881 0 2.72756
    endloop
  endfacet
  facet normal 0.556883 -0.671875 -0.48833
    outer loop
      vertex 48.6266 1 9.43505
      vertex 48.2974 0 10.4355
      vertex 47.9054 0 9.98847
    endloop
  endfacet
  facet normal -0.739072 -0.671885 0.0484117
    outer loop
      vertex 55.7658 1 6.47789
      vertex 56.6686 0.00187289 6.40781
      vertex 55.8 1 7
    endloop
  endfacet
  facet normal -0.739062 -0.671886 0.0485525
    outer loop
      vertex 56.6686 0.00187289 6.40781
      vertex 55.7658 1 6.47789
      vertex 56.6656 0.00167675 6.35943
    endloop
  endfacet
  facet normal 0.327488 -0.671873 -0.664333
    outer loop
      vertex 49.8 1 10.4641
      vertex 49.3881 0 11.2724
      vertex 49.3455 0 11.2514
    endloop
  endfacet
  facet normal 0.327551 -0.671873 -0.664302
    outer loop
      vertex 49.3881 0 11.2724
      vertex 49.8 1 10.4641
      vertex 50.2693 1 10.6955
    endloop
  endfacet
  facet normal -0.739075 -0.671882 0.0484022
    outer loop
      vertex 56.6686 0.00187289 6.40781
      vertex 56.7052 0.0042738 7
      vertex 55.8 1 7
    endloop
  endfacet
  facet normal -0.144358 -0.671882 0.726454
    outer loop
      vertex 52.8353 1 3.1363
      vertex 53.0239 0 2.2489
      vertex 53.0706 0 2.25818
    endloop
  endfacet
  facet normal -0.144493 -0.671882 0.726427
    outer loop
      vertex 53.0239 0 2.2489
      vertex 52.8353 1 3.1363
      vertex 52.3221 1 3.03422
    endloop
  endfacet
  facet normal 0.701355 -0.671887 -0.238054
    outer loop
      vertex 48.1045 1 8.53073
      vertex 47.2646 0 8.87863
      vertex 47.0735 0 8.31561
    endloop
  endfacet
  facet normal 0.615847 -0.671886 -0.411462
    outer loop
      vertex 48.3359 1 9
      vertex 47.8789 0 9.94892
      vertex 47.5486 0 9.45455
    endloop
  endfacet
  facet normal -0.238278 -0.671891 0.701275
    outer loop
      vertex 53.3307 1 3.30448
      vertex 53.6336 0 2.4493
      vertex 53.6786 0 2.46459
    endloop
  endfacet
  facet normal -0.238093 -0.671889 0.701339
    outer loop
      vertex 53.6336 0 2.4493
      vertex 53.3307 1 3.30448
      vertex 52.8353 1 3.1363
    endloop
  endfacet
  facet normal 0.739075 -0.671878 0.048457
    outer loop
      vertex 46.9329 0 6.35923
      vertex 47.8342 1 6.47789
      vertex 46.894 0 6.95254
    endloop
  endfacet
  facet normal 0.410835 -0.671899 -0.616252
    outer loop
      vertex 49.3059 0 11.225
      vertex 49.8 1 10.4641
      vertex 49.3455 0 11.2514
    endloop
  endfacet
  facet normal 0.411523 -0.671894 -0.615798
    outer loop
      vertex 49.8 1 10.4641
      vertex 49.3059 0 11.225
      vertex 49.365 1 10.1734
    endloop
  endfacet
  facet normal -0.238084 -0.671886 0.701345
    outer loop
      vertex 53.0706 0 2.25818
      vertex 53.6336 0 2.4493
      vertex 52.8353 1 3.1363
    endloop
  endfacet
  facet normal -0.701362 -0.671878 0.238056
    outer loop
      vertex 56.3507 0 5.16641
      vertex 56.5418 0 5.72943
      vertex 55.6637 1 5.96472
    endloop
  endfacet
  facet normal 0.701355 -0.671887 0.238054
    outer loop
      vertex 47.2646 0 5.12137
      vertex 48.1045 1 5.46927
      vertex 47.0735 0 5.68439
    endloop
  endfacet
  facet normal -0.327559 -0.671885 0.664286
    outer loop
      vertex 53.6786 0 2.46459
      vertex 54.2119 0 2.72756
      vertex 53.3307 1 3.30448
    endloop
  endfacet
  facet normal -0.556857 -0.671904 0.488318
    outer loop
      vertex 55.2713 0 3.52875
      vertex 55.6633 0 3.97577
      vertex 54.6284 1 4.17157
    endloop
  endfacet
  facet normal 0.488031 -0.671888 0.557128
    outer loop
      vertex 48.3645 0 3.49739
      vertex 48.9716 1 4.17157
      vertex 48.3287 0 3.52875
    endloop
  endfacet
  facet normal 0.488326 -0.671891 0.556866
    outer loop
      vertex 48.9716 1 4.17157
      vertex 48.3645 0 3.49739
      vertex 49.365 1 3.82659
    endloop
  endfacet
  facet normal 0.72643 -0.671878 0.144501
    outer loop
      vertex 47.0489 0 5.77608
      vertex 47.8342 1 6.47789
      vertex 46.9329 0 6.35923
    endloop
  endfacet
  facet normal 0.488352 -0.671904 0.556828
    outer loop
      vertex 48.8115 0 3.10536
      vertex 49.365 1 3.82659
      vertex 48.3645 0 3.49739
    endloop
  endfacet
  facet normal 0.488336 -0.671896 -0.556852
    outer loop
      vertex 49.365 1 10.1734
      vertex 48.8115 0 10.8946
      vertex 48.3645 0 10.5026
    endloop
  endfacet
  facet normal 0.1445 -0.671885 0.726423
    outer loop
      vertex 51.1592 0 2.13291
      vertex 51.2779 1 3.03422
      vertex 50.5761 0 2.2489
    endloop
  endfacet
  facet normal 0.238094 -0.671886 0.701342
    outer loop
      vertex 50.2693 1 3.30448
      vertex 50.5294 0 2.25818
      vertex 50.7647 1 3.1363
    endloop
  endfacet
  facet normal 0.238297 -0.671823 0.701333
    outer loop
      vertex 50.5294 0 2.25818
      vertex 50.2693 1 3.30448
      vertex 50.4844 0 2.27347
    endloop
  endfacet
  facet normal 0.411463 -0.671901 0.615831
    outer loop
      vertex 49.3059 0 2.77503
      vertex 49.365 1 3.82659
      vertex 48.8115 0 3.10536
    endloop
  endfacet
  facet normal -0.488336 -0.671896 -0.556852
    outer loop
      vertex 55.2355 0 10.5026
      vertex 54.7885 0 10.8946
      vertex 54.235 1 10.1734
    endloop
  endfacet
  facet normal 0.66449 -0.671905 0.327105
    outer loop
      vertex 47.2856 0 5.07871
      vertex 48.1045 1 5.46927
      vertex 47.2646 0 5.12137
    endloop
  endfacet
  facet normal 0.664271 -0.671901 0.327556
    outer loop
      vertex 48.1045 1 5.46927
      vertex 47.2856 0 5.07871
      vertex 48.3359 1 5
    endloop
  endfacet
  facet normal 0.556843 -0.671887 0.488359
    outer loop
      vertex 48.2974 0 3.56451
      vertex 48.9716 1 4.17157
      vertex 48.6266 1 4.56495
    endloop
  endfacet
  facet normal 0.557325 -0.671882 0.487815
    outer loop
      vertex 48.9716 1 4.17157
      vertex 48.2974 0 3.56451
      vertex 48.3287 0 3.52875
    endloop
  endfacet
  facet normal -0.556839 -0.671892 0.488356
    outer loop
      vertex 55.6633 0 3.97577
      vertex 54.9734 1 4.56495
      vertex 54.6284 1 4.17157
    endloop
  endfacet
  facet normal -0.557315 -0.671897 0.487806
    outer loop
      vertex 54.9734 1 4.56495
      vertex 55.6633 0 3.97577
      vertex 55.6946 0 4.01153
    endloop
  endfacet
  facet normal 0.144513 -0.67188 -0.726425
    outer loop
      vertex 51.2779 1 10.9658
      vertex 51.1592 0 11.8671
      vertex 50.5761 0 11.7511
    endloop
  endfacet
  facet normal -0.556893 -0.671915 -0.488262
    outer loop
      vertex 55.6633 0 10.0242
      vertex 55.2713 0 10.4713
      vertex 54.6284 1 9.82843
    endloop
  endfacet
  facet normal -0.726435 -0.671865 0.144531
    outer loop
      vertex 56.6567 0.00109617 6.3122
      vertex 55.7658 1 6.47789
      vertex 55.6637 1 5.96472
    endloop
  endfacet
  facet normal -0.72632 -0.671861 0.145126
    outer loop
      vertex 55.7658 1 6.47789
      vertex 56.6567 0.00109617 6.3122
      vertex 56.6656 0.00167675 6.35943
    endloop
  endfacet
  facet normal 0.701342 -0.671832 -0.238245
    outer loop
      vertex 47.0582 0 8.27057
      vertex 48.1045 1 8.53073
      vertex 47.0735 0 8.31561
    endloop
  endfacet
  facet normal 0.701349 -0.671877 -0.2381
    outer loop
      vertex 48.1045 1 8.53073
      vertex 47.0582 0 8.27057
      vertex 47.9363 1 8.03528
    endloop
  endfacet
  facet normal -0.615847 -0.671886 -0.411462
    outer loop
      vertex 56.0514 0 9.45455
      vertex 55.7211 0 9.94892
      vertex 55.2641 1 9
    endloop
  endfacet
  facet normal 0.739074 -0.671892 0.048275
    outer loop
      vertex 46.894 0 6.95254
      vertex 47.8 1 7
      vertex 46.8909 0 7
    endloop
  endfacet
  facet normal 0.739066 -0.671891 0.0484114
    outer loop
      vertex 47.8 1 7
      vertex 46.894 0 6.95254
      vertex 47.8342 1 6.47789
    endloop
  endfacet
  facet normal 0.557595 -0.671881 -0.487507
    outer loop
      vertex 48.2974 0 10.4355
      vertex 48.9716 1 9.82843
      vertex 48.3287 0 10.4713
    endloop
  endfacet
  facet normal 0.556841 -0.671889 -0.488358
    outer loop
      vertex 48.9716 1 9.82843
      vertex 48.2974 0 10.4355
      vertex 48.6266 1 9.43505
    endloop
  endfacet
  facet normal -0.615817 -0.671898 0.411488
    outer loop
      vertex 54.9734 1 4.56495
      vertex 55.7211 0 4.05108
      vertex 55.2641 1 5
    endloop
  endfacet
  facet normal -0.615289 -0.671904 0.412267
    outer loop
      vertex 55.7211 0 4.05108
      vertex 54.9734 1 4.56495
      vertex 55.6946 0 4.01153
    endloop
  endfacet
  facet normal -0.1445 -0.671885 0.726423
    outer loop
      vertex 52.4408 0 2.13291
      vertex 53.0239 0 2.2489
      vertex 52.3221 1 3.03422
    endloop
  endfacet
  facet normal -0.0484451 -0.671883 0.739071
    outer loop
      vertex 52.4408 0 2.13291
      vertex 52.3221 1 3.03422
      vertex 51.8475 0 2.09402
    endloop
  endfacet
  facet normal -0.726425 -0.671878 0.144523
    outer loop
      vertex 56.64 0 6.22302
      vertex 55.6637 1 5.96472
      vertex 56.5418 0 5.72943
    endloop
  endfacet
  facet normal -0.72642 -0.671934 0.14429
    outer loop
      vertex 55.6637 1 5.96472
      vertex 56.64 0 6.22302
      vertex 56.6567 0.00109617 6.3122
    endloop
  endfacet
  facet normal 0.144493 -0.671882 0.726427
    outer loop
      vertex 50.7647 1 3.1363
      vertex 50.5761 0 2.2489
      vertex 51.2779 1 3.03422
    endloop
  endfacet
  facet normal 0.144358 -0.671882 0.726454
    outer loop
      vertex 50.5761 0 2.2489
      vertex 50.7647 1 3.1363
      vertex 50.5294 0 2.25818
    endloop
  endfacet
  facet normal 0.66426 -0.671886 0.327608
    outer loop
      vertex 47.5486 0 4.54545
      vertex 48.3359 1 5
      vertex 47.2856 0 5.07871
    endloop
  endfacet
  facet normal 0.701349 -0.671877 0.2381
    outer loop
      vertex 47.0582 0 5.72943
      vertex 48.1045 1 5.46927
      vertex 47.9363 1 5.96472
    endloop
  endfacet
  facet normal 0.701342 -0.671832 0.238245
    outer loop
      vertex 48.1045 1 5.46927
      vertex 47.0582 0 5.72943
      vertex 47.0735 0 5.68439
    endloop
  endfacet
  facet normal 0.556877 -0.671875 0.488336
    outer loop
      vertex 48.2974 0 3.56451
      vertex 48.6266 1 4.56495
      vertex 47.9054 0 4.01153
    endloop
  endfacet
  facet normal 0.14452 -0.671883 -0.726421
    outer loop
      vertex 50.5761 0 11.7511
      vertex 50.7647 1 10.8637
      vertex 51.2779 1 10.9658
    endloop
  endfacet
  facet normal 0.144656 -0.671884 -0.726393
    outer loop
      vertex 50.7647 1 10.8637
      vertex 50.5761 0 11.7511
      vertex 50.5294 0 11.7418
    endloop
  endfacet
  facet normal 0.615847 -0.671886 0.411462
    outer loop
      vertex 47.8789 0 4.05108
      vertex 48.3359 1 5
      vertex 47.5486 0 4.54545
    endloop
  endfacet
  facet normal 0.66449 -0.671905 -0.327105
    outer loop
      vertex 48.1045 1 8.53073
      vertex 47.2856 0 8.92129
      vertex 47.2646 0 8.87863
    endloop
  endfacet
  facet normal 0.664271 -0.671901 -0.327556
    outer loop
      vertex 47.2856 0 8.92129
      vertex 48.1045 1 8.53073
      vertex 48.3359 1 9
    endloop
  endfacet
  facet normal -0.701362 -0.671878 -0.238056
    outer loop
      vertex 56.5418 0 8.27057
      vertex 56.3507 0 8.83359
      vertex 55.6637 1 8.03528
    endloop
  endfacet
  facet normal -0.411518 -0.671884 0.615812
    outer loop
      vertex 53.8 1 3.5359
      vertex 54.2941 0 2.77503
      vertex 54.235 1 3.82659
    endloop
  endfacet
  facet normal -0.411164 -0.671887 0.616046
    outer loop
      vertex 54.2941 0 2.77503
      vertex 53.8 1 3.5359
      vertex 54.2545 0 2.7486
    endloop
  endfacet
  facet normal 0.238084 -0.671884 0.701347
    outer loop
      vertex 50.4844 0 2.27347
      vertex 50.2693 1 3.30448
      vertex 49.9214 0 2.46459
    endloop
  endfacet
  facet normal -0.327567 -0.671888 0.664279
    outer loop
      vertex 54.2119 0 2.72756
      vertex 53.8 1 3.5359
      vertex 53.3307 1 3.30448
    endloop
  endfacet
  facet normal -0.327982 -0.671891 0.664071
    outer loop
      vertex 53.8 1 3.5359
      vertex 54.2119 0 2.72756
      vertex 54.2545 0 2.7486
    endloop
  endfacet
  facet normal -0.411463 -0.671901 0.615831
    outer loop
      vertex 54.2941 0 2.77503
      vertex 54.7885 0 3.10536
      vertex 54.235 1 3.82659
    endloop
  endfacet
  facet normal 0.72643 -0.671878 -0.144501
    outer loop
      vertex 47.8342 1 7.5221
      vertex 47.0489 0 8.22391
      vertex 46.9329 0 7.64076
    endloop
  endfacet
  facet normal -0.411527 -0.671893 -0.615796
    outer loop
      vertex 54.7885 0 10.8946
      vertex 54.2941 0 11.225
      vertex 54.235 1 10.1734
    endloop
  endfacet
  facet normal 0.615289 -0.671904 -0.412267
    outer loop
      vertex 47.8789 0 9.94892
      vertex 48.6266 1 9.43505
      vertex 47.9054 0 9.98847
    endloop
  endfacet
  facet normal 0.615817 -0.671898 -0.411488
    outer loop
      vertex 48.6266 1 9.43505
      vertex 47.8789 0 9.94892
      vertex 48.3359 1 9
    endloop
  endfacet
  facet normal -0.664295 -0.671872 0.327568
    outer loop
      vertex 55.2641 1 5
      vertex 56.0724 0 4.58811
      vertex 55.4955 1 5.46927
    endloop
  endfacet
  facet normal -0.664519 -0.671868 0.327119
    outer loop
      vertex 56.0724 0 4.58811
      vertex 55.2641 1 5
      vertex 56.0514 0 4.54545
    endloop
  endfacet
  facet normal -0.488352 -0.671904 0.556828
    outer loop
      vertex 54.7885 0 3.10536
      vertex 55.2355 0 3.49739
      vertex 54.235 1 3.82659
    endloop
  endfacet
  facet normal -0.556844 -0.671884 -0.48836
    outer loop
      vertex 54.9734 1 9.43505
      vertex 55.6633 0 10.0242
      vertex 54.6284 1 9.82843
    endloop
  endfacet
  facet normal -0.557118 -0.671887 -0.488044
    outer loop
      vertex 55.6633 0 10.0242
      vertex 54.9734 1 9.43505
      vertex 55.6946 0 9.98847
    endloop
  endfacet
  facet normal -0.327588 -0.671887 -0.664269
    outer loop
      vertex 54.2119 0 11.2724
      vertex 53.6786 0 11.5354
      vertex 53.3307 1 10.6955
    endloop
  endfacet
  facet normal 0.0484451 -0.671883 0.739071
    outer loop
      vertex 51.7525 0 2.09402
      vertex 51.2779 1 3.03422
      vertex 51.1592 0 2.13291
    endloop
  endfacet
  facet normal 0.615817 -0.671898 0.411488
    outer loop
      vertex 47.8789 0 4.05108
      vertex 48.6266 1 4.56495
      vertex 48.3359 1 5
    endloop
  endfacet
  facet normal 0.615289 -0.671904 0.412267
    outer loop
      vertex 48.6266 1 4.56495
      vertex 47.8789 0 4.05108
      vertex 47.9054 0 4.01153
    endloop
  endfacet
  facet normal 0.739066 -0.671891 -0.0484123
    outer loop
      vertex 46.894 0 7.04746
      vertex 47.8 1 7
      vertex 47.8342 1 7.5221
    endloop
  endfacet
  facet normal 0.739074 -0.671892 -0.048275
    outer loop
      vertex 47.8 1 7
      vertex 46.894 0 7.04746
      vertex 46.8909 0 7
    endloop
  endfacet
  facet normal 0.726367 -0.671887 -0.144775
    outer loop
      vertex 47.0489 0 8.22391
      vertex 47.9363 1 8.03528
      vertex 47.0582 0 8.27057
    endloop
  endfacet
  facet normal 0.726418 -0.671885 -0.144525
    outer loop
      vertex 47.9363 1 8.03528
      vertex 47.0489 0 8.22391
      vertex 47.8342 1 7.5221
    endloop
  endfacet
  facet normal -0.144656 -0.671884 -0.726393
    outer loop
      vertex 53.0239 0 11.7511
      vertex 52.8353 1 10.8637
      vertex 53.0706 0 11.7418
    endloop
  endfacet
  facet normal -0.14452 -0.671883 -0.726421
    outer loop
      vertex 52.8353 1 10.8637
      vertex 53.0239 0 11.7511
      vertex 52.3221 1 10.9658
    endloop
  endfacet
  facet normal -0.615289 -0.671904 -0.412267
    outer loop
      vertex 54.9734 1 9.43505
      vertex 55.7211 0 9.94892
      vertex 55.6946 0 9.98847
    endloop
  endfacet
  facet normal -0.615817 -0.671898 -0.411488
    outer loop
      vertex 55.7211 0 9.94892
      vertex 54.9734 1 9.43505
      vertex 55.2641 1 9
    endloop
  endfacet
  facet normal -0.238063 -0.671879 -0.701359
    outer loop
      vertex 53.6336 0 11.5507
      vertex 53.0706 0 11.7418
      vertex 52.8353 1 10.8637
    endloop
  endfacet
  facet normal 0.411518 -0.671884 0.615812
    outer loop
      vertex 49.3059 0 2.77503
      vertex 49.8 1 3.5359
      vertex 49.365 1 3.82659
    endloop
  endfacet
  facet normal 0.411164 -0.671887 0.616046
    outer loop
      vertex 49.8 1 3.5359
      vertex 49.3059 0 2.77503
      vertex 49.3455 0 2.7486
    endloop
  endfacet
  facet normal 0.487507 -0.67188 -0.557596
    outer loop
      vertex 48.9716 1 9.82843
      vertex 48.3645 0 10.5026
      vertex 48.3287 0 10.4713
    endloop
  endfacet
  facet normal 0.48832 -0.671888 -0.556875
    outer loop
      vertex 48.3645 0 10.5026
      vertex 48.9716 1 9.82843
      vertex 49.365 1 10.1734
    endloop
  endfacet
  facet normal 0.411527 -0.671893 -0.615796
    outer loop
      vertex 49.365 1 10.1734
      vertex 49.3059 0 11.225
      vertex 48.8115 0 10.8946
    endloop
  endfacet
  facet normal -0.0484577 -0.671879 -0.739074
    outer loop
      vertex 52.3221 1 10.9658
      vertex 52.4408 0 11.8671
      vertex 51.8475 0 11.906
    endloop
  endfacet
  facet normal 0.739075 -0.671878 -0.0484578
    outer loop
      vertex 47.8342 1 7.5221
      vertex 46.9329 0 7.64076
      vertex 46.894 0 7.04746
    endloop
  endfacet
  facet normal -0.726421 -0.671929 -0.144306
    outer loop
      vertex 56.64 0 7.77697
      vertex 55.6637 1 8.03528
      vertex 56.6567 0.00109617 7.6878
    endloop
  endfacet
  facet normal -0.726425 -0.671878 -0.14452
    outer loop
      vertex 55.6637 1 8.03528
      vertex 56.64 0 7.77697
      vertex 56.5418 0 8.27057
    endloop
  endfacet
  facet normal -0.0482344 -0.671894 -0.739075
    outer loop
      vertex 51.8 1 11
      vertex 51.8475 0 11.906
      vertex 51.8 0 11.9091
    endloop
  endfacet
  facet normal -0.0484122 -0.671892 -0.739065
    outer loop
      vertex 51.8475 0 11.906
      vertex 51.8 1 11
      vertex 52.3221 1 10.9658
    endloop
  endfacet
  facet normal -0.48832 -0.671888 -0.556875
    outer loop
      vertex 54.6284 1 9.82843
      vertex 55.2355 0 10.5026
      vertex 54.235 1 10.1734
    endloop
  endfacet
  facet normal -0.487507 -0.67188 -0.557596
    outer loop
      vertex 55.2355 0 10.5026
      vertex 54.6284 1 9.82843
      vertex 55.2713 0 10.4713
    endloop
  endfacet
  facet normal 0.238061 -0.671887 -0.701352
    outer loop
      vertex 50.2693 1 10.6955
      vertex 50.4844 0 11.7265
      vertex 49.9214 0 11.5354
    endloop
  endfacet
  facet normal 0.327588 -0.671887 -0.664269
    outer loop
      vertex 50.2693 1 10.6955
      vertex 49.9214 0 11.5354
      vertex 49.3881 0 11.2724
    endloop
  endfacet
  facet normal 0.66426 -0.671886 -0.327608
    outer loop
      vertex 48.3359 1 9
      vertex 47.5486 0 9.45455
      vertex 47.2856 0 8.92129
    endloop
  endfacet
  facet normal -0.327551 -0.671873 -0.664302
    outer loop
      vertex 53.8 1 10.4641
      vertex 54.2119 0 11.2724
      vertex 53.3307 1 10.6955
    endloop
  endfacet
  facet normal -0.327488 -0.671873 -0.664333
    outer loop
      vertex 54.2119 0 11.2724
      vertex 53.8 1 10.4641
      vertex 54.2545 0 11.2514
    endloop
  endfacet
  facet normal -0.726319 -0.671862 -0.145126
    outer loop
      vertex 56.6567 0.00109617 7.6878
      vertex 55.7658 1 7.5221
      vertex 56.6656 0.00167675 7.64057
    endloop
  endfacet
  facet normal -0.726435 -0.671866 -0.144528
    outer loop
      vertex 55.7658 1 7.5221
      vertex 56.6567 0.00109617 7.6878
      vertex 55.6637 1 8.03528
    endloop
  endfacet
  facet normal -0.238415 -0.671899 -0.70122
    outer loop
      vertex 53.6336 0 11.5507
      vertex 53.3307 1 10.6955
      vertex 53.6786 0 11.5354
    endloop
  endfacet
  facet normal -0.238116 -0.671897 -0.701324
    outer loop
      vertex 53.3307 1 10.6955
      vertex 53.6336 0 11.5507
      vertex 52.8353 1 10.8637
    endloop
  endfacet
  facet normal -0.66426 -0.671887 -0.327608
    outer loop
      vertex 56.3354 0 8.87863
      vertex 56.0724 0 9.41189
      vertex 55.4955 1 8.53073
    endloop
  endfacet
  facet normal -0.410835 -0.671899 -0.616252
    outer loop
      vertex 53.8 1 10.4641
      vertex 54.2941 0 11.225
      vertex 54.2545 0 11.2514
    endloop
  endfacet
  facet normal -0.411523 -0.671894 -0.615798
    outer loop
      vertex 54.2941 0 11.225
      vertex 53.8 1 10.4641
      vertex 54.235 1 10.1734
    endloop
  endfacet
  facet normal -0.701336 -0.671892 -0.238096
    outer loop
      vertex 56.3507 0 8.83359
      vertex 55.4955 1 8.53073
      vertex 55.6637 1 8.03528
    endloop
  endfacet
  facet normal -0.70129 -0.671893 -0.238227
    outer loop
      vertex 55.4955 1 8.53073
      vertex 56.3507 0 8.83359
      vertex 56.3354 0 8.87863
    endloop
  endfacet
  facet normal -0.0484476 -0.671895 0.739061
    outer loop
      vertex 52.0272 0.378622 15
      vertex 52.4408 0 14.6829
      vertex 52.399 0.351813 15
    endloop
  endfacet
  facet normal -0.0484565 -0.6719 0.739055
    outer loop
      vertex 52.4408 0 14.6829
      vertex 52.0272 0.378622 15
      vertex 51.8475 0 14.644
    endloop
  endfacet
  facet normal 0.238193 -0.671848 0.701345
    outer loop
      vertex 50.4476 0.17122 15
      vertex 50.5294 0 14.8082
      vertex 50.5808 0.218444 15
    endloop
  endfacet
  facet normal 0.238462 -0.671736 0.70136
    outer loop
      vertex 50.5294 0 14.8082
      vertex 50.4476 0.17122 15
      vertex 50.4844 0 14.8235
    endloop
  endfacet
  facet normal -0.244406 -0.672785 0.698303
    outer loop
      vertex 53.6336 0 14.9993
      vertex 53.6356 0 15
      vertex 53.6328 0.00101717 15
    endloop
  endfacet
  facet normal 0.144494 -0.671902 0.726408
    outer loop
      vertex 50.7558 0.256072 15
      vertex 51.1592 0 14.6829
      vertex 51.201 0.351813 15
    endloop
  endfacet
  facet normal 0.144511 -0.671887 0.726419
    outer loop
      vertex 51.1592 0 14.6829
      vertex 50.7558 0.256072 15
      vertex 50.5761 0 14.7989
    endloop
  endfacet
  facet normal -0.144662 -0.671855 0.726419
    outer loop
      vertex 53.0192 0.218444 15
      vertex 53.0239 0 14.7989
      vertex 53.0706 0 14.8082
    endloop
  endfacet
  facet normal -0.144464 -0.671872 0.726442
    outer loop
      vertex 53.0239 0 14.7989
      vertex 53.0192 0.218444 15
      vertex 52.8442 0.256072 15
    endloop
  endfacet
  facet normal 0.238067 -0.671849 0.701387
    outer loop
      vertex 50.4844 0 14.8235
      vertex 50.4476 0.17122 15
      vertex 49.9644 0 15
    endloop
  endfacet
  facet normal -0.23838 -0.670791 0.702292
    outer loop
      vertex 53.6328 0.00101717 15
      vertex 53.0706 0 14.8082
      vertex 53.6336 0 14.9993
    endloop
  endfacet
  facet normal -0.238068 -0.671852 0.701383
    outer loop
      vertex 53.0706 0 14.8082
      vertex 53.6328 0.00101717 15
      vertex 53.0192 0.218444 15
    endloop
  endfacet
  facet normal 0.0482341 -0.671898 0.739071
    outer loop
      vertex 51.8 0.395001 15
      vertex 51.7525 0 14.644
      vertex 51.8 0 14.6409
    endloop
  endfacet
  facet normal 0.0484381 -0.671905 0.739052
    outer loop
      vertex 51.7525 0 14.644
      vertex 51.8 0.395001 15
      vertex 51.5728 0.378622 15
    endloop
  endfacet
  facet normal -0.0484381 -0.671905 0.739052
    outer loop
      vertex 51.8 0.395001 15
      vertex 51.8475 0 14.644
      vertex 52.0272 0.378622 15
    endloop
  endfacet
  facet normal -0.0482341 -0.671898 0.739071
    outer loop
      vertex 51.8475 0 14.644
      vertex 51.8 0.395001 15
      vertex 51.8 0 14.6409
    endloop
  endfacet
  facet normal -0.144511 -0.671887 0.726419
    outer loop
      vertex 52.8442 0.256072 15
      vertex 52.4408 0 14.6829
      vertex 53.0239 0 14.7989
    endloop
  endfacet
  facet normal -0.144494 -0.671902 0.726408
    outer loop
      vertex 52.4408 0 14.6829
      vertex 52.8442 0.256072 15
      vertex 52.399 0.351813 15
    endloop
  endfacet
  facet normal 0.0484476 -0.671895 0.739061
    outer loop
      vertex 51.1592 0 14.6829
      vertex 51.5728 0.378622 15
      vertex 51.201 0.351813 15
    endloop
  endfacet
  facet normal 0.0484565 -0.6719 0.739055
    outer loop
      vertex 51.5728 0.378622 15
      vertex 51.1592 0 14.6829
      vertex 51.7525 0 14.644
    endloop
  endfacet
  facet normal 0.144464 -0.671872 0.726442
    outer loop
      vertex 50.5808 0.218444 15
      vertex 50.5761 0 14.7989
      vertex 50.7558 0.256072 15
    endloop
  endfacet
  facet normal 0.144662 -0.671855 0.726419
    outer loop
      vertex 50.5761 0 14.7989
      vertex 50.5808 0.218444 15
      vertex 50.5294 0 14.8082
    endloop
  endfacet
  facet normal 0 -0.997855 -0.0654598
    outer loop
      vertex 0 66.305 8
      vertex 2.4 66.2913 8.20884
      vertex 0 66.2913 8.20884
    endloop
  endfacet
  facet normal 0 -0.997855 -0.0654598
    outer loop
      vertex 2.4 66.2913 8.20884
      vertex 0 66.305 8
      vertex 2.4 66.305 8
    endloop
  endfacet
  facet normal 0 -0.321397 0.946944
    outer loop
      vertex 0 65.3173 6.52179
      vertex 2.4 65.1191 6.45452
      vertex 2.4 65.3173 6.52179
    endloop
  endfacet
  facet normal 0 -0.321397 0.946944
    outer loop
      vertex 2.4 65.1191 6.45452
      vertex 0 65.3173 6.52179
      vertex 0 65.1191 6.45452
    endloop
  endfacet
  facet normal 0 -0.997855 0.0654598
    outer loop
      vertex 0 66.2913 7.79116
      vertex 2.4 66.305 8
      vertex 0 66.305 8
    endloop
  endfacet
  facet normal 0 -0.997855 0.0654598
    outer loop
      vertex 2.4 66.305 8
      vertex 0 66.2913 7.79116
      vertex 2.4 66.2913 7.79116
    endloop
  endfacet
  facet normal 0 -0.555593 0.831454
    outer loop
      vertex 0 65.679 6.73063
      vertex 2.4 65.505 6.61436
      vertex 2.4 65.679 6.73063
    endloop
  endfacet
  facet normal 0 -0.555593 0.831454
    outer loop
      vertex 2.4 65.505 6.61436
      vertex 0 65.679 6.73063
      vertex 0 65.505 6.61436
    endloop
  endfacet
  facet normal -0 0.555593 0.831454
    outer loop
      vertex 0 63.905 6.61436
      vertex 2.4 63.731 6.73063
      vertex 2.4 63.905 6.61436
    endloop
  endfacet
  facet normal 0 0.555593 0.831454
    outer loop
      vertex 2.4 63.731 6.73063
      vertex 0 63.905 6.61436
      vertex 0 63.731 6.73063
    endloop
  endfacet
  facet normal 0 0.946891 -0.321555
    outer loop
      vertex 2.4 63.1595 8.41411
      vertex 0 63.2268 8.61229
      vertex 2.4 63.2268 8.61229
    endloop
  endfacet
  facet normal 0 0.946891 -0.321555
    outer loop
      vertex 0 63.2268 8.61229
      vertex 2.4 63.1595 8.41411
      vertex 0 63.1595 8.41411
    endloop
  endfacet
  facet normal 0 -0.442314 0.89686
    outer loop
      vertex 0 65.505 6.61436
      vertex 2.4 65.3173 6.52179
      vertex 2.4 65.505 6.61436
    endloop
  endfacet
  facet normal 0 -0.442314 0.89686
    outer loop
      vertex 2.4 65.3173 6.52179
      vertex 0 65.505 6.61436
      vertex 0 65.3173 6.52179
    endloop
  endfacet
  facet normal 0 -0.0654247 0.997858
    outer loop
      vertex 0 64.9138 6.41369
      vertex 2.4 64.705 6.4
      vertex 2.4 64.9138 6.41369
    endloop
  endfacet
  facet normal 0 -0.0654247 0.997858
    outer loop
      vertex 2.4 64.705 6.4
      vertex 0 64.9138 6.41369
      vertex 0 64.705 6.4
    endloop
  endfacet
  facet normal -0 0.442314 0.89686
    outer loop
      vertex 0 64.0927 6.52179
      vertex 2.4 63.905 6.61436
      vertex 2.4 64.0927 6.52179
    endloop
  endfacet
  facet normal 0 0.442314 0.89686
    outer loop
      vertex 2.4 63.905 6.61436
      vertex 0 64.0927 6.52179
      vertex 0 63.905 6.61436
    endloop
  endfacet
  facet normal -0 0.321397 0.946944
    outer loop
      vertex 0 64.2909 6.45452
      vertex 2.4 64.0927 6.52179
      vertex 2.4 64.2909 6.45452
    endloop
  endfacet
  facet normal 0 0.321397 0.946944
    outer loop
      vertex 2.4 64.0927 6.52179
      vertex 0 64.2909 6.45452
      vertex 0 64.0927 6.52179
    endloop
  endfacet
  facet normal 0 0.659248 -0.751925
    outer loop
      vertex 0 63.5736 9.13137
      vertex 2.4 63.731 9.26937
      vertex 2.4 63.5736 9.13137
    endloop
  endfacet
  facet normal 0 0.659248 -0.751925
    outer loop
      vertex 2.4 63.731 9.26937
      vertex 0 63.5736 9.13137
      vertex 0 63.731 9.26937
    endloop
  endfacet
  facet normal 0 0.831638 -0.555318
    outer loop
      vertex 2.4 63.3194 8.8
      vertex 0 63.4356 8.97402
      vertex 2.4 63.4356 8.97402
    endloop
  endfacet
  facet normal 0 0.831638 -0.555318
    outer loop
      vertex 0 63.4356 8.97402
      vertex 2.4 63.3194 8.8
      vertex 0 63.3194 8.8
    endloop
  endfacet
  facet normal 0 -0.946891 0.321555
    outer loop
      vertex 0 66.1832 7.38771
      vertex 2.4 66.2505 7.58589
      vertex 0 66.2505 7.58589
    endloop
  endfacet
  facet normal 0 -0.946891 0.321555
    outer loop
      vertex 2.4 66.2505 7.58589
      vertex 0 66.1832 7.38771
      vertex 2.4 66.1832 7.38771
    endloop
  endfacet
  facet normal 0 -0.659248 -0.751925
    outer loop
      vertex 0 65.679 9.26937
      vertex 2.4 65.8364 9.13137
      vertex 2.4 65.679 9.26937
    endloop
  endfacet
  facet normal -0 -0.659248 -0.751925
    outer loop
      vertex 2.4 65.8364 9.13137
      vertex 0 65.679 9.26937
      vertex 0 65.8364 9.13137
    endloop
  endfacet
  facet normal -0 0.659248 0.751925
    outer loop
      vertex 0 63.731 6.73063
      vertex 2.4 63.5736 6.86863
      vertex 2.4 63.731 6.73063
    endloop
  endfacet
  facet normal 0 0.659248 0.751925
    outer loop
      vertex 2.4 63.5736 6.86863
      vertex 0 63.731 6.73063
      vertex 0 63.5736 6.86863
    endloop
  endfacet
  facet normal 0 -0.831638 -0.555318
    outer loop
      vertex 0 66.0906 8.8
      vertex 2.4 65.9744 8.97402
      vertex 0 65.9744 8.97402
    endloop
  endfacet
  facet normal 0 -0.831638 -0.555318
    outer loop
      vertex 2.4 65.9744 8.97402
      vertex 0 66.0906 8.8
      vertex 2.4 66.0906 8.8
    endloop
  endfacet
  facet normal 0 -0.980813 0.194949
    outer loop
      vertex 0 66.2505 7.58589
      vertex 2.4 66.2913 7.79116
      vertex 0 66.2913 7.79116
    endloop
  endfacet
  facet normal 0 -0.980813 0.194949
    outer loop
      vertex 2.4 66.2913 7.79116
      vertex 0 66.2505 7.58589
      vertex 2.4 66.2505 7.58589
    endloop
  endfacet
  facet normal 0 -0.896813 -0.44241
    outer loop
      vertex 0 66.1832 8.61229
      vertex 2.4 66.0906 8.8
      vertex 0 66.0906 8.8
    endloop
  endfacet
  facet normal 0 -0.896813 -0.44241
    outer loop
      vertex 2.4 66.0906 8.8
      vertex 0 66.1832 8.61229
      vertex 2.4 66.1832 8.61229
    endloop
  endfacet
  facet normal 0 -0.896813 0.44241
    outer loop
      vertex 0 66.0906 7.2
      vertex 2.4 66.1832 7.38771
      vertex 0 66.1832 7.38771
    endloop
  endfacet
  facet normal 0 -0.896813 0.44241
    outer loop
      vertex 2.4 66.1832 7.38771
      vertex 0 66.0906 7.2
      vertex 2.4 66.0906 7.2
    endloop
  endfacet
  facet normal 0 -0.442314 -0.89686
    outer loop
      vertex 0 65.3173 9.47821
      vertex 2.4 65.505 9.38564
      vertex 2.4 65.3173 9.47821
    endloop
  endfacet
  facet normal -0 -0.442314 -0.89686
    outer loop
      vertex 2.4 65.505 9.38564
      vertex 0 65.3173 9.47821
      vertex 0 65.505 9.38564
    endloop
  endfacet
  facet normal 0 0.946891 0.321555
    outer loop
      vertex 2.4 63.2268 7.38771
      vertex 0 63.1595 7.58589
      vertex 2.4 63.1595 7.58589
    endloop
  endfacet
  facet normal 0 0.946891 0.321555
    outer loop
      vertex 0 63.1595 7.58589
      vertex 2.4 63.2268 7.38771
      vertex 0 63.2268 7.38771
    endloop
  endfacet
  facet normal 0 0.997855 -0.0654598
    outer loop
      vertex 2.4 63.105 8
      vertex 0 63.1187 8.20884
      vertex 2.4 63.1187 8.20884
    endloop
  endfacet
  facet normal 0 0.997855 -0.0654598
    outer loop
      vertex 0 63.1187 8.20884
      vertex 2.4 63.105 8
      vertex 0 63.105 8
    endloop
  endfacet
  facet normal 0 0.442314 -0.89686
    outer loop
      vertex 0 63.905 9.38564
      vertex 2.4 64.0927 9.47821
      vertex 2.4 63.905 9.38564
    endloop
  endfacet
  facet normal 0 0.442314 -0.89686
    outer loop
      vertex 2.4 64.0927 9.47821
      vertex 0 63.905 9.38564
      vertex 0 64.0927 9.47821
    endloop
  endfacet
  facet normal -0 0.195059 0.980791
    outer loop
      vertex 0 64.4962 6.41369
      vertex 2.4 64.2909 6.45452
      vertex 2.4 64.4962 6.41369
    endloop
  endfacet
  facet normal 0 0.195059 0.980791
    outer loop
      vertex 2.4 64.2909 6.45452
      vertex 0 64.4962 6.41369
      vertex 0 64.2909 6.45452
    endloop
  endfacet
  facet normal 0 0.751821 -0.659367
    outer loop
      vertex 2.4 63.4356 8.97402
      vertex 0 63.5736 9.13137
      vertex 2.4 63.5736 9.13137
    endloop
  endfacet
  facet normal 0 0.751821 -0.659367
    outer loop
      vertex 0 63.5736 9.13137
      vertex 2.4 63.4356 8.97402
      vertex 0 63.4356 8.97402
    endloop
  endfacet
  facet normal 0 0.0654247 -0.997858
    outer loop
      vertex 0 64.4962 9.58631
      vertex 2.4 64.705 9.6
      vertex 2.4 64.4962 9.58631
    endloop
  endfacet
  facet normal 0 0.0654247 -0.997858
    outer loop
      vertex 2.4 64.705 9.6
      vertex 0 64.4962 9.58631
      vertex 0 64.705 9.6
    endloop
  endfacet
  facet normal 0 0.831638 0.555318
    outer loop
      vertex 2.4 63.4356 7.02598
      vertex 0 63.3194 7.2
      vertex 2.4 63.3194 7.2
    endloop
  endfacet
  facet normal 0 0.831638 0.555318
    outer loop
      vertex 0 63.3194 7.2
      vertex 2.4 63.4356 7.02598
      vertex 0 63.4356 7.02598
    endloop
  endfacet
  facet normal 0 0.980813 0.194949
    outer loop
      vertex 2.4 63.1595 7.58589
      vertex 0 63.1187 7.79116
      vertex 2.4 63.1187 7.79116
    endloop
  endfacet
  facet normal 0 0.980813 0.194949
    outer loop
      vertex 0 63.1187 7.79116
      vertex 2.4 63.1595 7.58589
      vertex 0 63.1595 7.58589
    endloop
  endfacet
  facet normal 0 -0.659248 0.751925
    outer loop
      vertex 0 65.8364 6.86863
      vertex 2.4 65.679 6.73063
      vertex 2.4 65.8364 6.86863
    endloop
  endfacet
  facet normal 0 -0.659248 0.751925
    outer loop
      vertex 2.4 65.679 6.73063
      vertex 0 65.8364 6.86863
      vertex 0 65.679 6.73063
    endloop
  endfacet
  facet normal -0 0.0654247 0.997858
    outer loop
      vertex 0 64.705 6.4
      vertex 2.4 64.4962 6.41369
      vertex 2.4 64.705 6.4
    endloop
  endfacet
  facet normal 0 0.0654247 0.997858
    outer loop
      vertex 2.4 64.4962 6.41369
      vertex 0 64.705 6.4
      vertex 0 64.4962 6.41369
    endloop
  endfacet
  facet normal 0 -0.195059 0.980791
    outer loop
      vertex 0 65.1191 6.45452
      vertex 2.4 64.9138 6.41369
      vertex 2.4 65.1191 6.45452
    endloop
  endfacet
  facet normal 0 -0.195059 0.980791
    outer loop
      vertex 2.4 64.9138 6.41369
      vertex 0 65.1191 6.45452
      vertex 0 64.9138 6.41369
    endloop
  endfacet
  facet normal 0 0.195059 -0.980791
    outer loop
      vertex 0 64.2909 9.54548
      vertex 2.4 64.4962 9.58631
      vertex 2.4 64.2909 9.54548
    endloop
  endfacet
  facet normal 0 0.195059 -0.980791
    outer loop
      vertex 2.4 64.4962 9.58631
      vertex 0 64.2909 9.54548
      vertex 0 64.4962 9.58631
    endloop
  endfacet
  facet normal 0 -0.946891 -0.321555
    outer loop
      vertex 0 66.2505 8.41411
      vertex 2.4 66.1832 8.61229
      vertex 0 66.1832 8.61229
    endloop
  endfacet
  facet normal 0 -0.946891 -0.321555
    outer loop
      vertex 2.4 66.1832 8.61229
      vertex 0 66.2505 8.41411
      vertex 2.4 66.2505 8.41411
    endloop
  endfacet
  facet normal 0 -0.980813 -0.194949
    outer loop
      vertex 0 66.2913 8.20884
      vertex 2.4 66.2505 8.41411
      vertex 0 66.2505 8.41411
    endloop
  endfacet
  facet normal 0 -0.980813 -0.194949
    outer loop
      vertex 2.4 66.2505 8.41411
      vertex 0 66.2913 8.20884
      vertex 2.4 66.2913 8.20884
    endloop
  endfacet
  facet normal 0 0.896813 0.44241
    outer loop
      vertex 2.4 63.3194 7.2
      vertex 0 63.2268 7.38771
      vertex 2.4 63.2268 7.38771
    endloop
  endfacet
  facet normal 0 0.896813 0.44241
    outer loop
      vertex 0 63.2268 7.38771
      vertex 2.4 63.3194 7.2
      vertex 0 63.3194 7.2
    endloop
  endfacet
  facet normal 0 -0.321397 -0.946944
    outer loop
      vertex 0 65.1191 9.54548
      vertex 2.4 65.3173 9.47821
      vertex 2.4 65.1191 9.54548
    endloop
  endfacet
  facet normal -0 -0.321397 -0.946944
    outer loop
      vertex 2.4 65.3173 9.47821
      vertex 0 65.1191 9.54548
      vertex 0 65.3173 9.47821
    endloop
  endfacet
  facet normal 0 -0.751821 0.659367
    outer loop
      vertex 0 65.8364 6.86863
      vertex 2.4 65.9744 7.02598
      vertex 0 65.9744 7.02598
    endloop
  endfacet
  facet normal 0 -0.751821 0.659367
    outer loop
      vertex 2.4 65.9744 7.02598
      vertex 0 65.8364 6.86863
      vertex 2.4 65.8364 6.86863
    endloop
  endfacet
  facet normal 0 -0.195059 -0.980791
    outer loop
      vertex 0 64.9138 9.58631
      vertex 2.4 65.1191 9.54548
      vertex 2.4 64.9138 9.58631
    endloop
  endfacet
  facet normal -0 -0.195059 -0.980791
    outer loop
      vertex 2.4 65.1191 9.54548
      vertex 0 64.9138 9.58631
      vertex 0 65.1191 9.54548
    endloop
  endfacet
  facet normal 0 0.980813 -0.194949
    outer loop
      vertex 2.4 63.1187 8.20884
      vertex 0 63.1595 8.41411
      vertex 2.4 63.1595 8.41411
    endloop
  endfacet
  facet normal 0 0.980813 -0.194949
    outer loop
      vertex 0 63.1595 8.41411
      vertex 2.4 63.1187 8.20884
      vertex 0 63.1187 8.20884
    endloop
  endfacet
  facet normal 0 -0.831638 0.555318
    outer loop
      vertex 0 65.9744 7.02598
      vertex 2.4 66.0906 7.2
      vertex 0 66.0906 7.2
    endloop
  endfacet
  facet normal 0 -0.831638 0.555318
    outer loop
      vertex 2.4 66.0906 7.2
      vertex 0 65.9744 7.02598
      vertex 2.4 65.9744 7.02598
    endloop
  endfacet
  facet normal 0 0.321397 -0.946944
    outer loop
      vertex 0 64.0927 9.47821
      vertex 2.4 64.2909 9.54548
      vertex 2.4 64.0927 9.47821
    endloop
  endfacet
  facet normal 0 0.321397 -0.946944
    outer loop
      vertex 2.4 64.2909 9.54548
      vertex 0 64.0927 9.47821
      vertex 0 64.2909 9.54548
    endloop
  endfacet
  facet normal 0 -0.751821 -0.659367
    outer loop
      vertex 0 65.9744 8.97402
      vertex 2.4 65.8364 9.13137
      vertex 0 65.8364 9.13137
    endloop
  endfacet
  facet normal 0 -0.751821 -0.659367
    outer loop
      vertex 2.4 65.8364 9.13137
      vertex 0 65.9744 8.97402
      vertex 2.4 65.9744 8.97402
    endloop
  endfacet
  facet normal 0 -0.0654247 -0.997858
    outer loop
      vertex 0 64.705 9.6
      vertex 2.4 64.9138 9.58631
      vertex 2.4 64.705 9.6
    endloop
  endfacet
  facet normal -0 -0.0654247 -0.997858
    outer loop
      vertex 2.4 64.9138 9.58631
      vertex 0 64.705 9.6
      vertex 0 64.9138 9.58631
    endloop
  endfacet
  facet normal 0 0.997855 0.0654598
    outer loop
      vertex 2.4 63.1187 7.79116
      vertex 0 63.105 8
      vertex 2.4 63.105 8
    endloop
  endfacet
  facet normal 0 0.997855 0.0654598
    outer loop
      vertex 0 63.105 8
      vertex 2.4 63.1187 7.79116
      vertex 0 63.1187 7.79116
    endloop
  endfacet
  facet normal 0 0.896813 -0.44241
    outer loop
      vertex 2.4 63.2268 8.61229
      vertex 0 63.3194 8.8
      vertex 2.4 63.3194 8.8
    endloop
  endfacet
  facet normal 0 0.896813 -0.44241
    outer loop
      vertex 0 63.3194 8.8
      vertex 2.4 63.2268 8.61229
      vertex 0 63.2268 8.61229
    endloop
  endfacet
  facet normal 0 0.751821 0.659367
    outer loop
      vertex 2.4 63.5736 6.86863
      vertex 0 63.4356 7.02598
      vertex 2.4 63.4356 7.02598
    endloop
  endfacet
  facet normal 0 0.751821 0.659367
    outer loop
      vertex 0 63.4356 7.02598
      vertex 2.4 63.5736 6.86863
      vertex 0 63.5736 6.86863
    endloop
  endfacet
  facet normal 0 -0.555593 -0.831454
    outer loop
      vertex 0 65.505 9.38564
      vertex 2.4 65.679 9.26937
      vertex 2.4 65.505 9.38564
    endloop
  endfacet
  facet normal -0 -0.555593 -0.831454
    outer loop
      vertex 2.4 65.679 9.26937
      vertex 0 65.505 9.38564
      vertex 0 65.679 9.26937
    endloop
  endfacet
  facet normal 0 0.555593 -0.831454
    outer loop
      vertex 0 63.731 9.26937
      vertex 2.4 63.905 9.38564
      vertex 2.4 63.731 9.26937
    endloop
  endfacet
  facet normal 0 0.555593 -0.831454
    outer loop
      vertex 2.4 63.905 9.38564
      vertex 0 63.731 9.26937
      vertex 0 63.905 9.38564
    endloop
  endfacet
  facet normal 0 -0.321397 0.946944
    outer loop
      vertex 0 90.3073 6.52179
      vertex 2.4 90.1091 6.45452
      vertex 2.4 90.3073 6.52179
    endloop
  endfacet
  facet normal 0 -0.321397 0.946944
    outer loop
      vertex 2.4 90.1091 6.45452
      vertex 0 90.3073 6.52179
      vertex 0 90.1091 6.45452
    endloop
  endfacet
  facet normal 0 -0.555593 0.831454
    outer loop
      vertex 0 90.669 6.73063
      vertex 2.4 90.495 6.61436
      vertex 2.4 90.669 6.73063
    endloop
  endfacet
  facet normal 0 -0.555593 0.831454
    outer loop
      vertex 2.4 90.495 6.61436
      vertex 0 90.669 6.73063
      vertex 0 90.495 6.61436
    endloop
  endfacet
  facet normal 0 -0.946891 0.321555
    outer loop
      vertex 0 91.1732 7.38771
      vertex 2.4 91.2405 7.58589
      vertex 0 91.2405 7.58589
    endloop
  endfacet
  facet normal 0 -0.946891 0.321555
    outer loop
      vertex 2.4 91.2405 7.58589
      vertex 0 91.1732 7.38771
      vertex 2.4 91.1732 7.38771
    endloop
  endfacet
  facet normal 0 -0.896813 0.44241
    outer loop
      vertex 0 91.0806 7.2
      vertex 2.4 91.1732 7.38771
      vertex 0 91.1732 7.38771
    endloop
  endfacet
  facet normal 0 -0.896813 0.44241
    outer loop
      vertex 2.4 91.1732 7.38771
      vertex 0 91.0806 7.2
      vertex 2.4 91.0806 7.2
    endloop
  endfacet
  facet normal 0 -0.0654247 0.997858
    outer loop
      vertex 0 89.9038 6.41369
      vertex 2.4 89.695 6.4
      vertex 2.4 89.9038 6.41369
    endloop
  endfacet
  facet normal 0 -0.0654247 0.997858
    outer loop
      vertex 2.4 89.695 6.4
      vertex 0 89.9038 6.41369
      vertex 0 89.695 6.4
    endloop
  endfacet
  facet normal -0 0.195059 0.980791
    outer loop
      vertex 0 89.4862 6.41369
      vertex 2.4 89.2809 6.45452
      vertex 2.4 89.4862 6.41369
    endloop
  endfacet
  facet normal 0 0.195059 0.980791
    outer loop
      vertex 2.4 89.2809 6.45452
      vertex 0 89.4862 6.41369
      vertex 0 89.2809 6.45452
    endloop
  endfacet
  facet normal 0 -0.831638 -0.555318
    outer loop
      vertex 0 91.0806 8.8
      vertex 2.4 90.9644 8.97402
      vertex 0 90.9644 8.97402
    endloop
  endfacet
  facet normal 0 -0.831638 -0.555318
    outer loop
      vertex 2.4 90.9644 8.97402
      vertex 0 91.0806 8.8
      vertex 2.4 91.0806 8.8
    endloop
  endfacet
  facet normal -0 0.321397 0.946944
    outer loop
      vertex 0 89.2809 6.45452
      vertex 2.4 89.0827 6.52179
      vertex 2.4 89.2809 6.45452
    endloop
  endfacet
  facet normal 0 0.321397 0.946944
    outer loop
      vertex 2.4 89.0827 6.52179
      vertex 0 89.2809 6.45452
      vertex 0 89.0827 6.52179
    endloop
  endfacet
  facet normal 0 0.896813 0.44241
    outer loop
      vertex 2.4 88.3094 7.2
      vertex 0 88.2168 7.38771
      vertex 2.4 88.2168 7.38771
    endloop
  endfacet
  facet normal 0 0.896813 0.44241
    outer loop
      vertex 0 88.2168 7.38771
      vertex 2.4 88.3094 7.2
      vertex 0 88.3094 7.2
    endloop
  endfacet
  facet normal 0 -0.751821 -0.659367
    outer loop
      vertex 0 90.9644 8.97402
      vertex 2.4 90.8264 9.13137
      vertex 0 90.8264 9.13137
    endloop
  endfacet
  facet normal 0 -0.751821 -0.659367
    outer loop
      vertex 2.4 90.8264 9.13137
      vertex 0 90.9644 8.97402
      vertex 2.4 90.9644 8.97402
    endloop
  endfacet
  facet normal 0 -0.442314 0.89686
    outer loop
      vertex 0 90.495 6.61436
      vertex 2.4 90.3073 6.52179
      vertex 2.4 90.495 6.61436
    endloop
  endfacet
  facet normal 0 -0.442314 0.89686
    outer loop
      vertex 2.4 90.3073 6.52179
      vertex 0 90.495 6.61436
      vertex 0 90.3073 6.52179
    endloop
  endfacet
  facet normal 0 -0.980813 -0.194949
    outer loop
      vertex 0 91.2813 8.20884
      vertex 2.4 91.2405 8.41411
      vertex 0 91.2405 8.41411
    endloop
  endfacet
  facet normal 0 -0.980813 -0.194949
    outer loop
      vertex 2.4 91.2405 8.41411
      vertex 0 91.2813 8.20884
      vertex 2.4 91.2813 8.20884
    endloop
  endfacet
  facet normal 0 -0.442314 -0.89686
    outer loop
      vertex 0 90.3073 9.47821
      vertex 2.4 90.495 9.38564
      vertex 2.4 90.3073 9.47821
    endloop
  endfacet
  facet normal -0 -0.442314 -0.89686
    outer loop
      vertex 2.4 90.495 9.38564
      vertex 0 90.3073 9.47821
      vertex 0 90.495 9.38564
    endloop
  endfacet
  facet normal 0 0.997855 0.0654598
    outer loop
      vertex 2.4 88.1087 7.79116
      vertex 0 88.095 8
      vertex 2.4 88.095 8
    endloop
  endfacet
  facet normal 0 0.997855 0.0654598
    outer loop
      vertex 0 88.095 8
      vertex 2.4 88.1087 7.79116
      vertex 0 88.1087 7.79116
    endloop
  endfacet
  facet normal 0 -0.896813 -0.44241
    outer loop
      vertex 0 91.1732 8.61229
      vertex 2.4 91.0806 8.8
      vertex 0 91.0806 8.8
    endloop
  endfacet
  facet normal 0 -0.896813 -0.44241
    outer loop
      vertex 2.4 91.0806 8.8
      vertex 0 91.1732 8.61229
      vertex 2.4 91.1732 8.61229
    endloop
  endfacet
  facet normal -0 0.555593 0.831454
    outer loop
      vertex 0 88.895 6.61436
      vertex 2.4 88.721 6.73063
      vertex 2.4 88.895 6.61436
    endloop
  endfacet
  facet normal 0 0.555593 0.831454
    outer loop
      vertex 2.4 88.721 6.73063
      vertex 0 88.895 6.61436
      vertex 0 88.721 6.73063
    endloop
  endfacet
  facet normal 0 0.442314 -0.89686
    outer loop
      vertex 0 88.895 9.38564
      vertex 2.4 89.0827 9.47821
      vertex 2.4 88.895 9.38564
    endloop
  endfacet
  facet normal 0 0.442314 -0.89686
    outer loop
      vertex 2.4 89.0827 9.47821
      vertex 0 88.895 9.38564
      vertex 0 89.0827 9.47821
    endloop
  endfacet
  facet normal 0 0.195059 -0.980791
    outer loop
      vertex 0 89.2809 9.54548
      vertex 2.4 89.4862 9.58631
      vertex 2.4 89.2809 9.54548
    endloop
  endfacet
  facet normal 0 0.195059 -0.980791
    outer loop
      vertex 2.4 89.4862 9.58631
      vertex 0 89.2809 9.54548
      vertex 0 89.4862 9.58631
    endloop
  endfacet
  facet normal 0 0.831638 -0.555318
    outer loop
      vertex 2.4 88.3094 8.8
      vertex 0 88.4256 8.97402
      vertex 2.4 88.4256 8.97402
    endloop
  endfacet
  facet normal 0 0.831638 -0.555318
    outer loop
      vertex 0 88.4256 8.97402
      vertex 2.4 88.3094 8.8
      vertex 0 88.3094 8.8
    endloop
  endfacet
  facet normal 0 -0.980813 0.194949
    outer loop
      vertex 0 91.2405 7.58589
      vertex 2.4 91.2813 7.79116
      vertex 0 91.2813 7.79116
    endloop
  endfacet
  facet normal 0 -0.980813 0.194949
    outer loop
      vertex 2.4 91.2813 7.79116
      vertex 0 91.2405 7.58589
      vertex 2.4 91.2405 7.58589
    endloop
  endfacet
  facet normal 0 0.980813 0.194949
    outer loop
      vertex 2.4 88.1495 7.58589
      vertex 0 88.1087 7.79116
      vertex 2.4 88.1087 7.79116
    endloop
  endfacet
  facet normal 0 0.980813 0.194949
    outer loop
      vertex 0 88.1087 7.79116
      vertex 2.4 88.1495 7.58589
      vertex 0 88.1495 7.58589
    endloop
  endfacet
  facet normal 0 0.659248 -0.751925
    outer loop
      vertex 0 88.5636 9.13137
      vertex 2.4 88.721 9.26937
      vertex 2.4 88.5636 9.13137
    endloop
  endfacet
  facet normal 0 0.659248 -0.751925
    outer loop
      vertex 2.4 88.721 9.26937
      vertex 0 88.5636 9.13137
      vertex 0 88.721 9.26937
    endloop
  endfacet
  facet normal 0 -0.751821 0.659367
    outer loop
      vertex 0 90.8264 6.86863
      vertex 2.4 90.9644 7.02598
      vertex 0 90.9644 7.02598
    endloop
  endfacet
  facet normal 0 -0.751821 0.659367
    outer loop
      vertex 2.4 90.9644 7.02598
      vertex 0 90.8264 6.86863
      vertex 2.4 90.8264 6.86863
    endloop
  endfacet
  facet normal 0 -0.997855 -0.0654598
    outer loop
      vertex 0 91.295 8
      vertex 2.4 91.2813 8.20884
      vertex 0 91.2813 8.20884
    endloop
  endfacet
  facet normal 0 -0.997855 -0.0654598
    outer loop
      vertex 2.4 91.2813 8.20884
      vertex 0 91.295 8
      vertex 2.4 91.295 8
    endloop
  endfacet
  facet normal 0 -0.659248 -0.751925
    outer loop
      vertex 0 90.669 9.26937
      vertex 2.4 90.8264 9.13137
      vertex 2.4 90.669 9.26937
    endloop
  endfacet
  facet normal -0 -0.659248 -0.751925
    outer loop
      vertex 2.4 90.8264 9.13137
      vertex 0 90.669 9.26937
      vertex 0 90.8264 9.13137
    endloop
  endfacet
  facet normal -0 0.0654247 0.997858
    outer loop
      vertex 0 89.695 6.4
      vertex 2.4 89.4862 6.41369
      vertex 2.4 89.695 6.4
    endloop
  endfacet
  facet normal 0 0.0654247 0.997858
    outer loop
      vertex 2.4 89.4862 6.41369
      vertex 0 89.695 6.4
      vertex 0 89.4862 6.41369
    endloop
  endfacet
  facet normal -0 0.659248 0.751925
    outer loop
      vertex 0 88.721 6.73063
      vertex 2.4 88.5636 6.86863
      vertex 2.4 88.721 6.73063
    endloop
  endfacet
  facet normal 0 0.659248 0.751925
    outer loop
      vertex 2.4 88.5636 6.86863
      vertex 0 88.721 6.73063
      vertex 0 88.5636 6.86863
    endloop
  endfacet
  facet normal 0 0.980813 -0.194949
    outer loop
      vertex 2.4 88.1087 8.20884
      vertex 0 88.1495 8.41411
      vertex 2.4 88.1495 8.41411
    endloop
  endfacet
  facet normal 0 0.980813 -0.194949
    outer loop
      vertex 0 88.1495 8.41411
      vertex 2.4 88.1087 8.20884
      vertex 0 88.1087 8.20884
    endloop
  endfacet
  facet normal 0 -0.195059 0.980791
    outer loop
      vertex 0 90.1091 6.45452
      vertex 2.4 89.9038 6.41369
      vertex 2.4 90.1091 6.45452
    endloop
  endfacet
  facet normal 0 -0.195059 0.980791
    outer loop
      vertex 2.4 89.9038 6.41369
      vertex 0 90.1091 6.45452
      vertex 0 89.9038 6.41369
    endloop
  endfacet
  facet normal 0 0.946891 0.321555
    outer loop
      vertex 2.4 88.2168 7.38771
      vertex 0 88.1495 7.58589
      vertex 2.4 88.1495 7.58589
    endloop
  endfacet
  facet normal 0 0.946891 0.321555
    outer loop
      vertex 0 88.1495 7.58589
      vertex 2.4 88.2168 7.38771
      vertex 0 88.2168 7.38771
    endloop
  endfacet
  facet normal 0 0.896813 -0.44241
    outer loop
      vertex 2.4 88.2168 8.61229
      vertex 0 88.3094 8.8
      vertex 2.4 88.3094 8.8
    endloop
  endfacet
  facet normal 0 0.896813 -0.44241
    outer loop
      vertex 0 88.3094 8.8
      vertex 2.4 88.2168 8.61229
      vertex 0 88.2168 8.61229
    endloop
  endfacet
  facet normal 0 0.555593 -0.831454
    outer loop
      vertex 0 88.721 9.26937
      vertex 2.4 88.895 9.38564
      vertex 2.4 88.721 9.26937
    endloop
  endfacet
  facet normal 0 0.555593 -0.831454
    outer loop
      vertex 2.4 88.895 9.38564
      vertex 0 88.721 9.26937
      vertex 0 88.895 9.38564
    endloop
  endfacet
  facet normal -0 0.442314 0.89686
    outer loop
      vertex 0 89.0827 6.52179
      vertex 2.4 88.895 6.61436
      vertex 2.4 89.0827 6.52179
    endloop
  endfacet
  facet normal 0 0.442314 0.89686
    outer loop
      vertex 2.4 88.895 6.61436
      vertex 0 89.0827 6.52179
      vertex 0 88.895 6.61436
    endloop
  endfacet
  facet normal 0 0.946891 -0.321555
    outer loop
      vertex 2.4 88.1495 8.41411
      vertex 0 88.2168 8.61229
      vertex 2.4 88.2168 8.61229
    endloop
  endfacet
  facet normal 0 0.946891 -0.321555
    outer loop
      vertex 0 88.2168 8.61229
      vertex 2.4 88.1495 8.41411
      vertex 0 88.1495 8.41411
    endloop
  endfacet
  facet normal 0 -0.997855 0.0654598
    outer loop
      vertex 0 91.2813 7.79116
      vertex 2.4 91.295 8
      vertex 0 91.295 8
    endloop
  endfacet
  facet normal 0 -0.997855 0.0654598
    outer loop
      vertex 2.4 91.295 8
      vertex 0 91.2813 7.79116
      vertex 2.4 91.2813 7.79116
    endloop
  endfacet
  facet normal 0 0.997855 -0.0654598
    outer loop
      vertex 2.4 88.095 8
      vertex 0 88.1087 8.20884
      vertex 2.4 88.1087 8.20884
    endloop
  endfacet
  facet normal 0 0.997855 -0.0654598
    outer loop
      vertex 0 88.1087 8.20884
      vertex 2.4 88.095 8
      vertex 0 88.095 8
    endloop
  endfacet
  facet normal 0 -0.195059 -0.980791
    outer loop
      vertex 0 89.9038 9.58631
      vertex 2.4 90.1091 9.54548
      vertex 2.4 89.9038 9.58631
    endloop
  endfacet
  facet normal -0 -0.195059 -0.980791
    outer loop
      vertex 2.4 90.1091 9.54548
      vertex 0 89.9038 9.58631
      vertex 0 90.1091 9.54548
    endloop
  endfacet
  facet normal 0 -0.831638 0.555318
    outer loop
      vertex 0 90.9644 7.02598
      vertex 2.4 91.0806 7.2
      vertex 0 91.0806 7.2
    endloop
  endfacet
  facet normal 0 -0.831638 0.555318
    outer loop
      vertex 2.4 91.0806 7.2
      vertex 0 90.9644 7.02598
      vertex 2.4 90.9644 7.02598
    endloop
  endfacet
  facet normal 0 -0.946891 -0.321555
    outer loop
      vertex 0 91.2405 8.41411
      vertex 2.4 91.1732 8.61229
      vertex 0 91.1732 8.61229
    endloop
  endfacet
  facet normal 0 -0.946891 -0.321555
    outer loop
      vertex 2.4 91.1732 8.61229
      vertex 0 91.2405 8.41411
      vertex 2.4 91.2405 8.41411
    endloop
  endfacet
  facet normal 0 0.321397 -0.946944
    outer loop
      vertex 0 89.0827 9.47821
      vertex 2.4 89.2809 9.54548
      vertex 2.4 89.0827 9.47821
    endloop
  endfacet
  facet normal 0 0.321397 -0.946944
    outer loop
      vertex 2.4 89.2809 9.54548
      vertex 0 89.0827 9.47821
      vertex 0 89.2809 9.54548
    endloop
  endfacet
  facet normal 0 -0.0654247 -0.997858
    outer loop
      vertex 0 89.695 9.6
      vertex 2.4 89.9038 9.58631
      vertex 2.4 89.695 9.6
    endloop
  endfacet
  facet normal -0 -0.0654247 -0.997858
    outer loop
      vertex 2.4 89.9038 9.58631
      vertex 0 89.695 9.6
      vertex 0 89.9038 9.58631
    endloop
  endfacet
  facet normal 0 0.751821 0.659367
    outer loop
      vertex 2.4 88.5636 6.86863
      vertex 0 88.4256 7.02598
      vertex 2.4 88.4256 7.02598
    endloop
  endfacet
  facet normal 0 0.751821 0.659367
    outer loop
      vertex 0 88.4256 7.02598
      vertex 2.4 88.5636 6.86863
      vertex 0 88.5636 6.86863
    endloop
  endfacet
  facet normal 0 0.831638 0.555318
    outer loop
      vertex 2.4 88.4256 7.02598
      vertex 0 88.3094 7.2
      vertex 2.4 88.3094 7.2
    endloop
  endfacet
  facet normal 0 0.831638 0.555318
    outer loop
      vertex 0 88.3094 7.2
      vertex 2.4 88.4256 7.02598
      vertex 0 88.4256 7.02598
    endloop
  endfacet
  facet normal 0 -0.659248 0.751925
    outer loop
      vertex 0 90.8264 6.86863
      vertex 2.4 90.669 6.73063
      vertex 2.4 90.8264 6.86863
    endloop
  endfacet
  facet normal 0 -0.659248 0.751925
    outer loop
      vertex 2.4 90.669 6.73063
      vertex 0 90.8264 6.86863
      vertex 0 90.669 6.73063
    endloop
  endfacet
  facet normal 0 0.751821 -0.659367
    outer loop
      vertex 2.4 88.4256 8.97402
      vertex 0 88.5636 9.13137
      vertex 2.4 88.5636 9.13137
    endloop
  endfacet
  facet normal 0 0.751821 -0.659367
    outer loop
      vertex 0 88.5636 9.13137
      vertex 2.4 88.4256 8.97402
      vertex 0 88.4256 8.97402
    endloop
  endfacet
  facet normal 0 -0.321397 -0.946944
    outer loop
      vertex 0 90.1091 9.54548
      vertex 2.4 90.3073 9.47821
      vertex 2.4 90.1091 9.54548
    endloop
  endfacet
  facet normal -0 -0.321397 -0.946944
    outer loop
      vertex 2.4 90.3073 9.47821
      vertex 0 90.1091 9.54548
      vertex 0 90.3073 9.47821
    endloop
  endfacet
  facet normal 0 0.0654247 -0.997858
    outer loop
      vertex 0 89.4862 9.58631
      vertex 2.4 89.695 9.6
      vertex 2.4 89.4862 9.58631
    endloop
  endfacet
  facet normal 0 0.0654247 -0.997858
    outer loop
      vertex 2.4 89.695 9.6
      vertex 0 89.4862 9.58631
      vertex 0 89.695 9.6
    endloop
  endfacet
  facet normal 0 -0.555593 -0.831454
    outer loop
      vertex 0 90.495 9.38564
      vertex 2.4 90.669 9.26937
      vertex 2.4 90.495 9.38564
    endloop
  endfacet
  facet normal -0 -0.555593 -0.831454
    outer loop
      vertex 2.4 90.669 9.26937
      vertex 0 90.495 9.38564
      vertex 0 90.669 9.26937
    endloop
  endfacet
  facet normal 0 0 -1
    outer loop
      vertex 0 67.95 13.5
      vertex 2.4 86.45 13.5
      vertex 2.4 67.95 13.5
    endloop
  endfacet
  facet normal -0 0 -1
    outer loop
      vertex 2.4 86.45 13.5
      vertex 0 67.95 13.5
      vertex 0 86.45 13.5
    endloop
  endfacet
  facet normal 0 0.993452 0.114247
    outer loop
      vertex 2.4 69.1 2.5
      vertex 0 67.95 12.5
      vertex 2.4 67.95 12.5
    endloop
  endfacet
  facet normal 0 0.993452 0.114247
    outer loop
      vertex 0 67.95 12.5
      vertex 2.4 69.1 2.5
      vertex 0 69.1 2.5
    endloop
  endfacet
  facet normal -0 0 1
    outer loop
      vertex 0 85.3 2.5
      vertex 2.4 69.1 2.5
      vertex 2.4 85.3 2.5
    endloop
  endfacet
  facet normal 0 0 1
    outer loop
      vertex 2.4 69.1 2.5
      vertex 0 85.3 2.5
      vertex 0 69.1 2.5
    endloop
  endfacet
  facet normal 0 -0.993452 0.114247
    outer loop
      vertex 0 85.3 2.5
      vertex 2.4 86.45 12.5
      vertex 0 86.45 12.5
    endloop
  endfacet
  facet normal 0 -0.993452 0.114247
    outer loop
      vertex 2.4 86.45 12.5
      vertex 0 85.3 2.5
      vertex 2.4 85.3 2.5
    endloop
  endfacet
  facet normal 0 -1 0
    outer loop
      vertex 0 86.45 12.5
      vertex 2.4 86.45 13.5
      vertex 0 86.45 13.5
    endloop
  endfacet
  facet normal 0 -1 -0
    outer loop
      vertex 2.4 86.45 13.5
      vertex 0 86.45 12.5
      vertex 2.4 86.45 12.5
    endloop
  endfacet
  facet normal 0 1 -0
    outer loop
      vertex 2.4 67.95 12.5
      vertex 0 67.95 13.5
      vertex 2.4 67.95 13.5
    endloop
  endfacet
  facet normal 0 1 0
    outer loop
      vertex 0 67.95 13.5
      vertex 2.4 67.95 12.5
      vertex 0 67.95 12.5
    endloop
  endfacet
  facet normal 0 -0.997855 -0.0654598
    outer loop
      vertex 57.24 66.305 8
      vertex 59.64 66.2913 8.20884
      vertex 57.24 66.2913 8.20884
    endloop
  endfacet
  facet normal 0 -0.997855 -0.0654598
    outer loop
      vertex 59.64 66.2913 8.20884
      vertex 57.24 66.305 8
      vertex 59.64 66.305 8
    endloop
  endfacet
  facet normal 0 -0.321397 0.946944
    outer loop
      vertex 57.24 65.3173 6.52179
      vertex 59.64 65.1191 6.45452
      vertex 59.64 65.3173 6.52179
    endloop
  endfacet
  facet normal 0 -0.321397 0.946944
    outer loop
      vertex 59.64 65.1191 6.45452
      vertex 57.24 65.3173 6.52179
      vertex 57.24 65.1191 6.45452
    endloop
  endfacet
  facet normal 0 -0.997855 0.0654598
    outer loop
      vertex 57.24 66.2913 7.79116
      vertex 59.64 66.305 8
      vertex 57.24 66.305 8
    endloop
  endfacet
  facet normal 0 -0.997855 0.0654598
    outer loop
      vertex 59.64 66.305 8
      vertex 57.24 66.2913 7.79116
      vertex 59.64 66.2913 7.79116
    endloop
  endfacet
  facet normal 0 -0.555593 0.831454
    outer loop
      vertex 57.24 65.679 6.73063
      vertex 59.64 65.505 6.61436
      vertex 59.64 65.679 6.73063
    endloop
  endfacet
  facet normal 0 -0.555593 0.831454
    outer loop
      vertex 59.64 65.505 6.61436
      vertex 57.24 65.679 6.73063
      vertex 57.24 65.505 6.61436
    endloop
  endfacet
  facet normal -0 0.555593 0.831454
    outer loop
      vertex 57.24 63.905 6.61436
      vertex 59.64 63.731 6.73063
      vertex 59.64 63.905 6.61436
    endloop
  endfacet
  facet normal 0 0.555593 0.831454
    outer loop
      vertex 59.64 63.731 6.73063
      vertex 57.24 63.905 6.61436
      vertex 57.24 63.731 6.73063
    endloop
  endfacet
  facet normal 0 0.946891 -0.321555
    outer loop
      vertex 59.64 63.1595 8.41411
      vertex 57.24 63.2268 8.61229
      vertex 59.64 63.2268 8.61229
    endloop
  endfacet
  facet normal 0 0.946891 -0.321555
    outer loop
      vertex 57.24 63.2268 8.61229
      vertex 59.64 63.1595 8.41411
      vertex 57.24 63.1595 8.41411
    endloop
  endfacet
  facet normal 0 -0.442314 0.89686
    outer loop
      vertex 57.24 65.505 6.61436
      vertex 59.64 65.3173 6.52179
      vertex 59.64 65.505 6.61436
    endloop
  endfacet
  facet normal 0 -0.442314 0.89686
    outer loop
      vertex 59.64 65.3173 6.52179
      vertex 57.24 65.505 6.61436
      vertex 57.24 65.3173 6.52179
    endloop
  endfacet
  facet normal 0 -0.0654247 0.997858
    outer loop
      vertex 57.24 64.9138 6.41369
      vertex 59.64 64.705 6.4
      vertex 59.64 64.9138 6.41369
    endloop
  endfacet
  facet normal 0 -0.0654247 0.997858
    outer loop
      vertex 59.64 64.705 6.4
      vertex 57.24 64.9138 6.41369
      vertex 57.24 64.705 6.4
    endloop
  endfacet
  facet normal -0 0.442314 0.89686
    outer loop
      vertex 57.24 64.0927 6.52179
      vertex 59.64 63.905 6.61436
      vertex 59.64 64.0927 6.52179
    endloop
  endfacet
  facet normal 0 0.442314 0.89686
    outer loop
      vertex 59.64 63.905 6.61436
      vertex 57.24 64.0927 6.52179
      vertex 57.24 63.905 6.61436
    endloop
  endfacet
  facet normal -0 0.321397 0.946944
    outer loop
      vertex 57.24 64.2909 6.45452
      vertex 59.64 64.0927 6.52179
      vertex 59.64 64.2909 6.45452
    endloop
  endfacet
  facet normal 0 0.321397 0.946944
    outer loop
      vertex 59.64 64.0927 6.52179
      vertex 57.24 64.2909 6.45452
      vertex 57.24 64.0927 6.52179
    endloop
  endfacet
  facet normal 0 0.659248 -0.751925
    outer loop
      vertex 57.24 63.5736 9.13137
      vertex 59.64 63.731 9.26937
      vertex 59.64 63.5736 9.13137
    endloop
  endfacet
  facet normal 0 0.659248 -0.751925
    outer loop
      vertex 59.64 63.731 9.26937
      vertex 57.24 63.5736 9.13137
      vertex 57.24 63.731 9.26937
    endloop
  endfacet
  facet normal 0 0.831638 -0.555318
    outer loop
      vertex 59.64 63.3194 8.8
      vertex 57.24 63.4356 8.97402
      vertex 59.64 63.4356 8.97402
    endloop
  endfacet
  facet normal 0 0.831638 -0.555318
    outer loop
      vertex 57.24 63.4356 8.97402
      vertex 59.64 63.3194 8.8
      vertex 57.24 63.3194 8.8
    endloop
  endfacet
  facet normal 0 -0.946891 0.321555
    outer loop
      vertex 57.24 66.1832 7.38771
      vertex 59.64 66.2505 7.58589
      vertex 57.24 66.2505 7.58589
    endloop
  endfacet
  facet normal 0 -0.946891 0.321555
    outer loop
      vertex 59.64 66.2505 7.58589
      vertex 57.24 66.1832 7.38771
      vertex 59.64 66.1832 7.38771
    endloop
  endfacet
  facet normal 0 -0.659248 -0.751925
    outer loop
      vertex 57.24 65.679 9.26937
      vertex 59.64 65.8364 9.13137
      vertex 59.64 65.679 9.26937
    endloop
  endfacet
  facet normal -0 -0.659248 -0.751925
    outer loop
      vertex 59.64 65.8364 9.13137
      vertex 57.24 65.679 9.26937
      vertex 57.24 65.8364 9.13137
    endloop
  endfacet
  facet normal -0 0.659248 0.751925
    outer loop
      vertex 57.24 63.731 6.73063
      vertex 59.64 63.5736 6.86863
      vertex 59.64 63.731 6.73063
    endloop
  endfacet
  facet normal 0 0.659248 0.751925
    outer loop
      vertex 59.64 63.5736 6.86863
      vertex 57.24 63.731 6.73063
      vertex 57.24 63.5736 6.86863
    endloop
  endfacet
  facet normal 0 -0.831638 -0.555318
    outer loop
      vertex 57.24 66.0906 8.8
      vertex 59.64 65.9744 8.97402
      vertex 57.24 65.9744 8.97402
    endloop
  endfacet
  facet normal 0 -0.831638 -0.555318
    outer loop
      vertex 59.64 65.9744 8.97402
      vertex 57.24 66.0906 8.8
      vertex 59.64 66.0906 8.8
    endloop
  endfacet
  facet normal 0 -0.980813 0.194949
    outer loop
      vertex 57.24 66.2505 7.58589
      vertex 59.64 66.2913 7.79116
      vertex 57.24 66.2913 7.79116
    endloop
  endfacet
  facet normal 0 -0.980813 0.194949
    outer loop
      vertex 59.64 66.2913 7.79116
      vertex 57.24 66.2505 7.58589
      vertex 59.64 66.2505 7.58589
    endloop
  endfacet
  facet normal 0 -0.896813 -0.44241
    outer loop
      vertex 57.24 66.1832 8.61229
      vertex 59.64 66.0906 8.8
      vertex 57.24 66.0906 8.8
    endloop
  endfacet
  facet normal 0 -0.896813 -0.44241
    outer loop
      vertex 59.64 66.0906 8.8
      vertex 57.24 66.1832 8.61229
      vertex 59.64 66.1832 8.61229
    endloop
  endfacet
  facet normal 0 -0.896813 0.44241
    outer loop
      vertex 57.24 66.0906 7.2
      vertex 59.64 66.1832 7.38771
      vertex 57.24 66.1832 7.38771
    endloop
  endfacet
  facet normal 0 -0.896813 0.44241
    outer loop
      vertex 59.64 66.1832 7.38771
      vertex 57.24 66.0906 7.2
      vertex 59.64 66.0906 7.2
    endloop
  endfacet
  facet normal 0 -0.442314 -0.89686
    outer loop
      vertex 57.24 65.3173 9.47821
      vertex 59.64 65.505 9.38564
      vertex 59.64 65.3173 9.47821
    endloop
  endfacet
  facet normal -0 -0.442314 -0.89686
    outer loop
      vertex 59.64 65.505 9.38564
      vertex 57.24 65.3173 9.47821
      vertex 57.24 65.505 9.38564
    endloop
  endfacet
  facet normal 0 0.946891 0.321555
    outer loop
      vertex 59.64 63.2268 7.38771
      vertex 57.24 63.1595 7.58589
      vertex 59.64 63.1595 7.58589
    endloop
  endfacet
  facet normal 0 0.946891 0.321555
    outer loop
      vertex 57.24 63.1595 7.58589
      vertex 59.64 63.2268 7.38771
      vertex 57.24 63.2268 7.38771
    endloop
  endfacet
  facet normal 0 0.997855 -0.0654598
    outer loop
      vertex 59.64 63.105 8
      vertex 57.24 63.1187 8.20884
      vertex 59.64 63.1187 8.20884
    endloop
  endfacet
  facet normal 0 0.997855 -0.0654598
    outer loop
      vertex 57.24 63.1187 8.20884
      vertex 59.64 63.105 8
      vertex 57.24 63.105 8
    endloop
  endfacet
  facet normal 0 0.442314 -0.89686
    outer loop
      vertex 57.24 63.905 9.38564
      vertex 59.64 64.0927 9.47821
      vertex 59.64 63.905 9.38564
    endloop
  endfacet
  facet normal 0 0.442314 -0.89686
    outer loop
      vertex 59.64 64.0927 9.47821
      vertex 57.24 63.905 9.38564
      vertex 57.24 64.0927 9.47821
    endloop
  endfacet
  facet normal -0 0.195059 0.980791
    outer loop
      vertex 57.24 64.4962 6.41369
      vertex 59.64 64.2909 6.45452
      vertex 59.64 64.4962 6.41369
    endloop
  endfacet
  facet normal 0 0.195059 0.980791
    outer loop
      vertex 59.64 64.2909 6.45452
      vertex 57.24 64.4962 6.41369
      vertex 57.24 64.2909 6.45452
    endloop
  endfacet
  facet normal 0 0.751821 -0.659367
    outer loop
      vertex 59.64 63.4356 8.97402
      vertex 57.24 63.5736 9.13137
      vertex 59.64 63.5736 9.13137
    endloop
  endfacet
  facet normal 0 0.751821 -0.659367
    outer loop
      vertex 57.24 63.5736 9.13137
      vertex 59.64 63.4356 8.97402
      vertex 57.24 63.4356 8.97402
    endloop
  endfacet
  facet normal 0 0.0654247 -0.997858
    outer loop
      vertex 57.24 64.4962 9.58631
      vertex 59.64 64.705 9.6
      vertex 59.64 64.4962 9.58631
    endloop
  endfacet
  facet normal 0 0.0654247 -0.997858
    outer loop
      vertex 59.64 64.705 9.6
      vertex 57.24 64.4962 9.58631
      vertex 57.24 64.705 9.6
    endloop
  endfacet
  facet normal 0 0.831638 0.555318
    outer loop
      vertex 59.64 63.4356 7.02598
      vertex 57.24 63.3194 7.2
      vertex 59.64 63.3194 7.2
    endloop
  endfacet
  facet normal 0 0.831638 0.555318
    outer loop
      vertex 57.24 63.3194 7.2
      vertex 59.64 63.4356 7.02598
      vertex 57.24 63.4356 7.02598
    endloop
  endfacet
  facet normal 0 0.980813 0.194949
    outer loop
      vertex 59.64 63.1595 7.58589
      vertex 57.24 63.1187 7.79116
      vertex 59.64 63.1187 7.79116
    endloop
  endfacet
  facet normal 0 0.980813 0.194949
    outer loop
      vertex 57.24 63.1187 7.79116
      vertex 59.64 63.1595 7.58589
      vertex 57.24 63.1595 7.58589
    endloop
  endfacet
  facet normal 0 -0.659248 0.751925
    outer loop
      vertex 57.24 65.8364 6.86863
      vertex 59.64 65.679 6.73063
      vertex 59.64 65.8364 6.86863
    endloop
  endfacet
  facet normal 0 -0.659248 0.751925
    outer loop
      vertex 59.64 65.679 6.73063
      vertex 57.24 65.8364 6.86863
      vertex 57.24 65.679 6.73063
    endloop
  endfacet
  facet normal -0 0.0654247 0.997858
    outer loop
      vertex 57.24 64.705 6.4
      vertex 59.64 64.4962 6.41369
      vertex 59.64 64.705 6.4
    endloop
  endfacet
  facet normal 0 0.0654247 0.997858
    outer loop
      vertex 59.64 64.4962 6.41369
      vertex 57.24 64.705 6.4
      vertex 57.24 64.4962 6.41369
    endloop
  endfacet
  facet normal 0 -0.195059 0.980791
    outer loop
      vertex 57.24 65.1191 6.45452
      vertex 59.64 64.9138 6.41369
      vertex 59.64 65.1191 6.45452
    endloop
  endfacet
  facet normal 0 -0.195059 0.980791
    outer loop
      vertex 59.64 64.9138 6.41369
      vertex 57.24 65.1191 6.45452
      vertex 57.24 64.9138 6.41369
    endloop
  endfacet
  facet normal 0 0.195059 -0.980791
    outer loop
      vertex 57.24 64.2909 9.54548
      vertex 59.64 64.4962 9.58631
      vertex 59.64 64.2909 9.54548
    endloop
  endfacet
  facet normal 0 0.195059 -0.980791
    outer loop
      vertex 59.64 64.4962 9.58631
      vertex 57.24 64.2909 9.54548
      vertex 57.24 64.4962 9.58631
    endloop
  endfacet
  facet normal 0 -0.946891 -0.321555
    outer loop
      vertex 57.24 66.2505 8.41411
      vertex 59.64 66.1832 8.61229
      vertex 57.24 66.1832 8.61229
    endloop
  endfacet
  facet normal 0 -0.946891 -0.321555
    outer loop
      vertex 59.64 66.1832 8.61229
      vertex 57.24 66.2505 8.41411
      vertex 59.64 66.2505 8.41411
    endloop
  endfacet
  facet normal 0 -0.980813 -0.194949
    outer loop
      vertex 57.24 66.2913 8.20884
      vertex 59.64 66.2505 8.41411
      vertex 57.24 66.2505 8.41411
    endloop
  endfacet
  facet normal 0 -0.980813 -0.194949
    outer loop
      vertex 59.64 66.2505 8.41411
      vertex 57.24 66.2913 8.20884
      vertex 59.64 66.2913 8.20884
    endloop
  endfacet
  facet normal 0 0.896813 0.44241
    outer loop
      vertex 59.64 63.3194 7.2
      vertex 57.24 63.2268 7.38771
      vertex 59.64 63.2268 7.38771
    endloop
  endfacet
  facet normal 0 0.896813 0.44241
    outer loop
      vertex 57.24 63.2268 7.38771
      vertex 59.64 63.3194 7.2
      vertex 57.24 63.3194 7.2
    endloop
  endfacet
  facet normal 0 -0.321397 -0.946944
    outer loop
      vertex 57.24 65.1191 9.54548
      vertex 59.64 65.3173 9.47821
      vertex 59.64 65.1191 9.54548
    endloop
  endfacet
  facet normal -0 -0.321397 -0.946944
    outer loop
      vertex 59.64 65.3173 9.47821
      vertex 57.24 65.1191 9.54548
      vertex 57.24 65.3173 9.47821
    endloop
  endfacet
  facet normal 0 -0.751821 0.659367
    outer loop
      vertex 57.24 65.8364 6.86863
      vertex 59.64 65.9744 7.02598
      vertex 57.24 65.9744 7.02598
    endloop
  endfacet
  facet normal 0 -0.751821 0.659367
    outer loop
      vertex 59.64 65.9744 7.02598
      vertex 57.24 65.8364 6.86863
      vertex 59.64 65.8364 6.86863
    endloop
  endfacet
  facet normal 0 -0.195059 -0.980791
    outer loop
      vertex 57.24 64.9138 9.58631
      vertex 59.64 65.1191 9.54548
      vertex 59.64 64.9138 9.58631
    endloop
  endfacet
  facet normal -0 -0.195059 -0.980791
    outer loop
      vertex 59.64 65.1191 9.54548
      vertex 57.24 64.9138 9.58631
      vertex 57.24 65.1191 9.54548
    endloop
  endfacet
  facet normal 0 0.980813 -0.194949
    outer loop
      vertex 59.64 63.1187 8.20884
      vertex 57.24 63.1595 8.41411
      vertex 59.64 63.1595 8.41411
    endloop
  endfacet
  facet normal 0 0.980813 -0.194949
    outer loop
      vertex 57.24 63.1595 8.41411
      vertex 59.64 63.1187 8.20884
      vertex 57.24 63.1187 8.20884
    endloop
  endfacet
  facet normal 0 -0.831638 0.555318
    outer loop
      vertex 57.24 65.9744 7.02598
      vertex 59.64 66.0906 7.2
      vertex 57.24 66.0906 7.2
    endloop
  endfacet
  facet normal 0 -0.831638 0.555318
    outer loop
      vertex 59.64 66.0906 7.2
      vertex 57.24 65.9744 7.02598
      vertex 59.64 65.9744 7.02598
    endloop
  endfacet
  facet normal 0 0.321397 -0.946944
    outer loop
      vertex 57.24 64.0927 9.47821
      vertex 59.64 64.2909 9.54548
      vertex 59.64 64.0927 9.47821
    endloop
  endfacet
  facet normal 0 0.321397 -0.946944
    outer loop
      vertex 59.64 64.2909 9.54548
      vertex 57.24 64.0927 9.47821
      vertex 57.24 64.2909 9.54548
    endloop
  endfacet
  facet normal 0 -0.751821 -0.659367
    outer loop
      vertex 57.24 65.9744 8.97402
      vertex 59.64 65.8364 9.13137
      vertex 57.24 65.8364 9.13137
    endloop
  endfacet
  facet normal 0 -0.751821 -0.659367
    outer loop
      vertex 59.64 65.8364 9.13137
      vertex 57.24 65.9744 8.97402
      vertex 59.64 65.9744 8.97402
    endloop
  endfacet
  facet normal 0 -0.0654247 -0.997858
    outer loop
      vertex 57.24 64.705 9.6
      vertex 59.64 64.9138 9.58631
      vertex 59.64 64.705 9.6
    endloop
  endfacet
  facet normal -0 -0.0654247 -0.997858
    outer loop
      vertex 59.64 64.9138 9.58631
      vertex 57.24 64.705 9.6
      vertex 57.24 64.9138 9.58631
    endloop
  endfacet
  facet normal 0 0.997855 0.0654598
    outer loop
      vertex 59.64 63.1187 7.79116
      vertex 57.24 63.105 8
      vertex 59.64 63.105 8
    endloop
  endfacet
  facet normal 0 0.997855 0.0654598
    outer loop
      vertex 57.24 63.105 8
      vertex 59.64 63.1187 7.79116
      vertex 57.24 63.1187 7.79116
    endloop
  endfacet
  facet normal 0 0.896813 -0.44241
    outer loop
      vertex 59.64 63.2268 8.61229
      vertex 57.24 63.3194 8.8
      vertex 59.64 63.3194 8.8
    endloop
  endfacet
  facet normal 0 0.896813 -0.44241
    outer loop
      vertex 57.24 63.3194 8.8
      vertex 59.64 63.2268 8.61229
      vertex 57.24 63.2268 8.61229
    endloop
  endfacet
  facet normal 0 0.751821 0.659367
    outer loop
      vertex 59.64 63.5736 6.86863
      vertex 57.24 63.4356 7.02598
      vertex 59.64 63.4356 7.02598
    endloop
  endfacet
  facet normal 0 0.751821 0.659367
    outer loop
      vertex 57.24 63.4356 7.02598
      vertex 59.64 63.5736 6.86863
      vertex 57.24 63.5736 6.86863
    endloop
  endfacet
  facet normal 0 -0.555593 -0.831454
    outer loop
      vertex 57.24 65.505 9.38564
      vertex 59.64 65.679 9.26937
      vertex 59.64 65.505 9.38564
    endloop
  endfacet
  facet normal -0 -0.555593 -0.831454
    outer loop
      vertex 59.64 65.679 9.26937
      vertex 57.24 65.505 9.38564
      vertex 57.24 65.679 9.26937
    endloop
  endfacet
  facet normal 0 0.555593 -0.831454
    outer loop
      vertex 57.24 63.731 9.26937
      vertex 59.64 63.905 9.38564
      vertex 59.64 63.731 9.26937
    endloop
  endfacet
  facet normal 0 0.555593 -0.831454
    outer loop
      vertex 59.64 63.905 9.38564
      vertex 57.24 63.731 9.26937
      vertex 57.24 63.905 9.38564
    endloop
  endfacet
  facet normal 0 -0.321397 0.946944
    outer loop
      vertex 57.24 90.3073 6.52179
      vertex 59.64 90.1091 6.45452
      vertex 59.64 90.3073 6.52179
    endloop
  endfacet
  facet normal 0 -0.321397 0.946944
    outer loop
      vertex 59.64 90.1091 6.45452
      vertex 57.24 90.3073 6.52179
      vertex 57.24 90.1091 6.45452
    endloop
  endfacet
  facet normal 0 -0.555593 0.831454
    outer loop
      vertex 57.24 90.669 6.73063
      vertex 59.64 90.495 6.61436
      vertex 59.64 90.669 6.73063
    endloop
  endfacet
  facet normal 0 -0.555593 0.831454
    outer loop
      vertex 59.64 90.495 6.61436
      vertex 57.24 90.669 6.73063
      vertex 57.24 90.495 6.61436
    endloop
  endfacet
  facet normal 0 -0.946891 0.321555
    outer loop
      vertex 57.24 91.1732 7.38771
      vertex 59.64 91.2405 7.58589
      vertex 57.24 91.2405 7.58589
    endloop
  endfacet
  facet normal 0 -0.946891 0.321555
    outer loop
      vertex 59.64 91.2405 7.58589
      vertex 57.24 91.1732 7.38771
      vertex 59.64 91.1732 7.38771
    endloop
  endfacet
  facet normal 0 -0.896813 0.44241
    outer loop
      vertex 57.24 91.0806 7.2
      vertex 59.64 91.1732 7.38771
      vertex 57.24 91.1732 7.38771
    endloop
  endfacet
  facet normal 0 -0.896813 0.44241
    outer loop
      vertex 59.64 91.1732 7.38771
      vertex 57.24 91.0806 7.2
      vertex 59.64 91.0806 7.2
    endloop
  endfacet
  facet normal 0 -0.0654247 0.997858
    outer loop
      vertex 57.24 89.9038 6.41369
      vertex 59.64 89.695 6.4
      vertex 59.64 89.9038 6.41369
    endloop
  endfacet
  facet normal 0 -0.0654247 0.997858
    outer loop
      vertex 59.64 89.695 6.4
      vertex 57.24 89.9038 6.41369
      vertex 57.24 89.695 6.4
    endloop
  endfacet
  facet normal -0 0.195059 0.980791
    outer loop
      vertex 57.24 89.4862 6.41369
      vertex 59.64 89.2809 6.45452
      vertex 59.64 89.4862 6.41369
    endloop
  endfacet
  facet normal 0 0.195059 0.980791
    outer loop
      vertex 59.64 89.2809 6.45452
      vertex 57.24 89.4862 6.41369
      vertex 57.24 89.2809 6.45452
    endloop
  endfacet
  facet normal 0 -0.831638 -0.555318
    outer loop
      vertex 57.24 91.0806 8.8
      vertex 59.64 90.9644 8.97402
      vertex 57.24 90.9644 8.97402
    endloop
  endfacet
  facet normal 0 -0.831638 -0.555318
    outer loop
      vertex 59.64 90.9644 8.97402
      vertex 57.24 91.0806 8.8
      vertex 59.64 91.0806 8.8
    endloop
  endfacet
  facet normal -0 0.321397 0.946944
    outer loop
      vertex 57.24 89.2809 6.45452
      vertex 59.64 89.0827 6.52179
      vertex 59.64 89.2809 6.45452
    endloop
  endfacet
  facet normal 0 0.321397 0.946944
    outer loop
      vertex 59.64 89.0827 6.52179
      vertex 57.24 89.2809 6.45452
      vertex 57.24 89.0827 6.52179
    endloop
  endfacet
  facet normal 0 0.896813 0.44241
    outer loop
      vertex 59.64 88.3094 7.2
      vertex 57.24 88.2168 7.38771
      vertex 59.64 88.2168 7.38771
    endloop
  endfacet
  facet normal 0 0.896813 0.44241
    outer loop
      vertex 57.24 88.2168 7.38771
      vertex 59.64 88.3094 7.2
      vertex 57.24 88.3094 7.2
    endloop
  endfacet
  facet normal 0 -0.751821 -0.659367
    outer loop
      vertex 57.24 90.9644 8.97402
      vertex 59.64 90.8264 9.13137
      vertex 57.24 90.8264 9.13137
    endloop
  endfacet
  facet normal 0 -0.751821 -0.659367
    outer loop
      vertex 59.64 90.8264 9.13137
      vertex 57.24 90.9644 8.97402
      vertex 59.64 90.9644 8.97402
    endloop
  endfacet
  facet normal 0 -0.442314 0.89686
    outer loop
      vertex 57.24 90.495 6.61436
      vertex 59.64 90.3073 6.52179
      vertex 59.64 90.495 6.61436
    endloop
  endfacet
  facet normal 0 -0.442314 0.89686
    outer loop
      vertex 59.64 90.3073 6.52179
      vertex 57.24 90.495 6.61436
      vertex 57.24 90.3073 6.52179
    endloop
  endfacet
  facet normal 0 -0.980813 -0.194949
    outer loop
      vertex 57.24 91.2813 8.20884
      vertex 59.64 91.2405 8.41411
      vertex 57.24 91.2405 8.41411
    endloop
  endfacet
  facet normal 0 -0.980813 -0.194949
    outer loop
      vertex 59.64 91.2405 8.41411
      vertex 57.24 91.2813 8.20884
      vertex 59.64 91.2813 8.20884
    endloop
  endfacet
  facet normal 0 -0.442314 -0.89686
    outer loop
      vertex 57.24 90.3073 9.47821
      vertex 59.64 90.495 9.38564
      vertex 59.64 90.3073 9.47821
    endloop
  endfacet
  facet normal -0 -0.442314 -0.89686
    outer loop
      vertex 59.64 90.495 9.38564
      vertex 57.24 90.3073 9.47821
      vertex 57.24 90.495 9.38564
    endloop
  endfacet
  facet normal 0 0.997855 0.0654598
    outer loop
      vertex 59.64 88.1087 7.79116
      vertex 57.24 88.095 8
      vertex 59.64 88.095 8
    endloop
  endfacet
  facet normal 0 0.997855 0.0654598
    outer loop
      vertex 57.24 88.095 8
      vertex 59.64 88.1087 7.79116
      vertex 57.24 88.1087 7.79116
    endloop
  endfacet
  facet normal 0 -0.896813 -0.44241
    outer loop
      vertex 57.24 91.1732 8.61229
      vertex 59.64 91.0806 8.8
      vertex 57.24 91.0806 8.8
    endloop
  endfacet
  facet normal 0 -0.896813 -0.44241
    outer loop
      vertex 59.64 91.0806 8.8
      vertex 57.24 91.1732 8.61229
      vertex 59.64 91.1732 8.61229
    endloop
  endfacet
  facet normal -0 0.555593 0.831454
    outer loop
      vertex 57.24 88.895 6.61436
      vertex 59.64 88.721 6.73063
      vertex 59.64 88.895 6.61436
    endloop
  endfacet
  facet normal 0 0.555593 0.831454
    outer loop
      vertex 59.64 88.721 6.73063
      vertex 57.24 88.895 6.61436
      vertex 57.24 88.721 6.73063
    endloop
  endfacet
  facet normal 0 0.442314 -0.89686
    outer loop
      vertex 57.24 88.895 9.38564
      vertex 59.64 89.0827 9.47821
      vertex 59.64 88.895 9.38564
    endloop
  endfacet
  facet normal 0 0.442314 -0.89686
    outer loop
      vertex 59.64 89.0827 9.47821
      vertex 57.24 88.895 9.38564
      vertex 57.24 89.0827 9.47821
    endloop
  endfacet
  facet normal 0 0.195059 -0.980791
    outer loop
      vertex 57.24 89.2809 9.54548
      vertex 59.64 89.4862 9.58631
      vertex 59.64 89.2809 9.54548
    endloop
  endfacet
  facet normal 0 0.195059 -0.980791
    outer loop
      vertex 59.64 89.4862 9.58631
      vertex 57.24 89.2809 9.54548
      vertex 57.24 89.4862 9.58631
    endloop
  endfacet
  facet normal 0 0.831638 -0.555318
    outer loop
      vertex 59.64 88.3094 8.8
      vertex 57.24 88.4256 8.97402
      vertex 59.64 88.4256 8.97402
    endloop
  endfacet
  facet normal 0 0.831638 -0.555318
    outer loop
      vertex 57.24 88.4256 8.97402
      vertex 59.64 88.3094 8.8
      vertex 57.24 88.3094 8.8
    endloop
  endfacet
  facet normal 0 -0.980813 0.194949
    outer loop
      vertex 57.24 91.2405 7.58589
      vertex 59.64 91.2813 7.79116
      vertex 57.24 91.2813 7.79116
    endloop
  endfacet
  facet normal 0 -0.980813 0.194949
    outer loop
      vertex 59.64 91.2813 7.79116
      vertex 57.24 91.2405 7.58589
      vertex 59.64 91.2405 7.58589
    endloop
  endfacet
  facet normal 0 0.980813 0.194949
    outer loop
      vertex 59.64 88.1495 7.58589
      vertex 57.24 88.1087 7.79116
      vertex 59.64 88.1087 7.79116
    endloop
  endfacet
  facet normal 0 0.980813 0.194949
    outer loop
      vertex 57.24 88.1087 7.79116
      vertex 59.64 88.1495 7.58589
      vertex 57.24 88.1495 7.58589
    endloop
  endfacet
  facet normal 0 0.659248 -0.751925
    outer loop
      vertex 57.24 88.5636 9.13137
      vertex 59.64 88.721 9.26937
      vertex 59.64 88.5636 9.13137
    endloop
  endfacet
  facet normal 0 0.659248 -0.751925
    outer loop
      vertex 59.64 88.721 9.26937
      vertex 57.24 88.5636 9.13137
      vertex 57.24 88.721 9.26937
    endloop
  endfacet
  facet normal 0 -0.751821 0.659367
    outer loop
      vertex 57.24 90.8264 6.86863
      vertex 59.64 90.9644 7.02598
      vertex 57.24 90.9644 7.02598
    endloop
  endfacet
  facet normal 0 -0.751821 0.659367
    outer loop
      vertex 59.64 90.9644 7.02598
      vertex 57.24 90.8264 6.86863
      vertex 59.64 90.8264 6.86863
    endloop
  endfacet
  facet normal 0 -0.997855 -0.0654598
    outer loop
      vertex 57.24 91.295 8
      vertex 59.64 91.2813 8.20884
      vertex 57.24 91.2813 8.20884
    endloop
  endfacet
  facet normal 0 -0.997855 -0.0654598
    outer loop
      vertex 59.64 91.2813 8.20884
      vertex 57.24 91.295 8
      vertex 59.64 91.295 8
    endloop
  endfacet
  facet normal 0 -0.659248 -0.751925
    outer loop
      vertex 57.24 90.669 9.26937
      vertex 59.64 90.8264 9.13137
      vertex 59.64 90.669 9.26937
    endloop
  endfacet
  facet normal -0 -0.659248 -0.751925
    outer loop
      vertex 59.64 90.8264 9.13137
      vertex 57.24 90.669 9.26937
      vertex 57.24 90.8264 9.13137
    endloop
  endfacet
  facet normal -0 0.0654247 0.997858
    outer loop
      vertex 57.24 89.695 6.4
      vertex 59.64 89.4862 6.41369
      vertex 59.64 89.695 6.4
    endloop
  endfacet
  facet normal 0 0.0654247 0.997858
    outer loop
      vertex 59.64 89.4862 6.41369
      vertex 57.24 89.695 6.4
      vertex 57.24 89.4862 6.41369
    endloop
  endfacet
  facet normal -0 0.659248 0.751925
    outer loop
      vertex 57.24 88.721 6.73063
      vertex 59.64 88.5636 6.86863
      vertex 59.64 88.721 6.73063
    endloop
  endfacet
  facet normal 0 0.659248 0.751925
    outer loop
      vertex 59.64 88.5636 6.86863
      vertex 57.24 88.721 6.73063
      vertex 57.24 88.5636 6.86863
    endloop
  endfacet
  facet normal 0 0.980813 -0.194949
    outer loop
      vertex 59.64 88.1087 8.20884
      vertex 57.24 88.1495 8.41411
      vertex 59.64 88.1495 8.41411
    endloop
  endfacet
  facet normal 0 0.980813 -0.194949
    outer loop
      vertex 57.24 88.1495 8.41411
      vertex 59.64 88.1087 8.20884
      vertex 57.24 88.1087 8.20884
    endloop
  endfacet
  facet normal 0 -0.195059 0.980791
    outer loop
      vertex 57.24 90.1091 6.45452
      vertex 59.64 89.9038 6.41369
      vertex 59.64 90.1091 6.45452
    endloop
  endfacet
  facet normal 0 -0.195059 0.980791
    outer loop
      vertex 59.64 89.9038 6.41369
      vertex 57.24 90.1091 6.45452
      vertex 57.24 89.9038 6.41369
    endloop
  endfacet
  facet normal 0 0.946891 0.321555
    outer loop
      vertex 59.64 88.2168 7.38771
      vertex 57.24 88.1495 7.58589
      vertex 59.64 88.1495 7.58589
    endloop
  endfacet
  facet normal 0 0.946891 0.321555
    outer loop
      vertex 57.24 88.1495 7.58589
      vertex 59.64 88.2168 7.38771
      vertex 57.24 88.2168 7.38771
    endloop
  endfacet
  facet normal 0 0.896813 -0.44241
    outer loop
      vertex 59.64 88.2168 8.61229
      vertex 57.24 88.3094 8.8
      vertex 59.64 88.3094 8.8
    endloop
  endfacet
  facet normal 0 0.896813 -0.44241
    outer loop
      vertex 57.24 88.3094 8.8
      vertex 59.64 88.2168 8.61229
      vertex 57.24 88.2168 8.61229
    endloop
  endfacet
  facet normal 0 0.555593 -0.831454
    outer loop
      vertex 57.24 88.721 9.26937
      vertex 59.64 88.895 9.38564
      vertex 59.64 88.721 9.26937
    endloop
  endfacet
  facet normal 0 0.555593 -0.831454
    outer loop
      vertex 59.64 88.895 9.38564
      vertex 57.24 88.721 9.26937
      vertex 57.24 88.895 9.38564
    endloop
  endfacet
  facet normal -0 0.442314 0.89686
    outer loop
      vertex 57.24 89.0827 6.52179
      vertex 59.64 88.895 6.61436
      vertex 59.64 89.0827 6.52179
    endloop
  endfacet
  facet normal 0 0.442314 0.89686
    outer loop
      vertex 59.64 88.895 6.61436
      vertex 57.24 89.0827 6.52179
      vertex 57.24 88.895 6.61436
    endloop
  endfacet
  facet normal 0 0.946891 -0.321555
    outer loop
      vertex 59.64 88.1495 8.41411
      vertex 57.24 88.2168 8.61229
      vertex 59.64 88.2168 8.61229
    endloop
  endfacet
  facet normal 0 0.946891 -0.321555
    outer loop
      vertex 57.24 88.2168 8.61229
      vertex 59.64 88.1495 8.41411
      vertex 57.24 88.1495 8.41411
    endloop
  endfacet
  facet normal 0 -0.997855 0.0654598
    outer loop
      vertex 57.24 91.2813 7.79116
      vertex 59.64 91.295 8
      vertex 57.24 91.295 8
    endloop
  endfacet
  facet normal 0 -0.997855 0.0654598
    outer loop
      vertex 59.64 91.295 8
      vertex 57.24 91.2813 7.79116
      vertex 59.64 91.2813 7.79116
    endloop
  endfacet
  facet normal 0 0.997855 -0.0654598
    outer loop
      vertex 59.64 88.095 8
      vertex 57.24 88.1087 8.20884
      vertex 59.64 88.1087 8.20884
    endloop
  endfacet
  facet normal 0 0.997855 -0.0654598
    outer loop
      vertex 57.24 88.1087 8.20884
      vertex 59.64 88.095 8
      vertex 57.24 88.095 8
    endloop
  endfacet
  facet normal 0 -0.195059 -0.980791
    outer loop
      vertex 57.24 89.9038 9.58631
      vertex 59.64 90.1091 9.54548
      vertex 59.64 89.9038 9.58631
    endloop
  endfacet
  facet normal -0 -0.195059 -0.980791
    outer loop
      vertex 59.64 90.1091 9.54548
      vertex 57.24 89.9038 9.58631
      vertex 57.24 90.1091 9.54548
    endloop
  endfacet
  facet normal 0 -0.831638 0.555318
    outer loop
      vertex 57.24 90.9644 7.02598
      vertex 59.64 91.0806 7.2
      vertex 57.24 91.0806 7.2
    endloop
  endfacet
  facet normal 0 -0.831638 0.555318
    outer loop
      vertex 59.64 91.0806 7.2
      vertex 57.24 90.9644 7.02598
      vertex 59.64 90.9644 7.02598
    endloop
  endfacet
  facet normal 0 -0.946891 -0.321555
    outer loop
      vertex 57.24 91.2405 8.41411
      vertex 59.64 91.1732 8.61229
      vertex 57.24 91.1732 8.61229
    endloop
  endfacet
  facet normal 0 -0.946891 -0.321555
    outer loop
      vertex 59.64 91.1732 8.61229
      vertex 57.24 91.2405 8.41411
      vertex 59.64 91.2405 8.41411
    endloop
  endfacet
  facet normal 0 0.321397 -0.946944
    outer loop
      vertex 57.24 89.0827 9.47821
      vertex 59.64 89.2809 9.54548
      vertex 59.64 89.0827 9.47821
    endloop
  endfacet
  facet normal 0 0.321397 -0.946944
    outer loop
      vertex 59.64 89.2809 9.54548
      vertex 57.24 89.0827 9.47821
      vertex 57.24 89.2809 9.54548
    endloop
  endfacet
  facet normal 0 -0.0654247 -0.997858
    outer loop
      vertex 57.24 89.695 9.6
      vertex 59.64 89.9038 9.58631
      vertex 59.64 89.695 9.6
    endloop
  endfacet
  facet normal -0 -0.0654247 -0.997858
    outer loop
      vertex 59.64 89.9038 9.58631
      vertex 57.24 89.695 9.6
      vertex 57.24 89.9038 9.58631
    endloop
  endfacet
  facet normal 0 0.751821 0.659367
    outer loop
      vertex 59.64 88.5636 6.86863
      vertex 57.24 88.4256 7.02598
      vertex 59.64 88.4256 7.02598
    endloop
  endfacet
  facet normal 0 0.751821 0.659367
    outer loop
      vertex 57.24 88.4256 7.02598
      vertex 59.64 88.5636 6.86863
      vertex 57.24 88.5636 6.86863
    endloop
  endfacet
  facet normal 0 0.831638 0.555318
    outer loop
      vertex 59.64 88.4256 7.02598
      vertex 57.24 88.3094 7.2
      vertex 59.64 88.3094 7.2
    endloop
  endfacet
  facet normal 0 0.831638 0.555318
    outer loop
      vertex 57.24 88.3094 7.2
      vertex 59.64 88.4256 7.02598
      vertex 57.24 88.4256 7.02598
    endloop
  endfacet
  facet normal 0 -0.659248 0.751925
    outer loop
      vertex 57.24 90.8264 6.86863
      vertex 59.64 90.669 6.73063
      vertex 59.64 90.8264 6.86863
    endloop
  endfacet
  facet normal 0 -0.659248 0.751925
    outer loop
      vertex 59.64 90.669 6.73063
      vertex 57.24 90.8264 6.86863
      vertex 57.24 90.669 6.73063
    endloop
  endfacet
  facet normal 0 0.751821 -0.659367
    outer loop
      vertex 59.64 88.4256 8.97402
      vertex 57.24 88.5636 9.13137
      vertex 59.64 88.5636 9.13137
    endloop
  endfacet
  facet normal 0 0.751821 -0.659367
    outer loop
      vertex 57.24 88.5636 9.13137
      vertex 59.64 88.4256 8.97402
      vertex 57.24 88.4256 8.97402
    endloop
  endfacet
  facet normal 0 -0.321397 -0.946944
    outer loop
      vertex 57.24 90.1091 9.54548
      vertex 59.64 90.3073 9.47821
      vertex 59.64 90.1091 9.54548
    endloop
  endfacet
  facet normal -0 -0.321397 -0.946944
    outer loop
      vertex 59.64 90.3073 9.47821
      vertex 57.24 90.1091 9.54548
      vertex 57.24 90.3073 9.47821
    endloop
  endfacet
  facet normal 0 0.0654247 -0.997858
    outer loop
      vertex 57.24 89.4862 9.58631
      vertex 59.64 89.695 9.6
      vertex 59.64 89.4862 9.58631
    endloop
  endfacet
  facet normal 0 0.0654247 -0.997858
    outer loop
      vertex 59.64 89.695 9.6
      vertex 57.24 89.4862 9.58631
      vertex 57.24 89.695 9.6
    endloop
  endfacet
  facet normal 0 -0.555593 -0.831454
    outer loop
      vertex 57.24 90.495 9.38564
      vertex 59.64 90.669 9.26937
      vertex 59.64 90.495 9.38564
    endloop
  endfacet
  facet normal -0 -0.555593 -0.831454
    outer loop
      vertex 59.64 90.669 9.26937
      vertex 57.24 90.495 9.38564
      vertex 57.24 90.669 9.26937
    endloop
  endfacet
  facet normal 0 0 -1
    outer loop
      vertex 57.24 67.95 13.5
      vertex 59.64 86.45 13.5
      vertex 59.64 67.95 13.5
    endloop
  endfacet
  facet normal -0 0 -1
    outer loop
      vertex 59.64 86.45 13.5
      vertex 57.24 67.95 13.5
      vertex 57.24 86.45 13.5
    endloop
  endfacet
  facet normal 0 0.993452 0.114247
    outer loop
      vertex 59.64 69.1 2.5
      vertex 57.24 67.95 12.5
      vertex 59.64 67.95 12.5
    endloop
  endfacet
  facet normal 0 0.993452 0.114247
    outer loop
      vertex 57.24 67.95 12.5
      vertex 59.64 69.1 2.5
      vertex 57.24 69.1 2.5
    endloop
  endfacet
  facet normal -0 0 1
    outer loop
      vertex 57.24 85.3 2.5
      vertex 59.64 69.1 2.5
      vertex 59.64 85.3 2.5
    endloop
  endfacet
  facet normal 0 0 1
    outer loop
      vertex 59.64 69.1 2.5
      vertex 57.24 85.3 2.5
      vertex 57.24 69.1 2.5
    endloop
  endfacet
  facet normal 0 -0.993452 0.114247
    outer loop
      vertex 57.24 85.3 2.5
      vertex 59.64 86.45 12.5
      vertex 57.24 86.45 12.5
    endloop
  endfacet
  facet normal 0 -0.993452 0.114247
    outer loop
      vertex 59.64 86.45 12.5
      vertex 57.24 85.3 2.5
      vertex 59.64 85.3 2.5
    endloop
  endfacet
  facet normal 0 -1 0
    outer loop
      vertex 57.24 86.45 12.5
      vertex 59.64 86.45 13.5
      vertex 57.24 86.45 13.5
    endloop
  endfacet
  facet normal 0 -1 -0
    outer loop
      vertex 59.64 86.45 13.5
      vertex 57.24 86.45 12.5
      vertex 59.64 86.45 12.5
    endloop
  endfacet
  facet normal 0 1 -0
    outer loop
      vertex 59.64 67.95 12.5
      vertex 57.24 67.95 13.5
      vertex 59.64 67.95 13.5
    endloop
  endfacet
  facet normal 0 1 0
    outer loop
      vertex 57.24 67.95 13.5
      vertex 59.64 67.95 12.5
      vertex 57.24 67.95 12.5
    endloop
  endfacet
  facet normal 0 0 1
    outer loop
      vertex 2.4 14 6.275
      vertex 0 14 6.275
      vertex 2.4 4 6.275
    endloop
  endfacet
  facet normal 0 0 -0
    outer loop
      vertex 2.4 4 6.275
      vertex 0 4 6.275
      vertex 3.4 4 6.275
    endloop
  endfacet
  facet normal 0 0 1
    outer loop
      vertex 0 4 6.275
      vertex 2.4 4 6.275
      vertex 0 14 6.275
    endloop
  endfacet
  facet normal 0 -1 0
    outer loop
      vertex 0 14 6.275
      vertex 2.4 14 15
      vertex 0 14 15
    endloop
  endfacet
  facet normal 0 -1 -0
    outer loop
      vertex 2.4 14 15
      vertex 0 14 6.275
      vertex 2.4 14 6.275
    endloop
  endfacet
  facet normal 0 1 -0
    outer loop
      vertex 3.4 4 6.275
      vertex 0 4 15
      vertex 3.4 4 15
    endloop
  endfacet
  facet normal 0 1 0
    outer loop
      vertex 0 4 15
      vertex 3.4 4 6.275
      vertex 0 4 6.275
    endloop
  endfacet
  facet normal -0 0 1
    outer loop
      vertex 57.24 10 7.775
      vertex 59.64 7.5 7.775
      vertex 59.64 10 7.775
    endloop
  endfacet
  facet normal 0 0 1
    outer loop
      vertex 59.64 7.5 7.775
      vertex 57.24 10 7.775
      vertex 57.24 7.5 7.775
    endloop
  endfacet
  facet normal 1 -0 0
    outer loop
      vertex 56.24 12.9 4.6
      vertex 56.24 14.5 3.775
      vertex 56.24 14.5 4.6
    endloop
  endfacet
  facet normal 1 0 0
    outer loop
      vertex 56.24 14.5 3.775
      vertex 56.24 12.9 4.6
      vertex 56.24 12.9 3.775
    endloop
  endfacet
  facet normal 0 1 -0
    outer loop
      vertex 59.64 7.5 7.775
      vertex 57.24 7.5 15
      vertex 59.64 7.5 15
    endloop
  endfacet
  facet normal 0 1 0
    outer loop
      vertex 57.24 7.5 15
      vertex 59.64 7.5 7.775
      vertex 57.24 7.5 7.775
    endloop
  endfacet
  facet normal -0 0 1
    outer loop
      vertex 56.24 14.5 3.775
      vertex 57.24 12.9 3.775
      vertex 57.24 14.5 3.775
    endloop
  endfacet
  facet normal 0 0 1
    outer loop
      vertex 57.24 12.9 3.775
      vertex 56.24 14.5 3.775
      vertex 56.24 12.9 3.775
    endloop
  endfacet
  facet normal 0 0 1
    outer loop
      vertex 57.24 14.5 3.775
      vertex 59.64 15.3 3.775
      vertex 57.24 15.3 3.775
    endloop
  endfacet
  facet normal 0 0 1
    outer loop
      vertex 57.24 12.9 3.775
      vertex 59.64 15.3 3.775
      vertex 57.24 14.5 3.775
    endloop
  endfacet
  facet normal 0 0 1
    outer loop
      vertex 59.64 15.3 3.775
      vertex 57.24 12.9 3.775
      vertex 59.64 10 3.775
    endloop
  endfacet
  facet normal 0 0 1
    outer loop
      vertex 59.64 10 3.775
      vertex 57.24 12.9 3.775
      vertex 57.24 10 3.775
    endloop
  endfacet
  facet normal 0 -1 0
    outer loop
      vertex 57.24 15.3 3.775
      vertex 59.64 15.3 15
      vertex 57.24 15.3 15
    endloop
  endfacet
  facet normal 0 -1 -0
    outer loop
      vertex 59.64 15.3 15
      vertex 57.24 15.3 3.775
      vertex 59.64 15.3 3.775
    endloop
  endfacet
  facet normal 0 1 -0
    outer loop
      vertex 59.64 10 3.775
      vertex 57.24 10 7.775
      vertex 59.64 10 7.775
    endloop
  endfacet
  facet normal 0 1 0
    outer loop
      vertex 57.24 10 7.775
      vertex 59.64 10 3.775
      vertex 57.24 10 3.775
    endloop
  endfacet
  facet normal -0 0 1
    outer loop
      vertex 57.24 56.45 5.6
      vertex 59.64 40.45 5.6
      vertex 59.64 56.45 5.6
    endloop
  endfacet
  facet normal 0 0 1
    outer loop
      vertex 59.64 40.45 5.6
      vertex 57.24 56.45 5.6
      vertex 57.24 40.45 5.6
    endloop
  endfacet
  facet normal 0 -1 0
    outer loop
      vertex 57.24 56.45 8.2
      vertex 59.64 56.45 15
      vertex 57.24 56.45 15
    endloop
  endfacet
  facet normal 0 -1 0
    outer loop
      vertex 59.64 56.45 5.6
      vertex 57.24 56.45 8.2
      vertex 57.24 56.45 5.6
    endloop
  endfacet
  facet normal 0 -1 0
    outer loop
      vertex 57.24 56.45 8.2
      vertex 59.64 56.45 5.6
      vertex 59.64 56.45 15
    endloop
  endfacet
  facet normal 0 1 0
    outer loop
      vertex 59.64 40.45 15
      vertex 57.24 40.45 8.2
      vertex 57.24 40.45 15
    endloop
  endfacet
  facet normal 0 1 -0
    outer loop
      vertex 59.64 40.45 5.6
      vertex 57.24 40.45 8.2
      vertex 59.64 40.45 15
    endloop
  endfacet
  facet normal 0 1 0
    outer loop
      vertex 57.24 40.45 8.2
      vertex 59.64 40.45 5.6
      vertex 57.24 40.45 5.6
    endloop
  endfacet
  facet normal -1 0 0
    outer loop
      vertex 46.55 0 6
      vertex 46.55 4 8
      vertex 46.55 4 6
    endloop
  endfacet
  facet normal -1 -0 0
    outer loop
      vertex 46.55 4 8
      vertex 46.55 0 6
      vertex 46.55 0 8
    endloop
  endfacet
  facet normal 0 0 -1
    outer loop
      vertex 38.05 0 8
      vertex 46.55 4 8
      vertex 46.55 0 8
    endloop
  endfacet
  facet normal -0 0 -1
    outer loop
      vertex 46.55 4 8
      vertex 38.05 0 8
      vertex 38.05 4 8
    endloop
  endfacet
  facet normal -0 0 1
    outer loop
      vertex 38.05 4 6
      vertex 46.55 0 6
      vertex 46.55 4 6
    endloop
  endfacet
  facet normal 0 0 1
    outer loop
      vertex 46.55 0 6
      vertex 38.05 4 6
      vertex 38.05 0 6
    endloop
  endfacet
  facet normal 1 -0 0
    outer loop
      vertex 38.05 0 8
      vertex 38.05 4 6
      vertex 38.05 4 8
    endloop
  endfacet
  facet normal 1 0 0
    outer loop
      vertex 38.05 4 6
      vertex 38.05 0 8
      vertex 38.05 0 6
    endloop
  endfacet
  facet normal -0.442237 0.896898 0
    outer loop
      vertex 31.42 30.2287 0
      vertex 31.0446 30.0436 2
      vertex 31.42 30.2287 2
    endloop
  endfacet
  facet normal -0.442237 0.896898 0
    outer loop
      vertex 31.0446 30.0436 2
      vertex 31.42 30.2287 0
      vertex 31.0446 30.0436 0
    endloop
  endfacet
  facet normal -0.98081 -0.194967 0
    outer loop
      vertex 32.9926 33.4177 0
      vertex 32.911 33.8282 2
      vertex 32.911 33.8282 0
    endloop
  endfacet
  facet normal -0.98081 -0.194967 0
    outer loop
      vertex 32.911 33.8282 2
      vertex 32.9926 33.4177 0
      vertex 32.9926 33.4177 2
    endloop
  endfacet
  facet normal -0.997855 -0.0654566 0
    outer loop
      vertex 33.02 33 0
      vertex 32.9926 33.4177 2
      vertex 32.9926 33.4177 0
    endloop
  endfacet
  facet normal -0.997855 -0.0654566 0
    outer loop
      vertex 32.9926 33.4177 2
      vertex 33.02 33 0
      vertex 33.02 33 2
    endloop
  endfacet
  facet normal -0.946901 -0.321526 0
    outer loop
      vertex 32.911 33.8282 0
      vertex 32.7764 34.2246 2
      vertex 32.7764 34.2246 0
    endloop
  endfacet
  facet normal -0.946901 -0.321526 0
    outer loop
      vertex 32.7764 34.2246 2
      vertex 32.911 33.8282 0
      vertex 32.911 33.8282 2
    endloop
  endfacet
  facet normal 0.896898 0.442237 0
    outer loop
      vertex 27.0487 31.4 2
      vertex 26.8636 31.7754 0
      vertex 26.8636 31.7754 2
    endloop
  endfacet
  facet normal 0.896898 0.442237 0
    outer loop
      vertex 26.8636 31.7754 0
      vertex 27.0487 31.4 2
      vertex 27.0487 31.4 0
    endloop
  endfacet
  facet normal -0.831388 0.555692 0
    outer loop
      vertex 32.3587 31.052 0
      vertex 32.5913 31.4 2
      vertex 32.5913 31.4 0
    endloop
  endfacet
  facet normal -0.831388 0.555692 0
    outer loop
      vertex 32.5913 31.4 2
      vertex 32.3587 31.052 0
      vertex 32.3587 31.052 2
    endloop
  endfacet
  facet normal -0.321526 -0.946901 0
    outer loop
      vertex 30.6482 36.091 0
      vertex 31.0446 35.9564 2
      vertex 30.6482 36.091 2
    endloop
  endfacet
  facet normal -0.321526 -0.946901 -0
    outer loop
      vertex 31.0446 35.9564 2
      vertex 30.6482 36.091 0
      vertex 31.0446 35.9564 0
    endloop
  endfacet
  facet normal -0.0654566 -0.997855 0
    outer loop
      vertex 29.82 36.2 0
      vertex 30.2377 36.1726 2
      vertex 29.82 36.2 2
    endloop
  endfacet
  facet normal -0.0654566 -0.997855 -0
    outer loop
      vertex 30.2377 36.1726 2
      vertex 29.82 36.2 0
      vertex 30.2377 36.1726 0
    endloop
  endfacet
  facet normal 0.321526 0.946901 -0
    outer loop
      vertex 28.9918 29.909 0
      vertex 28.5954 30.0436 2
      vertex 28.9918 29.909 2
    endloop
  endfacet
  facet normal 0.321526 0.946901 0
    outer loop
      vertex 28.5954 30.0436 2
      vertex 28.9918 29.909 0
      vertex 28.5954 30.0436 0
    endloop
  endfacet
  facet normal -0.997855 0.0654566 0
    outer loop
      vertex 32.9926 32.5823 0
      vertex 33.02 33 2
      vertex 33.02 33 0
    endloop
  endfacet
  facet normal -0.997855 0.0654566 0
    outer loop
      vertex 33.02 33 2
      vertex 32.9926 32.5823 0
      vertex 32.9926 32.5823 2
    endloop
  endfacet
  facet normal -0.831388 -0.555692 0
    outer loop
      vertex 32.5913 34.6 0
      vertex 32.3587 34.948 2
      vertex 32.3587 34.948 0
    endloop
  endfacet
  facet normal -0.831388 -0.555692 0
    outer loop
      vertex 32.3587 34.948 2
      vertex 32.5913 34.6 0
      vertex 32.5913 34.6 2
    endloop
  endfacet
  facet normal -0.896898 -0.442237 0
    outer loop
      vertex 32.7764 34.2246 0
      vertex 32.5913 34.6 2
      vertex 32.5913 34.6 0
    endloop
  endfacet
  facet normal -0.896898 -0.442237 0
    outer loop
      vertex 32.5913 34.6 2
      vertex 32.7764 34.2246 0
      vertex 32.7764 34.2246 2
    endloop
  endfacet
  facet normal 0.194967 -0.98081 0
    outer loop
      vertex 28.9918 36.091 0
      vertex 29.4023 36.1726 2
      vertex 28.9918 36.091 2
    endloop
  endfacet
  facet normal 0.194967 -0.98081 0
    outer loop
      vertex 29.4023 36.1726 2
      vertex 28.9918 36.091 0
      vertex 29.4023 36.1726 0
    endloop
  endfacet
  facet normal 0.946901 0.321526 0
    outer loop
      vertex 26.8636 31.7754 2
      vertex 26.729 32.1718 0
      vertex 26.729 32.1718 2
    endloop
  endfacet
  facet normal 0.946901 0.321526 0
    outer loop
      vertex 26.729 32.1718 0
      vertex 26.8636 31.7754 2
      vertex 26.8636 31.7754 0
    endloop
  endfacet
  facet normal 0.442237 -0.896898 0
    outer loop
      vertex 28.22 35.7713 0
      vertex 28.5954 35.9564 2
      vertex 28.22 35.7713 2
    endloop
  endfacet
  facet normal 0.442237 -0.896898 0
    outer loop
      vertex 28.5954 35.9564 2
      vertex 28.22 35.7713 0
      vertex 28.5954 35.9564 0
    endloop
  endfacet
  facet normal 0.0654566 0.997855 -0
    outer loop
      vertex 29.82 29.8 0
      vertex 29.4023 29.8274 2
      vertex 29.82 29.8 2
    endloop
  endfacet
  facet normal 0.0654566 0.997855 0
    outer loop
      vertex 29.4023 29.8274 2
      vertex 29.82 29.8 0
      vertex 29.4023 29.8274 0
    endloop
  endfacet
  facet normal -0.98081 0.194967 0
    outer loop
      vertex 32.911 32.1718 0
      vertex 32.9926 32.5823 2
      vertex 32.9926 32.5823 0
    endloop
  endfacet
  facet normal -0.98081 0.194967 0
    outer loop
      vertex 32.9926 32.5823 2
      vertex 32.911 32.1718 0
      vertex 32.911 32.1718 2
    endloop
  endfacet
  facet normal 0.321526 -0.946901 0
    outer loop
      vertex 28.5954 35.9564 0
      vertex 28.9918 36.091 2
      vertex 28.5954 35.9564 2
    endloop
  endfacet
  facet normal 0.321526 -0.946901 0
    outer loop
      vertex 28.9918 36.091 2
      vertex 28.5954 35.9564 0
      vertex 28.9918 36.091 0
    endloop
  endfacet
  facet normal 0.442237 0.896898 -0
    outer loop
      vertex 28.5954 30.0436 0
      vertex 28.22 30.2287 2
      vertex 28.5954 30.0436 2
    endloop
  endfacet
  facet normal 0.442237 0.896898 0
    outer loop
      vertex 28.22 30.2287 2
      vertex 28.5954 30.0436 0
      vertex 28.22 30.2287 0
    endloop
  endfacet
  facet normal -0.321526 0.946901 0
    outer loop
      vertex 31.0446 30.0436 0
      vertex 30.6482 29.909 2
      vertex 31.0446 30.0436 2
    endloop
  endfacet
  facet normal -0.321526 0.946901 0
    outer loop
      vertex 30.6482 29.909 2
      vertex 31.0446 30.0436 0
      vertex 30.6482 29.909 0
    endloop
  endfacet
  facet normal 0.751821 -0.659367 0
    outer loop
      vertex 27.2813 34.948 2
      vertex 27.5573 35.2627 0
      vertex 27.5573 35.2627 2
    endloop
  endfacet
  facet normal 0.751821 -0.659367 0
    outer loop
      vertex 27.5573 35.2627 0
      vertex 27.2813 34.948 2
      vertex 27.2813 34.948 0
    endloop
  endfacet
  facet normal -0.896898 0.442237 0
    outer loop
      vertex 32.5913 31.4 0
      vertex 32.7764 31.7754 2
      vertex 32.7764 31.7754 0
    endloop
  endfacet
  facet normal -0.896898 0.442237 0
    outer loop
      vertex 32.7764 31.7754 2
      vertex 32.5913 31.4 0
      vertex 32.5913 31.4 2
    endloop
  endfacet
  facet normal 0.659367 0.751821 -0
    outer loop
      vertex 27.872 30.4613 0
      vertex 27.5573 30.7373 2
      vertex 27.872 30.4613 2
    endloop
  endfacet
  facet normal 0.659367 0.751821 0
    outer loop
      vertex 27.5573 30.7373 2
      vertex 27.872 30.4613 0
      vertex 27.5573 30.7373 0
    endloop
  endfacet
  facet normal 0.555692 -0.831388 0
    outer loop
      vertex 27.872 35.5387 0
      vertex 28.22 35.7713 2
      vertex 27.872 35.5387 2
    endloop
  endfacet
  facet normal 0.555692 -0.831388 0
    outer loop
      vertex 28.22 35.7713 2
      vertex 27.872 35.5387 0
      vertex 28.22 35.7713 0
    endloop
  endfacet
  facet normal 0.98081 -0.194967 0
    outer loop
      vertex 26.6474 33.4177 2
      vertex 26.729 33.8282 0
      vertex 26.729 33.8282 2
    endloop
  endfacet
  facet normal 0.98081 -0.194967 0
    outer loop
      vertex 26.729 33.8282 0
      vertex 26.6474 33.4177 2
      vertex 26.6474 33.4177 0
    endloop
  endfacet
  facet normal -0.555692 -0.831388 0
    outer loop
      vertex 31.42 35.7713 0
      vertex 31.768 35.5387 2
      vertex 31.42 35.7713 2
    endloop
  endfacet
  facet normal -0.555692 -0.831388 -0
    outer loop
      vertex 31.768 35.5387 2
      vertex 31.42 35.7713 0
      vertex 31.768 35.5387 0
    endloop
  endfacet
  facet normal 0.659367 -0.751821 0
    outer loop
      vertex 27.5573 35.2627 0
      vertex 27.872 35.5387 2
      vertex 27.5573 35.2627 2
    endloop
  endfacet
  facet normal 0.659367 -0.751821 0
    outer loop
      vertex 27.872 35.5387 2
      vertex 27.5573 35.2627 0
      vertex 27.872 35.5387 0
    endloop
  endfacet
  facet normal -0.751821 -0.659367 0
    outer loop
      vertex 32.3587 34.948 0
      vertex 32.0827 35.2627 2
      vertex 32.0827 35.2627 0
    endloop
  endfacet
  facet normal -0.751821 -0.659367 0
    outer loop
      vertex 32.0827 35.2627 2
      vertex 32.3587 34.948 0
      vertex 32.3587 34.948 2
    endloop
  endfacet
  facet normal -0.442237 -0.896898 0
    outer loop
      vertex 31.0446 35.9564 0
      vertex 31.42 35.7713 2
      vertex 31.0446 35.9564 2
    endloop
  endfacet
  facet normal -0.442237 -0.896898 -0
    outer loop
      vertex 31.42 35.7713 2
      vertex 31.0446 35.9564 0
      vertex 31.42 35.7713 0
    endloop
  endfacet
  facet normal 0.0654566 -0.997855 0
    outer loop
      vertex 29.4023 36.1726 0
      vertex 29.82 36.2 2
      vertex 29.4023 36.1726 2
    endloop
  endfacet
  facet normal 0.0654566 -0.997855 0
    outer loop
      vertex 29.82 36.2 2
      vertex 29.4023 36.1726 0
      vertex 29.82 36.2 0
    endloop
  endfacet
  facet normal 0.831388 -0.555692 0
    outer loop
      vertex 27.0487 34.6 2
      vertex 27.2813 34.948 0
      vertex 27.2813 34.948 2
    endloop
  endfacet
  facet normal 0.831388 -0.555692 0
    outer loop
      vertex 27.2813 34.948 0
      vertex 27.0487 34.6 2
      vertex 27.0487 34.6 0
    endloop
  endfacet
  facet normal -0.194967 0.98081 0
    outer loop
      vertex 30.6482 29.909 0
      vertex 30.2377 29.8274 2
      vertex 30.6482 29.909 2
    endloop
  endfacet
  facet normal -0.194967 0.98081 0
    outer loop
      vertex 30.2377 29.8274 2
      vertex 30.6482 29.909 0
      vertex 30.2377 29.8274 0
    endloop
  endfacet
  facet normal 0.831388 0.555692 0
    outer loop
      vertex 27.2813 31.052 2
      vertex 27.0487 31.4 0
      vertex 27.0487 31.4 2
    endloop
  endfacet
  facet normal 0.831388 0.555692 0
    outer loop
      vertex 27.0487 31.4 0
      vertex 27.2813 31.052 2
      vertex 27.2813 31.052 0
    endloop
  endfacet
  facet normal 0.896898 -0.442237 0
    outer loop
      vertex 26.8636 34.2246 2
      vertex 27.0487 34.6 0
      vertex 27.0487 34.6 2
    endloop
  endfacet
  facet normal 0.896898 -0.442237 0
    outer loop
      vertex 27.0487 34.6 0
      vertex 26.8636 34.2246 2
      vertex 26.8636 34.2246 0
    endloop
  endfacet
  facet normal -0.0654566 0.997855 0
    outer loop
      vertex 30.2377 29.8274 0
      vertex 29.82 29.8 2
      vertex 30.2377 29.8274 2
    endloop
  endfacet
  facet normal -0.0654566 0.997855 0
    outer loop
      vertex 29.82 29.8 2
      vertex 30.2377 29.8274 0
      vertex 29.82 29.8 0
    endloop
  endfacet
  facet normal 0.98081 0.194967 0
    outer loop
      vertex 26.729 32.1718 2
      vertex 26.6474 32.5823 0
      vertex 26.6474 32.5823 2
    endloop
  endfacet
  facet normal 0.98081 0.194967 0
    outer loop
      vertex 26.6474 32.5823 0
      vertex 26.729 32.1718 2
      vertex 26.729 32.1718 0
    endloop
  endfacet
  facet normal 0.997855 -0.0654566 0
    outer loop
      vertex 26.62 33 2
      vertex 26.6474 33.4177 0
      vertex 26.6474 33.4177 2
    endloop
  endfacet
  facet normal 0.997855 -0.0654566 0
    outer loop
      vertex 26.6474 33.4177 0
      vertex 26.62 33 2
      vertex 26.62 33 0
    endloop
  endfacet
  facet normal 0.946901 -0.321526 0
    outer loop
      vertex 26.729 33.8282 2
      vertex 26.8636 34.2246 0
      vertex 26.8636 34.2246 2
    endloop
  endfacet
  facet normal 0.946901 -0.321526 0
    outer loop
      vertex 26.8636 34.2246 0
      vertex 26.729 33.8282 2
      vertex 26.729 33.8282 0
    endloop
  endfacet
  facet normal -0.659367 -0.751821 0
    outer loop
      vertex 31.768 35.5387 0
      vertex 32.0827 35.2627 2
      vertex 31.768 35.5387 2
    endloop
  endfacet
  facet normal -0.659367 -0.751821 -0
    outer loop
      vertex 32.0827 35.2627 2
      vertex 31.768 35.5387 0
      vertex 32.0827 35.2627 0
    endloop
  endfacet
  facet normal 0.194967 0.98081 -0
    outer loop
      vertex 29.4023 29.8274 0
      vertex 28.9918 29.909 2
      vertex 29.4023 29.8274 2
    endloop
  endfacet
  facet normal 0.194967 0.98081 0
    outer loop
      vertex 28.9918 29.909 2
      vertex 29.4023 29.8274 0
      vertex 28.9918 29.909 0
    endloop
  endfacet
  facet normal 0.555692 0.831388 -0
    outer loop
      vertex 28.22 30.2287 0
      vertex 27.872 30.4613 2
      vertex 28.22 30.2287 2
    endloop
  endfacet
  facet normal 0.555692 0.831388 0
    outer loop
      vertex 27.872 30.4613 2
      vertex 28.22 30.2287 0
      vertex 27.872 30.4613 0
    endloop
  endfacet
  facet normal -0.946901 0.321526 0
    outer loop
      vertex 32.7764 31.7754 0
      vertex 32.911 32.1718 2
      vertex 32.911 32.1718 0
    endloop
  endfacet
  facet normal -0.946901 0.321526 0
    outer loop
      vertex 32.911 32.1718 2
      vertex 32.7764 31.7754 0
      vertex 32.7764 31.7754 2
    endloop
  endfacet
  facet normal 0.751821 0.659367 0
    outer loop
      vertex 27.5573 30.7373 2
      vertex 27.2813 31.052 0
      vertex 27.2813 31.052 2
    endloop
  endfacet
  facet normal 0.751821 0.659367 0
    outer loop
      vertex 27.2813 31.052 0
      vertex 27.5573 30.7373 2
      vertex 27.5573 30.7373 0
    endloop
  endfacet
  facet normal -0.555692 0.831388 0
    outer loop
      vertex 31.768 30.4613 0
      vertex 31.42 30.2287 2
      vertex 31.768 30.4613 2
    endloop
  endfacet
  facet normal -0.555692 0.831388 0
    outer loop
      vertex 31.42 30.2287 2
      vertex 31.768 30.4613 0
      vertex 31.42 30.2287 0
    endloop
  endfacet
  facet normal 0.997855 0.0654566 0
    outer loop
      vertex 26.6474 32.5823 2
      vertex 26.62 33 0
      vertex 26.62 33 2
    endloop
  endfacet
  facet normal 0.997855 0.0654566 0
    outer loop
      vertex 26.62 33 0
      vertex 26.6474 32.5823 2
      vertex 26.6474 32.5823 0
    endloop
  endfacet
  facet normal -0.659367 0.751821 0
    outer loop
      vertex 32.0827 30.7373 0
      vertex 31.768 30.4613 2
      vertex 32.0827 30.7373 2
    endloop
  endfacet
  facet normal -0.659367 0.751821 0
    outer loop
      vertex 31.768 30.4613 2
      vertex 32.0827 30.7373 0
      vertex 31.768 30.4613 0
    endloop
  endfacet
  facet normal -0.751821 0.659367 0
    outer loop
      vertex 32.0827 30.7373 0
      vertex 32.3587 31.052 2
      vertex 32.3587 31.052 0
    endloop
  endfacet
  facet normal -0.751821 0.659367 0
    outer loop
      vertex 32.3587 31.052 2
      vertex 32.0827 30.7373 0
      vertex 32.0827 30.7373 2
    endloop
  endfacet
  facet normal -0.194967 -0.98081 0
    outer loop
      vertex 30.2377 36.1726 0
      vertex 30.6482 36.091 2
      vertex 30.2377 36.1726 2
    endloop
  endfacet
  facet normal -0.194967 -0.98081 -0
    outer loop
      vertex 30.6482 36.091 2
      vertex 30.2377 36.1726 0
      vertex 30.6482 36.091 0
    endloop
  endfacet
  facet normal -0.442237 0.896898 0
    outer loop
      vertex 21.8776 64.7287 0
      vertex 21.5022 64.5436 2
      vertex 21.8776 64.7287 2
    endloop
  endfacet
  facet normal -0.442237 0.896898 0
    outer loop
      vertex 21.5022 64.5436 2
      vertex 21.8776 64.7287 0
      vertex 21.5022 64.5436 0
    endloop
  endfacet
  facet normal -0.98081 -0.194967 0
    outer loop
      vertex 23.4502 67.9177 0
      vertex 23.3686 68.3282 2
      vertex 23.3686 68.3282 0
    endloop
  endfacet
  facet normal -0.98081 -0.194967 0
    outer loop
      vertex 23.3686 68.3282 2
      vertex 23.4502 67.9177 0
      vertex 23.4502 67.9177 2
    endloop
  endfacet
  facet normal -0.997855 -0.0654566 0
    outer loop
      vertex 23.4776 67.5 0
      vertex 23.4502 67.9177 2
      vertex 23.4502 67.9177 0
    endloop
  endfacet
  facet normal -0.997855 -0.0654566 0
    outer loop
      vertex 23.4502 67.9177 2
      vertex 23.4776 67.5 0
      vertex 23.4776 67.5 2
    endloop
  endfacet
  facet normal -0.946901 -0.321526 0
    outer loop
      vertex 23.3686 68.3282 0
      vertex 23.234 68.7246 2
      vertex 23.234 68.7246 0
    endloop
  endfacet
  facet normal -0.946901 -0.321526 0
    outer loop
      vertex 23.234 68.7246 2
      vertex 23.3686 68.3282 0
      vertex 23.3686 68.3282 2
    endloop
  endfacet
  facet normal 0.896898 0.442237 0
    outer loop
      vertex 17.5063 65.9 2
      vertex 17.3212 66.2754 0
      vertex 17.3212 66.2754 2
    endloop
  endfacet
  facet normal 0.896898 0.442237 0
    outer loop
      vertex 17.3212 66.2754 0
      vertex 17.5063 65.9 2
      vertex 17.5063 65.9 0
    endloop
  endfacet
  facet normal -0.831388 0.555692 0
    outer loop
      vertex 22.8163 65.552 0
      vertex 23.0489 65.9 2
      vertex 23.0489 65.9 0
    endloop
  endfacet
  facet normal -0.831388 0.555692 0
    outer loop
      vertex 23.0489 65.9 2
      vertex 22.8163 65.552 0
      vertex 22.8163 65.552 2
    endloop
  endfacet
  facet normal -0.321526 -0.946901 0
    outer loop
      vertex 21.1058 70.591 0
      vertex 21.5022 70.4564 2
      vertex 21.1058 70.591 2
    endloop
  endfacet
  facet normal -0.321526 -0.946901 -0
    outer loop
      vertex 21.5022 70.4564 2
      vertex 21.1058 70.591 0
      vertex 21.5022 70.4564 0
    endloop
  endfacet
  facet normal -0.0654566 -0.997855 0
    outer loop
      vertex 20.2776 70.7 0
      vertex 20.6953 70.6726 2
      vertex 20.2776 70.7 2
    endloop
  endfacet
  facet normal -0.0654566 -0.997855 -0
    outer loop
      vertex 20.6953 70.6726 2
      vertex 20.2776 70.7 0
      vertex 20.6953 70.6726 0
    endloop
  endfacet
  facet normal 0.321526 0.946901 -0
    outer loop
      vertex 19.4494 64.409 0
      vertex 19.053 64.5436 2
      vertex 19.4494 64.409 2
    endloop
  endfacet
  facet normal 0.321526 0.946901 0
    outer loop
      vertex 19.053 64.5436 2
      vertex 19.4494 64.409 0
      vertex 19.053 64.5436 0
    endloop
  endfacet
  facet normal -0.997855 0.0654566 0
    outer loop
      vertex 23.4502 67.0823 0
      vertex 23.4776 67.5 2
      vertex 23.4776 67.5 0
    endloop
  endfacet
  facet normal -0.997855 0.0654566 0
    outer loop
      vertex 23.4776 67.5 2
      vertex 23.4502 67.0823 0
      vertex 23.4502 67.0823 2
    endloop
  endfacet
  facet normal -0.831388 -0.555692 0
    outer loop
      vertex 23.0489 69.1 0
      vertex 22.8163 69.448 2
      vertex 22.8163 69.448 0
    endloop
  endfacet
  facet normal -0.831388 -0.555692 0
    outer loop
      vertex 22.8163 69.448 2
      vertex 23.0489 69.1 0
      vertex 23.0489 69.1 2
    endloop
  endfacet
  facet normal -0.896898 -0.442237 0
    outer loop
      vertex 23.234 68.7246 0
      vertex 23.0489 69.1 2
      vertex 23.0489 69.1 0
    endloop
  endfacet
  facet normal -0.896898 -0.442237 0
    outer loop
      vertex 23.0489 69.1 2
      vertex 23.234 68.7246 0
      vertex 23.234 68.7246 2
    endloop
  endfacet
  facet normal 0.194967 -0.98081 0
    outer loop
      vertex 19.4494 70.591 0
      vertex 19.8599 70.6726 2
      vertex 19.4494 70.591 2
    endloop
  endfacet
  facet normal 0.194967 -0.98081 0
    outer loop
      vertex 19.8599 70.6726 2
      vertex 19.4494 70.591 0
      vertex 19.8599 70.6726 0
    endloop
  endfacet
  facet normal -0.194967 -0.98081 0
    outer loop
      vertex 20.6953 70.6726 0
      vertex 21.1058 70.591 2
      vertex 20.6953 70.6726 2
    endloop
  endfacet
  facet normal -0.194967 -0.98081 -0
    outer loop
      vertex 21.1058 70.591 2
      vertex 20.6953 70.6726 0
      vertex 21.1058 70.591 0
    endloop
  endfacet
  facet normal 0.946901 0.321526 0
    outer loop
      vertex 17.3212 66.2754 2
      vertex 17.1866 66.6718 0
      vertex 17.1866 66.6718 2
    endloop
  endfacet
  facet normal 0.946901 0.321526 0
    outer loop
      vertex 17.1866 66.6718 0
      vertex 17.3212 66.2754 2
      vertex 17.3212 66.2754 0
    endloop
  endfacet
  facet normal 0.442237 -0.896898 0
    outer loop
      vertex 18.6776 70.2713 0
      vertex 19.053 70.4564 2
      vertex 18.6776 70.2713 2
    endloop
  endfacet
  facet normal 0.442237 -0.896898 0
    outer loop
      vertex 19.053 70.4564 2
      vertex 18.6776 70.2713 0
      vertex 19.053 70.4564 0
    endloop
  endfacet
  facet normal 0.0654566 0.997855 -0
    outer loop
      vertex 20.2776 64.3 0
      vertex 19.8599 64.3274 2
      vertex 20.2776 64.3 2
    endloop
  endfacet
  facet normal 0.0654566 0.997855 0
    outer loop
      vertex 19.8599 64.3274 2
      vertex 20.2776 64.3 0
      vertex 19.8599 64.3274 0
    endloop
  endfacet
  facet normal -0.98081 0.194967 0
    outer loop
      vertex 23.3686 66.6718 0
      vertex 23.4502 67.0823 2
      vertex 23.4502 67.0823 0
    endloop
  endfacet
  facet normal -0.98081 0.194967 0
    outer loop
      vertex 23.4502 67.0823 2
      vertex 23.3686 66.6718 0
      vertex 23.3686 66.6718 2
    endloop
  endfacet
  facet normal 0.321526 -0.946901 0
    outer loop
      vertex 19.053 70.4564 0
      vertex 19.4494 70.591 2
      vertex 19.053 70.4564 2
    endloop
  endfacet
  facet normal 0.321526 -0.946901 0
    outer loop
      vertex 19.4494 70.591 2
      vertex 19.053 70.4564 0
      vertex 19.4494 70.591 0
    endloop
  endfacet
  facet normal -0.946901 0.321526 0
    outer loop
      vertex 23.234 66.2754 0
      vertex 23.3686 66.6718 2
      vertex 23.3686 66.6718 0
    endloop
  endfacet
  facet normal -0.946901 0.321526 0
    outer loop
      vertex 23.3686 66.6718 2
      vertex 23.234 66.2754 0
      vertex 23.234 66.2754 2
    endloop
  endfacet
  facet normal 0.442237 0.896898 -0
    outer loop
      vertex 19.053 64.5436 0
      vertex 18.6776 64.7287 2
      vertex 19.053 64.5436 2
    endloop
  endfacet
  facet normal 0.442237 0.896898 0
    outer loop
      vertex 18.6776 64.7287 2
      vertex 19.053 64.5436 0
      vertex 18.6776 64.7287 0
    endloop
  endfacet
  facet normal -0.321526 0.946901 0
    outer loop
      vertex 21.5022 64.5436 0
      vertex 21.1058 64.409 2
      vertex 21.5022 64.5436 2
    endloop
  endfacet
  facet normal -0.321526 0.946901 0
    outer loop
      vertex 21.1058 64.409 2
      vertex 21.5022 64.5436 0
      vertex 21.1058 64.409 0
    endloop
  endfacet
  facet normal 0.751821 -0.659367 0
    outer loop
      vertex 17.7389 69.448 2
      vertex 18.0149 69.7627 0
      vertex 18.0149 69.7627 2
    endloop
  endfacet
  facet normal 0.751821 -0.659367 0
    outer loop
      vertex 18.0149 69.7627 0
      vertex 17.7389 69.448 2
      vertex 17.7389 69.448 0
    endloop
  endfacet
  facet normal -0.896898 0.442237 0
    outer loop
      vertex 23.0489 65.9 0
      vertex 23.234 66.2754 2
      vertex 23.234 66.2754 0
    endloop
  endfacet
  facet normal -0.896898 0.442237 0
    outer loop
      vertex 23.234 66.2754 2
      vertex 23.0489 65.9 0
      vertex 23.0489 65.9 2
    endloop
  endfacet
  facet normal 0.659367 0.751821 -0
    outer loop
      vertex 18.3296 64.9613 0
      vertex 18.0149 65.2373 2
      vertex 18.3296 64.9613 2
    endloop
  endfacet
  facet normal 0.659367 0.751821 0
    outer loop
      vertex 18.0149 65.2373 2
      vertex 18.3296 64.9613 0
      vertex 18.0149 65.2373 0
    endloop
  endfacet
  facet normal 0.555692 -0.831388 0
    outer loop
      vertex 18.3296 70.0387 0
      vertex 18.6776 70.2713 2
      vertex 18.3296 70.0387 2
    endloop
  endfacet
  facet normal 0.555692 -0.831388 0
    outer loop
      vertex 18.6776 70.2713 2
      vertex 18.3296 70.0387 0
      vertex 18.6776 70.2713 0
    endloop
  endfacet
  facet normal 0.98081 -0.194967 0
    outer loop
      vertex 17.105 67.9177 2
      vertex 17.1866 68.3282 0
      vertex 17.1866 68.3282 2
    endloop
  endfacet
  facet normal 0.98081 -0.194967 0
    outer loop
      vertex 17.1866 68.3282 0
      vertex 17.105 67.9177 2
      vertex 17.105 67.9177 0
    endloop
  endfacet
  facet normal -0.555692 -0.831388 0
    outer loop
      vertex 21.8776 70.2713 0
      vertex 22.2256 70.0387 2
      vertex 21.8776 70.2713 2
    endloop
  endfacet
  facet normal -0.555692 -0.831388 -0
    outer loop
      vertex 22.2256 70.0387 2
      vertex 21.8776 70.2713 0
      vertex 22.2256 70.0387 0
    endloop
  endfacet
  facet normal 0.659367 -0.751821 0
    outer loop
      vertex 18.0149 69.7627 0
      vertex 18.3296 70.0387 2
      vertex 18.0149 69.7627 2
    endloop
  endfacet
  facet normal 0.659367 -0.751821 0
    outer loop
      vertex 18.3296 70.0387 2
      vertex 18.0149 69.7627 0
      vertex 18.3296 70.0387 0
    endloop
  endfacet
  facet normal -0.751821 -0.659367 0
    outer loop
      vertex 22.8163 69.448 0
      vertex 22.5403 69.7627 2
      vertex 22.5403 69.7627 0
    endloop
  endfacet
  facet normal -0.751821 -0.659367 0
    outer loop
      vertex 22.5403 69.7627 2
      vertex 22.8163 69.448 0
      vertex 22.8163 69.448 2
    endloop
  endfacet
  facet normal -0.442237 -0.896898 0
    outer loop
      vertex 21.5022 70.4564 0
      vertex 21.8776 70.2713 2
      vertex 21.5022 70.4564 2
    endloop
  endfacet
  facet normal -0.442237 -0.896898 -0
    outer loop
      vertex 21.8776 70.2713 2
      vertex 21.5022 70.4564 0
      vertex 21.8776 70.2713 0
    endloop
  endfacet
  facet normal 0.0654566 -0.997855 0
    outer loop
      vertex 19.8599 70.6726 0
      vertex 20.2776 70.7 2
      vertex 19.8599 70.6726 2
    endloop
  endfacet
  facet normal 0.0654566 -0.997855 0
    outer loop
      vertex 20.2776 70.7 2
      vertex 19.8599 70.6726 0
      vertex 20.2776 70.7 0
    endloop
  endfacet
  facet normal 0.831388 -0.555692 0
    outer loop
      vertex 17.5063 69.1 2
      vertex 17.7389 69.448 0
      vertex 17.7389 69.448 2
    endloop
  endfacet
  facet normal 0.831388 -0.555692 0
    outer loop
      vertex 17.7389 69.448 0
      vertex 17.5063 69.1 2
      vertex 17.5063 69.1 0
    endloop
  endfacet
  facet normal -0.194967 0.98081 0
    outer loop
      vertex 21.1058 64.409 0
      vertex 20.6953 64.3274 2
      vertex 21.1058 64.409 2
    endloop
  endfacet
  facet normal -0.194967 0.98081 0
    outer loop
      vertex 20.6953 64.3274 2
      vertex 21.1058 64.409 0
      vertex 20.6953 64.3274 0
    endloop
  endfacet
  facet normal 0.831388 0.555692 0
    outer loop
      vertex 17.7389 65.552 2
      vertex 17.5063 65.9 0
      vertex 17.5063 65.9 2
    endloop
  endfacet
  facet normal 0.831388 0.555692 0
    outer loop
      vertex 17.5063 65.9 0
      vertex 17.7389 65.552 2
      vertex 17.7389 65.552 0
    endloop
  endfacet
  facet normal 0.896898 -0.442237 0
    outer loop
      vertex 17.3212 68.7246 2
      vertex 17.5063 69.1 0
      vertex 17.5063 69.1 2
    endloop
  endfacet
  facet normal 0.896898 -0.442237 0
    outer loop
      vertex 17.5063 69.1 0
      vertex 17.3212 68.7246 2
      vertex 17.3212 68.7246 0
    endloop
  endfacet
  facet normal -0.0654566 0.997855 0
    outer loop
      vertex 20.6953 64.3274 0
      vertex 20.2776 64.3 2
      vertex 20.6953 64.3274 2
    endloop
  endfacet
  facet normal -0.0654566 0.997855 0
    outer loop
      vertex 20.2776 64.3 2
      vertex 20.6953 64.3274 0
      vertex 20.2776 64.3 0
    endloop
  endfacet
  facet normal 0.98081 0.194967 0
    outer loop
      vertex 17.1866 66.6718 2
      vertex 17.105 67.0823 0
      vertex 17.105 67.0823 2
    endloop
  endfacet
  facet normal 0.98081 0.194967 0
    outer loop
      vertex 17.105 67.0823 0
      vertex 17.1866 66.6718 2
      vertex 17.1866 66.6718 0
    endloop
  endfacet
  facet normal -0.751821 0.659367 0
    outer loop
      vertex 22.5403 65.2373 0
      vertex 22.8163 65.552 2
      vertex 22.8163 65.552 0
    endloop
  endfacet
  facet normal -0.751821 0.659367 0
    outer loop
      vertex 22.8163 65.552 2
      vertex 22.5403 65.2373 0
      vertex 22.5403 65.2373 2
    endloop
  endfacet
  facet normal 0.997855 -0.0654566 0
    outer loop
      vertex 17.0776 67.5 2
      vertex 17.105 67.9177 0
      vertex 17.105 67.9177 2
    endloop
  endfacet
  facet normal 0.997855 -0.0654566 0
    outer loop
      vertex 17.105 67.9177 0
      vertex 17.0776 67.5 2
      vertex 17.0776 67.5 0
    endloop
  endfacet
  facet normal 0.946901 -0.321526 0
    outer loop
      vertex 17.1866 68.3282 2
      vertex 17.3212 68.7246 0
      vertex 17.3212 68.7246 2
    endloop
  endfacet
  facet normal 0.946901 -0.321526 0
    outer loop
      vertex 17.3212 68.7246 0
      vertex 17.1866 68.3282 2
      vertex 17.1866 68.3282 0
    endloop
  endfacet
  facet normal -0.659367 -0.751821 0
    outer loop
      vertex 22.2256 70.0387 0
      vertex 22.5403 69.7627 2
      vertex 22.2256 70.0387 2
    endloop
  endfacet
  facet normal -0.659367 -0.751821 -0
    outer loop
      vertex 22.5403 69.7627 2
      vertex 22.2256 70.0387 0
      vertex 22.5403 69.7627 0
    endloop
  endfacet
  facet normal 0.194967 0.98081 -0
    outer loop
      vertex 19.8599 64.3274 0
      vertex 19.4494 64.409 2
      vertex 19.8599 64.3274 2
    endloop
  endfacet
  facet normal 0.194967 0.98081 0
    outer loop
      vertex 19.4494 64.409 2
      vertex 19.8599 64.3274 0
      vertex 19.4494 64.409 0
    endloop
  endfacet
  facet normal 0.555692 0.831388 -0
    outer loop
      vertex 18.6776 64.7287 0
      vertex 18.3296 64.9613 2
      vertex 18.6776 64.7287 2
    endloop
  endfacet
  facet normal 0.555692 0.831388 0
    outer loop
      vertex 18.3296 64.9613 2
      vertex 18.6776 64.7287 0
      vertex 18.3296 64.9613 0
    endloop
  endfacet
  facet normal 0.751821 0.659367 0
    outer loop
      vertex 18.0149 65.2373 2
      vertex 17.7389 65.552 0
      vertex 17.7389 65.552 2
    endloop
  endfacet
  facet normal 0.751821 0.659367 0
    outer loop
      vertex 17.7389 65.552 0
      vertex 18.0149 65.2373 2
      vertex 18.0149 65.2373 0
    endloop
  endfacet
  facet normal -0.555692 0.831388 0
    outer loop
      vertex 22.2256 64.9613 0
      vertex 21.8776 64.7287 2
      vertex 22.2256 64.9613 2
    endloop
  endfacet
  facet normal -0.555692 0.831388 0
    outer loop
      vertex 21.8776 64.7287 2
      vertex 22.2256 64.9613 0
      vertex 21.8776 64.7287 0
    endloop
  endfacet
  facet normal 0.997855 0.0654566 0
    outer loop
      vertex 17.105 67.0823 2
      vertex 17.0776 67.5 0
      vertex 17.0776 67.5 2
    endloop
  endfacet
  facet normal 0.997855 0.0654566 0
    outer loop
      vertex 17.0776 67.5 0
      vertex 17.105 67.0823 2
      vertex 17.105 67.0823 0
    endloop
  endfacet
  facet normal -0.659367 0.751821 0
    outer loop
      vertex 22.5403 65.2373 0
      vertex 22.2256 64.9613 2
      vertex 22.5403 65.2373 2
    endloop
  endfacet
  facet normal -0.659367 0.751821 0
    outer loop
      vertex 22.2256 64.9613 2
      vertex 22.5403 65.2373 0
      vertex 22.2256 64.9613 0
    endloop
  endfacet
  facet normal 0.831388 -0.555692 0
    outer loop
      vertex 36.5911 69.1 2
      vertex 36.8237 69.448 0
      vertex 36.8237 69.448 2
    endloop
  endfacet
  facet normal 0.831388 -0.555692 0
    outer loop
      vertex 36.8237 69.448 0
      vertex 36.5911 69.1 2
      vertex 36.5911 69.1 0
    endloop
  endfacet
  facet normal -0.321526 0.946901 0
    outer loop
      vertex 40.587 64.5436 0
      vertex 40.1906 64.409 2
      vertex 40.587 64.5436 2
    endloop
  endfacet
  facet normal -0.321526 0.946901 0
    outer loop
      vertex 40.1906 64.409 2
      vertex 40.587 64.5436 0
      vertex 40.1906 64.409 0
    endloop
  endfacet
  facet normal -0.98081 -0.194967 0
    outer loop
      vertex 42.535 67.9177 0
      vertex 42.4534 68.3282 2
      vertex 42.4534 68.3282 0
    endloop
  endfacet
  facet normal -0.98081 -0.194967 0
    outer loop
      vertex 42.4534 68.3282 2
      vertex 42.535 67.9177 0
      vertex 42.535 67.9177 2
    endloop
  endfacet
  facet normal -0.997855 -0.0654566 0
    outer loop
      vertex 42.5624 67.5 0
      vertex 42.535 67.9177 2
      vertex 42.535 67.9177 0
    endloop
  endfacet
  facet normal -0.997855 -0.0654566 0
    outer loop
      vertex 42.535 67.9177 2
      vertex 42.5624 67.5 0
      vertex 42.5624 67.5 2
    endloop
  endfacet
  facet normal -0.946901 -0.321526 0
    outer loop
      vertex 42.4534 68.3282 0
      vertex 42.3188 68.7246 2
      vertex 42.3188 68.7246 0
    endloop
  endfacet
  facet normal -0.946901 -0.321526 0
    outer loop
      vertex 42.3188 68.7246 2
      vertex 42.4534 68.3282 0
      vertex 42.4534 68.3282 2
    endloop
  endfacet
  facet normal 0.98081 0.194967 0
    outer loop
      vertex 36.2714 66.6718 2
      vertex 36.1898 67.0823 0
      vertex 36.1898 67.0823 2
    endloop
  endfacet
  facet normal 0.98081 0.194967 0
    outer loop
      vertex 36.1898 67.0823 0
      vertex 36.2714 66.6718 2
      vertex 36.2714 66.6718 0
    endloop
  endfacet
  facet normal 0.321526 -0.946901 0
    outer loop
      vertex 38.1378 70.4564 0
      vertex 38.5342 70.591 2
      vertex 38.1378 70.4564 2
    endloop
  endfacet
  facet normal 0.321526 -0.946901 0
    outer loop
      vertex 38.5342 70.591 2
      vertex 38.1378 70.4564 0
      vertex 38.5342 70.591 0
    endloop
  endfacet
  facet normal 0.751821 -0.659367 0
    outer loop
      vertex 36.8237 69.448 2
      vertex 37.0997 69.7627 0
      vertex 37.0997 69.7627 2
    endloop
  endfacet
  facet normal 0.751821 -0.659367 0
    outer loop
      vertex 37.0997 69.7627 0
      vertex 36.8237 69.448 2
      vertex 36.8237 69.448 0
    endloop
  endfacet
  facet normal -0.321526 -0.946901 0
    outer loop
      vertex 40.1906 70.591 0
      vertex 40.587 70.4564 2
      vertex 40.1906 70.591 2
    endloop
  endfacet
  facet normal -0.321526 -0.946901 -0
    outer loop
      vertex 40.587 70.4564 2
      vertex 40.1906 70.591 0
      vertex 40.587 70.4564 0
    endloop
  endfacet
  facet normal -0.831388 -0.555692 0
    outer loop
      vertex 42.1337 69.1 0
      vertex 41.9011 69.448 2
      vertex 41.9011 69.448 0
    endloop
  endfacet
  facet normal -0.831388 -0.555692 0
    outer loop
      vertex 41.9011 69.448 2
      vertex 42.1337 69.1 0
      vertex 42.1337 69.1 2
    endloop
  endfacet
  facet normal -0.896898 -0.442237 0
    outer loop
      vertex 42.3188 68.7246 0
      vertex 42.1337 69.1 2
      vertex 42.1337 69.1 0
    endloop
  endfacet
  facet normal -0.896898 -0.442237 0
    outer loop
      vertex 42.1337 69.1 2
      vertex 42.3188 68.7246 0
      vertex 42.3188 68.7246 2
    endloop
  endfacet
  facet normal 0.194967 -0.98081 0
    outer loop
      vertex 38.5342 70.591 0
      vertex 38.9447 70.6726 2
      vertex 38.5342 70.591 2
    endloop
  endfacet
  facet normal 0.194967 -0.98081 0
    outer loop
      vertex 38.9447 70.6726 2
      vertex 38.5342 70.591 0
      vertex 38.9447 70.6726 0
    endloop
  endfacet
  facet normal 0.997855 -0.0654566 0
    outer loop
      vertex 36.1624 67.5 2
      vertex 36.1898 67.9177 0
      vertex 36.1898 67.9177 2
    endloop
  endfacet
  facet normal 0.997855 -0.0654566 0
    outer loop
      vertex 36.1898 67.9177 0
      vertex 36.1624 67.5 2
      vertex 36.1624 67.5 0
    endloop
  endfacet
  facet normal 0.946901 0.321526 0
    outer loop
      vertex 36.406 66.2754 2
      vertex 36.2714 66.6718 0
      vertex 36.2714 66.6718 2
    endloop
  endfacet
  facet normal 0.946901 0.321526 0
    outer loop
      vertex 36.2714 66.6718 0
      vertex 36.406 66.2754 2
      vertex 36.406 66.2754 0
    endloop
  endfacet
  facet normal -0.946901 0.321526 0
    outer loop
      vertex 42.3188 66.2754 0
      vertex 42.4534 66.6718 2
      vertex 42.4534 66.6718 0
    endloop
  endfacet
  facet normal -0.946901 0.321526 0
    outer loop
      vertex 42.4534 66.6718 2
      vertex 42.3188 66.2754 0
      vertex 42.3188 66.2754 2
    endloop
  endfacet
  facet normal -0.751821 0.659367 0
    outer loop
      vertex 41.6251 65.2373 0
      vertex 41.9011 65.552 2
      vertex 41.9011 65.552 0
    endloop
  endfacet
  facet normal -0.751821 0.659367 0
    outer loop
      vertex 41.9011 65.552 2
      vertex 41.6251 65.2373 0
      vertex 41.6251 65.2373 2
    endloop
  endfacet
  facet normal 0.98081 -0.194967 0
    outer loop
      vertex 36.1898 67.9177 2
      vertex 36.2714 68.3282 0
      vertex 36.2714 68.3282 2
    endloop
  endfacet
  facet normal 0.98081 -0.194967 0
    outer loop
      vertex 36.2714 68.3282 0
      vertex 36.1898 67.9177 2
      vertex 36.1898 67.9177 0
    endloop
  endfacet
  facet normal -0.442237 0.896898 0
    outer loop
      vertex 40.9624 64.7287 0
      vertex 40.587 64.5436 2
      vertex 40.9624 64.7287 2
    endloop
  endfacet
  facet normal -0.442237 0.896898 0
    outer loop
      vertex 40.587 64.5436 2
      vertex 40.9624 64.7287 0
      vertex 40.587 64.5436 0
    endloop
  endfacet
  facet normal 0.659367 0.751821 -0
    outer loop
      vertex 37.4144 64.9613 0
      vertex 37.0997 65.2373 2
      vertex 37.4144 64.9613 2
    endloop
  endfacet
  facet normal 0.659367 0.751821 0
    outer loop
      vertex 37.0997 65.2373 2
      vertex 37.4144 64.9613 0
      vertex 37.0997 65.2373 0
    endloop
  endfacet
  facet normal 0.751821 0.659367 0
    outer loop
      vertex 37.0997 65.2373 2
      vertex 36.8237 65.552 0
      vertex 36.8237 65.552 2
    endloop
  endfacet
  facet normal 0.751821 0.659367 0
    outer loop
      vertex 36.8237 65.552 0
      vertex 37.0997 65.2373 2
      vertex 37.0997 65.2373 0
    endloop
  endfacet
  facet normal -0.98081 0.194967 0
    outer loop
      vertex 42.4534 66.6718 0
      vertex 42.535 67.0823 2
      vertex 42.535 67.0823 0
    endloop
  endfacet
  facet normal -0.98081 0.194967 0
    outer loop
      vertex 42.535 67.0823 2
      vertex 42.4534 66.6718 0
      vertex 42.4534 66.6718 2
    endloop
  endfacet
  facet normal -0.896898 0.442237 0
    outer loop
      vertex 42.1337 65.9 0
      vertex 42.3188 66.2754 2
      vertex 42.3188 66.2754 0
    endloop
  endfacet
  facet normal -0.896898 0.442237 0
    outer loop
      vertex 42.3188 66.2754 2
      vertex 42.1337 65.9 0
      vertex 42.1337 65.9 2
    endloop
  endfacet
  facet normal -0.555692 -0.831388 0
    outer loop
      vertex 40.9624 70.2713 0
      vertex 41.3104 70.0387 2
      vertex 40.9624 70.2713 2
    endloop
  endfacet
  facet normal -0.555692 -0.831388 -0
    outer loop
      vertex 41.3104 70.0387 2
      vertex 40.9624 70.2713 0
      vertex 41.3104 70.0387 0
    endloop
  endfacet
  facet normal 0.946901 -0.321526 0
    outer loop
      vertex 36.2714 68.3282 2
      vertex 36.406 68.7246 0
      vertex 36.406 68.7246 2
    endloop
  endfacet
  facet normal 0.946901 -0.321526 0
    outer loop
      vertex 36.406 68.7246 0
      vertex 36.2714 68.3282 2
      vertex 36.2714 68.3282 0
    endloop
  endfacet
  facet normal -0.659367 -0.751821 0
    outer loop
      vertex 41.3104 70.0387 0
      vertex 41.6251 69.7627 2
      vertex 41.3104 70.0387 2
    endloop
  endfacet
  facet normal -0.659367 -0.751821 -0
    outer loop
      vertex 41.6251 69.7627 2
      vertex 41.3104 70.0387 0
      vertex 41.6251 69.7627 0
    endloop
  endfacet
  facet normal -0.194967 0.98081 0
    outer loop
      vertex 40.1906 64.409 0
      vertex 39.7801 64.3274 2
      vertex 40.1906 64.409 2
    endloop
  endfacet
  facet normal -0.194967 0.98081 0
    outer loop
      vertex 39.7801 64.3274 2
      vertex 40.1906 64.409 0
      vertex 39.7801 64.3274 0
    endloop
  endfacet
  facet normal -0.659367 0.751821 0
    outer loop
      vertex 41.6251 65.2373 0
      vertex 41.3104 64.9613 2
      vertex 41.6251 65.2373 2
    endloop
  endfacet
  facet normal -0.659367 0.751821 0
    outer loop
      vertex 41.3104 64.9613 2
      vertex 41.6251 65.2373 0
      vertex 41.3104 64.9613 0
    endloop
  endfacet
  facet normal -0.555692 0.831388 0
    outer loop
      vertex 41.3104 64.9613 0
      vertex 40.9624 64.7287 2
      vertex 41.3104 64.9613 2
    endloop
  endfacet
  facet normal -0.555692 0.831388 0
    outer loop
      vertex 40.9624 64.7287 2
      vertex 41.3104 64.9613 0
      vertex 40.9624 64.7287 0
    endloop
  endfacet
  facet normal 0.555692 -0.831388 0
    outer loop
      vertex 37.4144 70.0387 0
      vertex 37.7624 70.2713 2
      vertex 37.4144 70.0387 2
    endloop
  endfacet
  facet normal 0.555692 -0.831388 0
    outer loop
      vertex 37.7624 70.2713 2
      vertex 37.4144 70.0387 0
      vertex 37.7624 70.2713 0
    endloop
  endfacet
  facet normal 0.896898 -0.442237 0
    outer loop
      vertex 36.406 68.7246 2
      vertex 36.5911 69.1 0
      vertex 36.5911 69.1 2
    endloop
  endfacet
  facet normal 0.896898 -0.442237 0
    outer loop
      vertex 36.5911 69.1 0
      vertex 36.406 68.7246 2
      vertex 36.406 68.7246 0
    endloop
  endfacet
  facet normal -0.442237 -0.896898 0
    outer loop
      vertex 40.587 70.4564 0
      vertex 40.9624 70.2713 2
      vertex 40.587 70.4564 2
    endloop
  endfacet
  facet normal -0.442237 -0.896898 -0
    outer loop
      vertex 40.9624 70.2713 2
      vertex 40.587 70.4564 0
      vertex 40.9624 70.2713 0
    endloop
  endfacet
  facet normal 0.659367 -0.751821 0
    outer loop
      vertex 37.0997 69.7627 0
      vertex 37.4144 70.0387 2
      vertex 37.0997 69.7627 2
    endloop
  endfacet
  facet normal 0.659367 -0.751821 0
    outer loop
      vertex 37.4144 70.0387 2
      vertex 37.0997 69.7627 0
      vertex 37.4144 70.0387 0
    endloop
  endfacet
  facet normal -0.997855 0.0654566 0
    outer loop
      vertex 42.535 67.0823 0
      vertex 42.5624 67.5 2
      vertex 42.5624 67.5 0
    endloop
  endfacet
  facet normal -0.997855 0.0654566 0
    outer loop
      vertex 42.5624 67.5 2
      vertex 42.535 67.0823 0
      vertex 42.535 67.0823 2
    endloop
  endfacet
  facet normal -0.0654566 0.997855 0
    outer loop
      vertex 39.7801 64.3274 0
      vertex 39.3624 64.3 2
      vertex 39.7801 64.3274 2
    endloop
  endfacet
  facet normal -0.0654566 0.997855 0
    outer loop
      vertex 39.3624 64.3 2
      vertex 39.7801 64.3274 0
      vertex 39.3624 64.3 0
    endloop
  endfacet
  facet normal -0.751821 -0.659367 0
    outer loop
      vertex 41.9011 69.448 0
      vertex 41.6251 69.7627 2
      vertex 41.6251 69.7627 0
    endloop
  endfacet
  facet normal -0.751821 -0.659367 0
    outer loop
      vertex 41.6251 69.7627 2
      vertex 41.9011 69.448 0
      vertex 41.9011 69.448 2
    endloop
  endfacet
  facet normal 0.997855 0.0654566 0
    outer loop
      vertex 36.1898 67.0823 2
      vertex 36.1624 67.5 0
      vertex 36.1624 67.5 2
    endloop
  endfacet
  facet normal 0.997855 0.0654566 0
    outer loop
      vertex 36.1624 67.5 0
      vertex 36.1898 67.0823 2
      vertex 36.1898 67.0823 0
    endloop
  endfacet
  facet normal 0.831388 0.555692 0
    outer loop
      vertex 36.8237 65.552 2
      vertex 36.5911 65.9 0
      vertex 36.5911 65.9 2
    endloop
  endfacet
  facet normal 0.831388 0.555692 0
    outer loop
      vertex 36.5911 65.9 0
      vertex 36.8237 65.552 2
      vertex 36.8237 65.552 0
    endloop
  endfacet
  facet normal 0.0654566 -0.997855 0
    outer loop
      vertex 38.9447 70.6726 0
      vertex 39.3624 70.7 2
      vertex 38.9447 70.6726 2
    endloop
  endfacet
  facet normal 0.0654566 -0.997855 0
    outer loop
      vertex 39.3624 70.7 2
      vertex 38.9447 70.6726 0
      vertex 39.3624 70.7 0
    endloop
  endfacet
  facet normal 0.0654566 0.997855 -0
    outer loop
      vertex 39.3624 64.3 0
      vertex 38.9447 64.3274 2
      vertex 39.3624 64.3 2
    endloop
  endfacet
  facet normal 0.0654566 0.997855 0
    outer loop
      vertex 38.9447 64.3274 2
      vertex 39.3624 64.3 0
      vertex 38.9447 64.3274 0
    endloop
  endfacet
  facet normal 0.442237 -0.896898 0
    outer loop
      vertex 37.7624 70.2713 0
      vertex 38.1378 70.4564 2
      vertex 37.7624 70.2713 2
    endloop
  endfacet
  facet normal 0.442237 -0.896898 0
    outer loop
      vertex 38.1378 70.4564 2
      vertex 37.7624 70.2713 0
      vertex 38.1378 70.4564 0
    endloop
  endfacet
  facet normal 0.321526 0.946901 -0
    outer loop
      vertex 38.5342 64.409 0
      vertex 38.1378 64.5436 2
      vertex 38.5342 64.409 2
    endloop
  endfacet
  facet normal 0.321526 0.946901 0
    outer loop
      vertex 38.1378 64.5436 2
      vertex 38.5342 64.409 0
      vertex 38.1378 64.5436 0
    endloop
  endfacet
  facet normal -0.0654566 -0.997855 0
    outer loop
      vertex 39.3624 70.7 0
      vertex 39.7801 70.6726 2
      vertex 39.3624 70.7 2
    endloop
  endfacet
  facet normal -0.0654566 -0.997855 -0
    outer loop
      vertex 39.7801 70.6726 2
      vertex 39.3624 70.7 0
      vertex 39.7801 70.6726 0
    endloop
  endfacet
  facet normal -0.831388 0.555692 0
    outer loop
      vertex 41.9011 65.552 0
      vertex 42.1337 65.9 2
      vertex 42.1337 65.9 0
    endloop
  endfacet
  facet normal -0.831388 0.555692 0
    outer loop
      vertex 42.1337 65.9 2
      vertex 41.9011 65.552 0
      vertex 41.9011 65.552 2
    endloop
  endfacet
  facet normal 0.194967 0.98081 -0
    outer loop
      vertex 38.9447 64.3274 0
      vertex 38.5342 64.409 2
      vertex 38.9447 64.3274 2
    endloop
  endfacet
  facet normal 0.194967 0.98081 0
    outer loop
      vertex 38.5342 64.409 2
      vertex 38.9447 64.3274 0
      vertex 38.5342 64.409 0
    endloop
  endfacet
  facet normal 0.442237 0.896898 -0
    outer loop
      vertex 38.1378 64.5436 0
      vertex 37.7624 64.7287 2
      vertex 38.1378 64.5436 2
    endloop
  endfacet
  facet normal 0.442237 0.896898 0
    outer loop
      vertex 37.7624 64.7287 2
      vertex 38.1378 64.5436 0
      vertex 37.7624 64.7287 0
    endloop
  endfacet
  facet normal 0.555692 0.831388 -0
    outer loop
      vertex 37.7624 64.7287 0
      vertex 37.4144 64.9613 2
      vertex 37.7624 64.7287 2
    endloop
  endfacet
  facet normal 0.555692 0.831388 0
    outer loop
      vertex 37.4144 64.9613 2
      vertex 37.7624 64.7287 0
      vertex 37.4144 64.9613 0
    endloop
  endfacet
  facet normal 0.896898 0.442237 0
    outer loop
      vertex 36.5911 65.9 2
      vertex 36.406 66.2754 0
      vertex 36.406 66.2754 2
    endloop
  endfacet
  facet normal 0.896898 0.442237 0
    outer loop
      vertex 36.406 66.2754 0
      vertex 36.5911 65.9 2
      vertex 36.5911 65.9 0
    endloop
  endfacet
  facet normal -0.194967 -0.98081 0
    outer loop
      vertex 39.7801 70.6726 0
      vertex 40.1906 70.591 2
      vertex 39.7801 70.6726 2
    endloop
  endfacet
  facet normal -0.194967 -0.98081 -0
    outer loop
      vertex 40.1906 70.591 2
      vertex 39.7801 70.6726 0
      vertex 40.1906 70.591 0
    endloop
  endfacet
  facet normal -1 0 0
    outer loop
      vertex 44.73 15.7 0
      vertex 44.73 17.9 2
      vertex 44.73 17.9 0
    endloop
  endfacet
  facet normal -1 -0 0
    outer loop
      vertex 44.73 17.9 2
      vertex 44.73 15.7 0
      vertex 44.73 15.7 2
    endloop
  endfacet
  facet normal 1 -0 0
    outer loop
      vertex 14.91 15.7 2
      vertex 14.91 17.9 0
      vertex 14.91 17.9 2
    endloop
  endfacet
  facet normal 1 0 0
    outer loop
      vertex 14.91 17.9 0
      vertex 14.91 15.7 2
      vertex 14.91 15.7 0
    endloop
  endfacet
  facet normal 0 -1 0
    outer loop
      vertex 14.91 17.9 0
      vertex 44.73 17.9 2
      vertex 14.91 17.9 2
    endloop
  endfacet
  facet normal 0 -1 -0
    outer loop
      vertex 44.73 17.9 2
      vertex 14.91 17.9 0
      vertex 44.73 17.9 0
    endloop
  endfacet
  facet normal 0 1 -0
    outer loop
      vertex 44.73 15.7 0
      vertex 14.91 15.7 2
      vertex 44.73 15.7 2
    endloop
  endfacet
  facet normal 0 1 0
    outer loop
      vertex 14.91 15.7 2
      vertex 44.73 15.7 0
      vertex 14.91 15.7 0
    endloop
  endfacet
  facet normal -1 0 0
    outer loop
      vertex 44.73 20.1 0
      vertex 44.73 22.3 2
      vertex 44.73 22.3 0
    endloop
  endfacet
  facet normal -1 -0 0
    outer loop
      vertex 44.73 22.3 2
      vertex 44.73 20.1 0
      vertex 44.73 20.1 2
    endloop
  endfacet
  facet normal 1 -0 0
    outer loop
      vertex 14.91 20.1 2
      vertex 14.91 22.3 0
      vertex 14.91 22.3 2
    endloop
  endfacet
  facet normal 1 0 0
    outer loop
      vertex 14.91 22.3 0
      vertex 14.91 20.1 2
      vertex 14.91 20.1 0
    endloop
  endfacet
  facet normal 0 -1 0
    outer loop
      vertex 14.91 22.3 0
      vertex 44.73 22.3 2
      vertex 14.91 22.3 2
    endloop
  endfacet
  facet normal 0 -1 -0
    outer loop
      vertex 44.73 22.3 2
      vertex 14.91 22.3 0
      vertex 44.73 22.3 0
    endloop
  endfacet
  facet normal 0 1 -0
    outer loop
      vertex 44.73 20.1 0
      vertex 14.91 20.1 2
      vertex 44.73 20.1 2
    endloop
  endfacet
  facet normal 0 1 0
    outer loop
      vertex 14.91 20.1 2
      vertex 44.73 20.1 0
      vertex 14.91 20.1 0
    endloop
  endfacet
  facet normal -1 0 0
    outer loop
      vertex 44.73 24.5 0
      vertex 44.73 26.7 2
      vertex 44.73 26.7 0
    endloop
  endfacet
  facet normal -1 -0 0
    outer loop
      vertex 44.73 26.7 2
      vertex 44.73 24.5 0
      vertex 44.73 24.5 2
    endloop
  endfacet
  facet normal 1 -0 0
    outer loop
      vertex 14.91 24.5 2
      vertex 14.91 26.7 0
      vertex 14.91 26.7 2
    endloop
  endfacet
  facet normal 1 0 0
    outer loop
      vertex 14.91 26.7 0
      vertex 14.91 24.5 2
      vertex 14.91 24.5 0
    endloop
  endfacet
  facet normal 0 -1 0
    outer loop
      vertex 14.91 26.7 0
      vertex 44.73 26.7 2
      vertex 14.91 26.7 2
    endloop
  endfacet
  facet normal 0 -1 -0
    outer loop
      vertex 44.73 26.7 2
      vertex 14.91 26.7 0
      vertex 44.73 26.7 0
    endloop
  endfacet
  facet normal 0 1 -0
    outer loop
      vertex 44.73 24.5 0
      vertex 14.91 24.5 2
      vertex 44.73 24.5 2
    endloop
  endfacet
  facet normal 0 1 0
    outer loop
      vertex 14.91 24.5 2
      vertex 44.73 24.5 0
      vertex 14.91 24.5 0
    endloop
  endfacet
  facet normal -1 0 0
    outer loop
      vertex 47.712 73.5 0
      vertex 47.712 75.7 2
      vertex 47.712 75.7 0
    endloop
  endfacet
  facet normal -1 -0 0
    outer loop
      vertex 47.712 75.7 2
      vertex 47.712 73.5 0
      vertex 47.712 73.5 2
    endloop
  endfacet
  facet normal 1 -0 0
    outer loop
      vertex 11.928 73.5 2
      vertex 11.928 75.7 0
      vertex 11.928 75.7 2
    endloop
  endfacet
  facet normal 1 0 0
    outer loop
      vertex 11.928 75.7 0
      vertex 11.928 73.5 2
      vertex 11.928 73.5 0
    endloop
  endfacet
  facet normal 0 -1 0
    outer loop
      vertex 11.928 75.7 0
      vertex 47.712 75.7 2
      vertex 11.928 75.7 2
    endloop
  endfacet
  facet normal 0 -1 -0
    outer loop
      vertex 47.712 75.7 2
      vertex 11.928 75.7 0
      vertex 47.712 75.7 0
    endloop
  endfacet
  facet normal 0 1 -0
    outer loop
      vertex 47.712 73.5 0
      vertex 11.928 73.5 2
      vertex 47.712 73.5 2
    endloop
  endfacet
  facet normal 0 1 0
    outer loop
      vertex 11.928 73.5 2
      vertex 47.712 73.5 0
      vertex 11.928 73.5 0
    endloop
  endfacet
  facet normal -1 0 0
    outer loop
      vertex 47.712 77.9 0
      vertex 47.712 80.1 2
      vertex 47.712 80.1 0
    endloop
  endfacet
  facet normal -1 -0 0
    outer loop
      vertex 47.712 80.1 2
      vertex 47.712 77.9 0
      vertex 47.712 77.9 2
    endloop
  endfacet
  facet normal 1 -0 0
    outer loop
      vertex 11.928 77.9 2
      vertex 11.928 80.1 0
      vertex 11.928 80.1 2
    endloop
  endfacet
  facet normal 1 0 0
    outer loop
      vertex 11.928 80.1 0
      vertex 11.928 77.9 2
      vertex 11.928 77.9 0
    endloop
  endfacet
  facet normal 0 -1 0
    outer loop
      vertex 11.928 80.1 0
      vertex 47.712 80.1 2
      vertex 11.928 80.1 2
    endloop
  endfacet
  facet normal 0 -1 -0
    outer loop
      vertex 47.712 80.1 2
      vertex 11.928 80.1 0
      vertex 47.712 80.1 0
    endloop
  endfacet
  facet normal 0 1 -0
    outer loop
      vertex 47.712 77.9 0
      vertex 11.928 77.9 2
      vertex 47.712 77.9 2
    endloop
  endfacet
  facet normal 0 1 0
    outer loop
      vertex 11.928 77.9 2
      vertex 47.712 77.9 0
      vertex 11.928 77.9 0
    endloop
  endfacet
  facet normal -1 0 0
    outer loop
      vertex 47.712 82.3 0
      vertex 47.712 84.5 2
      vertex 47.712 84.5 0
    endloop
  endfacet
  facet normal -1 -0 0
    outer loop
      vertex 47.712 84.5 2
      vertex 47.712 82.3 0
      vertex 47.712 82.3 2
    endloop
  endfacet
  facet normal 1 -0 0
    outer loop
      vertex 11.928 82.3 2
      vertex 11.928 84.5 0
      vertex 11.928 84.5 2
    endloop
  endfacet
  facet normal 1 0 0
    outer loop
      vertex 11.928 84.5 0
      vertex 11.928 82.3 2
      vertex 11.928 82.3 0
    endloop
  endfacet
  facet normal 0 -1 0
    outer loop
      vertex 11.928 84.5 0
      vertex 47.712 84.5 2
      vertex 11.928 84.5 2
    endloop
  endfacet
  facet normal 0 -1 -0
    outer loop
      vertex 47.712 84.5 2
      vertex 11.928 84.5 0
      vertex 47.712 84.5 0
    endloop
  endfacet
  facet normal 0 1 -0
    outer loop
      vertex 47.712 82.3 0
      vertex 11.928 82.3 2
      vertex 47.712 82.3 2
    endloop
  endfacet
  facet normal 0 1 0
    outer loop
      vertex 11.928 82.3 2
      vertex 47.712 82.3 0
      vertex 11.928 82.3 0
    endloop
  endfacet
  facet normal -1 0 0
    outer loop
      vertex 47.712 86.7 0
      vertex 47.712 88.9 2
      vertex 47.712 88.9 0
    endloop
  endfacet
  facet normal -1 -0 0
    outer loop
      vertex 47.712 88.9 2
      vertex 47.712 86.7 0
      vertex 47.712 86.7 2
    endloop
  endfacet
  facet normal 1 -0 0
    outer loop
      vertex 11.928 86.7 2
      vertex 11.928 88.9 0
      vertex 11.928 88.9 2
    endloop
  endfacet
  facet normal 1 0 0
    outer loop
      vertex 11.928 88.9 0
      vertex 11.928 86.7 2
      vertex 11.928 86.7 0
    endloop
  endfacet
  facet normal 0 -1 0
    outer loop
      vertex 11.928 88.9 0
      vertex 47.712 88.9 2
      vertex 11.928 88.9 2
    endloop
  endfacet
  facet normal 0 -1 -0
    outer loop
      vertex 47.712 88.9 2
      vertex 11.928 88.9 0
      vertex 47.712 88.9 0
    endloop
  endfacet
  facet normal 0 1 -0
    outer loop
      vertex 47.712 86.7 0
      vertex 11.928 86.7 2
      vertex 47.712 86.7 2
    endloop
  endfacet
  facet normal 0 1 0
    outer loop
      vertex 11.928 86.7 2
      vertex 47.712 86.7 0
      vertex 11.928 86.7 0
    endloop
  endfacet
  facet normal -1 0 0
    outer loop
      vertex 57.24 4 2
      vertex 57.24 8.3 4.6
      vertex 57.24 8.3 2
    endloop
  endfacet
  facet normal -1 -0 0
    outer loop
      vertex 57.24 8.3 4.6
      vertex 57.24 4 2
      vertex 57.24 7.5 7.775
    endloop
  endfacet
  facet normal -1 0 0
    outer loop
      vertex 57.24 4 15
      vertex 57.24 7.5 7.775
      vertex 57.24 4 2
    endloop
  endfacet
  facet normal -1 0 0
    outer loop
      vertex 57.24 7.5 7.775
      vertex 57.24 4 15
      vertex 57.24 7.5 15
    endloop
  endfacet
  facet normal -1 0 0
    outer loop
      vertex 57.24 12.9 2
      vertex 57.24 10 3.775
      vertex 57.24 12.9 3.775
    endloop
  endfacet
  facet normal -1 0 0
    outer loop
      vertex 57.24 9.9 2
      vertex 57.24 10 3.775
      vertex 57.24 12.9 2
    endloop
  endfacet
  facet normal -1 0 0
    outer loop
      vertex 57.24 9.9 4.6
      vertex 57.24 10 3.775
      vertex 57.24 9.9 2
    endloop
  endfacet
  facet normal -1 0 0
    outer loop
      vertex 57.24 10 3.775
      vertex 57.24 9.9 4.6
      vertex 57.24 10 7.775
    endloop
  endfacet
  facet normal -1 0 0
    outer loop
      vertex 57.24 8.3 4.6
      vertex 57.24 10 7.775
      vertex 57.24 9.9 4.6
    endloop
  endfacet
  facet normal -1 -0 0
    outer loop
      vertex 57.24 10 7.775
      vertex 57.24 8.3 4.6
      vertex 57.24 7.5 7.775
    endloop
  endfacet
  facet normal -1 0 0
    outer loop
      vertex 57.24 15.3 3.775
      vertex 57.24 36.6 5
      vertex 57.24 36.6 2
    endloop
  endfacet
  facet normal -1 -0 0
    outer loop
      vertex 57.24 36.6 5
      vertex 57.24 15.3 3.775
      vertex 57.24 36.6 8.2
    endloop
  endfacet
  facet normal -1 0 0
    outer loop
      vertex 57.24 14.5 2
      vertex 57.24 15.3 3.775
      vertex 57.24 36.6 2
    endloop
  endfacet
  facet normal -1 -0 0
    outer loop
      vertex 57.24 15.3 3.775
      vertex 57.24 14.5 2
      vertex 57.24 14.5 3.775
    endloop
  endfacet
  facet normal -1 0 0
    outer loop
      vertex 57.24 36.6 8.2
      vertex 57.24 40.45 15
      vertex 57.24 40.45 8.2
    endloop
  endfacet
  facet normal -1 0 0
    outer loop
      vertex 57.24 15.3 15
      vertex 57.24 36.6 8.2
      vertex 57.24 15.3 3.775
    endloop
  endfacet
  facet normal -1 0 0
    outer loop
      vertex 57.24 36.6 8.2
      vertex 57.24 15.3 15
      vertex 57.24 40.45 15
    endloop
  endfacet
  facet normal -1 0 0
    outer loop
      vertex 57.24 93.7 2
      vertex 57.24 91.295 8
      vertex 57.24 93.7 15
    endloop
  endfacet
  facet normal -1 0 0
    outer loop
      vertex 57.24 93.7 2
      vertex 57.24 91.2813 7.79116
      vertex 57.24 91.295 8
    endloop
  endfacet
  facet normal -1 0 0
    outer loop
      vertex 57.24 93.7 2
      vertex 57.24 91.2405 7.58589
      vertex 57.24 91.2813 7.79116
    endloop
  endfacet
  facet normal -1 0 0
    outer loop
      vertex 57.24 93.7 2
      vertex 57.24 91.1732 7.38771
      vertex 57.24 91.2405 7.58589
    endloop
  endfacet
  facet normal -1 0 0
    outer loop
      vertex 57.24 93.7 2
      vertex 57.24 91.0806 7.2
      vertex 57.24 91.1732 7.38771
    endloop
  endfacet
  facet normal -1 0 0
    outer loop
      vertex 57.24 93.7 2
      vertex 57.24 90.9644 7.02598
      vertex 57.24 91.0806 7.2
    endloop
  endfacet
  facet normal -1 0 0
    outer loop
      vertex 57.24 93.7 2
      vertex 57.24 90.8264 6.86863
      vertex 57.24 90.9644 7.02598
    endloop
  endfacet
  facet normal -1 0 0
    outer loop
      vertex 57.24 93.7 2
      vertex 57.24 90.669 6.73063
      vertex 57.24 90.8264 6.86863
    endloop
  endfacet
  facet normal -1 0 0
    outer loop
      vertex 57.24 93.7 2
      vertex 57.24 90.495 6.61436
      vertex 57.24 90.669 6.73063
    endloop
  endfacet
  facet normal -1 0 0
    outer loop
      vertex 57.24 93.7 2
      vertex 57.24 90.3073 6.52179
      vertex 57.24 90.495 6.61436
    endloop
  endfacet
  facet normal -1 0 0
    outer loop
      vertex 57.24 93.7 2
      vertex 57.24 90.1091 6.45452
      vertex 57.24 90.3073 6.52179
    endloop
  endfacet
  facet normal -1 0 0
    outer loop
      vertex 57.24 93.7 2
      vertex 57.24 89.9038 6.41369
      vertex 57.24 90.1091 6.45452
    endloop
  endfacet
  facet normal -1 0 0
    outer loop
      vertex 57.24 93.7 2
      vertex 57.24 89.695 6.4
      vertex 57.24 89.9038 6.41369
    endloop
  endfacet
  facet normal -1 0 0
    outer loop
      vertex 57.24 85.3 2.5
      vertex 57.24 89.695 6.4
      vertex 57.24 93.7 2
    endloop
  endfacet
  facet normal -1 -0 0
    outer loop
      vertex 57.24 89.695 6.4
      vertex 57.24 85.3 2.5
      vertex 57.24 89.4862 6.41369
    endloop
  endfacet
  facet normal -1 -0 0
    outer loop
      vertex 57.24 89.4862 6.41369
      vertex 57.24 85.3 2.5
      vertex 57.24 89.2809 6.45452
    endloop
  endfacet
  facet normal -1 -0 0
    outer loop
      vertex 57.24 89.2809 6.45452
      vertex 57.24 85.3 2.5
      vertex 57.24 89.0827 6.52179
    endloop
  endfacet
  facet normal -1 -0 0
    outer loop
      vertex 57.24 89.0827 6.52179
      vertex 57.24 85.3 2.5
      vertex 57.24 88.895 6.61436
    endloop
  endfacet
  facet normal -1 -0 0
    outer loop
      vertex 57.24 88.895 6.61436
      vertex 57.24 85.3 2.5
      vertex 57.24 88.721 6.73063
    endloop
  endfacet
  facet normal -1 0 0
    outer loop
      vertex 57.24 85.3 2.5
      vertex 57.24 88.095 8
      vertex 57.24 88.1087 7.79116
    endloop
  endfacet
  facet normal -1 0 0
    outer loop
      vertex 57.24 85.3 2.5
      vertex 57.24 88.1087 7.79116
      vertex 57.24 88.1495 7.58589
    endloop
  endfacet
  facet normal -1 0 0
    outer loop
      vertex 57.24 85.3 2.5
      vertex 57.24 88.1495 7.58589
      vertex 57.24 88.2168 7.38771
    endloop
  endfacet
  facet normal -1 -0 0
    outer loop
      vertex 57.24 88.095 8
      vertex 57.24 85.3 2.5
      vertex 57.24 86.45 12.5
    endloop
  endfacet
  facet normal -1 -0 0
    outer loop
      vertex 57.24 88.3094 7.2
      vertex 57.24 85.3 2.5
      vertex 57.24 88.2168 7.38771
    endloop
  endfacet
  facet normal -1 -0 0
    outer loop
      vertex 57.24 88.4256 7.02598
      vertex 57.24 85.3 2.5
      vertex 57.24 88.3094 7.2
    endloop
  endfacet
  facet normal -1 -0 0
    outer loop
      vertex 57.24 88.5636 6.86863
      vertex 57.24 85.3 2.5
      vertex 57.24 88.4256 7.02598
    endloop
  endfacet
  facet normal -1 -0 0
    outer loop
      vertex 57.24 88.721 6.73063
      vertex 57.24 85.3 2.5
      vertex 57.24 88.5636 6.86863
    endloop
  endfacet
  facet normal -1 0 0
    outer loop
      vertex 57.24 93.7 2
      vertex 57.24 69.1 2.5
      vertex 57.24 85.3 2.5
    endloop
  endfacet
  facet normal -1 0 0
    outer loop
      vertex 57.24 66.2913 8.20884
      vertex 57.24 67.95 12.5
      vertex 57.24 66.305 8
    endloop
  endfacet
  facet normal -1 0 0
    outer loop
      vertex 57.24 69.1 2.5
      vertex 57.24 66.305 8
      vertex 57.24 67.95 12.5
    endloop
  endfacet
  facet normal -1 0 0
    outer loop
      vertex 57.24 69.1 2.5
      vertex 57.24 66.2913 7.79116
      vertex 57.24 66.305 8
    endloop
  endfacet
  facet normal -1 0 0
    outer loop
      vertex 57.24 69.1 2.5
      vertex 57.24 66.2505 7.58589
      vertex 57.24 66.2913 7.79116
    endloop
  endfacet
  facet normal -1 0 0
    outer loop
      vertex 57.24 69.1 2.5
      vertex 57.24 66.1832 7.38771
      vertex 57.24 66.2505 7.58589
    endloop
  endfacet
  facet normal -1 0 0
    outer loop
      vertex 57.24 69.1 2.5
      vertex 57.24 66.0906 7.2
      vertex 57.24 66.1832 7.38771
    endloop
  endfacet
  facet normal -1 0 0
    outer loop
      vertex 57.24 69.1 2.5
      vertex 57.24 65.9744 7.02598
      vertex 57.24 66.0906 7.2
    endloop
  endfacet
  facet normal -1 0 0
    outer loop
      vertex 57.24 69.1 2.5
      vertex 57.24 65.8364 6.86863
      vertex 57.24 65.9744 7.02598
    endloop
  endfacet
  facet normal -1 0 0
    outer loop
      vertex 57.24 69.1 2.5
      vertex 57.24 65.679 6.73063
      vertex 57.24 65.8364 6.86863
    endloop
  endfacet
  facet normal -1 0 0
    outer loop
      vertex 57.24 69.1 2.5
      vertex 57.24 65.505 6.61436
      vertex 57.24 65.679 6.73063
    endloop
  endfacet
  facet normal -1 0 0
    outer loop
      vertex 57.24 69.1 2.5
      vertex 57.24 65.3173 6.52179
      vertex 57.24 65.505 6.61436
    endloop
  endfacet
  facet normal -1 0 0
    outer loop
      vertex 57.24 69.1 2.5
      vertex 57.24 65.1191 6.45452
      vertex 57.24 65.3173 6.52179
    endloop
  endfacet
  facet normal -1 0 0
    outer loop
      vertex 57.24 69.1 2.5
      vertex 57.24 64.9138 6.41369
      vertex 57.24 65.1191 6.45452
    endloop
  endfacet
  facet normal -1 0 0
    outer loop
      vertex 57.24 69.1 2.5
      vertex 57.24 64.705 6.4
      vertex 57.24 64.9138 6.41369
    endloop
  endfacet
  facet normal -1 0 0
    outer loop
      vertex 57.24 60.3 2
      vertex 57.24 64.705 6.4
      vertex 57.24 69.1 2.5
    endloop
  endfacet
  facet normal -1 -0 0
    outer loop
      vertex 57.24 64.705 6.4
      vertex 57.24 60.3 2
      vertex 57.24 64.4962 6.41369
    endloop
  endfacet
  facet normal -1 -0 0
    outer loop
      vertex 57.24 64.4962 6.41369
      vertex 57.24 60.3 2
      vertex 57.24 64.2909 6.45452
    endloop
  endfacet
  facet normal -1 -0 0
    outer loop
      vertex 57.24 64.2909 6.45452
      vertex 57.24 60.3 2
      vertex 57.24 64.0927 6.52179
    endloop
  endfacet
  facet normal -1 0 0
    outer loop
      vertex 57.24 60.3 5
      vertex 57.24 64.0927 6.52179
      vertex 57.24 60.3 2
    endloop
  endfacet
  facet normal -1 0 0
    outer loop
      vertex 57.24 63.2268 7.38771
      vertex 57.24 60.3 8.2
      vertex 57.24 63.1595 7.58589
    endloop
  endfacet
  facet normal -1 0 0
    outer loop
      vertex 57.24 60.3 8.2
      vertex 57.24 63.2268 7.38771
      vertex 57.24 60.3 5
    endloop
  endfacet
  facet normal -1 -0 0
    outer loop
      vertex 57.24 63.3194 7.2
      vertex 57.24 60.3 5
      vertex 57.24 63.2268 7.38771
    endloop
  endfacet
  facet normal -1 -0 0
    outer loop
      vertex 57.24 63.4356 7.02598
      vertex 57.24 60.3 5
      vertex 57.24 63.3194 7.2
    endloop
  endfacet
  facet normal -1 -0 0
    outer loop
      vertex 57.24 63.5736 6.86863
      vertex 57.24 60.3 5
      vertex 57.24 63.4356 7.02598
    endloop
  endfacet
  facet normal -1 -0 0
    outer loop
      vertex 57.24 63.731 6.73063
      vertex 57.24 60.3 5
      vertex 57.24 63.5736 6.86863
    endloop
  endfacet
  facet normal -1 -0 0
    outer loop
      vertex 57.24 63.905 6.61436
      vertex 57.24 60.3 5
      vertex 57.24 63.731 6.73063
    endloop
  endfacet
  facet normal -1 -0 0
    outer loop
      vertex 57.24 64.0927 6.52179
      vertex 57.24 60.3 5
      vertex 57.24 63.905 6.61436
    endloop
  endfacet
  facet normal -1 0 0
    outer loop
      vertex 57.24 60.3 2
      vertex 57.24 69.1 2.5
      vertex 57.24 93.7 2
    endloop
  endfacet
  facet normal -1 0 0
    outer loop
      vertex 57.24 91.2813 8.20884
      vertex 57.24 93.7 15
      vertex 57.24 91.295 8
    endloop
  endfacet
  facet normal -1 0 0
    outer loop
      vertex 57.24 91.2405 8.41411
      vertex 57.24 93.7 15
      vertex 57.24 91.2813 8.20884
    endloop
  endfacet
  facet normal -1 0 0
    outer loop
      vertex 57.24 91.1732 8.61229
      vertex 57.24 93.7 15
      vertex 57.24 91.2405 8.41411
    endloop
  endfacet
  facet normal -1 0 0
    outer loop
      vertex 57.24 91.0806 8.8
      vertex 57.24 93.7 15
      vertex 57.24 91.1732 8.61229
    endloop
  endfacet
  facet normal -1 0 0
    outer loop
      vertex 57.24 90.9644 8.97402
      vertex 57.24 93.7 15
      vertex 57.24 91.0806 8.8
    endloop
  endfacet
  facet normal -1 0 0
    outer loop
      vertex 57.24 90.8264 9.13137
      vertex 57.24 93.7 15
      vertex 57.24 90.9644 8.97402
    endloop
  endfacet
  facet normal -1 0 0
    outer loop
      vertex 57.24 90.669 9.26937
      vertex 57.24 93.7 15
      vertex 57.24 90.8264 9.13137
    endloop
  endfacet
  facet normal -1 0 0
    outer loop
      vertex 57.24 90.495 9.38564
      vertex 57.24 93.7 15
      vertex 57.24 90.669 9.26937
    endloop
  endfacet
  facet normal -1 0 0
    outer loop
      vertex 57.24 90.3073 9.47821
      vertex 57.24 93.7 15
      vertex 57.24 90.495 9.38564
    endloop
  endfacet
  facet normal -1 0 0
    outer loop
      vertex 57.24 90.1091 9.54548
      vertex 57.24 93.7 15
      vertex 57.24 90.3073 9.47821
    endloop
  endfacet
  facet normal -1 0 0
    outer loop
      vertex 57.24 89.9038 9.58631
      vertex 57.24 93.7 15
      vertex 57.24 90.1091 9.54548
    endloop
  endfacet
  facet normal -1 0 0
    outer loop
      vertex 57.24 86.45 13.5
      vertex 57.24 89.9038 9.58631
      vertex 57.24 89.695 9.6
    endloop
  endfacet
  facet normal -1 0 0
    outer loop
      vertex 57.24 86.45 12.5
      vertex 57.24 89.695 9.6
      vertex 57.24 89.4862 9.58631
    endloop
  endfacet
  facet normal -1 0 0
    outer loop
      vertex 57.24 86.45 12.5
      vertex 57.24 89.4862 9.58631
      vertex 57.24 89.2809 9.54548
    endloop
  endfacet
  facet normal -1 0 0
    outer loop
      vertex 57.24 86.45 12.5
      vertex 57.24 89.2809 9.54548
      vertex 57.24 89.0827 9.47821
    endloop
  endfacet
  facet normal -1 0 0
    outer loop
      vertex 57.24 86.45 12.5
      vertex 57.24 89.0827 9.47821
      vertex 57.24 88.895 9.38564
    endloop
  endfacet
  facet normal -1 0 0
    outer loop
      vertex 57.24 86.45 12.5
      vertex 57.24 88.895 9.38564
      vertex 57.24 88.721 9.26937
    endloop
  endfacet
  facet normal -1 0 0
    outer loop
      vertex 57.24 86.45 12.5
      vertex 57.24 88.721 9.26937
      vertex 57.24 88.5636 9.13137
    endloop
  endfacet
  facet normal -1 0 0
    outer loop
      vertex 57.24 86.45 12.5
      vertex 57.24 88.5636 9.13137
      vertex 57.24 88.4256 8.97402
    endloop
  endfacet
  facet normal -1 0 0
    outer loop
      vertex 57.24 86.45 12.5
      vertex 57.24 88.1087 8.20884
      vertex 57.24 88.095 8
    endloop
  endfacet
  facet normal -1 0 0
    outer loop
      vertex 57.24 86.45 12.5
      vertex 57.24 88.1495 8.41411
      vertex 57.24 88.1087 8.20884
    endloop
  endfacet
  facet normal -1 0 0
    outer loop
      vertex 57.24 86.45 12.5
      vertex 57.24 88.2168 8.61229
      vertex 57.24 88.1495 8.41411
    endloop
  endfacet
  facet normal -1 0 0
    outer loop
      vertex 57.24 86.45 12.5
      vertex 57.24 88.3094 8.8
      vertex 57.24 88.2168 8.61229
    endloop
  endfacet
  facet normal -1 0 0
    outer loop
      vertex 57.24 86.45 12.5
      vertex 57.24 88.4256 8.97402
      vertex 57.24 88.3094 8.8
    endloop
  endfacet
  facet normal -1 0 0
    outer loop
      vertex 57.24 89.695 9.6
      vertex 57.24 86.45 12.5
      vertex 57.24 86.45 13.5
    endloop
  endfacet
  facet normal -1 0 0
    outer loop
      vertex 57.24 89.9038 9.58631
      vertex 57.24 86.45 13.5
      vertex 57.24 93.7 15
    endloop
  endfacet
  facet normal -1 0 0
    outer loop
      vertex 57.24 67.95 13.5
      vertex 57.24 93.7 15
      vertex 57.24 86.45 13.5
    endloop
  endfacet
  facet normal -1 0 0
    outer loop
      vertex 57.24 66.2505 8.41411
      vertex 57.24 67.95 12.5
      vertex 57.24 66.2913 8.20884
    endloop
  endfacet
  facet normal -1 0 0
    outer loop
      vertex 57.24 66.1832 8.61229
      vertex 57.24 67.95 12.5
      vertex 57.24 66.2505 8.41411
    endloop
  endfacet
  facet normal -1 0 0
    outer loop
      vertex 57.24 66.0906 8.8
      vertex 57.24 67.95 12.5
      vertex 57.24 66.1832 8.61229
    endloop
  endfacet
  facet normal -1 0 0
    outer loop
      vertex 57.24 65.9744 8.97402
      vertex 57.24 67.95 12.5
      vertex 57.24 66.0906 8.8
    endloop
  endfacet
  facet normal -1 0 0
    outer loop
      vertex 57.24 65.8364 9.13137
      vertex 57.24 67.95 12.5
      vertex 57.24 65.9744 8.97402
    endloop
  endfacet
  facet normal -1 0 0
    outer loop
      vertex 57.24 65.679 9.26937
      vertex 57.24 67.95 12.5
      vertex 57.24 65.8364 9.13137
    endloop
  endfacet
  facet normal -1 0 0
    outer loop
      vertex 57.24 65.505 9.38564
      vertex 57.24 67.95 12.5
      vertex 57.24 65.679 9.26937
    endloop
  endfacet
  facet normal -1 0 0
    outer loop
      vertex 57.24 65.3173 9.47821
      vertex 57.24 67.95 12.5
      vertex 57.24 65.505 9.38564
    endloop
  endfacet
  facet normal -1 0 0
    outer loop
      vertex 57.24 65.1191 9.54548
      vertex 57.24 67.95 12.5
      vertex 57.24 65.3173 9.47821
    endloop
  endfacet
  facet normal -1 0 0
    outer loop
      vertex 57.24 64.9138 9.58631
      vertex 57.24 67.95 12.5
      vertex 57.24 65.1191 9.54548
    endloop
  endfacet
  facet normal -1 0 0
    outer loop
      vertex 57.24 64.705 9.6
      vertex 57.24 67.95 12.5
      vertex 57.24 64.9138 9.58631
    endloop
  endfacet
  facet normal -1 -0 0
    outer loop
      vertex 57.24 67.95 12.5
      vertex 57.24 64.705 9.6
      vertex 57.24 67.95 13.5
    endloop
  endfacet
  facet normal -1 0 0
    outer loop
      vertex 57.24 64.4962 9.58631
      vertex 57.24 67.95 13.5
      vertex 57.24 64.705 9.6
    endloop
  endfacet
  facet normal -1 0 0
    outer loop
      vertex 57.24 64.2909 9.54548
      vertex 57.24 67.95 13.5
      vertex 57.24 64.4962 9.58631
    endloop
  endfacet
  facet normal -1 0 0
    outer loop
      vertex 57.24 64.0927 9.47821
      vertex 57.24 67.95 13.5
      vertex 57.24 64.2909 9.54548
    endloop
  endfacet
  facet normal -1 0 0
    outer loop
      vertex 57.24 56.45 15
      vertex 57.24 64.0927 9.47821
      vertex 57.24 63.905 9.38564
    endloop
  endfacet
  facet normal -1 0 0
    outer loop
      vertex 57.24 56.45 15
      vertex 57.24 63.905 9.38564
      vertex 57.24 63.731 9.26937
    endloop
  endfacet
  facet normal -1 0 0
    outer loop
      vertex 57.24 60.3 8.2
      vertex 57.24 63.731 9.26937
      vertex 57.24 63.5736 9.13137
    endloop
  endfacet
  facet normal -1 0 0
    outer loop
      vertex 57.24 63.1595 7.58589
      vertex 57.24 60.3 8.2
      vertex 57.24 63.1187 7.79116
    endloop
  endfacet
  facet normal -1 0 0
    outer loop
      vertex 57.24 63.1187 7.79116
      vertex 57.24 60.3 8.2
      vertex 57.24 63.105 8
    endloop
  endfacet
  facet normal -1 0 0
    outer loop
      vertex 57.24 63.105 8
      vertex 57.24 60.3 8.2
      vertex 57.24 63.1187 8.20884
    endloop
  endfacet
  facet normal -1 -0 0
    outer loop
      vertex 57.24 63.1187 8.20884
      vertex 57.24 60.3 8.2
      vertex 57.24 63.1595 8.41411
    endloop
  endfacet
  facet normal -1 -0 0
    outer loop
      vertex 57.24 63.1595 8.41411
      vertex 57.24 60.3 8.2
      vertex 57.24 63.2268 8.61229
    endloop
  endfacet
  facet normal -1 -0 0
    outer loop
      vertex 57.24 63.2268 8.61229
      vertex 57.24 60.3 8.2
      vertex 57.24 63.3194 8.8
    endloop
  endfacet
  facet normal -1 -0 0
    outer loop
      vertex 57.24 63.3194 8.8
      vertex 57.24 60.3 8.2
      vertex 57.24 63.4356 8.97402
    endloop
  endfacet
  facet normal -1 0 0
    outer loop
      vertex 57.24 60.3 8.2
      vertex 57.24 63.5736 9.13137
      vertex 57.24 63.4356 8.97402
    endloop
  endfacet
  facet normal -1 -0 0
    outer loop
      vertex 57.24 63.731 9.26937
      vertex 57.24 60.3 8.2
      vertex 57.24 56.45 15
    endloop
  endfacet
  facet normal -1 0 0
    outer loop
      vertex 57.24 56.45 15
      vertex 57.24 60.3 8.2
      vertex 57.24 56.45 8.2
    endloop
  endfacet
  facet normal -1 0 0
    outer loop
      vertex 57.24 67.95 13.5
      vertex 57.24 56.45 15
      vertex 57.24 93.7 15
    endloop
  endfacet
  facet normal -1 0 0
    outer loop
      vertex 57.24 64.0927 9.47821
      vertex 57.24 56.45 15
      vertex 57.24 67.95 13.5
    endloop
  endfacet
  facet normal -1 0 0
    outer loop
      vertex 57.24 60.3 5
      vertex 57.24 56.45 5.6
      vertex 57.24 60.3 8.2
    endloop
  endfacet
  facet normal -1 0 0
    outer loop
      vertex 57.24 60.3 5
      vertex 57.24 40.45 5.6
      vertex 57.24 56.45 5.6
    endloop
  endfacet
  facet normal -1 0 0
    outer loop
      vertex 57.24 36.6 5
      vertex 57.24 40.45 5.6
      vertex 57.24 60.3 5
    endloop
  endfacet
  facet normal -1 0 0
    outer loop
      vertex 57.24 36.6 8.2
      vertex 57.24 40.45 5.6
      vertex 57.24 36.6 5
    endloop
  endfacet
  facet normal -1 0 0
    outer loop
      vertex 57.24 40.45 5.6
      vertex 57.24 36.6 8.2
      vertex 57.24 40.45 8.2
    endloop
  endfacet
  facet normal -1 -0 0
    outer loop
      vertex 57.24 60.3 8.2
      vertex 57.24 56.45 5.6
      vertex 57.24 56.45 8.2
    endloop
  endfacet
  facet normal -0 0 1
    outer loop
      vertex 2.4 12.9 2
      vertex 57.24 9.9 2
      vertex 57.24 12.9 2
    endloop
  endfacet
  facet normal 0 0 1
    outer loop
      vertex 57.24 9.9 2
      vertex 2.4 12.9 2
      vertex 2.4 9.9 2
    endloop
  endfacet
  facet normal -0 0 1
    outer loop
      vertex 2.4 8.3 2
      vertex 57.24 4 2
      vertex 57.24 8.3 2
    endloop
  endfacet
  facet normal 0 0 1
    outer loop
      vertex 57.24 4 2
      vertex 2.4 8.3 2
      vertex 2.4 4 2
    endloop
  endfacet
  facet normal 0 0 1
    outer loop
      vertex 7.24 36.6 2
      vertex 5.24 36.6 2
      vertex 7.24 36.4 2
    endloop
  endfacet
  facet normal -0 0 1
    outer loop
      vertex 14.91 20.1 2
      vertex 44.73 17.9 2
      vertex 44.73 20.1 2
    endloop
  endfacet
  facet normal 0 0 1
    outer loop
      vertex 44.73 17.9 2
      vertex 14.91 20.1 2
      vertex 14.91 17.9 2
    endloop
  endfacet
  facet normal -0 0 1
    outer loop
      vertex 14.91 24.5 2
      vertex 44.73 22.3 2
      vertex 44.73 24.5 2
    endloop
  endfacet
  facet normal 0 0 1
    outer loop
      vertex 44.73 22.3 2
      vertex 14.91 24.5 2
      vertex 14.91 22.3 2
    endloop
  endfacet
  facet normal -0 0 1
    outer loop
      vertex 32.7764 34.2246 2
      vertex 44.73 26.7 2
      vertex 56.84 36.4 2
    endloop
  endfacet
  facet normal 0 0 1
    outer loop
      vertex 44.73 26.7 2
      vertex 32.9926 33.4177 2
      vertex 33.02 33 2
    endloop
  endfacet
  facet normal 0 0 1
    outer loop
      vertex 44.73 26.7 2
      vertex 32.911 33.8282 2
      vertex 32.9926 33.4177 2
    endloop
  endfacet
  facet normal 0 0 1
    outer loop
      vertex 44.73 26.7 2
      vertex 32.7764 34.2246 2
      vertex 32.911 33.8282 2
    endloop
  endfacet
  facet normal 0 0 1
    outer loop
      vertex 56.84 36.4 2
      vertex 32.5913 34.6 2
      vertex 32.7764 34.2246 2
    endloop
  endfacet
  facet normal 0 0 1
    outer loop
      vertex 56.84 36.4 2
      vertex 32.3587 34.948 2
      vertex 32.5913 34.6 2
    endloop
  endfacet
  facet normal 0 0 1
    outer loop
      vertex 56.84 36.4 2
      vertex 32.0827 35.2627 2
      vertex 32.3587 34.948 2
    endloop
  endfacet
  facet normal 0 0 1
    outer loop
      vertex 56.84 36.4 2
      vertex 31.768 35.5387 2
      vertex 32.0827 35.2627 2
    endloop
  endfacet
  facet normal 0 0 1
    outer loop
      vertex 56.84 36.4 2
      vertex 31.42 35.7713 2
      vertex 31.768 35.5387 2
    endloop
  endfacet
  facet normal 0 0 1
    outer loop
      vertex 56.84 36.4 2
      vertex 31.0446 35.9564 2
      vertex 31.42 35.7713 2
    endloop
  endfacet
  facet normal 0 0 1
    outer loop
      vertex 56.84 36.4 2
      vertex 30.6482 36.091 2
      vertex 31.0446 35.9564 2
    endloop
  endfacet
  facet normal 0 0 1
    outer loop
      vertex 56.84 36.4 2
      vertex 30.2377 36.1726 2
      vertex 30.6482 36.091 2
    endloop
  endfacet
  facet normal 0 0 1
    outer loop
      vertex 56.84 36.4 2
      vertex 29.82 36.2 2
      vertex 30.2377 36.1726 2
    endloop
  endfacet
  facet normal 0 0 1
    outer loop
      vertex 26.6474 33.4177 2
      vertex 14.91 26.7 2
      vertex 26.62 33 2
    endloop
  endfacet
  facet normal 0 0 1
    outer loop
      vertex 26.729 33.8282 2
      vertex 14.91 26.7 2
      vertex 26.6474 33.4177 2
    endloop
  endfacet
  facet normal 0 0 1
    outer loop
      vertex 7.24 36.4 2
      vertex 26.729 33.8282 2
      vertex 26.8636 34.2246 2
    endloop
  endfacet
  facet normal 0 0 1
    outer loop
      vertex 7.24 36.4 2
      vertex 26.8636 34.2246 2
      vertex 27.0487 34.6 2
    endloop
  endfacet
  facet normal 0 0 1
    outer loop
      vertex 7.24 36.4 2
      vertex 27.0487 34.6 2
      vertex 27.2813 34.948 2
    endloop
  endfacet
  facet normal 0 0 1
    outer loop
      vertex 7.24 36.4 2
      vertex 27.2813 34.948 2
      vertex 27.5573 35.2627 2
    endloop
  endfacet
  facet normal 0 0 1
    outer loop
      vertex 7.24 36.4 2
      vertex 27.5573 35.2627 2
      vertex 27.872 35.5387 2
    endloop
  endfacet
  facet normal 0 0 1
    outer loop
      vertex 2.4 14.5 2
      vertex 14.91 24.5 2
      vertex 14.91 26.7 2
    endloop
  endfacet
  facet normal 0 0 1
    outer loop
      vertex 14.91 24.5 2
      vertex 2.4 14.5 2
      vertex 14.91 22.3 2
    endloop
  endfacet
  facet normal 0 0 1
    outer loop
      vertex 14.91 22.3 2
      vertex 2.4 14.5 2
      vertex 14.91 20.1 2
    endloop
  endfacet
  facet normal 0 0 1
    outer loop
      vertex 14.91 20.1 2
      vertex 2.4 14.5 2
      vertex 14.91 17.9 2
    endloop
  endfacet
  facet normal 0 0 1
    outer loop
      vertex 5.24 36.6 2
      vertex 14.91 26.7 2
      vertex 7.24 36.4 2
    endloop
  endfacet
  facet normal 0 0 1
    outer loop
      vertex 26.729 33.8282 2
      vertex 7.24 36.4 2
      vertex 14.91 26.7 2
    endloop
  endfacet
  facet normal 0 0 1
    outer loop
      vertex 28.22 35.7713 2
      vertex 7.24 36.4 2
      vertex 27.872 35.5387 2
    endloop
  endfacet
  facet normal 0 0 1
    outer loop
      vertex 28.5954 35.9564 2
      vertex 7.24 36.4 2
      vertex 28.22 35.7713 2
    endloop
  endfacet
  facet normal 0 0 1
    outer loop
      vertex 28.9918 36.091 2
      vertex 7.24 36.4 2
      vertex 28.5954 35.9564 2
    endloop
  endfacet
  facet normal 0 0 1
    outer loop
      vertex 29.4023 36.1726 2
      vertex 7.24 36.4 2
      vertex 28.9918 36.091 2
    endloop
  endfacet
  facet normal 0 0 1
    outer loop
      vertex 29.82 36.2 2
      vertex 7.24 36.4 2
      vertex 29.4023 36.1726 2
    endloop
  endfacet
  facet normal -0 0 1
    outer loop
      vertex 7.24 36.4 2
      vertex 29.82 36.2 2
      vertex 56.84 36.4 2
    endloop
  endfacet
  facet normal 0 0 1
    outer loop
      vertex 56.84 36.4 2
      vertex 57.24 36.6 2
      vertex 56.84 36.6 2
    endloop
  endfacet
  facet normal 0 0 1
    outer loop
      vertex 57.24 36.6 2
      vertex 56.84 36.4 2
      vertex 57.24 14.5 2
    endloop
  endfacet
  facet normal 0 0 1
    outer loop
      vertex 44.73 24.5 2
      vertex 56.84 36.4 2
      vertex 44.73 26.7 2
    endloop
  endfacet
  facet normal 0 0 1
    outer loop
      vertex 56.84 36.4 2
      vertex 44.73 24.5 2
      vertex 57.24 14.5 2
    endloop
  endfacet
  facet normal -0 0 1
    outer loop
      vertex 44.73 22.3 2
      vertex 57.24 14.5 2
      vertex 44.73 24.5 2
    endloop
  endfacet
  facet normal -0 0 1
    outer loop
      vertex 44.73 20.1 2
      vertex 57.24 14.5 2
      vertex 44.73 22.3 2
    endloop
  endfacet
  facet normal -0 0 1
    outer loop
      vertex 44.73 17.9 2
      vertex 57.24 14.5 2
      vertex 44.73 20.1 2
    endloop
  endfacet
  facet normal -0 0 1
    outer loop
      vertex 44.73 15.7 2
      vertex 57.24 14.5 2
      vertex 44.73 17.9 2
    endloop
  endfacet
  facet normal -0 0 1
    outer loop
      vertex 14.91 15.7 2
      vertex 57.24 14.5 2
      vertex 44.73 15.7 2
    endloop
  endfacet
  facet normal 0 0 1
    outer loop
      vertex 14.91 26.7 2
      vertex 5.24 36.6 2
      vertex 2.4 14.5 2
    endloop
  endfacet
  facet normal 0 0 1
    outer loop
      vertex 14.91 15.7 2
      vertex 2.4 14.5 2
      vertex 57.24 14.5 2
    endloop
  endfacet
  facet normal 0 0 1
    outer loop
      vertex 14.91 17.9 2
      vertex 2.4 14.5 2
      vertex 14.91 15.7 2
    endloop
  endfacet
  facet normal 0 0 1
    outer loop
      vertex 5.24 60.3 2
      vertex 2.4 14.5 2
      vertex 5.24 36.6 2
    endloop
  endfacet
  facet normal -0 0 1
    outer loop
      vertex 32.9926 32.5823 2
      vertex 44.73 26.7 2
      vertex 33.02 33 2
    endloop
  endfacet
  facet normal -0 0 1
    outer loop
      vertex 32.911 32.1718 2
      vertex 44.73 26.7 2
      vertex 32.9926 32.5823 2
    endloop
  endfacet
  facet normal -0 0 1
    outer loop
      vertex 32.7764 31.7754 2
      vertex 44.73 26.7 2
      vertex 32.911 32.1718 2
    endloop
  endfacet
  facet normal -0 0 1
    outer loop
      vertex 32.5913 31.4 2
      vertex 44.73 26.7 2
      vertex 32.7764 31.7754 2
    endloop
  endfacet
  facet normal -0 0 1
    outer loop
      vertex 32.3587 31.052 2
      vertex 44.73 26.7 2
      vertex 32.5913 31.4 2
    endloop
  endfacet
  facet normal -0 0 1
    outer loop
      vertex 32.0827 30.7373 2
      vertex 44.73 26.7 2
      vertex 32.3587 31.052 2
    endloop
  endfacet
  facet normal -0 0 1
    outer loop
      vertex 31.768 30.4613 2
      vertex 44.73 26.7 2
      vertex 32.0827 30.7373 2
    endloop
  endfacet
  facet normal -0 0 1
    outer loop
      vertex 31.42 30.2287 2
      vertex 44.73 26.7 2
      vertex 31.768 30.4613 2
    endloop
  endfacet
  facet normal -0 0 1
    outer loop
      vertex 31.0446 30.0436 2
      vertex 44.73 26.7 2
      vertex 31.42 30.2287 2
    endloop
  endfacet
  facet normal -0 0 1
    outer loop
      vertex 30.6482 29.909 2
      vertex 44.73 26.7 2
      vertex 31.0446 30.0436 2
    endloop
  endfacet
  facet normal -0 0 1
    outer loop
      vertex 30.2377 29.8274 2
      vertex 44.73 26.7 2
      vertex 30.6482 29.909 2
    endloop
  endfacet
  facet normal -0 0 1
    outer loop
      vertex 29.82 29.8 2
      vertex 44.73 26.7 2
      vertex 30.2377 29.8274 2
    endloop
  endfacet
  facet normal 0 0 1
    outer loop
      vertex 14.91 26.7 2
      vertex 29.82 29.8 2
      vertex 29.4023 29.8274 2
    endloop
  endfacet
  facet normal 0 0 1
    outer loop
      vertex 14.91 26.7 2
      vertex 29.4023 29.8274 2
      vertex 28.9918 29.909 2
    endloop
  endfacet
  facet normal 0 0 1
    outer loop
      vertex 29.82 29.8 2
      vertex 14.91 26.7 2
      vertex 44.73 26.7 2
    endloop
  endfacet
  facet normal 0 0 1
    outer loop
      vertex 28.5954 30.0436 2
      vertex 14.91 26.7 2
      vertex 28.9918 29.909 2
    endloop
  endfacet
  facet normal 0 0 1
    outer loop
      vertex 28.22 30.2287 2
      vertex 14.91 26.7 2
      vertex 28.5954 30.0436 2
    endloop
  endfacet
  facet normal 0 0 1
    outer loop
      vertex 27.872 30.4613 2
      vertex 14.91 26.7 2
      vertex 28.22 30.2287 2
    endloop
  endfacet
  facet normal 0 0 1
    outer loop
      vertex 27.5573 30.7373 2
      vertex 14.91 26.7 2
      vertex 27.872 30.4613 2
    endloop
  endfacet
  facet normal 0 0 1
    outer loop
      vertex 27.2813 31.052 2
      vertex 14.91 26.7 2
      vertex 27.5573 30.7373 2
    endloop
  endfacet
  facet normal 0 0 1
    outer loop
      vertex 27.0487 31.4 2
      vertex 14.91 26.7 2
      vertex 27.2813 31.052 2
    endloop
  endfacet
  facet normal 0 0 1
    outer loop
      vertex 26.8636 31.7754 2
      vertex 14.91 26.7 2
      vertex 27.0487 31.4 2
    endloop
  endfacet
  facet normal 0 0 1
    outer loop
      vertex 26.729 32.1718 2
      vertex 14.91 26.7 2
      vertex 26.8636 31.7754 2
    endloop
  endfacet
  facet normal 0 0 1
    outer loop
      vertex 26.6474 32.5823 2
      vertex 14.91 26.7 2
      vertex 26.729 32.1718 2
    endloop
  endfacet
  facet normal 0 0 1
    outer loop
      vertex 14.91 26.7 2
      vertex 26.6474 32.5823 2
      vertex 26.62 33 2
    endloop
  endfacet
  facet normal 0 0 1
    outer loop
      vertex 47.712 73.5 2
      vertex 42.535 67.9177 2
      vertex 42.5624 67.5 2
    endloop
  endfacet
  facet normal 0 0 1
    outer loop
      vertex 47.712 73.5 2
      vertex 42.4534 68.3282 2
      vertex 42.535 67.9177 2
    endloop
  endfacet
  facet normal 0 0 1
    outer loop
      vertex 47.712 73.5 2
      vertex 42.3188 68.7246 2
      vertex 42.4534 68.3282 2
    endloop
  endfacet
  facet normal 0 0 1
    outer loop
      vertex 47.712 73.5 2
      vertex 42.1337 69.1 2
      vertex 42.3188 68.7246 2
    endloop
  endfacet
  facet normal 0 0 1
    outer loop
      vertex 47.712 73.5 2
      vertex 41.9011 69.448 2
      vertex 42.1337 69.1 2
    endloop
  endfacet
  facet normal 0 0 1
    outer loop
      vertex 47.712 73.5 2
      vertex 41.6251 69.7627 2
      vertex 41.9011 69.448 2
    endloop
  endfacet
  facet normal 0 0 1
    outer loop
      vertex 47.712 73.5 2
      vertex 41.3104 70.0387 2
      vertex 41.6251 69.7627 2
    endloop
  endfacet
  facet normal 0 0 1
    outer loop
      vertex 47.712 73.5 2
      vertex 40.9624 70.2713 2
      vertex 41.3104 70.0387 2
    endloop
  endfacet
  facet normal 0 0 1
    outer loop
      vertex 47.712 73.5 2
      vertex 40.587 70.4564 2
      vertex 40.9624 70.2713 2
    endloop
  endfacet
  facet normal 0 0 1
    outer loop
      vertex 47.712 73.5 2
      vertex 40.1906 70.591 2
      vertex 40.587 70.4564 2
    endloop
  endfacet
  facet normal 0 0 1
    outer loop
      vertex 47.712 73.5 2
      vertex 39.7801 70.6726 2
      vertex 40.1906 70.591 2
    endloop
  endfacet
  facet normal 0 0 1
    outer loop
      vertex 47.712 73.5 2
      vertex 39.3624 70.7 2
      vertex 39.7801 70.6726 2
    endloop
  endfacet
  facet normal 0 0 1
    outer loop
      vertex 47.712 73.5 2
      vertex 38.9447 70.6726 2
      vertex 39.3624 70.7 2
    endloop
  endfacet
  facet normal 0 0 1
    outer loop
      vertex 47.712 73.5 2
      vertex 38.5342 70.591 2
      vertex 38.9447 70.6726 2
    endloop
  endfacet
  facet normal 0 0 1
    outer loop
      vertex 36.1898 67.9177 2
      vertex 23.4776 67.5 2
      vertex 36.1624 67.5 2
    endloop
  endfacet
  facet normal 0 0 1
    outer loop
      vertex 23.4502 67.9177 2
      vertex 36.1898 67.9177 2
      vertex 36.2714 68.3282 2
    endloop
  endfacet
  facet normal 0 0 1
    outer loop
      vertex 23.3686 68.3282 2
      vertex 36.2714 68.3282 2
      vertex 36.406 68.7246 2
    endloop
  endfacet
  facet normal 0 0 1
    outer loop
      vertex 23.234 68.7246 2
      vertex 36.406 68.7246 2
      vertex 36.5911 69.1 2
    endloop
  endfacet
  facet normal 0 0 1
    outer loop
      vertex 23.0489 69.1 2
      vertex 36.5911 69.1 2
      vertex 36.8237 69.448 2
    endloop
  endfacet
  facet normal 0 0 1
    outer loop
      vertex 22.8163 69.448 2
      vertex 36.8237 69.448 2
      vertex 37.0997 69.7627 2
    endloop
  endfacet
  facet normal 0 0 1
    outer loop
      vertex 22.5403 69.7627 2
      vertex 37.0997 69.7627 2
      vertex 37.4144 70.0387 2
    endloop
  endfacet
  facet normal 0 0 1
    outer loop
      vertex 22.2256 70.0387 2
      vertex 37.4144 70.0387 2
      vertex 37.7624 70.2713 2
    endloop
  endfacet
  facet normal 0 0 1
    outer loop
      vertex 21.8776 70.2713 2
      vertex 37.7624 70.2713 2
      vertex 38.1378 70.4564 2
    endloop
  endfacet
  facet normal 0 0 1
    outer loop
      vertex 21.5022 70.4564 2
      vertex 38.1378 70.4564 2
      vertex 38.5342 70.591 2
    endloop
  endfacet
  facet normal 0 0 1
    outer loop
      vertex 21.1058 70.591 2
      vertex 38.5342 70.591 2
      vertex 47.712 73.5 2
    endloop
  endfacet
  facet normal 0 0 1
    outer loop
      vertex 36.1898 67.9177 2
      vertex 23.4502 67.9177 2
      vertex 23.4776 67.5 2
    endloop
  endfacet
  facet normal 0 0 1
    outer loop
      vertex 36.2714 68.3282 2
      vertex 23.3686 68.3282 2
      vertex 23.4502 67.9177 2
    endloop
  endfacet
  facet normal 0 0 1
    outer loop
      vertex 36.406 68.7246 2
      vertex 23.234 68.7246 2
      vertex 23.3686 68.3282 2
    endloop
  endfacet
  facet normal 0 0 1
    outer loop
      vertex 36.5911 69.1 2
      vertex 23.0489 69.1 2
      vertex 23.234 68.7246 2
    endloop
  endfacet
  facet normal 0 0 1
    outer loop
      vertex 36.8237 69.448 2
      vertex 22.8163 69.448 2
      vertex 23.0489 69.1 2
    endloop
  endfacet
  facet normal 0 0 1
    outer loop
      vertex 37.0997 69.7627 2
      vertex 22.5403 69.7627 2
      vertex 22.8163 69.448 2
    endloop
  endfacet
  facet normal 0 0 1
    outer loop
      vertex 37.4144 70.0387 2
      vertex 22.2256 70.0387 2
      vertex 22.5403 69.7627 2
    endloop
  endfacet
  facet normal 0 0 1
    outer loop
      vertex 37.7624 70.2713 2
      vertex 21.8776 70.2713 2
      vertex 22.2256 70.0387 2
    endloop
  endfacet
  facet normal 0 0 1
    outer loop
      vertex 38.1378 70.4564 2
      vertex 21.5022 70.4564 2
      vertex 21.8776 70.2713 2
    endloop
  endfacet
  facet normal 0 0 1
    outer loop
      vertex 38.5342 70.591 2
      vertex 21.1058 70.591 2
      vertex 21.5022 70.4564 2
    endloop
  endfacet
  facet normal 0 0 1
    outer loop
      vertex 47.712 73.5 2
      vertex 20.6953 70.6726 2
      vertex 21.1058 70.591 2
    endloop
  endfacet
  facet normal -0 0 1
    outer loop
      vertex 11.928 73.5 2
      vertex 20.6953 70.6726 2
      vertex 47.712 73.5 2
    endloop
  endfacet
  facet normal 0 0 1
    outer loop
      vertex 20.6953 70.6726 2
      vertex 11.928 73.5 2
      vertex 20.2776 70.7 2
    endloop
  endfacet
  facet normal 0 0 1
    outer loop
      vertex 17.105 67.9177 2
      vertex 11.928 73.5 2
      vertex 17.0776 67.5 2
    endloop
  endfacet
  facet normal 0 0 1
    outer loop
      vertex 17.1866 68.3282 2
      vertex 11.928 73.5 2
      vertex 17.105 67.9177 2
    endloop
  endfacet
  facet normal 0 0 1
    outer loop
      vertex 17.3212 68.7246 2
      vertex 11.928 73.5 2
      vertex 17.1866 68.3282 2
    endloop
  endfacet
  facet normal 0 0 1
    outer loop
      vertex 17.5063 69.1 2
      vertex 11.928 73.5 2
      vertex 17.3212 68.7246 2
    endloop
  endfacet
  facet normal 0 0 1
    outer loop
      vertex 17.7389 69.448 2
      vertex 11.928 73.5 2
      vertex 17.5063 69.1 2
    endloop
  endfacet
  facet normal 0 0 1
    outer loop
      vertex 18.0149 69.7627 2
      vertex 11.928 73.5 2
      vertex 17.7389 69.448 2
    endloop
  endfacet
  facet normal 0 0 1
    outer loop
      vertex 18.3296 70.0387 2
      vertex 11.928 73.5 2
      vertex 18.0149 69.7627 2
    endloop
  endfacet
  facet normal 0 0 1
    outer loop
      vertex 18.6776 70.2713 2
      vertex 11.928 73.5 2
      vertex 18.3296 70.0387 2
    endloop
  endfacet
  facet normal 0 0 1
    outer loop
      vertex 19.053 70.4564 2
      vertex 11.928 73.5 2
      vertex 18.6776 70.2713 2
    endloop
  endfacet
  facet normal 0 0 1
    outer loop
      vertex 19.4494 70.591 2
      vertex 11.928 73.5 2
      vertex 19.053 70.4564 2
    endloop
  endfacet
  facet normal 0 0 1
    outer loop
      vertex 19.8599 70.6726 2
      vertex 11.928 73.5 2
      vertex 19.4494 70.591 2
    endloop
  endfacet
  facet normal 0 0 1
    outer loop
      vertex 20.2776 70.7 2
      vertex 11.928 73.5 2
      vertex 19.8599 70.6726 2
    endloop
  endfacet
  facet normal -0 0 1
    outer loop
      vertex 11.928 77.9 2
      vertex 47.712 75.7 2
      vertex 47.712 77.9 2
    endloop
  endfacet
  facet normal 0 0 1
    outer loop
      vertex 47.712 75.7 2
      vertex 11.928 77.9 2
      vertex 11.928 75.7 2
    endloop
  endfacet
  facet normal -0 0 1
    outer loop
      vertex 11.928 82.3 2
      vertex 47.712 80.1 2
      vertex 47.712 82.3 2
    endloop
  endfacet
  facet normal 0 0 1
    outer loop
      vertex 47.712 80.1 2
      vertex 11.928 82.3 2
      vertex 11.928 80.1 2
    endloop
  endfacet
  facet normal -0 0 1
    outer loop
      vertex 11.928 86.7 2
      vertex 47.712 84.5 2
      vertex 47.712 86.7 2
    endloop
  endfacet
  facet normal 0 0 1
    outer loop
      vertex 47.712 84.5 2
      vertex 11.928 86.7 2
      vertex 11.928 84.5 2
    endloop
  endfacet
  facet normal -0 0 1
    outer loop
      vertex 47.712 77.9 2
      vertex 57.24 60.3 2
      vertex 57.24 93.7 2
    endloop
  endfacet
  facet normal 0 0 1
    outer loop
      vertex 47.712 86.7 2
      vertex 57.24 93.7 2
      vertex 47.712 88.9 2
    endloop
  endfacet
  facet normal 0 0 1
    outer loop
      vertex 57.24 93.7 2
      vertex 11.928 88.9 2
      vertex 47.712 88.9 2
    endloop
  endfacet
  facet normal 0 0 1
    outer loop
      vertex 2.4 93.7 2
      vertex 11.928 86.7 2
      vertex 11.928 88.9 2
    endloop
  endfacet
  facet normal 0 0 1
    outer loop
      vertex 11.928 86.7 2
      vertex 2.4 93.7 2
      vertex 11.928 84.5 2
    endloop
  endfacet
  facet normal 0 0 1
    outer loop
      vertex 11.928 84.5 2
      vertex 2.4 93.7 2
      vertex 11.928 82.3 2
    endloop
  endfacet
  facet normal 0 0 1
    outer loop
      vertex 11.928 82.3 2
      vertex 2.4 93.7 2
      vertex 11.928 80.1 2
    endloop
  endfacet
  facet normal 0 0 1
    outer loop
      vertex 11.928 80.1 2
      vertex 2.4 93.7 2
      vertex 11.928 77.9 2
    endloop
  endfacet
  facet normal 0 0 1
    outer loop
      vertex 11.928 77.9 2
      vertex 2.4 93.7 2
      vertex 11.928 75.7 2
    endloop
  endfacet
  facet normal 0 -0 1
    outer loop
      vertex 5.24 60.3 2
      vertex 11.928 75.7 2
      vertex 2.4 93.7 2
    endloop
  endfacet
  facet normal 0 0 1
    outer loop
      vertex 7.24 60.5 2
      vertex 5.24 60.3 2
      vertex 7.24 60.3 2
    endloop
  endfacet
  facet normal 0 0 1
    outer loop
      vertex 11.928 73.5 2
      vertex 5.24 60.3 2
      vertex 7.24 60.5 2
    endloop
  endfacet
  facet normal 0 0 1
    outer loop
      vertex 2.4 14.5 2
      vertex 5.24 60.3 2
      vertex 2.4 93.7 2
    endloop
  endfacet
  facet normal 0 0 1
    outer loop
      vertex 11.928 75.7 2
      vertex 5.24 60.3 2
      vertex 11.928 73.5 2
    endloop
  endfacet
  facet normal -0 0 1
    outer loop
      vertex 2.4 93.7 2
      vertex 11.928 88.9 2
      vertex 57.24 93.7 2
    endloop
  endfacet
  facet normal 0 0 1
    outer loop
      vertex 57.24 60.3 2
      vertex 56.84 60.5 2
      vertex 56.84 60.3 2
    endloop
  endfacet
  facet normal 0 0 1
    outer loop
      vertex 47.712 84.5 2
      vertex 57.24 93.7 2
      vertex 47.712 86.7 2
    endloop
  endfacet
  facet normal 0 0 1
    outer loop
      vertex 47.712 82.3 2
      vertex 57.24 93.7 2
      vertex 47.712 84.5 2
    endloop
  endfacet
  facet normal 0 0 1
    outer loop
      vertex 47.712 80.1 2
      vertex 57.24 93.7 2
      vertex 47.712 82.3 2
    endloop
  endfacet
  facet normal 0 0 1
    outer loop
      vertex 47.712 77.9 2
      vertex 57.24 93.7 2
      vertex 47.712 80.1 2
    endloop
  endfacet
  facet normal -0 0 1
    outer loop
      vertex 47.712 75.7 2
      vertex 57.24 60.3 2
      vertex 47.712 77.9 2
    endloop
  endfacet
  facet normal 0 0 1
    outer loop
      vertex 57.24 60.3 2
      vertex 47.712 75.7 2
      vertex 56.84 60.5 2
    endloop
  endfacet
  facet normal -0 0 1
    outer loop
      vertex 47.712 73.5 2
      vertex 56.84 60.5 2
      vertex 47.712 75.7 2
    endloop
  endfacet
  facet normal 0 0 1
    outer loop
      vertex 42.535 67.0823 2
      vertex 47.712 73.5 2
      vertex 42.5624 67.5 2
    endloop
  endfacet
  facet normal 0 0 1
    outer loop
      vertex 47.712 73.5 2
      vertex 42.535 67.0823 2
      vertex 56.84 60.5 2
    endloop
  endfacet
  facet normal -0 0 1
    outer loop
      vertex 42.4534 66.6718 2
      vertex 56.84 60.5 2
      vertex 42.535 67.0823 2
    endloop
  endfacet
  facet normal -0 0 1
    outer loop
      vertex 42.3188 66.2754 2
      vertex 56.84 60.5 2
      vertex 42.4534 66.6718 2
    endloop
  endfacet
  facet normal -0 0 1
    outer loop
      vertex 42.1337 65.9 2
      vertex 56.84 60.5 2
      vertex 42.3188 66.2754 2
    endloop
  endfacet
  facet normal -0 0 1
    outer loop
      vertex 41.9011 65.552 2
      vertex 56.84 60.5 2
      vertex 42.1337 65.9 2
    endloop
  endfacet
  facet normal -0 0 1
    outer loop
      vertex 41.6251 65.2373 2
      vertex 56.84 60.5 2
      vertex 41.9011 65.552 2
    endloop
  endfacet
  facet normal -0 0 1
    outer loop
      vertex 41.3104 64.9613 2
      vertex 56.84 60.5 2
      vertex 41.6251 65.2373 2
    endloop
  endfacet
  facet normal -0 0 1
    outer loop
      vertex 40.9624 64.7287 2
      vertex 56.84 60.5 2
      vertex 41.3104 64.9613 2
    endloop
  endfacet
  facet normal -0 0 1
    outer loop
      vertex 40.587 64.5436 2
      vertex 56.84 60.5 2
      vertex 40.9624 64.7287 2
    endloop
  endfacet
  facet normal -0 0 1
    outer loop
      vertex 40.1906 64.409 2
      vertex 56.84 60.5 2
      vertex 40.587 64.5436 2
    endloop
  endfacet
  facet normal -0 0 1
    outer loop
      vertex 39.7801 64.3274 2
      vertex 56.84 60.5 2
      vertex 40.1906 64.409 2
    endloop
  endfacet
  facet normal -0 0 1
    outer loop
      vertex 39.3624 64.3 2
      vertex 56.84 60.5 2
      vertex 39.7801 64.3274 2
    endloop
  endfacet
  facet normal 0 0 1
    outer loop
      vertex 38.9447 64.3274 2
      vertex 56.84 60.5 2
      vertex 39.3624 64.3 2
    endloop
  endfacet
  facet normal 0 0 1
    outer loop
      vertex 20.6953 64.3274 2
      vertex 38.9447 64.3274 2
      vertex 38.5342 64.409 2
    endloop
  endfacet
  facet normal -0 0 1
    outer loop
      vertex 23.4776 67.5 2
      vertex 36.1898 67.0823 2
      vertex 36.1624 67.5 2
    endloop
  endfacet
  facet normal 0 0 1
    outer loop
      vertex 23.4502 67.0823 2
      vertex 36.1898 67.0823 2
      vertex 23.4776 67.5 2
    endloop
  endfacet
  facet normal 0 0 1
    outer loop
      vertex 36.1898 67.0823 2
      vertex 23.4502 67.0823 2
      vertex 36.2714 66.6718 2
    endloop
  endfacet
  facet normal 0 0 1
    outer loop
      vertex 23.3686 66.6718 2
      vertex 36.2714 66.6718 2
      vertex 23.4502 67.0823 2
    endloop
  endfacet
  facet normal 0 0 1
    outer loop
      vertex 36.2714 66.6718 2
      vertex 23.3686 66.6718 2
      vertex 36.406 66.2754 2
    endloop
  endfacet
  facet normal 0 0 1
    outer loop
      vertex 23.234 66.2754 2
      vertex 36.406 66.2754 2
      vertex 23.3686 66.6718 2
    endloop
  endfacet
  facet normal 0 0 1
    outer loop
      vertex 36.406 66.2754 2
      vertex 23.234 66.2754 2
      vertex 36.5911 65.9 2
    endloop
  endfacet
  facet normal 0 0 1
    outer loop
      vertex 23.0489 65.9 2
      vertex 36.5911 65.9 2
      vertex 23.234 66.2754 2
    endloop
  endfacet
  facet normal 0 0 1
    outer loop
      vertex 36.5911 65.9 2
      vertex 23.0489 65.9 2
      vertex 36.8237 65.552 2
    endloop
  endfacet
  facet normal 0 0 1
    outer loop
      vertex 22.8163 65.552 2
      vertex 36.8237 65.552 2
      vertex 23.0489 65.9 2
    endloop
  endfacet
  facet normal 0 0 1
    outer loop
      vertex 36.8237 65.552 2
      vertex 22.8163 65.552 2
      vertex 37.0997 65.2373 2
    endloop
  endfacet
  facet normal 0 0 1
    outer loop
      vertex 22.5403 65.2373 2
      vertex 37.0997 65.2373 2
      vertex 22.8163 65.552 2
    endloop
  endfacet
  facet normal 0 0 1
    outer loop
      vertex 37.0997 65.2373 2
      vertex 22.5403 65.2373 2
      vertex 37.4144 64.9613 2
    endloop
  endfacet
  facet normal 0 0 1
    outer loop
      vertex 22.2256 64.9613 2
      vertex 37.4144 64.9613 2
      vertex 22.5403 65.2373 2
    endloop
  endfacet
  facet normal 0 0 1
    outer loop
      vertex 37.4144 64.9613 2
      vertex 22.2256 64.9613 2
      vertex 37.7624 64.7287 2
    endloop
  endfacet
  facet normal 0 0 1
    outer loop
      vertex 21.8776 64.7287 2
      vertex 37.7624 64.7287 2
      vertex 22.2256 64.9613 2
    endloop
  endfacet
  facet normal 0 0 1
    outer loop
      vertex 37.7624 64.7287 2
      vertex 21.8776 64.7287 2
      vertex 38.1378 64.5436 2
    endloop
  endfacet
  facet normal 0 0 1
    outer loop
      vertex 21.5022 64.5436 2
      vertex 38.1378 64.5436 2
      vertex 21.8776 64.7287 2
    endloop
  endfacet
  facet normal 0 0 1
    outer loop
      vertex 38.1378 64.5436 2
      vertex 21.5022 64.5436 2
      vertex 38.5342 64.409 2
    endloop
  endfacet
  facet normal 0 0 1
    outer loop
      vertex 21.1058 64.409 2
      vertex 38.5342 64.409 2
      vertex 21.5022 64.5436 2
    endloop
  endfacet
  facet normal 0 0 1
    outer loop
      vertex 20.6953 64.3274 2
      vertex 38.5342 64.409 2
      vertex 21.1058 64.409 2
    endloop
  endfacet
  facet normal 0 0 1
    outer loop
      vertex 38.9447 64.3274 2
      vertex 20.6953 64.3274 2
      vertex 7.24 60.5 2
    endloop
  endfacet
  facet normal 0 0 1
    outer loop
      vertex 7.24 60.5 2
      vertex 20.6953 64.3274 2
      vertex 20.2776 64.3 2
    endloop
  endfacet
  facet normal 0 0 1
    outer loop
      vertex 7.24 60.5 2
      vertex 20.2776 64.3 2
      vertex 19.8599 64.3274 2
    endloop
  endfacet
  facet normal 0 0 1
    outer loop
      vertex 11.928 73.5 2
      vertex 17.105 67.0823 2
      vertex 17.0776 67.5 2
    endloop
  endfacet
  facet normal 0 0 1
    outer loop
      vertex 7.24 60.5 2
      vertex 17.105 67.0823 2
      vertex 11.928 73.5 2
    endloop
  endfacet
  facet normal 0 0 1
    outer loop
      vertex 17.105 67.0823 2
      vertex 7.24 60.5 2
      vertex 17.1866 66.6718 2
    endloop
  endfacet
  facet normal 0 0 1
    outer loop
      vertex 17.1866 66.6718 2
      vertex 7.24 60.5 2
      vertex 17.3212 66.2754 2
    endloop
  endfacet
  facet normal 0 0 1
    outer loop
      vertex 17.3212 66.2754 2
      vertex 7.24 60.5 2
      vertex 17.5063 65.9 2
    endloop
  endfacet
  facet normal 0 0 1
    outer loop
      vertex 38.9447 64.3274 2
      vertex 7.24 60.5 2
      vertex 56.84 60.5 2
    endloop
  endfacet
  facet normal 0 0 1
    outer loop
      vertex 19.4494 64.409 2
      vertex 7.24 60.5 2
      vertex 19.8599 64.3274 2
    endloop
  endfacet
  facet normal 0 0 1
    outer loop
      vertex 19.053 64.5436 2
      vertex 7.24 60.5 2
      vertex 19.4494 64.409 2
    endloop
  endfacet
  facet normal 0 0 1
    outer loop
      vertex 18.6776 64.7287 2
      vertex 7.24 60.5 2
      vertex 19.053 64.5436 2
    endloop
  endfacet
  facet normal 0 0 1
    outer loop
      vertex 18.3296 64.9613 2
      vertex 7.24 60.5 2
      vertex 18.6776 64.7287 2
    endloop
  endfacet
  facet normal 0 0 1
    outer loop
      vertex 18.0149 65.2373 2
      vertex 7.24 60.5 2
      vertex 18.3296 64.9613 2
    endloop
  endfacet
  facet normal 0 0 1
    outer loop
      vertex 17.7389 65.552 2
      vertex 7.24 60.5 2
      vertex 18.0149 65.2373 2
    endloop
  endfacet
  facet normal 0 0 1
    outer loop
      vertex 17.5063 65.9 2
      vertex 7.24 60.5 2
      vertex 17.7389 65.552 2
    endloop
  endfacet
  facet normal -0 0 1
    outer loop
      vertex 8.44 57.5 2
      vertex 55.64 39.4 2
      vertex 55.64 57.5 2
    endloop
  endfacet
  facet normal 0 0 1
    outer loop
      vertex 55.64 39.4 2
      vertex 8.44 57.5 2
      vertex 8.44 39.4 2
    endloop
  endfacet
  facet normal 1 0 0
    outer loop
      vertex 2.4 93.7 15
      vertex 2.4 91.295 8
      vertex 2.4 93.7 2
    endloop
  endfacet
  facet normal 1 0 0
    outer loop
      vertex 2.4 93.7 15
      vertex 2.4 91.2813 8.20884
      vertex 2.4 91.295 8
    endloop
  endfacet
  facet normal 1 0 0
    outer loop
      vertex 2.4 93.7 15
      vertex 2.4 91.2405 8.41411
      vertex 2.4 91.2813 8.20884
    endloop
  endfacet
  facet normal 1 0 0
    outer loop
      vertex 2.4 93.7 15
      vertex 2.4 91.1732 8.61229
      vertex 2.4 91.2405 8.41411
    endloop
  endfacet
  facet normal 1 0 0
    outer loop
      vertex 2.4 93.7 15
      vertex 2.4 91.0806 8.8
      vertex 2.4 91.1732 8.61229
    endloop
  endfacet
  facet normal 1 0 0
    outer loop
      vertex 2.4 93.7 15
      vertex 2.4 90.9644 8.97402
      vertex 2.4 91.0806 8.8
    endloop
  endfacet
  facet normal 1 0 0
    outer loop
      vertex 2.4 93.7 15
      vertex 2.4 90.8264 9.13137
      vertex 2.4 90.9644 8.97402
    endloop
  endfacet
  facet normal 1 0 0
    outer loop
      vertex 2.4 93.7 15
      vertex 2.4 90.669 9.26937
      vertex 2.4 90.8264 9.13137
    endloop
  endfacet
  facet normal 1 0 0
    outer loop
      vertex 2.4 93.7 15
      vertex 2.4 90.495 9.38564
      vertex 2.4 90.669 9.26937
    endloop
  endfacet
  facet normal 1 0 0
    outer loop
      vertex 2.4 93.7 15
      vertex 2.4 90.3073 9.47821
      vertex 2.4 90.495 9.38564
    endloop
  endfacet
  facet normal 1 0 0
    outer loop
      vertex 2.4 93.7 15
      vertex 2.4 90.1091 9.54548
      vertex 2.4 90.3073 9.47821
    endloop
  endfacet
  facet normal 1 0 0
    outer loop
      vertex 2.4 93.7 15
      vertex 2.4 89.9038 9.58631
      vertex 2.4 90.1091 9.54548
    endloop
  endfacet
  facet normal 1 -0 0
    outer loop
      vertex 2.4 86.45 13.5
      vertex 2.4 89.9038 9.58631
      vertex 2.4 93.7 15
    endloop
  endfacet
  facet normal 1 0 0
    outer loop
      vertex 2.4 89.9038 9.58631
      vertex 2.4 86.45 13.5
      vertex 2.4 89.695 9.6
    endloop
  endfacet
  facet normal 1 -0 0
    outer loop
      vertex 2.4 86.45 12.5
      vertex 2.4 89.695 9.6
      vertex 2.4 86.45 13.5
    endloop
  endfacet
  facet normal 1 0 0
    outer loop
      vertex 2.4 89.695 9.6
      vertex 2.4 86.45 12.5
      vertex 2.4 89.4862 9.58631
    endloop
  endfacet
  facet normal 1 0 0
    outer loop
      vertex 2.4 89.4862 9.58631
      vertex 2.4 86.45 12.5
      vertex 2.4 89.2809 9.54548
    endloop
  endfacet
  facet normal 1 0 0
    outer loop
      vertex 2.4 89.0827 9.47821
      vertex 2.4 86.45 12.5
      vertex 2.4 88.895 9.38564
    endloop
  endfacet
  facet normal 1 0 0
    outer loop
      vertex 2.4 88.895 9.38564
      vertex 2.4 86.45 12.5
      vertex 2.4 88.721 9.26937
    endloop
  endfacet
  facet normal 1 0 0
    outer loop
      vertex 2.4 88.721 9.26937
      vertex 2.4 86.45 12.5
      vertex 2.4 88.5636 9.13137
    endloop
  endfacet
  facet normal 1 0 0
    outer loop
      vertex 2.4 88.1495 8.41411
      vertex 2.4 86.45 12.5
      vertex 2.4 88.1087 8.20884
    endloop
  endfacet
  facet normal 1 0 0
    outer loop
      vertex 2.4 88.2168 8.61229
      vertex 2.4 86.45 12.5
      vertex 2.4 88.1495 8.41411
    endloop
  endfacet
  facet normal 1 0 0
    outer loop
      vertex 2.4 88.3094 8.8
      vertex 2.4 86.45 12.5
      vertex 2.4 88.2168 8.61229
    endloop
  endfacet
  facet normal 1 0 0
    outer loop
      vertex 2.4 88.4256 8.97402
      vertex 2.4 86.45 12.5
      vertex 2.4 88.3094 8.8
    endloop
  endfacet
  facet normal 1 0 0
    outer loop
      vertex 2.4 88.5636 9.13137
      vertex 2.4 86.45 12.5
      vertex 2.4 88.4256 8.97402
    endloop
  endfacet
  facet normal 1 0 0
    outer loop
      vertex 2.4 89.2809 9.54548
      vertex 2.4 86.45 12.5
      vertex 2.4 89.0827 9.47821
    endloop
  endfacet
  facet normal 1 0 0
    outer loop
      vertex 2.4 93.7 15
      vertex 2.4 67.95 13.5
      vertex 2.4 86.45 13.5
    endloop
  endfacet
  facet normal 1 0 0
    outer loop
      vertex 2.4 64.705 9.6
      vertex 2.4 67.95 12.5
      vertex 2.4 67.95 13.5
    endloop
  endfacet
  facet normal 1 0 0
    outer loop
      vertex 2.4 67.95 12.5
      vertex 2.4 66.2913 8.20884
      vertex 2.4 66.305 8
    endloop
  endfacet
  facet normal 1 0 0
    outer loop
      vertex 2.4 67.95 12.5
      vertex 2.4 66.2505 8.41411
      vertex 2.4 66.2913 8.20884
    endloop
  endfacet
  facet normal 1 0 0
    outer loop
      vertex 2.4 67.95 12.5
      vertex 2.4 66.1832 8.61229
      vertex 2.4 66.2505 8.41411
    endloop
  endfacet
  facet normal 1 0 0
    outer loop
      vertex 2.4 67.95 12.5
      vertex 2.4 66.0906 8.8
      vertex 2.4 66.1832 8.61229
    endloop
  endfacet
  facet normal 1 0 0
    outer loop
      vertex 2.4 67.95 12.5
      vertex 2.4 65.9744 8.97402
      vertex 2.4 66.0906 8.8
    endloop
  endfacet
  facet normal 1 0 0
    outer loop
      vertex 2.4 67.95 12.5
      vertex 2.4 65.8364 9.13137
      vertex 2.4 65.9744 8.97402
    endloop
  endfacet
  facet normal 1 0 0
    outer loop
      vertex 2.4 67.95 12.5
      vertex 2.4 65.679 9.26937
      vertex 2.4 65.8364 9.13137
    endloop
  endfacet
  facet normal 1 0 0
    outer loop
      vertex 2.4 67.95 12.5
      vertex 2.4 65.505 9.38564
      vertex 2.4 65.679 9.26937
    endloop
  endfacet
  facet normal 1 0 0
    outer loop
      vertex 2.4 67.95 12.5
      vertex 2.4 65.3173 9.47821
      vertex 2.4 65.505 9.38564
    endloop
  endfacet
  facet normal 1 0 0
    outer loop
      vertex 2.4 67.95 12.5
      vertex 2.4 65.1191 9.54548
      vertex 2.4 65.3173 9.47821
    endloop
  endfacet
  facet normal 1 0 0
    outer loop
      vertex 2.4 67.95 12.5
      vertex 2.4 64.9138 9.58631
      vertex 2.4 65.1191 9.54548
    endloop
  endfacet
  facet normal 1 0 0
    outer loop
      vertex 2.4 67.95 12.5
      vertex 2.4 64.705 9.6
      vertex 2.4 64.9138 9.58631
    endloop
  endfacet
  facet normal 1 0 0
    outer loop
      vertex 2.4 67.95 13.5
      vertex 2.4 64.4962 9.58631
      vertex 2.4 64.705 9.6
    endloop
  endfacet
  facet normal 1 0 0
    outer loop
      vertex 2.4 67.95 13.5
      vertex 2.4 64.2909 9.54548
      vertex 2.4 64.4962 9.58631
    endloop
  endfacet
  facet normal 1 0 0
    outer loop
      vertex 2.4 67.95 13.5
      vertex 2.4 64.0927 9.47821
      vertex 2.4 64.2909 9.54548
    endloop
  endfacet
  facet normal 1 0 0
    outer loop
      vertex 2.4 67.95 13.5
      vertex 2.4 63.905 9.38564
      vertex 2.4 64.0927 9.47821
    endloop
  endfacet
  facet normal 1 0 0
    outer loop
      vertex 2.4 67.95 13.5
      vertex 2.4 63.731 9.26937
      vertex 2.4 63.905 9.38564
    endloop
  endfacet
  facet normal 1 0 0
    outer loop
      vertex 2.4 14 15
      vertex 2.4 63.731 9.26937
      vertex 2.4 67.95 13.5
    endloop
  endfacet
  facet normal 1 0 0
    outer loop
      vertex 2.4 63.1187 8.20884
      vertex 2.4 14.5 4.6
      vertex 2.4 63.105 8
    endloop
  endfacet
  facet normal 1 0 0
    outer loop
      vertex 2.4 14 15
      vertex 2.4 63.1187 8.20884
      vertex 2.4 63.1595 8.41411
    endloop
  endfacet
  facet normal 1 0 0
    outer loop
      vertex 2.4 14 15
      vertex 2.4 63.1595 8.41411
      vertex 2.4 63.2268 8.61229
    endloop
  endfacet
  facet normal 1 0 0
    outer loop
      vertex 2.4 14 15
      vertex 2.4 63.2268 8.61229
      vertex 2.4 63.3194 8.8
    endloop
  endfacet
  facet normal 1 0 0
    outer loop
      vertex 2.4 14 15
      vertex 2.4 63.3194 8.8
      vertex 2.4 63.4356 8.97402
    endloop
  endfacet
  facet normal 1 0 0
    outer loop
      vertex 2.4 14 15
      vertex 2.4 63.4356 8.97402
      vertex 2.4 63.5736 9.13137
    endloop
  endfacet
  facet normal 1 0 0
    outer loop
      vertex 2.4 63.731 9.26937
      vertex 2.4 14 15
      vertex 2.4 63.5736 9.13137
    endloop
  endfacet
  facet normal 1 -0 0
    outer loop
      vertex 2.4 14 15
      vertex 2.4 67.95 13.5
      vertex 2.4 93.7 15
    endloop
  endfacet
  facet normal 1 0 0
    outer loop
      vertex 2.4 63.1187 8.20884
      vertex 2.4 14 15
      vertex 2.4 14.5 4.6
    endloop
  endfacet
  facet normal 1 -0 0
    outer loop
      vertex 2.4 14 6.275
      vertex 2.4 14.5 4.6
      vertex 2.4 14 15
    endloop
  endfacet
  facet normal 1 0 0
    outer loop
      vertex 2.4 14 6.275
      vertex 2.4 12.9 4.6
      vertex 2.4 14.5 4.6
    endloop
  endfacet
  facet normal 1 0 0
    outer loop
      vertex 2.4 12.9 4.6
      vertex 2.4 9.9 4.6
      vertex 2.4 12.9 2
    endloop
  endfacet
  facet normal 1 0 0
    outer loop
      vertex 2.4 14 6.275
      vertex 2.4 9.9 4.6
      vertex 2.4 12.9 4.6
    endloop
  endfacet
  facet normal 1 0 0
    outer loop
      vertex 2.4 14 6.275
      vertex 2.4 8.3 4.6
      vertex 2.4 9.9 4.6
    endloop
  endfacet
  facet normal 1 -0 0
    outer loop
      vertex 2.4 4 6.275
      vertex 2.4 8.3 4.6
      vertex 2.4 14 6.275
    endloop
  endfacet
  facet normal 1 0 0
    outer loop
      vertex 2.4 4 2
      vertex 2.4 8.3 4.6
      vertex 2.4 4 6.275
    endloop
  endfacet
  facet normal 1 0 0
    outer loop
      vertex 2.4 8.3 4.6
      vertex 2.4 4 2
      vertex 2.4 8.3 2
    endloop
  endfacet
  facet normal 1 -0 0
    outer loop
      vertex 2.4 91.2813 7.79116
      vertex 2.4 93.7 2
      vertex 2.4 91.295 8
    endloop
  endfacet
  facet normal 1 -0 0
    outer loop
      vertex 2.4 91.2405 7.58589
      vertex 2.4 93.7 2
      vertex 2.4 91.2813 7.79116
    endloop
  endfacet
  facet normal 1 -0 0
    outer loop
      vertex 2.4 91.1732 7.38771
      vertex 2.4 93.7 2
      vertex 2.4 91.2405 7.58589
    endloop
  endfacet
  facet normal 1 -0 0
    outer loop
      vertex 2.4 91.0806 7.2
      vertex 2.4 93.7 2
      vertex 2.4 91.1732 7.38771
    endloop
  endfacet
  facet normal 1 -0 0
    outer loop
      vertex 2.4 90.9644 7.02598
      vertex 2.4 93.7 2
      vertex 2.4 91.0806 7.2
    endloop
  endfacet
  facet normal 1 -0 0
    outer loop
      vertex 2.4 90.8264 6.86863
      vertex 2.4 93.7 2
      vertex 2.4 90.9644 7.02598
    endloop
  endfacet
  facet normal 1 -0 0
    outer loop
      vertex 2.4 90.669 6.73063
      vertex 2.4 93.7 2
      vertex 2.4 90.8264 6.86863
    endloop
  endfacet
  facet normal 1 -0 0
    outer loop
      vertex 2.4 90.495 6.61436
      vertex 2.4 93.7 2
      vertex 2.4 90.669 6.73063
    endloop
  endfacet
  facet normal 1 -0 0
    outer loop
      vertex 2.4 90.3073 6.52179
      vertex 2.4 93.7 2
      vertex 2.4 90.495 6.61436
    endloop
  endfacet
  facet normal 1 -0 0
    outer loop
      vertex 2.4 90.1091 6.45452
      vertex 2.4 93.7 2
      vertex 2.4 90.3073 6.52179
    endloop
  endfacet
  facet normal 1 -0 0
    outer loop
      vertex 2.4 89.9038 6.41369
      vertex 2.4 93.7 2
      vertex 2.4 90.1091 6.45452
    endloop
  endfacet
  facet normal 1 -0 0
    outer loop
      vertex 2.4 89.695 6.4
      vertex 2.4 93.7 2
      vertex 2.4 89.9038 6.41369
    endloop
  endfacet
  facet normal 1 0 0
    outer loop
      vertex 2.4 85.3 2.5
      vertex 2.4 89.695 6.4
      vertex 2.4 89.4862 6.41369
    endloop
  endfacet
  facet normal 1 0 0
    outer loop
      vertex 2.4 85.3 2.5
      vertex 2.4 89.4862 6.41369
      vertex 2.4 89.2809 6.45452
    endloop
  endfacet
  facet normal 1 0 0
    outer loop
      vertex 2.4 85.3 2.5
      vertex 2.4 89.2809 6.45452
      vertex 2.4 89.0827 6.52179
    endloop
  endfacet
  facet normal 1 0 0
    outer loop
      vertex 2.4 85.3 2.5
      vertex 2.4 89.0827 6.52179
      vertex 2.4 88.895 6.61436
    endloop
  endfacet
  facet normal 1 0 0
    outer loop
      vertex 2.4 85.3 2.5
      vertex 2.4 88.895 6.61436
      vertex 2.4 88.721 6.73063
    endloop
  endfacet
  facet normal 1 0 0
    outer loop
      vertex 2.4 85.3 2.5
      vertex 2.4 88.721 6.73063
      vertex 2.4 88.5636 6.86863
    endloop
  endfacet
  facet normal 1 0 0
    outer loop
      vertex 2.4 88.1087 8.20884
      vertex 2.4 86.45 12.5
      vertex 2.4 88.095 8
    endloop
  endfacet
  facet normal 1 0 0
    outer loop
      vertex 2.4 85.3 2.5
      vertex 2.4 88.095 8
      vertex 2.4 86.45 12.5
    endloop
  endfacet
  facet normal 1 0 0
    outer loop
      vertex 2.4 88.095 8
      vertex 2.4 85.3 2.5
      vertex 2.4 88.1087 7.79116
    endloop
  endfacet
  facet normal 1 0 0
    outer loop
      vertex 2.4 88.1087 7.79116
      vertex 2.4 85.3 2.5
      vertex 2.4 88.1495 7.58589
    endloop
  endfacet
  facet normal 1 0 0
    outer loop
      vertex 2.4 88.1495 7.58589
      vertex 2.4 85.3 2.5
      vertex 2.4 88.2168 7.38771
    endloop
  endfacet
  facet normal 1 0 0
    outer loop
      vertex 2.4 85.3 2.5
      vertex 2.4 88.3094 7.2
      vertex 2.4 88.2168 7.38771
    endloop
  endfacet
  facet normal 1 0 0
    outer loop
      vertex 2.4 85.3 2.5
      vertex 2.4 88.4256 7.02598
      vertex 2.4 88.3094 7.2
    endloop
  endfacet
  facet normal 1 0 0
    outer loop
      vertex 2.4 85.3 2.5
      vertex 2.4 88.5636 6.86863
      vertex 2.4 88.4256 7.02598
    endloop
  endfacet
  facet normal 1 0 0
    outer loop
      vertex 2.4 89.695 6.4
      vertex 2.4 85.3 2.5
      vertex 2.4 93.7 2
    endloop
  endfacet
  facet normal 1 -0 0
    outer loop
      vertex 2.4 69.1 2.5
      vertex 2.4 93.7 2
      vertex 2.4 85.3 2.5
    endloop
  endfacet
  facet normal 1 -0 0
    outer loop
      vertex 2.4 66.305 8
      vertex 2.4 69.1 2.5
      vertex 2.4 67.95 12.5
    endloop
  endfacet
  facet normal 1 -0 0
    outer loop
      vertex 2.4 66.2913 7.79116
      vertex 2.4 69.1 2.5
      vertex 2.4 66.305 8
    endloop
  endfacet
  facet normal 1 -0 0
    outer loop
      vertex 2.4 66.2505 7.58589
      vertex 2.4 69.1 2.5
      vertex 2.4 66.2913 7.79116
    endloop
  endfacet
  facet normal 1 -0 0
    outer loop
      vertex 2.4 66.1832 7.38771
      vertex 2.4 69.1 2.5
      vertex 2.4 66.2505 7.58589
    endloop
  endfacet
  facet normal 1 -0 0
    outer loop
      vertex 2.4 66.0906 7.2
      vertex 2.4 69.1 2.5
      vertex 2.4 66.1832 7.38771
    endloop
  endfacet
  facet normal 1 -0 0
    outer loop
      vertex 2.4 65.9744 7.02598
      vertex 2.4 69.1 2.5
      vertex 2.4 66.0906 7.2
    endloop
  endfacet
  facet normal 1 -0 0
    outer loop
      vertex 2.4 65.8364 6.86863
      vertex 2.4 69.1 2.5
      vertex 2.4 65.9744 7.02598
    endloop
  endfacet
  facet normal 1 -0 0
    outer loop
      vertex 2.4 65.679 6.73063
      vertex 2.4 69.1 2.5
      vertex 2.4 65.8364 6.86863
    endloop
  endfacet
  facet normal 1 -0 0
    outer loop
      vertex 2.4 65.505 6.61436
      vertex 2.4 69.1 2.5
      vertex 2.4 65.679 6.73063
    endloop
  endfacet
  facet normal 1 -0 0
    outer loop
      vertex 2.4 65.3173 6.52179
      vertex 2.4 69.1 2.5
      vertex 2.4 65.505 6.61436
    endloop
  endfacet
  facet normal 1 -0 0
    outer loop
      vertex 2.4 65.1191 6.45452
      vertex 2.4 69.1 2.5
      vertex 2.4 65.3173 6.52179
    endloop
  endfacet
  facet normal 1 -0 0
    outer loop
      vertex 2.4 64.9138 6.41369
      vertex 2.4 69.1 2.5
      vertex 2.4 65.1191 6.45452
    endloop
  endfacet
  facet normal 1 -0 0
    outer loop
      vertex 2.4 64.705 6.4
      vertex 2.4 69.1 2.5
      vertex 2.4 64.9138 6.41369
    endloop
  endfacet
  facet normal 1 0 0
    outer loop
      vertex 2.4 64.4962 6.41369
      vertex 2.4 69.1 2.5
      vertex 2.4 64.705 6.4
    endloop
  endfacet
  facet normal 1 0 0
    outer loop
      vertex 2.4 64.2909 6.45452
      vertex 2.4 69.1 2.5
      vertex 2.4 64.4962 6.41369
    endloop
  endfacet
  facet normal 1 0 0
    outer loop
      vertex 2.4 64.0927 6.52179
      vertex 2.4 69.1 2.5
      vertex 2.4 64.2909 6.45452
    endloop
  endfacet
  facet normal 1 0 0
    outer loop
      vertex 2.4 63.905 6.61436
      vertex 2.4 69.1 2.5
      vertex 2.4 64.0927 6.52179
    endloop
  endfacet
  facet normal 1 0 0
    outer loop
      vertex 2.4 63.731 6.73063
      vertex 2.4 69.1 2.5
      vertex 2.4 63.905 6.61436
    endloop
  endfacet
  facet normal 1 0 0
    outer loop
      vertex 2.4 14.5 4.6
      vertex 2.4 63.1187 7.79116
      vertex 2.4 63.105 8
    endloop
  endfacet
  facet normal 1 0 0
    outer loop
      vertex 2.4 14.5 2
      vertex 2.4 63.1187 7.79116
      vertex 2.4 14.5 4.6
    endloop
  endfacet
  facet normal 1 0 0
    outer loop
      vertex 2.4 63.1187 7.79116
      vertex 2.4 14.5 2
      vertex 2.4 63.1595 7.58589
    endloop
  endfacet
  facet normal 1 0 0
    outer loop
      vertex 2.4 63.1595 7.58589
      vertex 2.4 14.5 2
      vertex 2.4 63.2268 7.38771
    endloop
  endfacet
  facet normal 1 0 0
    outer loop
      vertex 2.4 63.2268 7.38771
      vertex 2.4 14.5 2
      vertex 2.4 63.3194 7.2
    endloop
  endfacet
  facet normal 1 0 0
    outer loop
      vertex 2.4 63.3194 7.2
      vertex 2.4 14.5 2
      vertex 2.4 63.4356 7.02598
    endloop
  endfacet
  facet normal 1 0 0
    outer loop
      vertex 2.4 63.4356 7.02598
      vertex 2.4 14.5 2
      vertex 2.4 63.5736 6.86863
    endloop
  endfacet
  facet normal 1 0 0
    outer loop
      vertex 2.4 63.5736 6.86863
      vertex 2.4 14.5 2
      vertex 2.4 63.731 6.73063
    endloop
  endfacet
  facet normal 1 0 0
    outer loop
      vertex 2.4 69.1 2.5
      vertex 2.4 14.5 2
      vertex 2.4 93.7 2
    endloop
  endfacet
  facet normal 1 0 0
    outer loop
      vertex 2.4 63.731 6.73063
      vertex 2.4 14.5 2
      vertex 2.4 69.1 2.5
    endloop
  endfacet
  facet normal 1 0 0
    outer loop
      vertex 2.4 12.9 2
      vertex 2.4 9.9 4.6
      vertex 2.4 9.9 2
    endloop
  endfacet
  facet normal 0 -1 0
    outer loop
      vertex 2.4 93.7 2
      vertex 57.24 93.7 15
      vertex 2.4 93.7 15
    endloop
  endfacet
  facet normal 0 -1 -0
    outer loop
      vertex 57.24 93.7 15
      vertex 2.4 93.7 2
      vertex 57.24 93.7 2
    endloop
  endfacet
  facet normal 0 1 -0
    outer loop
      vertex 47.8342 4 7.5221
      vertex 46.55 4 8
      vertex 47.9363 4 8.03528
    endloop
  endfacet
  facet normal 0 1 -0
    outer loop
      vertex 47.8 4 7
      vertex 46.55 4 8
      vertex 47.8342 4 7.5221
    endloop
  endfacet
  facet normal 0 1 0
    outer loop
      vertex 46.55 4 6
      vertex 47.8 4 7
      vertex 47.8342 4 6.47789
    endloop
  endfacet
  facet normal 0 1 0
    outer loop
      vertex 47.8 4 7
      vertex 46.55 4 6
      vertex 46.55 4 8
    endloop
  endfacet
  facet normal 0 1 0
    outer loop
      vertex 48.1045 4 5.46927
      vertex 46.55 4 6
      vertex 47.9363 4 5.96472
    endloop
  endfacet
  facet normal 0 1 0
    outer loop
      vertex 47.9363 4 5.96472
      vertex 46.55 4 6
      vertex 47.8342 4 6.47789
    endloop
  endfacet
  facet normal 0 1 0
    outer loop
      vertex 51.2779 4 10.9658
      vertex 57.24 4 15
      vertex 51.8 4 11
    endloop
  endfacet
  facet normal 0 1 0
    outer loop
      vertex 57.24 4 15
      vertex 52.3221 4 10.9658
      vertex 51.8 4 11
    endloop
  endfacet
  facet normal 0 1 0
    outer loop
      vertex 57.24 4 15
      vertex 52.8353 4 10.8637
      vertex 52.3221 4 10.9658
    endloop
  endfacet
  facet normal 0 1 0
    outer loop
      vertex 57.24 4 15
      vertex 53.3307 4 10.6955
      vertex 52.8353 4 10.8637
    endloop
  endfacet
  facet normal 0 1 0
    outer loop
      vertex 57.24 4 15
      vertex 53.8 4 10.4641
      vertex 53.3307 4 10.6955
    endloop
  endfacet
  facet normal 0 1 0
    outer loop
      vertex 57.24 4 15
      vertex 54.235 4 10.1734
      vertex 53.8 4 10.4641
    endloop
  endfacet
  facet normal 0 1 0
    outer loop
      vertex 57.24 4 15
      vertex 54.6284 4 9.82843
      vertex 54.235 4 10.1734
    endloop
  endfacet
  facet normal 0 1 0
    outer loop
      vertex 57.24 4 15
      vertex 54.9734 4 9.43505
      vertex 54.6284 4 9.82843
    endloop
  endfacet
  facet normal 0 1 0
    outer loop
      vertex 57.24 4 15
      vertex 55.2641 4 9
      vertex 54.9734 4 9.43505
    endloop
  endfacet
  facet normal 0 1 0
    outer loop
      vertex 57.24 4 15
      vertex 55.4955 4 8.53073
      vertex 55.2641 4 9
    endloop
  endfacet
  facet normal 0 1 0
    outer loop
      vertex 57.24 4 15
      vertex 55.6637 4 8.03528
      vertex 55.4955 4 8.53073
    endloop
  endfacet
  facet normal 0 1 0
    outer loop
      vertex 57.24 4 15
      vertex 55.7658 4 7.5221
      vertex 55.6637 4 8.03528
    endloop
  endfacet
  facet normal 0 1 -0
    outer loop
      vertex 57.24 4 2
      vertex 55.7658 4 7.5221
      vertex 57.24 4 15
    endloop
  endfacet
  facet normal 0 1 0
    outer loop
      vertex 55.7658 4 7.5221
      vertex 57.24 4 2
      vertex 55.8 4 7
    endloop
  endfacet
  facet normal 0 1 0
    outer loop
      vertex 52.3221 4 3.03422
      vertex 57.24 4 2
      vertex 51.8 4 3
    endloop
  endfacet
  facet normal 0 1 0
    outer loop
      vertex 52.8353 4 3.1363
      vertex 57.24 4 2
      vertex 52.3221 4 3.03422
    endloop
  endfacet
  facet normal 0 1 0
    outer loop
      vertex 53.3307 4 3.30448
      vertex 57.24 4 2
      vertex 52.8353 4 3.1363
    endloop
  endfacet
  facet normal 0 1 0
    outer loop
      vertex 53.8 4 3.5359
      vertex 57.24 4 2
      vertex 53.3307 4 3.30448
    endloop
  endfacet
  facet normal 0 1 0
    outer loop
      vertex 54.235 4 3.82659
      vertex 57.24 4 2
      vertex 53.8 4 3.5359
    endloop
  endfacet
  facet normal 0 1 0
    outer loop
      vertex 54.6284 4 4.17157
      vertex 57.24 4 2
      vertex 54.235 4 3.82659
    endloop
  endfacet
  facet normal 0 1 0
    outer loop
      vertex 54.9734 4 4.56495
      vertex 57.24 4 2
      vertex 54.6284 4 4.17157
    endloop
  endfacet
  facet normal 0 1 0
    outer loop
      vertex 55.2641 4 5
      vertex 57.24 4 2
      vertex 54.9734 4 4.56495
    endloop
  endfacet
  facet normal 0 1 0
    outer loop
      vertex 55.4955 4 5.46927
      vertex 57.24 4 2
      vertex 55.2641 4 5
    endloop
  endfacet
  facet normal 0 1 0
    outer loop
      vertex 55.6637 4 5.96472
      vertex 57.24 4 2
      vertex 55.4955 4 5.46927
    endloop
  endfacet
  facet normal 0 1 0
    outer loop
      vertex 55.7658 4 6.47789
      vertex 57.24 4 2
      vertex 55.6637 4 5.96472
    endloop
  endfacet
  facet normal 0 1 0
    outer loop
      vertex 55.8 4 7
      vertex 57.24 4 2
      vertex 55.7658 4 6.47789
    endloop
  endfacet
  facet normal 0 1 0
    outer loop
      vertex 50.7647 4 10.8637
      vertex 57.24 4 15
      vertex 51.2779 4 10.9658
    endloop
  endfacet
  facet normal 0 1 0
    outer loop
      vertex 50.2693 4 10.6955
      vertex 57.24 4 15
      vertex 50.7647 4 10.8637
    endloop
  endfacet
  facet normal 0 1 0
    outer loop
      vertex 38.05 4 8
      vertex 57.24 4 15
      vertex 50.2693 4 10.6955
    endloop
  endfacet
  facet normal 0 1 0
    outer loop
      vertex 38.05 4 8
      vertex 50.2693 4 10.6955
      vertex 49.8 4 10.4641
    endloop
  endfacet
  facet normal 0 1 0
    outer loop
      vertex 38.05 4 8
      vertex 49.8 4 10.4641
      vertex 49.365 4 10.1734
    endloop
  endfacet
  facet normal 0 1 0
    outer loop
      vertex 38.05 4 8
      vertex 49.365 4 10.1734
      vertex 48.9716 4 9.82843
    endloop
  endfacet
  facet normal 0 1 0
    outer loop
      vertex 46.55 4 8
      vertex 48.9716 4 9.82843
      vertex 48.6266 4 9.43505
    endloop
  endfacet
  facet normal 0 1 0
    outer loop
      vertex 46.55 4 8
      vertex 48.6266 4 9.43505
      vertex 48.3359 4 9
    endloop
  endfacet
  facet normal 0 1 0
    outer loop
      vertex 46.55 4 8
      vertex 48.3359 4 9
      vertex 48.1045 4 8.53073
    endloop
  endfacet
  facet normal 0 1 0
    outer loop
      vertex 46.55 4 8
      vertex 48.1045 4 8.53073
      vertex 47.9363 4 8.03528
    endloop
  endfacet
  facet normal 0 1 0
    outer loop
      vertex 48.9716 4 9.82843
      vertex 46.55 4 8
      vertex 38.05 4 8
    endloop
  endfacet
  facet normal 0 1 0
    outer loop
      vertex 57.24 4 15
      vertex 38.05 4 8
      vertex 3.4 4 15
    endloop
  endfacet
  facet normal 0 1 0
    outer loop
      vertex 38.05 4 8
      vertex 3.4 4 6.275
      vertex 3.4 4 15
    endloop
  endfacet
  facet normal 0 1 -0
    outer loop
      vertex 38.05 4 6
      vertex 3.4 4 6.275
      vertex 38.05 4 8
    endloop
  endfacet
  facet normal 0 1 0
    outer loop
      vertex 2.4 4 2
      vertex 3.4 4 6.275
      vertex 38.05 4 6
    endloop
  endfacet
  facet normal 0 1 0
    outer loop
      vertex 48.3359 4 5
      vertex 46.55 4 6
      vertex 48.1045 4 5.46927
    endloop
  endfacet
  facet normal 0 1 0
    outer loop
      vertex 48.6266 4 4.56495
      vertex 46.55 4 6
      vertex 48.3359 4 5
    endloop
  endfacet
  facet normal 0 1 0
    outer loop
      vertex 48.9716 4 4.17157
      vertex 46.55 4 6
      vertex 48.6266 4 4.56495
    endloop
  endfacet
  facet normal 0 1 0
    outer loop
      vertex 46.55 4 6
      vertex 48.9716 4 4.17157
      vertex 38.05 4 6
    endloop
  endfacet
  facet normal 0 1 0
    outer loop
      vertex 49.365 4 3.82659
      vertex 38.05 4 6
      vertex 48.9716 4 4.17157
    endloop
  endfacet
  facet normal 0 1 0
    outer loop
      vertex 49.8 4 3.5359
      vertex 38.05 4 6
      vertex 49.365 4 3.82659
    endloop
  endfacet
  facet normal 0 1 0
    outer loop
      vertex 50.2693 4 3.30448
      vertex 38.05 4 6
      vertex 49.8 4 3.5359
    endloop
  endfacet
  facet normal 0 1 0
    outer loop
      vertex 50.7647 4 3.1363
      vertex 38.05 4 6
      vertex 50.2693 4 3.30448
    endloop
  endfacet
  facet normal 0 1 0
    outer loop
      vertex 38.05 4 6
      vertex 50.7647 4 3.1363
      vertex 2.4 4 2
    endloop
  endfacet
  facet normal 0 1 0
    outer loop
      vertex 2.4 4 2
      vertex 50.7647 4 3.1363
      vertex 51.2779 4 3.03422
    endloop
  endfacet
  facet normal 0 1 0
    outer loop
      vertex 57.24 4 2
      vertex 51.2779 4 3.03422
      vertex 51.8 4 3
    endloop
  endfacet
  facet normal 0 1 0
    outer loop
      vertex 2.4 4 2
      vertex 51.2779 4 3.03422
      vertex 57.24 4 2
    endloop
  endfacet
  facet normal 0 1 0
    outer loop
      vertex 3.4 4 6.275
      vertex 2.4 4 2
      vertex 2.4 4 6.275
    endloop
  endfacet
  facet normal 0 -1 0
    outer loop
      vertex 8 0.799999 8
      vertex 11.3872 0.799999 9.61333
      vertex 8 0.799999 9.61333
    endloop
  endfacet
  facet normal 0 -1 -0
    outer loop
      vertex 11.3872 0.799999 9.61333
      vertex 8 0.799999 8
      vertex 13.5093 0.799999 9.61333
    endloop
  endfacet
  facet normal 0 -1 -0
    outer loop
      vertex 13.5093 0.799999 9.61333
      vertex 8 0.799999 8
      vertex 13.9305 0.799999 9.61333
    endloop
  endfacet
  facet normal 0 -1 -0
    outer loop
      vertex 13.9305 0.799999 9.61333
      vertex 8 0.799999 8
      vertex 16.0695 0.799999 9.61333
    endloop
  endfacet
  facet normal 0 -1 0
    outer loop
      vertex 22 0.799999 8
      vertex 16.0695 0.799999 9.61333
      vertex 8 0.799999 8
    endloop
  endfacet
  facet normal 0 -1 0
    outer loop
      vertex 16.0695 0.799999 9.61333
      vertex 22 0.799999 8
      vertex 16.4907 0.799999 9.61333
    endloop
  endfacet
  facet normal 0 -1 0
    outer loop
      vertex 16.4907 0.799999 9.61333
      vertex 22 0.799999 8
      vertex 18.6128 0.799999 9.61333
    endloop
  endfacet
  facet normal 0 -1 0
    outer loop
      vertex 18.6128 0.799999 9.61333
      vertex 22 0.799999 8
      vertex 22 0.799999 9.61333
    endloop
  endfacet
  facet normal 0 -1 0
    outer loop
      vertex 11.3872 0.799999 9.61333
      vertex 12.6798 0.799999 15
      vertex 9.37675 0.799999 15
    endloop
  endfacet
  facet normal 0 -1 -0
    outer loop
      vertex 12.6798 0.799999 15
      vertex 11.3872 0.799999 9.61333
      vertex 13.5093 0.799999 9.61333
    endloop
  endfacet
  facet normal 0 -1 0
    outer loop
      vertex 13.9305 0.799999 9.61333
      vertex 16.0695 0.799999 15
      vertex 13.9305 0.799999 15
    endloop
  endfacet
  facet normal 0 -1 -0
    outer loop
      vertex 16.0695 0.799999 15
      vertex 13.9305 0.799999 9.61333
      vertex 16.0695 0.799999 9.61333
    endloop
  endfacet
  facet normal 0 -1 0
    outer loop
      vertex 18.6128 0.799999 9.61333
      vertex 17.3202 0.799999 15
      vertex 16.4907 0.799999 9.61333
    endloop
  endfacet
  facet normal 0 -1 0
    outer loop
      vertex 17.3202 0.799999 15
      vertex 18.6128 0.799999 9.61333
      vertex 20.6233 0.799999 15
    endloop
  endfacet
  facet normal 0 0 -1
    outer loop
      vertex 18.6128 0 9.61333
      vertex 22 0.799999 9.61333
      vertex 22 0 9.61333
    endloop
  endfacet
  facet normal -0 0 -1
    outer loop
      vertex 22 0.799999 9.61333
      vertex 18.6128 0 9.61333
      vertex 18.6128 0.799999 9.61333
    endloop
  endfacet
  facet normal -0.936871 0 0.349674
    outer loop
      vertex 18.6128 0 9.61333
      vertex 20.6233 0.799999 15
      vertex 18.6128 0.799999 9.61333
    endloop
  endfacet
  facet normal -0.936871 0 0.349674
    outer loop
      vertex 20.6233 0.799999 15
      vertex 18.6128 0 9.61333
      vertex 20.6233 0 15
    endloop
  endfacet
  facet normal 0.98835 0 -0.152197
    outer loop
      vertex 17.3202 0 15
      vertex 16.4907 0.799999 9.61333
      vertex 17.3202 0.799999 15
    endloop
  endfacet
  facet normal 0.98835 0 -0.152197
    outer loop
      vertex 16.4907 0.799999 9.61333
      vertex 17.3202 0 15
      vertex 16.4907 0 9.61333
    endloop
  endfacet
  facet normal 0 0 -1
    outer loop
      vertex 16.0695 0 9.61333
      vertex 16.4907 0.799999 9.61333
      vertex 16.4907 0 9.61333
    endloop
  endfacet
  facet normal -0 0 -1
    outer loop
      vertex 16.4907 0.799999 9.61333
      vertex 16.0695 0 9.61333
      vertex 16.0695 0.799999 9.61333
    endloop
  endfacet
  facet normal -1 0 0
    outer loop
      vertex 16.0695 0 9.61333
      vertex 16.0695 0.799999 15
      vertex 16.0695 0.799999 9.61333
    endloop
  endfacet
  facet normal -1 -0 0
    outer loop
      vertex 16.0695 0.799999 15
      vertex 16.0695 0 9.61333
      vertex 16.0695 0 15
    endloop
  endfacet
  facet normal 1 -0 0
    outer loop
      vertex 13.9305 0 15
      vertex 13.9305 0.799999 9.61333
      vertex 13.9305 0.799999 15
    endloop
  endfacet
  facet normal 1 0 0
    outer loop
      vertex 13.9305 0.799999 9.61333
      vertex 13.9305 0 15
      vertex 13.9305 0 9.61333
    endloop
  endfacet
  facet normal 0 0 -1
    outer loop
      vertex 13.5093 0 9.61333
      vertex 13.9305 0.799999 9.61333
      vertex 13.9305 0 9.61333
    endloop
  endfacet
  facet normal -0 0 -1
    outer loop
      vertex 13.9305 0.799999 9.61333
      vertex 13.5093 0 9.61333
      vertex 13.5093 0.799999 9.61333
    endloop
  endfacet
  facet normal -0.98835 0 -0.152197
    outer loop
      vertex 13.5093 0 9.61333
      vertex 12.6798 0.799999 15
      vertex 13.5093 0.799999 9.61333
    endloop
  endfacet
  facet normal -0.98835 -0 -0.152197
    outer loop
      vertex 12.6798 0.799999 15
      vertex 13.5093 0 9.61333
      vertex 12.6798 0 15
    endloop
  endfacet
  facet normal 0.936874 -0 0.349667
    outer loop
      vertex 9.37675 0 15
      vertex 11.3872 0.799999 9.61333
      vertex 9.37675 0.799999 15
    endloop
  endfacet
  facet normal 0.936874 0 0.349667
    outer loop
      vertex 11.3872 0.799999 9.61333
      vertex 9.37675 0 15
      vertex 11.3872 0 9.61333
    endloop
  endfacet
  facet normal 0 0 -1
    outer loop
      vertex 8 0 9.61333
      vertex 11.3872 0.799999 9.61333
      vertex 11.3872 0 9.61333
    endloop
  endfacet
  facet normal -0 0 -1
    outer loop
      vertex 11.3872 0.799999 9.61333
      vertex 8 0 9.61333
      vertex 8 0.799999 9.61333
    endloop
  endfacet
  facet normal 1 -0 0
    outer loop
      vertex 8 0 9.61333
      vertex 8 0.799999 8
      vertex 8 0.799999 9.61333
    endloop
  endfacet
  facet normal 1 0 0
    outer loop
      vertex 8 0.799999 8
      vertex 8 0 9.61333
      vertex 8 0 8
    endloop
  endfacet
  facet normal -0 0 1
    outer loop
      vertex 8 0.799999 8
      vertex 22 0 8
      vertex 22 0.799999 8
    endloop
  endfacet
  facet normal 0 0 1
    outer loop
      vertex 22 0 8
      vertex 8 0.799999 8
      vertex 8 0 8
    endloop
  endfacet
  facet normal -1 0 0
    outer loop
      vertex 22 0 8
      vertex 22 0.799999 9.61333
      vertex 22 0.799999 8
    endloop
  endfacet
  facet normal -1 -0 0
    outer loop
      vertex 22 0.799999 9.61333
      vertex 22 0 8
      vertex 22 0 9.61333
    endloop
  endfacet
  facet normal -0 0 1
    outer loop
      vertex 2.4 9.9 4.6
      vertex 57.24 8.3 4.6
      vertex 57.24 9.9 4.6
    endloop
  endfacet
  facet normal 0 0 1
    outer loop
      vertex 57.24 8.3 4.6
      vertex 2.4 9.9 4.6
      vertex 2.4 8.3 4.6
    endloop
  endfacet
  facet normal 0 1 -0
    outer loop
      vertex 57.24 9.9 2
      vertex 2.4 9.9 4.6
      vertex 57.24 9.9 4.6
    endloop
  endfacet
  facet normal 0 1 0
    outer loop
      vertex 2.4 9.9 4.6
      vertex 57.24 9.9 2
      vertex 2.4 9.9 2
    endloop
  endfacet
  facet normal 0 -1 0
    outer loop
      vertex 2.4 8.3 2
      vertex 57.24 8.3 4.6
      vertex 2.4 8.3 4.6
    endloop
  endfacet
  facet normal 0 -1 -0
    outer loop
      vertex 57.24 8.3 4.6
      vertex 2.4 8.3 2
      vertex 57.24 8.3 2
    endloop
  endfacet
  facet normal -0 0 1
    outer loop
      vertex 2.4 14.5 4.6
      vertex 56.24 12.9 4.6
      vertex 56.24 14.5 4.6
    endloop
  endfacet
  facet normal 0 0 1
    outer loop
      vertex 56.24 12.9 4.6
      vertex 2.4 14.5 4.6
      vertex 2.4 12.9 4.6
    endloop
  endfacet
  facet normal 0 1 0
    outer loop
      vertex 57.24 14.5 3.775
      vertex 57.24 14.5 2
      vertex 56.24 14.5 3.775
    endloop
  endfacet
  facet normal 0 1 -0
    outer loop
      vertex 56.24 14.5 3.775
      vertex 2.4 14.5 4.6
      vertex 56.24 14.5 4.6
    endloop
  endfacet
  facet normal 0 1 0
    outer loop
      vertex 2.4 14.5 2
      vertex 56.24 14.5 3.775
      vertex 57.24 14.5 2
    endloop
  endfacet
  facet normal 0 1 0
    outer loop
      vertex 56.24 14.5 3.775
      vertex 2.4 14.5 2
      vertex 2.4 14.5 4.6
    endloop
  endfacet
  facet normal 0 -1 0
    outer loop
      vertex 2.4 12.9 4.6
      vertex 56.24 12.9 3.775
      vertex 56.24 12.9 4.6
    endloop
  endfacet
  facet normal 0 -1 0
    outer loop
      vertex 2.4 12.9 2
      vertex 56.24 12.9 3.775
      vertex 2.4 12.9 4.6
    endloop
  endfacet
  facet normal 0 -1 0
    outer loop
      vertex 57.24 12.9 2
      vertex 56.24 12.9 3.775
      vertex 2.4 12.9 2
    endloop
  endfacet
  facet normal 0 -1 0
    outer loop
      vertex 56.24 12.9 3.775
      vertex 57.24 12.9 2
      vertex 57.24 12.9 3.775
    endloop
  endfacet
  facet normal -0 0 1
    outer loop
      vertex 6.84 60.3 5
      vertex 7.24 59.1 5
      vertex 7.24 60.3 5
    endloop
  endfacet
  facet normal 0 0 1
    outer loop
      vertex 7.24 59.1 5
      vertex 6.84 60.3 5
      vertex 7.24 37.8 5
    endloop
  endfacet
  facet normal 0 0 1
    outer loop
      vertex 6.84 36.6 5
      vertex 7.24 37.8 5
      vertex 6.84 60.3 5
    endloop
  endfacet
  facet normal 0 0 1
    outer loop
      vertex 7.24 37.8 5
      vertex 6.84 36.6 5
      vertex 7.24 36.6 5
    endloop
  endfacet
  facet normal 0 0 1
    outer loop
      vertex 56.84 59.1 5
      vertex 55.64 57.5 5
      vertex 56.84 37.8 5
    endloop
  endfacet
  facet normal 0 0 1
    outer loop
      vertex 56.84 59.1 5
      vertex 8.44 57.5 5
      vertex 55.64 57.5 5
    endloop
  endfacet
  facet normal 0 0 1
    outer loop
      vertex 8.44 57.5 5
      vertex 7.24 59.1 5
      vertex 8.44 39.4 5
    endloop
  endfacet
  facet normal -0 0 1
    outer loop
      vertex 7.24 59.1 5
      vertex 8.44 57.5 5
      vertex 56.84 59.1 5
    endloop
  endfacet
  facet normal 0 0 1
    outer loop
      vertex 56.84 59.1 5
      vertex 57.24 60.3 5
      vertex 56.84 60.3 5
    endloop
  endfacet
  facet normal 0 0 1
    outer loop
      vertex 57.24 60.3 5
      vertex 56.84 59.1 5
      vertex 57.24 36.6 5
    endloop
  endfacet
  facet normal -0 0 1
    outer loop
      vertex 56.84 37.8 5
      vertex 57.24 36.6 5
      vertex 56.84 59.1 5
    endloop
  endfacet
  facet normal 0 0 1
    outer loop
      vertex 57.24 36.6 5
      vertex 56.84 37.8 5
      vertex 56.84 36.6 5
    endloop
  endfacet
  facet normal -0 0 1
    outer loop
      vertex 55.64 39.4 5
      vertex 56.84 37.8 5
      vertex 55.64 57.5 5
    endloop
  endfacet
  facet normal -0 0 1
    outer loop
      vertex 8.44 39.4 5
      vertex 56.84 37.8 5
      vertex 55.64 39.4 5
    endloop
  endfacet
  facet normal 0 0 1
    outer loop
      vertex 8.44 39.4 5
      vertex 7.24 37.8 5
      vertex 56.84 37.8 5
    endloop
  endfacet
  facet normal 0 0 1
    outer loop
      vertex 7.24 37.8 5
      vertex 8.44 39.4 5
      vertex 7.24 59.1 5
    endloop
  endfacet
  facet normal 0 1 0
    outer loop
      vertex 7.24 60.3 5
      vertex 7.24 60.3 2
      vertex 6.84 60.3 5
    endloop
  endfacet
  facet normal 0 1 -0
    outer loop
      vertex 6.84 60.3 5
      vertex 5.24 60.3 8.2
      vertex 6.84 60.3 8.2
    endloop
  endfacet
  facet normal 0 1 0
    outer loop
      vertex 5.24 60.3 2
      vertex 6.84 60.3 5
      vertex 7.24 60.3 2
    endloop
  endfacet
  facet normal 0 1 0
    outer loop
      vertex 6.84 60.3 5
      vertex 5.24 60.3 2
      vertex 5.24 60.3 8.2
    endloop
  endfacet
  facet normal 0 1 -0
    outer loop
      vertex 57.24 60.3 2
      vertex 56.84 60.3 5
      vertex 57.24 60.3 5
    endloop
  endfacet
  facet normal 0 1 0
    outer loop
      vertex 56.84 60.3 5
      vertex 57.24 60.3 2
      vertex 56.84 60.3 2
    endloop
  endfacet
  facet normal 0 -1 0
    outer loop
      vertex 5.24 36.6 8.2
      vertex 6.84 36.6 5
      vertex 6.84 36.6 8.2
    endloop
  endfacet
  facet normal 0 -1 0
    outer loop
      vertex 5.24 36.6 2
      vertex 6.84 36.6 5
      vertex 5.24 36.6 8.2
    endloop
  endfacet
  facet normal 0 -1 0
    outer loop
      vertex 7.24 36.6 2
      vertex 6.84 36.6 5
      vertex 5.24 36.6 2
    endloop
  endfacet
  facet normal 0 -1 0
    outer loop
      vertex 6.84 36.6 5
      vertex 7.24 36.6 2
      vertex 7.24 36.6 5
    endloop
  endfacet
  facet normal 0 -1 0
    outer loop
      vertex 56.84 36.6 2
      vertex 57.24 36.6 5
      vertex 56.84 36.6 5
    endloop
  endfacet
  facet normal 0 -1 -0
    outer loop
      vertex 57.24 36.6 5
      vertex 56.84 36.6 2
      vertex 57.24 36.6 2
    endloop
  endfacet
  facet normal -1 0 0
    outer loop
      vertex 55.64 39.4 2
      vertex 55.64 57.5 5
      vertex 55.64 57.5 2
    endloop
  endfacet
  facet normal -1 -0 0
    outer loop
      vertex 55.64 57.5 5
      vertex 55.64 39.4 2
      vertex 55.64 39.4 5
    endloop
  endfacet
  facet normal 1 -0 0
    outer loop
      vertex 8.44 39.4 5
      vertex 8.44 57.5 2
      vertex 8.44 57.5 5
    endloop
  endfacet
  facet normal 1 0 0
    outer loop
      vertex 8.44 57.5 2
      vertex 8.44 39.4 5
      vertex 8.44 39.4 2
    endloop
  endfacet
  facet normal 0 -1 0
    outer loop
      vertex 8.44 57.5 2
      vertex 55.64 57.5 5
      vertex 8.44 57.5 5
    endloop
  endfacet
  facet normal 0 -1 -0
    outer loop
      vertex 55.64 57.5 5
      vertex 8.44 57.5 2
      vertex 55.64 57.5 2
    endloop
  endfacet
  facet normal 0 1 -0
    outer loop
      vertex 55.64 39.4 2
      vertex 8.44 39.4 5
      vertex 55.64 39.4 5
    endloop
  endfacet
  facet normal 0 1 0
    outer loop
      vertex 8.44 39.4 5
      vertex 55.64 39.4 2
      vertex 8.44 39.4 2
    endloop
  endfacet
  facet normal 1 -0 0
    outer loop
      vertex 6.84 36.6 8.2
      vertex 6.84 60.3 5
      vertex 6.84 60.3 8.2
    endloop
  endfacet
  facet normal 1 0 0
    outer loop
      vertex 6.84 60.3 5
      vertex 6.84 36.6 8.2
      vertex 6.84 36.6 5
    endloop
  endfacet
  facet normal -0 0 1
    outer loop
      vertex 5.24 60.3 8.2
      vertex 6.84 36.6 8.2
      vertex 6.84 60.3 8.2
    endloop
  endfacet
  facet normal 0 0 1
    outer loop
      vertex 6.84 36.6 8.2
      vertex 5.24 60.3 8.2
      vertex 5.24 36.6 8.2
    endloop
  endfacet
  facet normal -1 0 0
    outer loop
      vertex 5.24 36.6 2
      vertex 5.24 60.3 8.2
      vertex 5.24 60.3 2
    endloop
  endfacet
  facet normal -1 -0 0
    outer loop
      vertex 5.24 60.3 8.2
      vertex 5.24 36.6 2
      vertex 5.24 36.6 8.2
    endloop
  endfacet
  facet normal 1 0 0
    outer loop
      vertex 56.84 37.8 8.2
      vertex 56.84 36.6 5
      vertex 56.84 37.8 5
    endloop
  endfacet
  facet normal 1 -0 0
    outer loop
      vertex 56.84 36.4 8.2
      vertex 56.84 36.6 5
      vertex 56.84 37.8 8.2
    endloop
  endfacet
  facet normal 1 0 0
    outer loop
      vertex 56.84 36.4 2
      vertex 56.84 36.6 5
      vertex 56.84 36.4 8.2
    endloop
  endfacet
  facet normal 1 0 0
    outer loop
      vertex 56.84 36.6 5
      vertex 56.84 36.4 2
      vertex 56.84 36.6 2
    endloop
  endfacet
  facet normal -0 0 1
    outer loop
      vertex 7.24 37.8 8.2
      vertex 56.84 36.4 8.2
      vertex 56.84 37.8 8.2
    endloop
  endfacet
  facet normal 0 0 1
    outer loop
      vertex 56.84 36.4 8.2
      vertex 7.24 37.8 8.2
      vertex 7.24 36.4 8.2
    endloop
  endfacet
  facet normal -1 0 0
    outer loop
      vertex 7.24 36.6 2
      vertex 7.24 36.4 2
      vertex 7.24 36.6 5
    endloop
  endfacet
  facet normal -1 0 0
    outer loop
      vertex 7.24 36.6 5
      vertex 7.24 37.8 8.2
      vertex 7.24 37.8 5
    endloop
  endfacet
  facet normal -1 0 0
    outer loop
      vertex 7.24 36.6 5
      vertex 7.24 36.4 8.2
      vertex 7.24 37.8 8.2
    endloop
  endfacet
  facet normal -1 0 0
    outer loop
      vertex 7.24 36.4 8.2
      vertex 7.24 36.6 5
      vertex 7.24 36.4 2
    endloop
  endfacet
  facet normal 0 1 -0
    outer loop
      vertex 56.84 37.8 5
      vertex 7.24 37.8 8.2
      vertex 56.84 37.8 8.2
    endloop
  endfacet
  facet normal 0 1 0
    outer loop
      vertex 7.24 37.8 8.2
      vertex 56.84 37.8 5
      vertex 7.24 37.8 5
    endloop
  endfacet
  facet normal 0 -1 0
    outer loop
      vertex 7.24 36.4 2
      vertex 56.84 36.4 8.2
      vertex 7.24 36.4 8.2
    endloop
  endfacet
  facet normal 0 -1 -0
    outer loop
      vertex 56.84 36.4 8.2
      vertex 7.24 36.4 2
      vertex 56.84 36.4 2
    endloop
  endfacet
  facet normal 1 0 0
    outer loop
      vertex 56.84 60.5 8.2
      vertex 56.84 60.3 5
      vertex 56.84 60.5 2
    endloop
  endfacet
  facet normal 1 -0 0
    outer loop
      vertex 56.84 59.1 8.2
      vertex 56.84 60.3 5
      vertex 56.84 60.5 8.2
    endloop
  endfacet
  facet normal 1 0 0
    outer loop
      vertex 56.84 60.3 5
      vertex 56.84 59.1 8.2
      vertex 56.84 59.1 5
    endloop
  endfacet
  facet normal 1 0 0
    outer loop
      vertex 56.84 60.5 2
      vertex 56.84 60.3 5
      vertex 56.84 60.3 2
    endloop
  endfacet
  facet normal -0 0 1
    outer loop
      vertex 7.24 60.5 8.2
      vertex 56.84 59.1 8.2
      vertex 56.84 60.5 8.2
    endloop
  endfacet
  facet normal 0 0 1
    outer loop
      vertex 56.84 59.1 8.2
      vertex 7.24 60.5 8.2
      vertex 7.24 59.1 8.2
    endloop
  endfacet
  facet normal -1 0 0
    outer loop
      vertex 7.24 60.3 5
      vertex 7.24 60.5 2
      vertex 7.24 60.3 2
    endloop
  endfacet
  facet normal -1 0 0
    outer loop
      vertex 7.24 60.5 2
      vertex 7.24 60.3 5
      vertex 7.24 60.5 8.2
    endloop
  endfacet
  facet normal -1 0 0
    outer loop
      vertex 7.24 59.1 8.2
      vertex 7.24 60.3 5
      vertex 7.24 59.1 5
    endloop
  endfacet
  facet normal -1 0 0
    outer loop
      vertex 7.24 60.3 5
      vertex 7.24 59.1 8.2
      vertex 7.24 60.5 8.2
    endloop
  endfacet
  facet normal 0 1 -0
    outer loop
      vertex 56.84 60.5 2
      vertex 7.24 60.5 8.2
      vertex 56.84 60.5 8.2
    endloop
  endfacet
  facet normal 0 1 0
    outer loop
      vertex 7.24 60.5 8.2
      vertex 56.84 60.5 2
      vertex 7.24 60.5 2
    endloop
  endfacet
  facet normal 0 -1 0
    outer loop
      vertex 7.24 59.1 5
      vertex 56.84 59.1 8.2
      vertex 7.24 59.1 8.2
    endloop
  endfacet
  facet normal 0 -1 -0
    outer loop
      vertex 56.84 59.1 8.2
      vertex 7.24 59.1 5
      vertex 56.84 59.1 5
    endloop
  endfacet
endsolid OpenSCAD_Model
