solid OpenSCAD_Model
  facet normal 0.483711 -0.875228 0
    outer loop
      vertex 1.90909 -3.96426 0
      vertex 2.34094 -3.72559 4
      vertex 1.90909 -3.96426 4
    endloop
  endfacet
  facet normal 0.483711 -0.875228 0
    outer loop
      vertex 2.34094 -3.72559 4
      vertex 1.90909 -3.96426 0
      vertex 2.34094 -3.72559 0
    endloop
  endfacet
  facet normal -0.998426 0.056078 0
    outer loop
      vertex -4.4 0 0
      vertex -4.37233 0.492643 4
      vertex -4.37233 0.492643 0
    endloop
  endfacet
  facet normal -0.998426 0.056078 0
    outer loop
      vertex -4.37233 0.492643 4
      vertex -4.4 0 0
      vertex -4.4 0 4
    endloop
  endfacet
  facet normal -0.815556 0.578678 0
    outer loop
      vertex -3.72559 2.34094 0
      vertex -3.44006 2.74335 4
      vertex -3.44006 2.74335 0
    endloop
  endfacet
  facet normal -0.815556 0.578678 0
    outer loop
      vertex -3.44006 2.74335 4
      vertex -3.72559 2.34094 0
      vertex -3.72559 2.34094 4
    endloop
  endfacet
  facet normal -0.167504 0.985871 0
    outer loop
      vertex -0.492643 4.37233 0
      vertex -0.979092 4.28968 4
      vertex -0.492643 4.37233 4
    endloop
  endfacet
  facet normal -0.167504 0.985871 0
    outer loop
      vertex -0.979092 4.28968 4
      vertex -0.492643 4.37233 0
      vertex -0.979092 4.28968 0
    endloop
  endfacet
  facet normal 0.382695 0.923875 -0
    outer loop
      vertex 1.90909 3.96426 0
      vertex 1.45323 4.15309 4
      vertex 1.90909 3.96426 4
    endloop
  endfacet
  facet normal 0.382695 0.923875 0
    outer loop
      vertex 1.45323 4.15309 4
      vertex 1.90909 3.96426 0
      vertex 1.45323 4.15309 0
    endloop
  endfacet
  facet normal -0.056078 -0.998426 0
    outer loop
      vertex -0.492643 -4.37233 0
      vertex 0 -4.4 4
      vertex -0.492643 -4.37233 4
    endloop
  endfacet
  facet normal -0.056078 -0.998426 -0
    outer loop
      vertex 0 -4.4 4
      vertex -0.492643 -4.37233 0
      vertex 0 -4.4 0
    endloop
  endfacet
  facet normal 0.167504 0.985871 -0
    outer loop
      vertex 0.979092 4.28968 0
      vertex 0.492643 4.37233 4
      vertex 0.979092 4.28968 4
    endloop
  endfacet
  facet normal 0.167504 0.985871 0
    outer loop
      vertex 0.492643 4.37233 4
      vertex 0.979092 4.28968 0
      vertex 0.492643 4.37233 0
    endloop
  endfacet
  facet normal 0.960921 0.276823 0
    outer loop
      vertex 4.28968 0.979092 4
      vertex 4.15309 1.45323 0
      vertex 4.15309 1.45323 4
    endloop
  endfacet
  facet normal 0.960921 0.276823 0
    outer loop
      vertex 4.15309 1.45323 0
      vertex 4.28968 0.979092 4
      vertex 4.28968 0.979092 0
    endloop
  endfacet
  facet normal -0.666343 -0.745646 0
    outer loop
      vertex -3.11127 -3.11127 0
      vertex -2.74335 -3.44006 4
      vertex -3.11127 -3.11127 4
    endloop
  endfacet
  facet normal -0.666343 -0.745646 -0
    outer loop
      vertex -2.74335 -3.44006 4
      vertex -3.11127 -3.11127 0
      vertex -2.74335 -3.44006 0
    endloop
  endfacet
  facet normal 0.875228 -0.483711 0
    outer loop
      vertex 3.72559 -2.34094 4
      vertex 3.96426 -1.90909 0
      vertex 3.96426 -1.90909 4
    endloop
  endfacet
  facet normal 0.875228 -0.483711 0
    outer loop
      vertex 3.96426 -1.90909 0
      vertex 3.72559 -2.34094 4
      vertex 3.72559 -2.34094 0
    endloop
  endfacet
  facet normal -0.483711 0.875228 0
    outer loop
      vertex -1.90909 3.96426 0
      vertex -2.34094 3.72559 4
      vertex -1.90909 3.96426 4
    endloop
  endfacet
  facet normal -0.483711 0.875228 0
    outer loop
      vertex -2.34094 3.72559 4
      vertex -1.90909 3.96426 0
      vertex -2.34094 3.72559 0
    endloop
  endfacet
  facet normal 0.985871 0.167504 0
    outer loop
      vertex 4.37233 0.492643 4
      vertex 4.28968 0.979092 0
      vertex 4.28968 0.979092 4
    endloop
  endfacet
  facet normal 0.985871 0.167504 0
    outer loop
      vertex 4.28968 0.979092 0
      vertex 4.37233 0.492643 4
      vertex 4.37233 0.492643 0
    endloop
  endfacet
  facet normal -0.578678 -0.815556 0
    outer loop
      vertex -2.74335 -3.44006 0
      vertex -2.34094 -3.72559 4
      vertex -2.74335 -3.44006 4
    endloop
  endfacet
  facet normal -0.578678 -0.815556 -0
    outer loop
      vertex -2.34094 -3.72559 4
      vertex -2.74335 -3.44006 0
      vertex -2.34094 -3.72559 0
    endloop
  endfacet
  facet normal -0.875228 -0.483711 0
    outer loop
      vertex -3.72559 -2.34094 0
      vertex -3.96426 -1.90909 4
      vertex -3.96426 -1.90909 0
    endloop
  endfacet
  facet normal -0.875228 -0.483711 0
    outer loop
      vertex -3.96426 -1.90909 4
      vertex -3.72559 -2.34094 0
      vertex -3.72559 -2.34094 4
    endloop
  endfacet
  facet normal 0.745646 0.666343 0
    outer loop
      vertex 3.44006 2.74335 4
      vertex 3.11127 3.11127 0
      vertex 3.11127 3.11127 4
    endloop
  endfacet
  facet normal 0.745646 0.666343 0
    outer loop
      vertex 3.11127 3.11127 0
      vertex 3.44006 2.74335 4
      vertex 3.44006 2.74335 0
    endloop
  endfacet
  facet normal -0.960921 0.276823 0
    outer loop
      vertex -4.28968 0.979092 0
      vertex -4.15309 1.45323 4
      vertex -4.15309 1.45323 0
    endloop
  endfacet
  facet normal -0.960921 0.276823 0
    outer loop
      vertex -4.15309 1.45323 4
      vertex -4.28968 0.979092 0
      vertex -4.28968 0.979092 4
    endloop
  endfacet
  facet normal -0.167504 -0.985871 0
    outer loop
      vertex -0.979092 -4.28968 0
      vertex -0.492643 -4.37233 4
      vertex -0.979092 -4.28968 4
    endloop
  endfacet
  facet normal -0.167504 -0.985871 -0
    outer loop
      vertex -0.492643 -4.37233 4
      vertex -0.979092 -4.28968 0
      vertex -0.492643 -4.37233 0
    endloop
  endfacet
  facet normal -0.666343 0.745646 0
    outer loop
      vertex -2.74335 3.44006 0
      vertex -3.11127 3.11127 4
      vertex -2.74335 3.44006 4
    endloop
  endfacet
  facet normal -0.666343 0.745646 0
    outer loop
      vertex -3.11127 3.11127 4
      vertex -2.74335 3.44006 0
      vertex -3.11127 3.11127 0
    endloop
  endfacet
  facet normal 0.745646 -0.666343 0
    outer loop
      vertex 3.11127 -3.11127 4
      vertex 3.44006 -2.74335 0
      vertex 3.44006 -2.74335 4
    endloop
  endfacet
  facet normal 0.745646 -0.666343 0
    outer loop
      vertex 3.44006 -2.74335 0
      vertex 3.11127 -3.11127 4
      vertex 3.11127 -3.11127 0
    endloop
  endfacet
  facet normal 0.998426 0.056078 0
    outer loop
      vertex 4.4 0 4
      vertex 4.37233 0.492643 0
      vertex 4.37233 0.492643 4
    endloop
  endfacet
  facet normal 0.998426 0.056078 0
    outer loop
      vertex 4.37233 0.492643 0
      vertex 4.4 0 4
      vertex 4.4 0 0
    endloop
  endfacet
  facet normal 0.382695 -0.923875 0
    outer loop
      vertex 1.45323 -4.15309 0
      vertex 1.90909 -3.96426 4
      vertex 1.45323 -4.15309 4
    endloop
  endfacet
  facet normal 0.382695 -0.923875 0
    outer loop
      vertex 1.90909 -3.96426 4
      vertex 1.45323 -4.15309 0
      vertex 1.90909 -3.96426 0
    endloop
  endfacet
  facet normal 0.815556 0.578678 0
    outer loop
      vertex 3.72559 2.34094 4
      vertex 3.44006 2.74335 0
      vertex 3.44006 2.74335 4
    endloop
  endfacet
  facet normal 0.815556 0.578678 0
    outer loop
      vertex 3.44006 2.74335 0
      vertex 3.72559 2.34094 4
      vertex 3.72559 2.34094 0
    endloop
  endfacet
  facet normal 0.998426 -0.056078 0
    outer loop
      vertex 4.37233 -0.492643 4
      vertex 4.4 0 0
      vertex 4.4 0 4
    endloop
  endfacet
  facet normal 0.998426 -0.056078 0
    outer loop
      vertex 4.4 0 0
      vertex 4.37233 -0.492643 4
      vertex 4.37233 -0.492643 0
    endloop
  endfacet
  facet normal 0.985871 -0.167504 0
    outer loop
      vertex 4.28968 -0.979092 4
      vertex 4.37233 -0.492643 0
      vertex 4.37233 -0.492643 4
    endloop
  endfacet
  facet normal 0.985871 -0.167504 0
    outer loop
      vertex 4.37233 -0.492643 0
      vertex 4.28968 -0.979092 4
      vertex 4.28968 -0.979092 0
    endloop
  endfacet
  facet normal -0.276823 0.960921 0
    outer loop
      vertex -0.979092 4.28968 0
      vertex -1.45323 4.15309 4
      vertex -0.979092 4.28968 4
    endloop
  endfacet
  facet normal -0.276823 0.960921 0
    outer loop
      vertex -1.45323 4.15309 4
      vertex -0.979092 4.28968 0
      vertex -1.45323 4.15309 0
    endloop
  endfacet
  facet normal 0.483711 0.875228 -0
    outer loop
      vertex 2.34094 3.72559 0
      vertex 1.90909 3.96426 4
      vertex 2.34094 3.72559 4
    endloop
  endfacet
  facet normal 0.483711 0.875228 0
    outer loop
      vertex 1.90909 3.96426 4
      vertex 2.34094 3.72559 0
      vertex 1.90909 3.96426 0
    endloop
  endfacet
  facet normal -0.382695 -0.923875 0
    outer loop
      vertex -1.90909 -3.96426 0
      vertex -1.45323 -4.15309 4
      vertex -1.90909 -3.96426 4
    endloop
  endfacet
  facet normal -0.382695 -0.923875 -0
    outer loop
      vertex -1.45323 -4.15309 4
      vertex -1.90909 -3.96426 0
      vertex -1.45323 -4.15309 0
    endloop
  endfacet
  facet normal -0.985871 -0.167504 0
    outer loop
      vertex -4.28968 -0.979092 0
      vertex -4.37233 -0.492643 4
      vertex -4.37233 -0.492643 0
    endloop
  endfacet
  facet normal -0.985871 -0.167504 0
    outer loop
      vertex -4.37233 -0.492643 4
      vertex -4.28968 -0.979092 0
      vertex -4.28968 -0.979092 4
    endloop
  endfacet
  facet normal -0.815556 -0.578678 0
    outer loop
      vertex -3.44006 -2.74335 0
      vertex -3.72559 -2.34094 4
      vertex -3.72559 -2.34094 0
    endloop
  endfacet
  facet normal -0.815556 -0.578678 0
    outer loop
      vertex -3.72559 -2.34094 4
      vertex -3.44006 -2.74335 0
      vertex -3.44006 -2.74335 4
    endloop
  endfacet
  facet normal -0.998426 -0.056078 0
    outer loop
      vertex -4.37233 -0.492643 0
      vertex -4.4 0 4
      vertex -4.4 0 0
    endloop
  endfacet
  facet normal -0.998426 -0.056078 0
    outer loop
      vertex -4.4 0 4
      vertex -4.37233 -0.492643 0
      vertex -4.37233 -0.492643 4
    endloop
  endfacet
  facet normal -0.056078 0.998426 0
    outer loop
      vertex 0 4.4 0
      vertex -0.492643 4.37233 4
      vertex 0 4.4 4
    endloop
  endfacet
  facet normal -0.056078 0.998426 0
    outer loop
      vertex -0.492643 4.37233 4
      vertex 0 4.4 0
      vertex -0.492643 4.37233 0
    endloop
  endfacet
  facet normal 0.666343 0.745646 -0
    outer loop
      vertex 3.11127 3.11127 0
      vertex 2.74335 3.44006 4
      vertex 3.11127 3.11127 4
    endloop
  endfacet
  facet normal 0.666343 0.745646 0
    outer loop
      vertex 2.74335 3.44006 4
      vertex 3.11127 3.11127 0
      vertex 2.74335 3.44006 0
    endloop
  endfacet
  facet normal 0.923875 -0.382695 0
    outer loop
      vertex 3.96426 -1.90909 4
      vertex 4.15309 -1.45323 0
      vertex 4.15309 -1.45323 4
    endloop
  endfacet
  facet normal 0.923875 -0.382695 0
    outer loop
      vertex 4.15309 -1.45323 0
      vertex 3.96426 -1.90909 4
      vertex 3.96426 -1.90909 0
    endloop
  endfacet
  facet normal -0.745646 0.666343 0
    outer loop
      vertex -3.44006 2.74335 0
      vertex -3.11127 3.11127 4
      vertex -3.11127 3.11127 0
    endloop
  endfacet
  facet normal -0.745646 0.666343 0
    outer loop
      vertex -3.11127 3.11127 4
      vertex -3.44006 2.74335 0
      vertex -3.44006 2.74335 4
    endloop
  endfacet
  facet normal 0.923875 0.382695 0
    outer loop
      vertex 4.15309 1.45323 4
      vertex 3.96426 1.90909 0
      vertex 3.96426 1.90909 4
    endloop
  endfacet
  facet normal 0.923875 0.382695 0
    outer loop
      vertex 3.96426 1.90909 0
      vertex 4.15309 1.45323 4
      vertex 4.15309 1.45323 0
    endloop
  endfacet
  facet normal 0.056078 -0.998426 0
    outer loop
      vertex 0 -4.4 0
      vertex 0.492643 -4.37233 4
      vertex 0 -4.4 4
    endloop
  endfacet
  facet normal 0.056078 -0.998426 0
    outer loop
      vertex 0.492643 -4.37233 4
      vertex 0 -4.4 0
      vertex 0.492643 -4.37233 0
    endloop
  endfacet
  facet normal 0.276823 -0.960921 0
    outer loop
      vertex 0.979092 -4.28968 0
      vertex 1.45323 -4.15309 4
      vertex 0.979092 -4.28968 4
    endloop
  endfacet
  facet normal 0.276823 -0.960921 0
    outer loop
      vertex 1.45323 -4.15309 4
      vertex 0.979092 -4.28968 0
      vertex 1.45323 -4.15309 0
    endloop
  endfacet
  facet normal 0.056078 0.998426 -0
    outer loop
      vertex 0.492643 4.37233 0
      vertex 0 4.4 4
      vertex 0.492643 4.37233 4
    endloop
  endfacet
  facet normal 0.056078 0.998426 0
    outer loop
      vertex 0 4.4 4
      vertex 0.492643 4.37233 0
      vertex 0 4.4 0
    endloop
  endfacet
  facet normal 0.875228 0.483711 0
    outer loop
      vertex 3.96426 1.90909 4
      vertex 3.72559 2.34094 0
      vertex 3.72559 2.34094 4
    endloop
  endfacet
  facet normal 0.875228 0.483711 0
    outer loop
      vertex 3.72559 2.34094 0
      vertex 3.96426 1.90909 4
      vertex 3.96426 1.90909 0
    endloop
  endfacet
  facet normal 0.960921 -0.276823 0
    outer loop
      vertex 4.15309 -1.45323 4
      vertex 4.28968 -0.979092 0
      vertex 4.28968 -0.979092 4
    endloop
  endfacet
  facet normal 0.960921 -0.276823 0
    outer loop
      vertex 4.28968 -0.979092 0
      vertex 4.15309 -1.45323 4
      vertex 4.15309 -1.45323 0
    endloop
  endfacet
  facet normal 0.167504 -0.985871 0
    outer loop
      vertex 0.492643 -4.37233 0
      vertex 0.979092 -4.28968 4
      vertex 0.492643 -4.37233 4
    endloop
  endfacet
  facet normal 0.167504 -0.985871 0
    outer loop
      vertex 0.979092 -4.28968 4
      vertex 0.492643 -4.37233 0
      vertex 0.979092 -4.28968 0
    endloop
  endfacet
  facet normal 0.276823 0.960921 -0
    outer loop
      vertex 1.45323 4.15309 0
      vertex 0.979092 4.28968 4
      vertex 1.45323 4.15309 4
    endloop
  endfacet
  facet normal 0.276823 0.960921 0
    outer loop
      vertex 0.979092 4.28968 4
      vertex 1.45323 4.15309 0
      vertex 0.979092 4.28968 0
    endloop
  endfacet
  facet normal -0.745646 -0.666343 0
    outer loop
      vertex -3.11127 -3.11127 0
      vertex -3.44006 -2.74335 4
      vertex -3.44006 -2.74335 0
    endloop
  endfacet
  facet normal -0.745646 -0.666343 0
    outer loop
      vertex -3.44006 -2.74335 4
      vertex -3.11127 -3.11127 0
      vertex -3.11127 -3.11127 4
    endloop
  endfacet
  facet normal -0.483711 -0.875228 0
    outer loop
      vertex -2.34094 -3.72559 0
      vertex -1.90909 -3.96426 4
      vertex -2.34094 -3.72559 4
    endloop
  endfacet
  facet normal -0.483711 -0.875228 -0
    outer loop
      vertex -1.90909 -3.96426 4
      vertex -2.34094 -3.72559 0
      vertex -1.90909 -3.96426 0
    endloop
  endfacet
  facet normal 0.578678 0.815556 -0
    outer loop
      vertex 2.74335 3.44006 0
      vertex 2.34094 3.72559 4
      vertex 2.74335 3.44006 4
    endloop
  endfacet
  facet normal 0.578678 0.815556 0
    outer loop
      vertex 2.34094 3.72559 4
      vertex 2.74335 3.44006 0
      vertex 2.34094 3.72559 0
    endloop
  endfacet
  facet normal -0.923875 -0.382695 0
    outer loop
      vertex -3.96426 -1.90909 0
      vertex -4.15309 -1.45323 4
      vertex -4.15309 -1.45323 0
    endloop
  endfacet
  facet normal -0.923875 -0.382695 0
    outer loop
      vertex -4.15309 -1.45323 4
      vertex -3.96426 -1.90909 0
      vertex -3.96426 -1.90909 4
    endloop
  endfacet
  facet normal -0.960921 -0.276823 0
    outer loop
      vertex -4.15309 -1.45323 0
      vertex -4.28968 -0.979092 4
      vertex -4.28968 -0.979092 0
    endloop
  endfacet
  facet normal -0.960921 -0.276823 0
    outer loop
      vertex -4.28968 -0.979092 4
      vertex -4.15309 -1.45323 0
      vertex -4.15309 -1.45323 4
    endloop
  endfacet
  facet normal -0.382695 0.923875 0
    outer loop
      vertex -1.45323 4.15309 0
      vertex -1.90909 3.96426 4
      vertex -1.45323 4.15309 4
    endloop
  endfacet
  facet normal -0.382695 0.923875 0
    outer loop
      vertex -1.90909 3.96426 4
      vertex -1.45323 4.15309 0
      vertex -1.90909 3.96426 0
    endloop
  endfacet
  facet normal -0.923875 0.382695 0
    outer loop
      vertex -4.15309 1.45323 0
      vertex -3.96426 1.90909 4
      vertex -3.96426 1.90909 0
    endloop
  endfacet
  facet normal -0.923875 0.382695 0
    outer loop
      vertex -3.96426 1.90909 4
      vertex -4.15309 1.45323 0
      vertex -4.15309 1.45323 4
    endloop
  endfacet
  facet normal -0.985871 0.167504 0
    outer loop
      vertex -4.37233 0.492643 0
      vertex -4.28968 0.979092 4
      vertex -4.28968 0.979092 0
    endloop
  endfacet
  facet normal -0.985871 0.167504 0
    outer loop
      vertex -4.28968 0.979092 4
      vertex -4.37233 0.492643 0
      vertex -4.37233 0.492643 4
    endloop
  endfacet
  facet normal 0.815556 -0.578678 0
    outer loop
      vertex 3.44006 -2.74335 4
      vertex 3.72559 -2.34094 0
      vertex 3.72559 -2.34094 4
    endloop
  endfacet
  facet normal 0.815556 -0.578678 0
    outer loop
      vertex 3.72559 -2.34094 0
      vertex 3.44006 -2.74335 4
      vertex 3.44006 -2.74335 0
    endloop
  endfacet
  facet normal 0.578678 -0.815556 0
    outer loop
      vertex 2.34094 -3.72559 0
      vertex 2.74335 -3.44006 4
      vertex 2.34094 -3.72559 4
    endloop
  endfacet
  facet normal 0.578678 -0.815556 0
    outer loop
      vertex 2.74335 -3.44006 4
      vertex 2.34094 -3.72559 0
      vertex 2.74335 -3.44006 0
    endloop
  endfacet
  facet normal -0.578678 0.815556 0
    outer loop
      vertex -2.34094 3.72559 0
      vertex -2.74335 3.44006 4
      vertex -2.34094 3.72559 4
    endloop
  endfacet
  facet normal -0.578678 0.815556 0
    outer loop
      vertex -2.74335 3.44006 4
      vertex -2.34094 3.72559 0
      vertex -2.74335 3.44006 0
    endloop
  endfacet
  facet normal 0 0 1
    outer loop
      vertex 1.7 0 4
      vertex 4.4 0 4
      vertex 4.37233 0.492643 4
    endloop
  endfacet
  facet normal 0 0 1
    outer loop
      vertex 1.68931 0.190339 4
      vertex 4.37233 0.492643 4
      vertex 4.28968 0.979092 4
    endloop
  endfacet
  facet normal 0 0 1
    outer loop
      vertex 4.4 0 4
      vertex 1.7 0 4
      vertex 4.37233 -0.492643 4
    endloop
  endfacet
  facet normal 0 0 1
    outer loop
      vertex 1.65738 0.378285 4
      vertex 4.28968 0.979092 4
      vertex 4.15309 1.45323 4
    endloop
  endfacet
  facet normal -0 0 1
    outer loop
      vertex 1.68931 -0.190339 4
      vertex 4.37233 -0.492643 4
      vertex 1.7 0 4
    endloop
  endfacet
  facet normal 0 0 1
    outer loop
      vertex 1.6046 0.561474 4
      vertex 4.15309 1.45323 4
      vertex 3.96426 1.90909 4
    endloop
  endfacet
  facet normal 0 0 1
    outer loop
      vertex 4.37233 -0.492643 4
      vertex 1.68931 -0.190339 4
      vertex 4.28968 -0.979092 4
    endloop
  endfacet
  facet normal 0 0 1
    outer loop
      vertex 1.53165 0.737602 4
      vertex 3.96426 1.90909 4
      vertex 3.72559 2.34094 4
    endloop
  endfacet
  facet normal -0 0 1
    outer loop
      vertex 1.65738 -0.378285 4
      vertex 4.28968 -0.979092 4
      vertex 1.68931 -0.190339 4
    endloop
  endfacet
  facet normal 0 0 1
    outer loop
      vertex 1.43943 0.904454 4
      vertex 3.72559 2.34094 4
      vertex 3.44006 2.74335 4
    endloop
  endfacet
  facet normal 0 0 1
    outer loop
      vertex 4.28968 -0.979092 4
      vertex 1.65738 -0.378285 4
      vertex 4.15309 -1.45323 4
    endloop
  endfacet
  facet normal 0 0 1
    outer loop
      vertex 1.32911 1.05993 4
      vertex 3.44006 2.74335 4
      vertex 3.11127 3.11127 4
    endloop
  endfacet
  facet normal -0 0 1
    outer loop
      vertex 1.6046 -0.561474 4
      vertex 4.15309 -1.45323 4
      vertex 1.65738 -0.378285 4
    endloop
  endfacet
  facet normal 0 0 1
    outer loop
      vertex 1.20208 1.20208 4
      vertex 3.11127 3.11127 4
      vertex 2.74335 3.44006 4
    endloop
  endfacet
  facet normal 0 0 1
    outer loop
      vertex 4.15309 -1.45323 4
      vertex 1.6046 -0.561474 4
      vertex 3.96426 -1.90909 4
    endloop
  endfacet
  facet normal 0 0 1
    outer loop
      vertex 1.05993 1.32911 4
      vertex 2.74335 3.44006 4
      vertex 2.34094 3.72559 4
    endloop
  endfacet
  facet normal -0 0 1
    outer loop
      vertex 1.53165 -0.737602 4
      vertex 3.96426 -1.90909 4
      vertex 1.6046 -0.561474 4
    endloop
  endfacet
  facet normal 0 0 1
    outer loop
      vertex 0.904454 1.43943 4
      vertex 2.34094 3.72559 4
      vertex 1.90909 3.96426 4
    endloop
  endfacet
  facet normal 0 0 1
    outer loop
      vertex 3.96426 -1.90909 4
      vertex 1.53165 -0.737602 4
      vertex 3.72559 -2.34094 4
    endloop
  endfacet
  facet normal -0 0 1
    outer loop
      vertex 1.43943 -0.904454 4
      vertex 3.72559 -2.34094 4
      vertex 1.53165 -0.737602 4
    endloop
  endfacet
  facet normal 0 0 1
    outer loop
      vertex 4.37233 0.492643 4
      vertex 1.68931 0.190339 4
      vertex 1.7 0 4
    endloop
  endfacet
  facet normal 0 0 1
    outer loop
      vertex 4.28968 0.979092 4
      vertex 1.65738 0.378285 4
      vertex 1.68931 0.190339 4
    endloop
  endfacet
  facet normal 0 0 1
    outer loop
      vertex 4.15309 1.45323 4
      vertex 1.6046 0.561474 4
      vertex 1.65738 0.378285 4
    endloop
  endfacet
  facet normal 0 0 1
    outer loop
      vertex 3.96426 1.90909 4
      vertex 1.53165 0.737602 4
      vertex 1.6046 0.561474 4
    endloop
  endfacet
  facet normal 0 0 1
    outer loop
      vertex 0.737602 1.53165 4
      vertex 1.90909 3.96426 4
      vertex 1.45323 4.15309 4
    endloop
  endfacet
  facet normal 0 0 1
    outer loop
      vertex 3.72559 2.34094 4
      vertex 1.43943 0.904454 4
      vertex 1.53165 0.737602 4
    endloop
  endfacet
  facet normal 0 0 1
    outer loop
      vertex 3.44006 2.74335 4
      vertex 1.32911 1.05993 4
      vertex 1.43943 0.904454 4
    endloop
  endfacet
  facet normal 0 0 1
    outer loop
      vertex 3.11127 3.11127 4
      vertex 1.20208 1.20208 4
      vertex 1.32911 1.05993 4
    endloop
  endfacet
  facet normal 0 0 1
    outer loop
      vertex 2.74335 3.44006 4
      vertex 1.05993 1.32911 4
      vertex 1.20208 1.20208 4
    endloop
  endfacet
  facet normal 0 0 1
    outer loop
      vertex 0.561474 1.6046 4
      vertex 1.45323 4.15309 4
      vertex 0.979092 4.28968 4
    endloop
  endfacet
  facet normal 0 0 1
    outer loop
      vertex 2.34094 3.72559 4
      vertex 0.904454 1.43943 4
      vertex 1.05993 1.32911 4
    endloop
  endfacet
  facet normal 0 0 1
    outer loop
      vertex 1.90909 3.96426 4
      vertex 0.737602 1.53165 4
      vertex 0.904454 1.43943 4
    endloop
  endfacet
  facet normal 0 0 1
    outer loop
      vertex 1.45323 4.15309 4
      vertex 0.561474 1.6046 4
      vertex 0.737602 1.53165 4
    endloop
  endfacet
  facet normal 0 0 1
    outer loop
      vertex 0.378285 1.65738 4
      vertex 0.979092 4.28968 4
      vertex 0.492643 4.37233 4
    endloop
  endfacet
  facet normal 0 0 1
    outer loop
      vertex 0.979092 4.28968 4
      vertex 0.378285 1.65738 4
      vertex 0.561474 1.6046 4
    endloop
  endfacet
  facet normal 0 0 1
    outer loop
      vertex 0.492643 4.37233 4
      vertex 0.190339 1.68931 4
      vertex 0.378285 1.65738 4
    endloop
  endfacet
  facet normal 0 0 1
    outer loop
      vertex 0 4.4 4
      vertex 0.190339 1.68931 4
      vertex 0.492643 4.37233 4
    endloop
  endfacet
  facet normal 0 0 1
    outer loop
      vertex 0 4.4 4
      vertex 0 1.7 4
      vertex 0.190339 1.68931 4
    endloop
  endfacet
  facet normal 0 0 1
    outer loop
      vertex 0 4.4 4
      vertex -0.190339 1.68931 4
      vertex 0 1.7 4
    endloop
  endfacet
  facet normal -0 0 1
    outer loop
      vertex -0.492643 4.37233 4
      vertex -0.190339 1.68931 4
      vertex 0 4.4 4
    endloop
  endfacet
  facet normal 0 0 1
    outer loop
      vertex -0.190339 1.68931 4
      vertex -0.492643 4.37233 4
      vertex -0.378285 1.65738 4
    endloop
  endfacet
  facet normal -0 0 1
    outer loop
      vertex -0.979092 4.28968 4
      vertex -0.378285 1.65738 4
      vertex -0.492643 4.37233 4
    endloop
  endfacet
  facet normal 0 0 1
    outer loop
      vertex -0.378285 1.65738 4
      vertex -0.979092 4.28968 4
      vertex -0.561474 1.6046 4
    endloop
  endfacet
  facet normal -0 0 1
    outer loop
      vertex -1.45323 4.15309 4
      vertex -0.561474 1.6046 4
      vertex -0.979092 4.28968 4
    endloop
  endfacet
  facet normal 0 0 1
    outer loop
      vertex -0.561474 1.6046 4
      vertex -1.45323 4.15309 4
      vertex -0.737602 1.53165 4
    endloop
  endfacet
  facet normal -0 0 1
    outer loop
      vertex -1.90909 3.96426 4
      vertex -0.737602 1.53165 4
      vertex -1.45323 4.15309 4
    endloop
  endfacet
  facet normal 0 0 1
    outer loop
      vertex -0.737602 1.53165 4
      vertex -1.90909 3.96426 4
      vertex -0.904454 1.43943 4
    endloop
  endfacet
  facet normal -0 0 1
    outer loop
      vertex -2.34094 3.72559 4
      vertex -0.904454 1.43943 4
      vertex -1.90909 3.96426 4
    endloop
  endfacet
  facet normal 0 0 1
    outer loop
      vertex -0.904454 1.43943 4
      vertex -2.34094 3.72559 4
      vertex -1.05993 1.32911 4
    endloop
  endfacet
  facet normal -0 0 1
    outer loop
      vertex -2.74335 3.44006 4
      vertex -1.05993 1.32911 4
      vertex -2.34094 3.72559 4
    endloop
  endfacet
  facet normal 0 0 1
    outer loop
      vertex -1.05993 1.32911 4
      vertex -2.74335 3.44006 4
      vertex -1.20208 1.20208 4
    endloop
  endfacet
  facet normal -0 0 1
    outer loop
      vertex -3.11127 3.11127 4
      vertex -1.20208 1.20208 4
      vertex -2.74335 3.44006 4
    endloop
  endfacet
  facet normal 0 0 1
    outer loop
      vertex -1.20208 1.20208 4
      vertex -3.11127 3.11127 4
      vertex -1.32911 1.05993 4
    endloop
  endfacet
  facet normal -0 0 1
    outer loop
      vertex -3.44006 2.74335 4
      vertex -1.32911 1.05993 4
      vertex -3.11127 3.11127 4
    endloop
  endfacet
  facet normal -0 0 1
    outer loop
      vertex -3.72559 2.34094 4
      vertex -1.43943 0.904454 4
      vertex -3.44006 2.74335 4
    endloop
  endfacet
  facet normal 0 0 1
    outer loop
      vertex -1.32911 1.05993 4
      vertex -3.44006 2.74335 4
      vertex -1.43943 0.904454 4
    endloop
  endfacet
  facet normal 0 0 1
    outer loop
      vertex 3.72559 -2.34094 4
      vertex 1.43943 -0.904454 4
      vertex 3.44006 -2.74335 4
    endloop
  endfacet
  facet normal -0 0 1
    outer loop
      vertex 1.32911 -1.05993 4
      vertex 3.44006 -2.74335 4
      vertex 1.43943 -0.904454 4
    endloop
  endfacet
  facet normal 0 0 1
    outer loop
      vertex 3.44006 -2.74335 4
      vertex 1.32911 -1.05993 4
      vertex 3.11127 -3.11127 4
    endloop
  endfacet
  facet normal -0 0 1
    outer loop
      vertex 1.20208 -1.20208 4
      vertex 3.11127 -3.11127 4
      vertex 1.32911 -1.05993 4
    endloop
  endfacet
  facet normal 0 0 1
    outer loop
      vertex 3.11127 -3.11127 4
      vertex 1.20208 -1.20208 4
      vertex 2.74335 -3.44006 4
    endloop
  endfacet
  facet normal -0 0 1
    outer loop
      vertex 1.05993 -1.32911 4
      vertex 2.74335 -3.44006 4
      vertex 1.20208 -1.20208 4
    endloop
  endfacet
  facet normal 0 0 1
    outer loop
      vertex 2.74335 -3.44006 4
      vertex 1.05993 -1.32911 4
      vertex 2.34094 -3.72559 4
    endloop
  endfacet
  facet normal -0 0 1
    outer loop
      vertex 0.904454 -1.43943 4
      vertex 2.34094 -3.72559 4
      vertex 1.05993 -1.32911 4
    endloop
  endfacet
  facet normal 0 0 1
    outer loop
      vertex 2.34094 -3.72559 4
      vertex 0.904454 -1.43943 4
      vertex 1.90909 -3.96426 4
    endloop
  endfacet
  facet normal -0 0 1
    outer loop
      vertex 0.737602 -1.53165 4
      vertex 1.90909 -3.96426 4
      vertex 0.904454 -1.43943 4
    endloop
  endfacet
  facet normal 0 0 1
    outer loop
      vertex 1.90909 -3.96426 4
      vertex 0.737602 -1.53165 4
      vertex 1.45323 -4.15309 4
    endloop
  endfacet
  facet normal -0 0 1
    outer loop
      vertex 0.561474 -1.6046 4
      vertex 1.45323 -4.15309 4
      vertex 0.737602 -1.53165 4
    endloop
  endfacet
  facet normal 0 0 1
    outer loop
      vertex 1.45323 -4.15309 4
      vertex 0.561474 -1.6046 4
      vertex 0.979092 -4.28968 4
    endloop
  endfacet
  facet normal -0 0 1
    outer loop
      vertex 0.378285 -1.65738 4
      vertex 0.979092 -4.28968 4
      vertex 0.561474 -1.6046 4
    endloop
  endfacet
  facet normal 0 0 1
    outer loop
      vertex 0.979092 -4.28968 4
      vertex 0.378285 -1.65738 4
      vertex 0.492643 -4.37233 4
    endloop
  endfacet
  facet normal -0 0 1
    outer loop
      vertex 0.190339 -1.68931 4
      vertex 0.492643 -4.37233 4
      vertex 0.378285 -1.65738 4
    endloop
  endfacet
  facet normal -0 0 1
    outer loop
      vertex 0 -1.7 4
      vertex 0.492643 -4.37233 4
      vertex 0.190339 -1.68931 4
    endloop
  endfacet
  facet normal 0 0 1
    outer loop
      vertex 0 -1.7 4
      vertex 0 -4.4 4
      vertex 0.492643 -4.37233 4
    endloop
  endfacet
  facet normal 0 0 1
    outer loop
      vertex -0.190339 -1.68931 4
      vertex 0 -4.4 4
      vertex 0 -1.7 4
    endloop
  endfacet
  facet normal 0 0 1
    outer loop
      vertex -0.492643 -4.37233 4
      vertex -0.190339 -1.68931 4
      vertex -0.378285 -1.65738 4
    endloop
  endfacet
  facet normal 0 0 1
    outer loop
      vertex -0.190339 -1.68931 4
      vertex -0.492643 -4.37233 4
      vertex 0 -4.4 4
    endloop
  endfacet
  facet normal 0 0 1
    outer loop
      vertex -0.979092 -4.28968 4
      vertex -0.378285 -1.65738 4
      vertex -0.561474 -1.6046 4
    endloop
  endfacet
  facet normal 0 0 1
    outer loop
      vertex -1.45323 -4.15309 4
      vertex -0.561474 -1.6046 4
      vertex -0.737602 -1.53165 4
    endloop
  endfacet
  facet normal 0 0 1
    outer loop
      vertex -1.90909 -3.96426 4
      vertex -0.737602 -1.53165 4
      vertex -0.904454 -1.43943 4
    endloop
  endfacet
  facet normal 0 0 1
    outer loop
      vertex -0.378285 -1.65738 4
      vertex -0.979092 -4.28968 4
      vertex -0.492643 -4.37233 4
    endloop
  endfacet
  facet normal 0 0 1
    outer loop
      vertex -2.34094 -3.72559 4
      vertex -0.904454 -1.43943 4
      vertex -1.05993 -1.32911 4
    endloop
  endfacet
  facet normal 0 0 1
    outer loop
      vertex -2.74335 -3.44006 4
      vertex -1.05993 -1.32911 4
      vertex -1.20208 -1.20208 4
    endloop
  endfacet
  facet normal 0 0 1
    outer loop
      vertex -3.11127 -3.11127 4
      vertex -1.20208 -1.20208 4
      vertex -1.32911 -1.05993 4
    endloop
  endfacet
  facet normal 0 0 1
    outer loop
      vertex -3.44006 -2.74335 4
      vertex -1.32911 -1.05993 4
      vertex -1.43943 -0.904454 4
    endloop
  endfacet
  facet normal 0 0 1
    outer loop
      vertex -0.561474 -1.6046 4
      vertex -1.45323 -4.15309 4
      vertex -0.979092 -4.28968 4
    endloop
  endfacet
  facet normal 0 0 1
    outer loop
      vertex -3.72559 -2.34094 4
      vertex -1.43943 -0.904454 4
      vertex -1.53165 -0.737602 4
    endloop
  endfacet
  facet normal 0 0 1
    outer loop
      vertex -3.96426 -1.90909 4
      vertex -1.53165 -0.737602 4
      vertex -1.6046 -0.561474 4
    endloop
  endfacet
  facet normal 0 0 1
    outer loop
      vertex -4.15309 -1.45323 4
      vertex -1.6046 -0.561474 4
      vertex -1.65738 -0.378285 4
    endloop
  endfacet
  facet normal 0 0 1
    outer loop
      vertex -4.28968 -0.979092 4
      vertex -1.65738 -0.378285 4
      vertex -1.68931 -0.190339 4
    endloop
  endfacet
  facet normal 0 0 1
    outer loop
      vertex -0.737602 -1.53165 4
      vertex -1.90909 -3.96426 4
      vertex -1.45323 -4.15309 4
    endloop
  endfacet
  facet normal 0 0 1
    outer loop
      vertex -4.37233 -0.492643 4
      vertex -1.68931 -0.190339 4
      vertex -1.7 0 4
    endloop
  endfacet
  facet normal 0 0 1
    outer loop
      vertex -1.43943 0.904454 4
      vertex -3.72559 2.34094 4
      vertex -1.53165 0.737602 4
    endloop
  endfacet
  facet normal -0 0 1
    outer loop
      vertex -3.96426 1.90909 4
      vertex -1.53165 0.737602 4
      vertex -3.72559 2.34094 4
    endloop
  endfacet
  facet normal 0 0 1
    outer loop
      vertex -0.904454 -1.43943 4
      vertex -2.34094 -3.72559 4
      vertex -1.90909 -3.96426 4
    endloop
  endfacet
  facet normal 0 0 1
    outer loop
      vertex -1.53165 0.737602 4
      vertex -3.96426 1.90909 4
      vertex -1.6046 0.561474 4
    endloop
  endfacet
  facet normal 0 0 1
    outer loop
      vertex -1.05993 -1.32911 4
      vertex -2.74335 -3.44006 4
      vertex -2.34094 -3.72559 4
    endloop
  endfacet
  facet normal -0 0 1
    outer loop
      vertex -4.15309 1.45323 4
      vertex -1.6046 0.561474 4
      vertex -3.96426 1.90909 4
    endloop
  endfacet
  facet normal 0 0 1
    outer loop
      vertex -1.20208 -1.20208 4
      vertex -3.11127 -3.11127 4
      vertex -2.74335 -3.44006 4
    endloop
  endfacet
  facet normal 0 0 1
    outer loop
      vertex -1.6046 0.561474 4
      vertex -4.15309 1.45323 4
      vertex -1.65738 0.378285 4
    endloop
  endfacet
  facet normal 0 0 1
    outer loop
      vertex -1.32911 -1.05993 4
      vertex -3.44006 -2.74335 4
      vertex -3.11127 -3.11127 4
    endloop
  endfacet
  facet normal -0 0 1
    outer loop
      vertex -4.28968 0.979092 4
      vertex -1.65738 0.378285 4
      vertex -4.15309 1.45323 4
    endloop
  endfacet
  facet normal 0 0 1
    outer loop
      vertex -1.43943 -0.904454 4
      vertex -3.72559 -2.34094 4
      vertex -3.44006 -2.74335 4
    endloop
  endfacet
  facet normal 0 0 1
    outer loop
      vertex -1.65738 0.378285 4
      vertex -4.28968 0.979092 4
      vertex -1.68931 0.190339 4
    endloop
  endfacet
  facet normal 0 0 1
    outer loop
      vertex -1.53165 -0.737602 4
      vertex -3.96426 -1.90909 4
      vertex -3.72559 -2.34094 4
    endloop
  endfacet
  facet normal -0 0 1
    outer loop
      vertex -4.37233 0.492643 4
      vertex -1.68931 0.190339 4
      vertex -4.28968 0.979092 4
    endloop
  endfacet
  facet normal 0 0 1
    outer loop
      vertex -1.6046 -0.561474 4
      vertex -4.15309 -1.45323 4
      vertex -3.96426 -1.90909 4
    endloop
  endfacet
  facet normal 0 0 1
    outer loop
      vertex -1.68931 0.190339 4
      vertex -4.37233 0.492643 4
      vertex -1.7 0 4
    endloop
  endfacet
  facet normal 0 0 1
    outer loop
      vertex -1.65738 -0.378285 4
      vertex -4.28968 -0.979092 4
      vertex -4.15309 -1.45323 4
    endloop
  endfacet
  facet normal 0 0 1
    outer loop
      vertex -4.4 0 4
      vertex -1.7 0 4
      vertex -4.37233 0.492643 4
    endloop
  endfacet
  facet normal 0 0 1
    outer loop
      vertex -1.68931 -0.190339 4
      vertex -4.37233 -0.492643 4
      vertex -4.28968 -0.979092 4
    endloop
  endfacet
  facet normal 0 0 1
    outer loop
      vertex -1.7 0 4
      vertex -4.4 0 4
      vertex -4.37233 -0.492643 4
    endloop
  endfacet
  facet normal 0.666343 -0.745646 0
    outer loop
      vertex 2.74335 -3.44006 0
      vertex 3.11127 -3.11127 4
      vertex 2.74335 -3.44006 4
    endloop
  endfacet
  facet normal 0.666343 -0.745646 0
    outer loop
      vertex 3.11127 -3.11127 4
      vertex 2.74335 -3.44006 0
      vertex 3.11127 -3.11127 0
    endloop
  endfacet
  facet normal 0 0 -1
    outer loop
      vertex 3.1 0 0
      vertex 4.4 0 0
      vertex 4.37233 -0.492643 0
    endloop
  endfacet
  facet normal 0 0 -1
    outer loop
      vertex 3.08051 -0.34709 0
      vertex 4.37233 -0.492643 0
      vertex 4.28968 -0.979092 0
    endloop
  endfacet
  facet normal 0 0 -1
    outer loop
      vertex 4.4 0 0
      vertex 3.1 0 0
      vertex 4.37233 0.492643 0
    endloop
  endfacet
  facet normal 0 0 -1
    outer loop
      vertex 3.02228 -0.689815 0
      vertex 4.28968 -0.979092 0
      vertex 4.15309 -1.45323 0
    endloop
  endfacet
  facet normal 0 0 -1
    outer loop
      vertex 3.08051 0.34709 0
      vertex 4.37233 0.492643 0
      vertex 3.1 0 0
    endloop
  endfacet
  facet normal 0 0 -1
    outer loop
      vertex 2.92604 -1.02386 0
      vertex 4.15309 -1.45323 0
      vertex 3.96426 -1.90909 0
    endloop
  endfacet
  facet normal -0 0 -1
    outer loop
      vertex 4.37233 0.492643 0
      vertex 3.08051 0.34709 0
      vertex 4.28968 0.979092 0
    endloop
  endfacet
  facet normal 0 0 -1
    outer loop
      vertex 2.793 -1.34504 0
      vertex 3.96426 -1.90909 0
      vertex 3.72559 -2.34094 0
    endloop
  endfacet
  facet normal 0 0 -1
    outer loop
      vertex 3.02228 0.689815 0
      vertex 4.28968 0.979092 0
      vertex 3.08051 0.34709 0
    endloop
  endfacet
  facet normal 0 0 -1
    outer loop
      vertex 2.62484 -1.6493 0
      vertex 3.72559 -2.34094 0
      vertex 3.44006 -2.74335 0
    endloop
  endfacet
  facet normal -0 0 -1
    outer loop
      vertex 4.28968 0.979092 0
      vertex 3.02228 0.689815 0
      vertex 4.15309 1.45323 0
    endloop
  endfacet
  facet normal 0 0 -1
    outer loop
      vertex 2.42368 -1.93282 0
      vertex 3.44006 -2.74335 0
      vertex 3.11127 -3.11127 0
    endloop
  endfacet
  facet normal 0 0 -1
    outer loop
      vertex 2.92604 1.02386 0
      vertex 4.15309 1.45323 0
      vertex 3.02228 0.689815 0
    endloop
  endfacet
  facet normal -0 0 -1
    outer loop
      vertex 4.15309 1.45323 0
      vertex 2.92604 1.02386 0
      vertex 3.96426 1.90909 0
    endloop
  endfacet
  facet normal 0 0 -1
    outer loop
      vertex 4.37233 -0.492643 0
      vertex 3.08051 -0.34709 0
      vertex 3.1 0 0
    endloop
  endfacet
  facet normal 0 0 -1
    outer loop
      vertex 4.28968 -0.979092 0
      vertex 3.02228 -0.689815 0
      vertex 3.08051 -0.34709 0
    endloop
  endfacet
  facet normal 0 0 -1
    outer loop
      vertex 4.15309 -1.45323 0
      vertex 2.92604 -1.02386 0
      vertex 3.02228 -0.689815 0
    endloop
  endfacet
  facet normal 0 0 -1
    outer loop
      vertex 3.96426 -1.90909 0
      vertex 2.793 -1.34504 0
      vertex 2.92604 -1.02386 0
    endloop
  endfacet
  facet normal 0 0 -1
    outer loop
      vertex 2.19203 -2.19203 0
      vertex 3.11127 -3.11127 0
      vertex 2.74335 -3.44006 0
    endloop
  endfacet
  facet normal 0 0 -1
    outer loop
      vertex 3.72559 -2.34094 0
      vertex 2.62484 -1.6493 0
      vertex 2.793 -1.34504 0
    endloop
  endfacet
  facet normal 0 0 -1
    outer loop
      vertex 3.44006 -2.74335 0
      vertex 2.42368 -1.93282 0
      vertex 2.62484 -1.6493 0
    endloop
  endfacet
  facet normal 0 0 -1
    outer loop
      vertex 1.93282 -2.42368 0
      vertex 2.74335 -3.44006 0
      vertex 2.34094 -3.72559 0
    endloop
  endfacet
  facet normal 0 0 -1
    outer loop
      vertex 3.11127 -3.11127 0
      vertex 2.19203 -2.19203 0
      vertex 2.42368 -1.93282 0
    endloop
  endfacet
  facet normal 0 0 -1
    outer loop
      vertex 2.74335 -3.44006 0
      vertex 1.93282 -2.42368 0
      vertex 2.19203 -2.19203 0
    endloop
  endfacet
  facet normal 0 0 -1
    outer loop
      vertex 1.6493 -2.62484 0
      vertex 2.34094 -3.72559 0
      vertex 1.90909 -3.96426 0
    endloop
  endfacet
  facet normal 0 0 -1
    outer loop
      vertex 2.34094 -3.72559 0
      vertex 1.6493 -2.62484 0
      vertex 1.93282 -2.42368 0
    endloop
  endfacet
  facet normal 0 0 -1
    outer loop
      vertex 1.34504 -2.793 0
      vertex 1.90909 -3.96426 0
      vertex 1.45323 -4.15309 0
    endloop
  endfacet
  facet normal 0 0 -1
    outer loop
      vertex 1.90909 -3.96426 0
      vertex 1.34504 -2.793 0
      vertex 1.6493 -2.62484 0
    endloop
  endfacet
  facet normal 0 0 -1
    outer loop
      vertex 1.45323 -4.15309 0
      vertex 1.02386 -2.92604 0
      vertex 1.34504 -2.793 0
    endloop
  endfacet
  facet normal 0 0 -1
    outer loop
      vertex 0.979092 -4.28968 0
      vertex 1.02386 -2.92604 0
      vertex 1.45323 -4.15309 0
    endloop
  endfacet
  facet normal 0 0 -1
    outer loop
      vertex 0.979092 -4.28968 0
      vertex 0.689815 -3.02228 0
      vertex 1.02386 -2.92604 0
    endloop
  endfacet
  facet normal 0 0 -1
    outer loop
      vertex 0.492643 -4.37233 0
      vertex 0.689815 -3.02228 0
      vertex 0.979092 -4.28968 0
    endloop
  endfacet
  facet normal 0 0 -1
    outer loop
      vertex 0.492643 -4.37233 0
      vertex 0.34709 -3.08051 0
      vertex 0.689815 -3.02228 0
    endloop
  endfacet
  facet normal 0 0 -1
    outer loop
      vertex 0 -4.4 0
      vertex 0.34709 -3.08051 0
      vertex 0.492643 -4.37233 0
    endloop
  endfacet
  facet normal 0 0 -1
    outer loop
      vertex 0 -4.4 0
      vertex 0 -3.1 0
      vertex 0.34709 -3.08051 0
    endloop
  endfacet
  facet normal 0 0 -1
    outer loop
      vertex 0 -4.4 0
      vertex -0.34709 -3.08051 0
      vertex 0 -3.1 0
    endloop
  endfacet
  facet normal 0 0 -1
    outer loop
      vertex -0.492643 -4.37233 0
      vertex -0.34709 -3.08051 0
      vertex 0 -4.4 0
    endloop
  endfacet
  facet normal 0 0 -1
    outer loop
      vertex -0.492643 -4.37233 0
      vertex -0.689815 -3.02228 0
      vertex -0.34709 -3.08051 0
    endloop
  endfacet
  facet normal 0 0 -1
    outer loop
      vertex -0.979092 -4.28968 0
      vertex -0.689815 -3.02228 0
      vertex -0.492643 -4.37233 0
    endloop
  endfacet
  facet normal 0 0 -1
    outer loop
      vertex -0.979092 -4.28968 0
      vertex -1.02386 -2.92604 0
      vertex -0.689815 -3.02228 0
    endloop
  endfacet
  facet normal 0 0 -1
    outer loop
      vertex -1.45323 -4.15309 0
      vertex -1.02386 -2.92604 0
      vertex -0.979092 -4.28968 0
    endloop
  endfacet
  facet normal -0 0 -1
    outer loop
      vertex -1.02386 -2.92604 0
      vertex -1.45323 -4.15309 0
      vertex -1.34504 -2.793 0
    endloop
  endfacet
  facet normal 0 0 -1
    outer loop
      vertex -1.90909 -3.96426 0
      vertex -1.34504 -2.793 0
      vertex -1.45323 -4.15309 0
    endloop
  endfacet
  facet normal -0 0 -1
    outer loop
      vertex -1.34504 -2.793 0
      vertex -1.90909 -3.96426 0
      vertex -1.6493 -2.62484 0
    endloop
  endfacet
  facet normal 0 0 -1
    outer loop
      vertex -2.34094 -3.72559 0
      vertex -1.6493 -2.62484 0
      vertex -1.90909 -3.96426 0
    endloop
  endfacet
  facet normal -0 0 -1
    outer loop
      vertex -1.6493 -2.62484 0
      vertex -2.34094 -3.72559 0
      vertex -1.93282 -2.42368 0
    endloop
  endfacet
  facet normal 0 0 -1
    outer loop
      vertex -2.74335 -3.44006 0
      vertex -1.93282 -2.42368 0
      vertex -2.34094 -3.72559 0
    endloop
  endfacet
  facet normal -0 0 -1
    outer loop
      vertex -1.93282 -2.42368 0
      vertex -2.74335 -3.44006 0
      vertex -2.19203 -2.19203 0
    endloop
  endfacet
  facet normal 0 0 -1
    outer loop
      vertex -3.11127 -3.11127 0
      vertex -2.19203 -2.19203 0
      vertex -2.74335 -3.44006 0
    endloop
  endfacet
  facet normal -0 0 -1
    outer loop
      vertex -2.19203 -2.19203 0
      vertex -3.11127 -3.11127 0
      vertex -2.42368 -1.93282 0
    endloop
  endfacet
  facet normal 0 0 -1
    outer loop
      vertex -3.44006 -2.74335 0
      vertex -2.42368 -1.93282 0
      vertex -3.11127 -3.11127 0
    endloop
  endfacet
  facet normal -0 0 -1
    outer loop
      vertex -2.42368 -1.93282 0
      vertex -3.44006 -2.74335 0
      vertex -2.62484 -1.6493 0
    endloop
  endfacet
  facet normal 0 0 -1
    outer loop
      vertex -3.72559 -2.34094 0
      vertex -2.62484 -1.6493 0
      vertex -3.44006 -2.74335 0
    endloop
  endfacet
  facet normal -0 0 -1
    outer loop
      vertex -2.62484 -1.6493 0
      vertex -3.72559 -2.34094 0
      vertex -2.793 -1.34504 0
    endloop
  endfacet
  facet normal -0 0 -1
    outer loop
      vertex -2.793 -1.34504 0
      vertex -3.96426 -1.90909 0
      vertex -2.92604 -1.02386 0
    endloop
  endfacet
  facet normal 0 0 -1
    outer loop
      vertex -3.96426 -1.90909 0
      vertex -2.793 -1.34504 0
      vertex -3.72559 -2.34094 0
    endloop
  endfacet
  facet normal 0 0 -1
    outer loop
      vertex 2.793 1.34504 0
      vertex 3.96426 1.90909 0
      vertex 2.92604 1.02386 0
    endloop
  endfacet
  facet normal -0 0 -1
    outer loop
      vertex 3.96426 1.90909 0
      vertex 2.793 1.34504 0
      vertex 3.72559 2.34094 0
    endloop
  endfacet
  facet normal 0 0 -1
    outer loop
      vertex 2.62484 1.6493 0
      vertex 3.72559 2.34094 0
      vertex 2.793 1.34504 0
    endloop
  endfacet
  facet normal -0 0 -1
    outer loop
      vertex 3.72559 2.34094 0
      vertex 2.62484 1.6493 0
      vertex 3.44006 2.74335 0
    endloop
  endfacet
  facet normal 0 0 -1
    outer loop
      vertex 2.42368 1.93282 0
      vertex 3.44006 2.74335 0
      vertex 2.62484 1.6493 0
    endloop
  endfacet
  facet normal -0 0 -1
    outer loop
      vertex 3.44006 2.74335 0
      vertex 2.42368 1.93282 0
      vertex 3.11127 3.11127 0
    endloop
  endfacet
  facet normal 0 0 -1
    outer loop
      vertex 2.19203 2.19203 0
      vertex 3.11127 3.11127 0
      vertex 2.42368 1.93282 0
    endloop
  endfacet
  facet normal -0 0 -1
    outer loop
      vertex 3.11127 3.11127 0
      vertex 2.19203 2.19203 0
      vertex 2.74335 3.44006 0
    endloop
  endfacet
  facet normal 0 0 -1
    outer loop
      vertex 1.93282 2.42368 0
      vertex 2.74335 3.44006 0
      vertex 2.19203 2.19203 0
    endloop
  endfacet
  facet normal -0 0 -1
    outer loop
      vertex 2.74335 3.44006 0
      vertex 1.93282 2.42368 0
      vertex 2.34094 3.72559 0
    endloop
  endfacet
  facet normal 0 0 -1
    outer loop
      vertex 1.6493 2.62484 0
      vertex 2.34094 3.72559 0
      vertex 1.93282 2.42368 0
    endloop
  endfacet
  facet normal -0 0 -1
    outer loop
      vertex 2.34094 3.72559 0
      vertex 1.6493 2.62484 0
      vertex 1.90909 3.96426 0
    endloop
  endfacet
  facet normal 0 0 -1
    outer loop
      vertex 1.34504 2.793 0
      vertex 1.90909 3.96426 0
      vertex 1.6493 2.62484 0
    endloop
  endfacet
  facet normal -0 0 -1
    outer loop
      vertex 1.90909 3.96426 0
      vertex 1.34504 2.793 0
      vertex 1.45323 4.15309 0
    endloop
  endfacet
  facet normal 0 0 -1
    outer loop
      vertex 1.02386 2.92604 0
      vertex 1.45323 4.15309 0
      vertex 1.34504 2.793 0
    endloop
  endfacet
  facet normal 0 0 -1
    outer loop
      vertex 1.02386 2.92604 0
      vertex 0.979092 4.28968 0
      vertex 1.45323 4.15309 0
    endloop
  endfacet
  facet normal 0 0 -1
    outer loop
      vertex 0.689815 3.02228 0
      vertex 0.979092 4.28968 0
      vertex 1.02386 2.92604 0
    endloop
  endfacet
  facet normal 0 0 -1
    outer loop
      vertex 0.689815 3.02228 0
      vertex 0.492643 4.37233 0
      vertex 0.979092 4.28968 0
    endloop
  endfacet
  facet normal 0 0 -1
    outer loop
      vertex 0.34709 3.08051 0
      vertex 0.492643 4.37233 0
      vertex 0.689815 3.02228 0
    endloop
  endfacet
  facet normal 0 0 -1
    outer loop
      vertex 0 3.1 0
      vertex 0.492643 4.37233 0
      vertex 0.34709 3.08051 0
    endloop
  endfacet
  facet normal 0 0 -1
    outer loop
      vertex 0 3.1 0
      vertex 0 4.4 0
      vertex 0.492643 4.37233 0
    endloop
  endfacet
  facet normal 0 0 -1
    outer loop
      vertex -0.34709 3.08051 0
      vertex 0 4.4 0
      vertex 0 3.1 0
    endloop
  endfacet
  facet normal 0 0 -1
    outer loop
      vertex -0.34709 3.08051 0
      vertex -0.492643 4.37233 0
      vertex 0 4.4 0
    endloop
  endfacet
  facet normal 0 0 -1
    outer loop
      vertex -0.689815 3.02228 0
      vertex -0.492643 4.37233 0
      vertex -0.34709 3.08051 0
    endloop
  endfacet
  facet normal 0 0 -1
    outer loop
      vertex -0.689815 3.02228 0
      vertex -0.979092 4.28968 0
      vertex -0.492643 4.37233 0
    endloop
  endfacet
  facet normal 0 0 -1
    outer loop
      vertex -1.02386 2.92604 0
      vertex -0.979092 4.28968 0
      vertex -0.689815 3.02228 0
    endloop
  endfacet
  facet normal 0 0 -1
    outer loop
      vertex -1.45323 4.15309 0
      vertex -1.02386 2.92604 0
      vertex -1.34504 2.793 0
    endloop
  endfacet
  facet normal 0 0 -1
    outer loop
      vertex -1.02386 2.92604 0
      vertex -1.45323 4.15309 0
      vertex -0.979092 4.28968 0
    endloop
  endfacet
  facet normal 0 0 -1
    outer loop
      vertex -1.90909 3.96426 0
      vertex -1.34504 2.793 0
      vertex -1.6493 2.62484 0
    endloop
  endfacet
  facet normal 0 0 -1
    outer loop
      vertex -1.34504 2.793 0
      vertex -1.90909 3.96426 0
      vertex -1.45323 4.15309 0
    endloop
  endfacet
  facet normal 0 0 -1
    outer loop
      vertex -2.34094 3.72559 0
      vertex -1.6493 2.62484 0
      vertex -1.93282 2.42368 0
    endloop
  endfacet
  facet normal 0 0 -1
    outer loop
      vertex -2.74335 3.44006 0
      vertex -1.93282 2.42368 0
      vertex -2.19203 2.19203 0
    endloop
  endfacet
  facet normal 0 0 -1
    outer loop
      vertex -1.6493 2.62484 0
      vertex -2.34094 3.72559 0
      vertex -1.90909 3.96426 0
    endloop
  endfacet
  facet normal 0 0 -1
    outer loop
      vertex -3.11127 3.11127 0
      vertex -2.19203 2.19203 0
      vertex -2.42368 1.93282 0
    endloop
  endfacet
  facet normal 0 0 -1
    outer loop
      vertex -3.44006 2.74335 0
      vertex -2.42368 1.93282 0
      vertex -2.62484 1.6493 0
    endloop
  endfacet
  facet normal 0 0 -1
    outer loop
      vertex -1.93282 2.42368 0
      vertex -2.74335 3.44006 0
      vertex -2.34094 3.72559 0
    endloop
  endfacet
  facet normal 0 0 -1
    outer loop
      vertex -3.72559 2.34094 0
      vertex -2.62484 1.6493 0
      vertex -2.793 1.34504 0
    endloop
  endfacet
  facet normal 0 0 -1
    outer loop
      vertex -3.96426 1.90909 0
      vertex -2.793 1.34504 0
      vertex -2.92604 1.02386 0
    endloop
  endfacet
  facet normal 0 0 -1
    outer loop
      vertex -4.15309 1.45323 0
      vertex -2.92604 1.02386 0
      vertex -3.02228 0.689815 0
    endloop
  endfacet
  facet normal 0 0 -1
    outer loop
      vertex -4.28968 0.979092 0
      vertex -3.02228 0.689815 0
      vertex -3.08051 0.34709 0
    endloop
  endfacet
  facet normal 0 0 -1
    outer loop
      vertex -2.19203 2.19203 0
      vertex -3.11127 3.11127 0
      vertex -2.74335 3.44006 0
    endloop
  endfacet
  facet normal 0 0 -1
    outer loop
      vertex -4.37233 0.492643 0
      vertex -3.08051 0.34709 0
      vertex -3.1 0 0
    endloop
  endfacet
  facet normal 0 0 -1
    outer loop
      vertex -4.15309 -1.45323 0
      vertex -2.92604 -1.02386 0
      vertex -3.96426 -1.90909 0
    endloop
  endfacet
  facet normal -0 0 -1
    outer loop
      vertex -2.92604 -1.02386 0
      vertex -4.15309 -1.45323 0
      vertex -3.02228 -0.689815 0
    endloop
  endfacet
  facet normal 0 0 -1
    outer loop
      vertex -2.42368 1.93282 0
      vertex -3.44006 2.74335 0
      vertex -3.11127 3.11127 0
    endloop
  endfacet
  facet normal 0 0 -1
    outer loop
      vertex -4.28968 -0.979092 0
      vertex -3.02228 -0.689815 0
      vertex -4.15309 -1.45323 0
    endloop
  endfacet
  facet normal 0 0 -1
    outer loop
      vertex -2.62484 1.6493 0
      vertex -3.72559 2.34094 0
      vertex -3.44006 2.74335 0
    endloop
  endfacet
  facet normal -0 0 -1
    outer loop
      vertex -3.02228 -0.689815 0
      vertex -4.28968 -0.979092 0
      vertex -3.08051 -0.34709 0
    endloop
  endfacet
  facet normal 0 0 -1
    outer loop
      vertex -2.793 1.34504 0
      vertex -3.96426 1.90909 0
      vertex -3.72559 2.34094 0
    endloop
  endfacet
  facet normal 0 0 -1
    outer loop
      vertex -4.37233 -0.492643 0
      vertex -3.08051 -0.34709 0
      vertex -4.28968 -0.979092 0
    endloop
  endfacet
  facet normal 0 0 -1
    outer loop
      vertex -2.92604 1.02386 0
      vertex -4.15309 1.45323 0
      vertex -3.96426 1.90909 0
    endloop
  endfacet
  facet normal -0 0 -1
    outer loop
      vertex -3.08051 -0.34709 0
      vertex -4.37233 -0.492643 0
      vertex -3.1 0 0
    endloop
  endfacet
  facet normal 0 0 -1
    outer loop
      vertex -3.02228 0.689815 0
      vertex -4.28968 0.979092 0
      vertex -4.15309 1.45323 0
    endloop
  endfacet
  facet normal 0 0 -1
    outer loop
      vertex -4.4 0 0
      vertex -3.1 0 0
      vertex -4.37233 -0.492643 0
    endloop
  endfacet
  facet normal 0 0 -1
    outer loop
      vertex -3.08051 0.34709 0
      vertex -4.37233 0.492643 0
      vertex -4.28968 0.979092 0
    endloop
  endfacet
  facet normal 0 0 -1
    outer loop
      vertex -3.1 0 0
      vertex -4.4 0 0
      vertex -4.37233 0.492643 0
    endloop
  endfacet
  facet normal -0.276823 -0.960921 0
    outer loop
      vertex -1.45323 -4.15309 0
      vertex -0.979092 -4.28968 4
      vertex -1.45323 -4.15309 4
    endloop
  endfacet
  facet normal -0.276823 -0.960921 -0
    outer loop
      vertex -0.979092 -4.28968 4
      vertex -1.45323 -4.15309 0
      vertex -0.979092 -4.28968 0
    endloop
  endfacet
  facet normal -0.875228 0.483711 0
    outer loop
      vertex -3.96426 1.90909 0
      vertex -3.72559 2.34094 4
      vertex -3.72559 2.34094 0
    endloop
  endfacet
  facet normal -0.875228 0.483711 0
    outer loop
      vertex -3.72559 2.34094 4
      vertex -3.96426 1.90909 0
      vertex -3.96426 1.90909 4
    endloop
  endfacet
  facet normal -0.382663 0.923888 0
    outer loop
      vertex 0.737602 -1.53165 2.39
      vertex 0.561474 -1.6046 4
      vertex 0.737602 -1.53165 4
    endloop
  endfacet
  facet normal -0.382663 0.923888 0
    outer loop
      vertex 0.561474 -1.6046 4
      vertex 0.737602 -1.53165 2.39
      vertex 0.561474 -1.6046 2.39
    endloop
  endfacet
  facet normal -0.985874 -0.167489 0
    outer loop
      vertex 1.68931 0.190339 2.39
      vertex 1.65738 0.378285 4
      vertex 1.65738 0.378285 2.39
    endloop
  endfacet
  facet normal -0.985874 -0.167489 0
    outer loop
      vertex 1.65738 0.378285 4
      vertex 1.68931 0.190339 2.39
      vertex 1.68931 0.190339 4
    endloop
  endfacet
  facet normal -0.998427 -0.0560746 0
    outer loop
      vertex 1.7 0 2.39
      vertex 1.68931 0.190339 4
      vertex 1.68931 0.190339 2.39
    endloop
  endfacet
  facet normal -0.998427 -0.0560746 0
    outer loop
      vertex 1.68931 0.190339 4
      vertex 1.7 0 2.39
      vertex 1.7 0 4
    endloop
  endfacet
  facet normal -0.985874 0.167489 0
    outer loop
      vertex 1.65738 -0.378285 2.39
      vertex 1.68931 -0.190339 4
      vertex 1.68931 -0.190339 2.39
    endloop
  endfacet
  facet normal -0.985874 0.167489 0
    outer loop
      vertex 1.68931 -0.190339 4
      vertex 1.65738 -0.378285 2.39
      vertex 1.65738 -0.378285 4
    endloop
  endfacet
  facet normal 0.74565 0.666338 0
    outer loop
      vertex -1.20208 -1.20208 4
      vertex -1.32911 -1.05993 2.39
      vertex -1.32911 -1.05993 4
    endloop
  endfacet
  facet normal 0.74565 0.666338 0
    outer loop
      vertex -1.32911 -1.05993 2.39
      vertex -1.20208 -1.20208 4
      vertex -1.20208 -1.20208 2.39
    endloop
  endfacet
  facet normal 0.382663 0.923888 -0
    outer loop
      vertex -0.561474 -1.6046 2.39
      vertex -0.737602 -1.53165 4
      vertex -0.561474 -1.6046 4
    endloop
  endfacet
  facet normal 0.382663 0.923888 0
    outer loop
      vertex -0.737602 -1.53165 4
      vertex -0.561474 -1.6046 2.39
      vertex -0.737602 -1.53165 2.39
    endloop
  endfacet
  facet normal 0.666338 0.74565 -0
    outer loop
      vertex -1.05993 -1.32911 2.39
      vertex -1.20208 -1.20208 4
      vertex -1.05993 -1.32911 4
    endloop
  endfacet
  facet normal 0.666338 0.74565 0
    outer loop
      vertex -1.20208 -1.20208 4
      vertex -1.05993 -1.32911 2.39
      vertex -1.20208 -1.20208 2.39
    endloop
  endfacet
  facet normal -0.960912 0.276856 0
    outer loop
      vertex 1.6046 -0.561474 2.39
      vertex 1.65738 -0.378285 4
      vertex 1.65738 -0.378285 2.39
    endloop
  endfacet
  facet normal -0.960912 0.276856 0
    outer loop
      vertex 1.65738 -0.378285 4
      vertex 1.6046 -0.561474 2.39
      vertex 1.6046 -0.561474 4
    endloop
  endfacet
  facet normal -0.276856 0.960912 0
    outer loop
      vertex 0.561474 -1.6046 2.39
      vertex 0.378285 -1.65738 4
      vertex 0.561474 -1.6046 4
    endloop
  endfacet
  facet normal -0.276856 0.960912 0
    outer loop
      vertex 0.378285 -1.65738 4
      vertex 0.561474 -1.6046 2.39
      vertex 0.378285 -1.65738 2.39
    endloop
  endfacet
  facet normal -0.666338 -0.74565 0
    outer loop
      vertex 1.05993 1.32911 2.39
      vertex 1.20208 1.20208 4
      vertex 1.05993 1.32911 4
    endloop
  endfacet
  facet normal -0.666338 -0.74565 -0
    outer loop
      vertex 1.20208 1.20208 4
      vertex 1.05993 1.32911 2.39
      vertex 1.20208 1.20208 2.39
    endloop
  endfacet
  facet normal 0.74565 -0.666338 0
    outer loop
      vertex -1.32911 1.05993 4
      vertex -1.20208 1.20208 2.39
      vertex -1.20208 1.20208 4
    endloop
  endfacet
  facet normal 0.74565 -0.666338 0
    outer loop
      vertex -1.20208 1.20208 2.39
      vertex -1.32911 1.05993 4
      vertex -1.32911 1.05993 2.39
    endloop
  endfacet
  facet normal -0.0560746 0.998427 0
    outer loop
      vertex 0.190339 -1.68931 2.39
      vertex 0 -1.7 4
      vertex 0.190339 -1.68931 4
    endloop
  endfacet
  facet normal -0.0560746 0.998427 0
    outer loop
      vertex 0 -1.7 4
      vertex 0.190339 -1.68931 2.39
      vertex 0 -1.7 2.39
    endloop
  endfacet
  facet normal -0.815551 -0.578685 0
    outer loop
      vertex 1.43943 0.904454 2.39
      vertex 1.32911 1.05993 4
      vertex 1.32911 1.05993 2.39
    endloop
  endfacet
  facet normal -0.815551 -0.578685 0
    outer loop
      vertex 1.32911 1.05993 4
      vertex 1.43943 0.904454 2.39
      vertex 1.43943 0.904454 4
    endloop
  endfacet
  facet normal -0.578685 -0.815551 0
    outer loop
      vertex 0.904454 1.43943 2.39
      vertex 1.05993 1.32911 4
      vertex 0.904454 1.43943 4
    endloop
  endfacet
  facet normal -0.578685 -0.815551 -0
    outer loop
      vertex 1.05993 1.32911 4
      vertex 0.904454 1.43943 2.39
      vertex 1.05993 1.32911 2.39
    endloop
  endfacet
  facet normal -0.167489 0.985874 0
    outer loop
      vertex 0.378285 -1.65738 2.39
      vertex 0.190339 -1.68931 4
      vertex 0.378285 -1.65738 4
    endloop
  endfacet
  facet normal -0.167489 0.985874 0
    outer loop
      vertex 0.190339 -1.68931 4
      vertex 0.378285 -1.65738 2.39
      vertex 0.190339 -1.68931 2.39
    endloop
  endfacet
  facet normal -0.483736 -0.875214 0
    outer loop
      vertex 0.737602 1.53165 2.39
      vertex 0.904454 1.43943 4
      vertex 0.737602 1.53165 4
    endloop
  endfacet
  facet normal -0.483736 -0.875214 -0
    outer loop
      vertex 0.904454 1.43943 4
      vertex 0.737602 1.53165 2.39
      vertex 0.904454 1.43943 2.39
    endloop
  endfacet
  facet normal 0.276856 -0.960912 0
    outer loop
      vertex -0.561474 1.6046 2.39
      vertex -0.378285 1.65738 4
      vertex -0.561474 1.6046 4
    endloop
  endfacet
  facet normal 0.276856 -0.960912 0
    outer loop
      vertex -0.378285 1.65738 4
      vertex -0.561474 1.6046 2.39
      vertex -0.378285 1.65738 2.39
    endloop
  endfacet
  facet normal -0.998427 0.0560746 0
    outer loop
      vertex 1.68931 -0.190339 2.39
      vertex 1.7 0 4
      vertex 1.7 0 2.39
    endloop
  endfacet
  facet normal -0.998427 0.0560746 0
    outer loop
      vertex 1.7 0 4
      vertex 1.68931 -0.190339 2.39
      vertex 1.68931 -0.190339 4
    endloop
  endfacet
  facet normal 0.167489 0.985874 -0
    outer loop
      vertex -0.190339 -1.68931 2.39
      vertex -0.378285 -1.65738 4
      vertex -0.190339 -1.68931 4
    endloop
  endfacet
  facet normal 0.167489 0.985874 0
    outer loop
      vertex -0.378285 -1.65738 4
      vertex -0.190339 -1.68931 2.39
      vertex -0.378285 -1.65738 2.39
    endloop
  endfacet
  facet normal -0.483736 0.875214 0
    outer loop
      vertex 0.904454 -1.43943 2.39
      vertex 0.737602 -1.53165 4
      vertex 0.904454 -1.43943 4
    endloop
  endfacet
  facet normal -0.483736 0.875214 0
    outer loop
      vertex 0.737602 -1.53165 4
      vertex 0.904454 -1.43943 2.39
      vertex 0.737602 -1.53165 2.39
    endloop
  endfacet
  facet normal -0.74565 -0.666338 0
    outer loop
      vertex 1.32911 1.05993 2.39
      vertex 1.20208 1.20208 4
      vertex 1.20208 1.20208 2.39
    endloop
  endfacet
  facet normal -0.74565 -0.666338 0
    outer loop
      vertex 1.20208 1.20208 4
      vertex 1.32911 1.05993 2.39
      vertex 1.32911 1.05993 4
    endloop
  endfacet
  facet normal 0.666338 -0.74565 0
    outer loop
      vertex -1.20208 1.20208 2.39
      vertex -1.05993 1.32911 4
      vertex -1.20208 1.20208 4
    endloop
  endfacet
  facet normal 0.666338 -0.74565 0
    outer loop
      vertex -1.05993 1.32911 4
      vertex -1.20208 1.20208 2.39
      vertex -1.05993 1.32911 2.39
    endloop
  endfacet
  facet normal -0.578685 0.815551 0
    outer loop
      vertex 1.05993 -1.32911 2.39
      vertex 0.904454 -1.43943 4
      vertex 1.05993 -1.32911 4
    endloop
  endfacet
  facet normal -0.578685 0.815551 0
    outer loop
      vertex 0.904454 -1.43943 4
      vertex 1.05993 -1.32911 2.39
      vertex 0.904454 -1.43943 2.39
    endloop
  endfacet
  facet normal 0.167489 -0.985874 0
    outer loop
      vertex -0.378285 1.65738 2.39
      vertex -0.190339 1.68931 4
      vertex -0.378285 1.65738 4
    endloop
  endfacet
  facet normal 0.167489 -0.985874 0
    outer loop
      vertex -0.190339 1.68931 4
      vertex -0.378285 1.65738 2.39
      vertex -0.190339 1.68931 2.39
    endloop
  endfacet
  facet normal -0.382663 -0.923888 0
    outer loop
      vertex 0.561474 1.6046 2.39
      vertex 0.737602 1.53165 4
      vertex 0.561474 1.6046 4
    endloop
  endfacet
  facet normal -0.382663 -0.923888 -0
    outer loop
      vertex 0.737602 1.53165 4
      vertex 0.561474 1.6046 2.39
      vertex 0.737602 1.53165 2.39
    endloop
  endfacet
  facet normal -0.74565 0.666338 0
    outer loop
      vertex 1.20208 -1.20208 2.39
      vertex 1.32911 -1.05993 4
      vertex 1.32911 -1.05993 2.39
    endloop
  endfacet
  facet normal -0.74565 0.666338 0
    outer loop
      vertex 1.32911 -1.05993 4
      vertex 1.20208 -1.20208 2.39
      vertex 1.20208 -1.20208 4
    endloop
  endfacet
  facet normal 0.276856 0.960912 -0
    outer loop
      vertex -0.378285 -1.65738 2.39
      vertex -0.561474 -1.6046 4
      vertex -0.378285 -1.65738 4
    endloop
  endfacet
  facet normal 0.276856 0.960912 0
    outer loop
      vertex -0.561474 -1.6046 4
      vertex -0.378285 -1.65738 2.39
      vertex -0.561474 -1.6046 2.39
    endloop
  endfacet
  facet normal 0.923888 0.382663 0
    outer loop
      vertex -1.53165 -0.737602 4
      vertex -1.6046 -0.561474 2.39
      vertex -1.6046 -0.561474 4
    endloop
  endfacet
  facet normal 0.923888 0.382663 0
    outer loop
      vertex -1.6046 -0.561474 2.39
      vertex -1.53165 -0.737602 4
      vertex -1.53165 -0.737602 2.39
    endloop
  endfacet
  facet normal 0.0560746 -0.998427 0
    outer loop
      vertex -0.190339 1.68931 2.39
      vertex 0 1.7 4
      vertex -0.190339 1.68931 4
    endloop
  endfacet
  facet normal 0.0560746 -0.998427 0
    outer loop
      vertex 0 1.7 4
      vertex -0.190339 1.68931 2.39
      vertex 0 1.7 2.39
    endloop
  endfacet
  facet normal -0.875214 -0.483736 0
    outer loop
      vertex 1.53165 0.737602 2.39
      vertex 1.43943 0.904454 4
      vertex 1.43943 0.904454 2.39
    endloop
  endfacet
  facet normal -0.875214 -0.483736 0
    outer loop
      vertex 1.43943 0.904454 4
      vertex 1.53165 0.737602 2.39
      vertex 1.53165 0.737602 4
    endloop
  endfacet
  facet normal -0.167489 -0.985874 0
    outer loop
      vertex 0.190339 1.68931 2.39
      vertex 0.378285 1.65738 4
      vertex 0.190339 1.68931 4
    endloop
  endfacet
  facet normal -0.167489 -0.985874 -0
    outer loop
      vertex 0.378285 1.65738 4
      vertex 0.190339 1.68931 2.39
      vertex 0.378285 1.65738 2.39
    endloop
  endfacet
  facet normal 0.985874 -0.167489 0
    outer loop
      vertex -1.68931 0.190339 4
      vertex -1.65738 0.378285 2.39
      vertex -1.65738 0.378285 4
    endloop
  endfacet
  facet normal 0.985874 -0.167489 0
    outer loop
      vertex -1.65738 0.378285 2.39
      vertex -1.68931 0.190339 4
      vertex -1.68931 0.190339 2.39
    endloop
  endfacet
  facet normal 0.382663 -0.923888 0
    outer loop
      vertex -0.737602 1.53165 2.39
      vertex -0.561474 1.6046 4
      vertex -0.737602 1.53165 4
    endloop
  endfacet
  facet normal 0.382663 -0.923888 0
    outer loop
      vertex -0.561474 1.6046 4
      vertex -0.737602 1.53165 2.39
      vertex -0.561474 1.6046 2.39
    endloop
  endfacet
  facet normal 0.815551 0.578685 0
    outer loop
      vertex -1.32911 -1.05993 4
      vertex -1.43943 -0.904454 2.39
      vertex -1.43943 -0.904454 4
    endloop
  endfacet
  facet normal 0.815551 0.578685 0
    outer loop
      vertex -1.43943 -0.904454 2.39
      vertex -1.32911 -1.05993 4
      vertex -1.32911 -1.05993 2.39
    endloop
  endfacet
  facet normal -0.276856 -0.960912 0
    outer loop
      vertex 0.378285 1.65738 2.39
      vertex 0.561474 1.6046 4
      vertex 0.378285 1.65738 4
    endloop
  endfacet
  facet normal -0.276856 -0.960912 -0
    outer loop
      vertex 0.561474 1.6046 4
      vertex 0.378285 1.65738 2.39
      vertex 0.561474 1.6046 2.39
    endloop
  endfacet
  facet normal -0.923888 0.382663 0
    outer loop
      vertex 1.53165 -0.737602 2.39
      vertex 1.6046 -0.561474 4
      vertex 1.6046 -0.561474 2.39
    endloop
  endfacet
  facet normal -0.923888 0.382663 0
    outer loop
      vertex 1.6046 -0.561474 4
      vertex 1.53165 -0.737602 2.39
      vertex 1.53165 -0.737602 4
    endloop
  endfacet
  facet normal 0.0560746 0.998427 -0
    outer loop
      vertex 0 -1.7 2.39
      vertex -0.190339 -1.68931 4
      vertex 0 -1.7 4
    endloop
  endfacet
  facet normal 0.0560746 0.998427 0
    outer loop
      vertex -0.190339 -1.68931 4
      vertex 0 -1.7 2.39
      vertex -0.190339 -1.68931 2.39
    endloop
  endfacet
  facet normal -0.815551 0.578685 0
    outer loop
      vertex 1.32911 -1.05993 2.39
      vertex 1.43943 -0.904454 4
      vertex 1.43943 -0.904454 2.39
    endloop
  endfacet
  facet normal -0.815551 0.578685 0
    outer loop
      vertex 1.43943 -0.904454 4
      vertex 1.32911 -1.05993 2.39
      vertex 1.32911 -1.05993 4
    endloop
  endfacet
  facet normal -0.923888 -0.382663 0
    outer loop
      vertex 1.6046 0.561474 2.39
      vertex 1.53165 0.737602 4
      vertex 1.53165 0.737602 2.39
    endloop
  endfacet
  facet normal -0.923888 -0.382663 0
    outer loop
      vertex 1.53165 0.737602 4
      vertex 1.6046 0.561474 2.39
      vertex 1.6046 0.561474 4
    endloop
  endfacet
  facet normal 0.875214 -0.483736 0
    outer loop
      vertex -1.53165 0.737602 4
      vertex -1.43943 0.904454 2.39
      vertex -1.43943 0.904454 4
    endloop
  endfacet
  facet normal 0.875214 -0.483736 0
    outer loop
      vertex -1.43943 0.904454 2.39
      vertex -1.53165 0.737602 4
      vertex -1.53165 0.737602 2.39
    endloop
  endfacet
  facet normal -0.875214 0.483736 0
    outer loop
      vertex 1.43943 -0.904454 2.39
      vertex 1.53165 -0.737602 4
      vertex 1.53165 -0.737602 2.39
    endloop
  endfacet
  facet normal -0.875214 0.483736 0
    outer loop
      vertex 1.53165 -0.737602 4
      vertex 1.43943 -0.904454 2.39
      vertex 1.43943 -0.904454 4
    endloop
  endfacet
  facet normal -0.960912 -0.276856 0
    outer loop
      vertex 1.65738 0.378285 2.39
      vertex 1.6046 0.561474 4
      vertex 1.6046 0.561474 2.39
    endloop
  endfacet
  facet normal -0.960912 -0.276856 0
    outer loop
      vertex 1.6046 0.561474 4
      vertex 1.65738 0.378285 2.39
      vertex 1.65738 0.378285 4
    endloop
  endfacet
  facet normal 0.815551 -0.578685 0
    outer loop
      vertex -1.43943 0.904454 4
      vertex -1.32911 1.05993 2.39
      vertex -1.32911 1.05993 4
    endloop
  endfacet
  facet normal 0.815551 -0.578685 0
    outer loop
      vertex -1.32911 1.05993 2.39
      vertex -1.43943 0.904454 4
      vertex -1.43943 0.904454 2.39
    endloop
  endfacet
  facet normal 0.960912 0.276856 0
    outer loop
      vertex -1.6046 -0.561474 4
      vertex -1.65738 -0.378285 2.39
      vertex -1.65738 -0.378285 4
    endloop
  endfacet
  facet normal 0.960912 0.276856 0
    outer loop
      vertex -1.65738 -0.378285 2.39
      vertex -1.6046 -0.561474 4
      vertex -1.6046 -0.561474 2.39
    endloop
  endfacet
  facet normal -0.0560746 -0.998427 0
    outer loop
      vertex 0 1.7 2.39
      vertex 0.190339 1.68931 4
      vertex 0 1.7 4
    endloop
  endfacet
  facet normal -0.0560746 -0.998427 -0
    outer loop
      vertex 0.190339 1.68931 4
      vertex 0 1.7 2.39
      vertex 0.190339 1.68931 2.39
    endloop
  endfacet
  facet normal 0.985874 0.167489 0
    outer loop
      vertex -1.65738 -0.378285 4
      vertex -1.68931 -0.190339 2.39
      vertex -1.68931 -0.190339 4
    endloop
  endfacet
  facet normal 0.985874 0.167489 0
    outer loop
      vertex -1.68931 -0.190339 2.39
      vertex -1.65738 -0.378285 4
      vertex -1.65738 -0.378285 2.39
    endloop
  endfacet
  facet normal 0.483736 0.875214 -0
    outer loop
      vertex -0.737602 -1.53165 2.39
      vertex -0.904454 -1.43943 4
      vertex -0.737602 -1.53165 4
    endloop
  endfacet
  facet normal 0.483736 0.875214 0
    outer loop
      vertex -0.904454 -1.43943 4
      vertex -0.737602 -1.53165 2.39
      vertex -0.904454 -1.43943 2.39
    endloop
  endfacet
  facet normal 0.998427 0.0560746 0
    outer loop
      vertex -1.68931 -0.190339 4
      vertex -1.7 0 2.39
      vertex -1.7 0 4
    endloop
  endfacet
  facet normal 0.998427 0.0560746 0
    outer loop
      vertex -1.7 0 2.39
      vertex -1.68931 -0.190339 4
      vertex -1.68931 -0.190339 2.39
    endloop
  endfacet
  facet normal 0.923888 -0.382663 0
    outer loop
      vertex -1.6046 0.561474 4
      vertex -1.53165 0.737602 2.39
      vertex -1.53165 0.737602 4
    endloop
  endfacet
  facet normal 0.923888 -0.382663 0
    outer loop
      vertex -1.53165 0.737602 2.39
      vertex -1.6046 0.561474 4
      vertex -1.6046 0.561474 2.39
    endloop
  endfacet
  facet normal 0.960912 -0.276856 0
    outer loop
      vertex -1.65738 0.378285 4
      vertex -1.6046 0.561474 2.39
      vertex -1.6046 0.561474 4
    endloop
  endfacet
  facet normal 0.960912 -0.276856 0
    outer loop
      vertex -1.6046 0.561474 2.39
      vertex -1.65738 0.378285 4
      vertex -1.65738 0.378285 2.39
    endloop
  endfacet
  facet normal 0.578685 -0.815551 0
    outer loop
      vertex -1.05993 1.32911 2.39
      vertex -0.904454 1.43943 4
      vertex -1.05993 1.32911 4
    endloop
  endfacet
  facet normal 0.578685 -0.815551 0
    outer loop
      vertex -0.904454 1.43943 4
      vertex -1.05993 1.32911 2.39
      vertex -0.904454 1.43943 2.39
    endloop
  endfacet
  facet normal 0.483736 -0.875214 0
    outer loop
      vertex -0.904454 1.43943 2.39
      vertex -0.737602 1.53165 4
      vertex -0.904454 1.43943 4
    endloop
  endfacet
  facet normal 0.483736 -0.875214 0
    outer loop
      vertex -0.737602 1.53165 4
      vertex -0.904454 1.43943 2.39
      vertex -0.737602 1.53165 2.39
    endloop
  endfacet
  facet normal 0.875214 0.483736 0
    outer loop
      vertex -1.43943 -0.904454 4
      vertex -1.53165 -0.737602 2.39
      vertex -1.53165 -0.737602 4
    endloop
  endfacet
  facet normal 0.875214 0.483736 0
    outer loop
      vertex -1.53165 -0.737602 2.39
      vertex -1.43943 -0.904454 4
      vertex -1.43943 -0.904454 2.39
    endloop
  endfacet
  facet normal 0.998427 -0.0560746 0
    outer loop
      vertex -1.7 0 4
      vertex -1.68931 0.190339 2.39
      vertex -1.68931 0.190339 4
    endloop
  endfacet
  facet normal 0.998427 -0.0560746 0
    outer loop
      vertex -1.68931 0.190339 2.39
      vertex -1.7 0 4
      vertex -1.7 0 2.39
    endloop
  endfacet
  facet normal 0.578685 0.815551 -0
    outer loop
      vertex -0.904454 -1.43943 2.39
      vertex -1.05993 -1.32911 4
      vertex -0.904454 -1.43943 4
    endloop
  endfacet
  facet normal 0.578685 0.815551 0
    outer loop
      vertex -1.05993 -1.32911 4
      vertex -0.904454 -1.43943 2.39
      vertex -1.05993 -1.32911 2.39
    endloop
  endfacet
  facet normal -0.666338 0.74565 0
    outer loop
      vertex 1.20208 -1.20208 2.39
      vertex 1.05993 -1.32911 4
      vertex 1.20208 -1.20208 4
    endloop
  endfacet
  facet normal -0.666338 0.74565 0
    outer loop
      vertex 1.05993 -1.32911 4
      vertex 1.20208 -1.20208 2.39
      vertex 1.05993 -1.32911 2.39
    endloop
  endfacet
  facet normal 0.923877 -0.382691 0
    outer loop
      vertex -2.92604 1.02386 2.39
      vertex -2.793 1.34504 0
      vertex -2.793 1.34504 2.39
    endloop
  endfacet
  facet normal 0.923877 -0.382691 0
    outer loop
      vertex -2.793 1.34504 0
      vertex -2.92604 1.02386 2.39
      vertex -2.92604 1.02386 0
    endloop
  endfacet
  facet normal -0.985872 -0.167503 0
    outer loop
      vertex 3.08051 0.34709 0
      vertex 3.02228 0.689815 2.39
      vertex 3.02228 0.689815 0
    endloop
  endfacet
  facet normal -0.985872 -0.167503 0
    outer loop
      vertex 3.02228 0.689815 2.39
      vertex 3.08051 0.34709 0
      vertex 3.08051 0.34709 2.39
    endloop
  endfacet
  facet normal -0.998427 -0.0560643 0
    outer loop
      vertex 3.1 0 0
      vertex 3.08051 0.34709 2.39
      vertex 3.08051 0.34709 0
    endloop
  endfacet
  facet normal -0.998427 -0.0560643 0
    outer loop
      vertex 3.08051 0.34709 2.39
      vertex 3.1 0 0
      vertex 3.1 0 2.39
    endloop
  endfacet
  facet normal -0.960915 -0.276844 0
    outer loop
      vertex 3.02228 0.689815 0
      vertex 2.92604 1.02386 2.39
      vertex 2.92604 1.02386 0
    endloop
  endfacet
  facet normal -0.960915 -0.276844 0
    outer loop
      vertex 2.92604 1.02386 2.39
      vertex 3.02228 0.689815 0
      vertex 3.02228 0.689815 2.39
    endloop
  endfacet
  facet normal -0.167503 -0.985872 0
    outer loop
      vertex 0.34709 3.08051 0
      vertex 0.689815 3.02228 2.39
      vertex 0.34709 3.08051 2.39
    endloop
  endfacet
  facet normal -0.167503 -0.985872 -0
    outer loop
      vertex 0.689815 3.02228 2.39
      vertex 0.34709 3.08051 0
      vertex 0.689815 3.02228 0
    endloop
  endfacet
  facet normal 0.276844 0.960915 -0
    outer loop
      vertex -0.689815 -3.02228 0
      vertex -1.02386 -2.92604 2.39
      vertex -0.689815 -3.02228 2.39
    endloop
  endfacet
  facet normal 0.276844 0.960915 0
    outer loop
      vertex -1.02386 -2.92604 2.39
      vertex -0.689815 -3.02228 0
      vertex -1.02386 -2.92604 0
    endloop
  endfacet
  facet normal -0.875222 -0.483722 0
    outer loop
      vertex 2.793 1.34504 0
      vertex 2.62484 1.6493 2.39
      vertex 2.62484 1.6493 0
    endloop
  endfacet
  facet normal -0.875222 -0.483722 0
    outer loop
      vertex 2.62484 1.6493 2.39
      vertex 2.793 1.34504 0
      vertex 2.793 1.34504 2.39
    endloop
  endfacet
  facet normal 0.998427 0.0560643 0
    outer loop
      vertex -3.08051 -0.34709 2.39
      vertex -3.1 0 0
      vertex -3.1 0 2.39
    endloop
  endfacet
  facet normal 0.998427 0.0560643 0
    outer loop
      vertex -3.1 0 0
      vertex -3.08051 -0.34709 2.39
      vertex -3.08051 -0.34709 0
    endloop
  endfacet
  facet normal 0.167503 0.985872 -0
    outer loop
      vertex -0.34709 -3.08051 0
      vertex -0.689815 -3.02228 2.39
      vertex -0.34709 -3.08051 2.39
    endloop
  endfacet
  facet normal 0.167503 0.985872 0
    outer loop
      vertex -0.689815 -3.02228 2.39
      vertex -0.34709 -3.08051 0
      vertex -0.689815 -3.02228 0
    endloop
  endfacet
  facet normal 0.276844 -0.960915 0
    outer loop
      vertex -1.02386 2.92604 0
      vertex -0.689815 3.02228 2.39
      vertex -1.02386 2.92604 2.39
    endloop
  endfacet
  facet normal 0.276844 -0.960915 0
    outer loop
      vertex -0.689815 3.02228 2.39
      vertex -1.02386 2.92604 0
      vertex -0.689815 3.02228 0
    endloop
  endfacet
  facet normal -0.923877 -0.382691 0
    outer loop
      vertex 2.92604 1.02386 0
      vertex 2.793 1.34504 2.39
      vertex 2.793 1.34504 0
    endloop
  endfacet
  facet normal -0.923877 -0.382691 0
    outer loop
      vertex 2.793 1.34504 2.39
      vertex 2.92604 1.02386 0
      vertex 2.92604 1.02386 2.39
    endloop
  endfacet
  facet normal -0.745634 -0.666356 0
    outer loop
      vertex 2.42368 1.93282 0
      vertex 2.19203 2.19203 2.39
      vertex 2.19203 2.19203 0
    endloop
  endfacet
  facet normal -0.745634 -0.666356 0
    outer loop
      vertex 2.19203 2.19203 2.39
      vertex 2.42368 1.93282 0
      vertex 2.42368 1.93282 2.39
    endloop
  endfacet
  facet normal -0.382691 0.923877 0
    outer loop
      vertex 1.34504 -2.793 0
      vertex 1.02386 -2.92604 2.39
      vertex 1.34504 -2.793 2.39
    endloop
  endfacet
  facet normal -0.382691 0.923877 0
    outer loop
      vertex 1.02386 -2.92604 2.39
      vertex 1.34504 -2.793 0
      vertex 1.02386 -2.92604 0
    endloop
  endfacet
  facet normal -0.998427 0.0560643 0
    outer loop
      vertex 3.08051 -0.34709 0
      vertex 3.1 0 2.39
      vertex 3.1 0 0
    endloop
  endfacet
  facet normal -0.998427 0.0560643 0
    outer loop
      vertex 3.1 0 2.39
      vertex 3.08051 -0.34709 0
      vertex 3.08051 -0.34709 2.39
    endloop
  endfacet
  facet normal -0.923877 0.382691 0
    outer loop
      vertex 2.793 -1.34504 0
      vertex 2.92604 -1.02386 2.39
      vertex 2.92604 -1.02386 0
    endloop
  endfacet
  facet normal -0.923877 0.382691 0
    outer loop
      vertex 2.92604 -1.02386 2.39
      vertex 2.793 -1.34504 0
      vertex 2.793 -1.34504 2.39
    endloop
  endfacet
  facet normal 0.745634 0.666356 0
    outer loop
      vertex -2.19203 -2.19203 2.39
      vertex -2.42368 -1.93282 0
      vertex -2.42368 -1.93282 2.39
    endloop
  endfacet
  facet normal 0.745634 0.666356 0
    outer loop
      vertex -2.42368 -1.93282 0
      vertex -2.19203 -2.19203 2.39
      vertex -2.19203 -2.19203 0
    endloop
  endfacet
  facet normal 0.666356 -0.745634 0
    outer loop
      vertex -2.19203 2.19203 0
      vertex -1.93282 2.42368 2.39
      vertex -2.19203 2.19203 2.39
    endloop
  endfacet
  facet normal 0.666356 -0.745634 0
    outer loop
      vertex -1.93282 2.42368 2.39
      vertex -2.19203 2.19203 0
      vertex -1.93282 2.42368 0
    endloop
  endfacet
  facet normal -0.0560643 0.998427 0
    outer loop
      vertex 0.34709 -3.08051 0
      vertex 0 -3.1 2.39
      vertex 0.34709 -3.08051 2.39
    endloop
  endfacet
  facet normal -0.0560643 0.998427 0
    outer loop
      vertex 0 -3.1 2.39
      vertex 0.34709 -3.08051 0
      vertex 0 -3.1 0
    endloop
  endfacet
  facet normal 0.815572 -0.578656 0
    outer loop
      vertex -2.62484 1.6493 2.39
      vertex -2.42368 1.93282 0
      vertex -2.42368 1.93282 2.39
    endloop
  endfacet
  facet normal 0.815572 -0.578656 0
    outer loop
      vertex -2.42368 1.93282 0
      vertex -2.62484 1.6493 2.39
      vertex -2.62484 1.6493 0
    endloop
  endfacet
  facet normal 0.985872 0.167503 0
    outer loop
      vertex -3.02228 -0.689815 2.39
      vertex -3.08051 -0.34709 0
      vertex -3.08051 -0.34709 2.39
    endloop
  endfacet
  facet normal 0.985872 0.167503 0
    outer loop
      vertex -3.08051 -0.34709 0
      vertex -3.02228 -0.689815 2.39
      vertex -3.02228 -0.689815 0
    endloop
  endfacet
  facet normal -0.167503 0.985872 0
    outer loop
      vertex 0.689815 -3.02228 0
      vertex 0.34709 -3.08051 2.39
      vertex 0.689815 -3.02228 2.39
    endloop
  endfacet
  facet normal -0.167503 0.985872 0
    outer loop
      vertex 0.34709 -3.08051 2.39
      vertex 0.689815 -3.02228 0
      vertex 0.34709 -3.08051 0
    endloop
  endfacet
  facet normal -0.815572 0.578656 0
    outer loop
      vertex 2.42368 -1.93282 0
      vertex 2.62484 -1.6493 2.39
      vertex 2.62484 -1.6493 0
    endloop
  endfacet
  facet normal -0.815572 0.578656 0
    outer loop
      vertex 2.62484 -1.6493 2.39
      vertex 2.42368 -1.93282 0
      vertex 2.42368 -1.93282 2.39
    endloop
  endfacet
  facet normal 0.578656 -0.815572 0
    outer loop
      vertex -1.93282 2.42368 0
      vertex -1.6493 2.62484 2.39
      vertex -1.93282 2.42368 2.39
    endloop
  endfacet
  facet normal 0.578656 -0.815572 0
    outer loop
      vertex -1.6493 2.62484 2.39
      vertex -1.93282 2.42368 0
      vertex -1.6493 2.62484 0
    endloop
  endfacet
  facet normal 0.666356 0.745634 -0
    outer loop
      vertex -1.93282 -2.42368 0
      vertex -2.19203 -2.19203 2.39
      vertex -1.93282 -2.42368 2.39
    endloop
  endfacet
  facet normal 0.666356 0.745634 0
    outer loop
      vertex -2.19203 -2.19203 2.39
      vertex -1.93282 -2.42368 0
      vertex -2.19203 -2.19203 0
    endloop
  endfacet
  facet normal 0.167503 -0.985872 0
    outer loop
      vertex -0.689815 3.02228 0
      vertex -0.34709 3.08051 2.39
      vertex -0.689815 3.02228 2.39
    endloop
  endfacet
  facet normal 0.167503 -0.985872 0
    outer loop
      vertex -0.34709 3.08051 2.39
      vertex -0.689815 3.02228 0
      vertex -0.34709 3.08051 0
    endloop
  endfacet
  facet normal 0.0560643 0.998427 -0
    outer loop
      vertex 0 -3.1 0
      vertex -0.34709 -3.08051 2.39
      vertex 0 -3.1 2.39
    endloop
  endfacet
  facet normal 0.0560643 0.998427 0
    outer loop
      vertex -0.34709 -3.08051 2.39
      vertex 0 -3.1 0
      vertex -0.34709 -3.08051 0
    endloop
  endfacet
  facet normal 0.875222 -0.483722 0
    outer loop
      vertex -2.793 1.34504 2.39
      vertex -2.62484 1.6493 0
      vertex -2.62484 1.6493 2.39
    endloop
  endfacet
  facet normal 0.875222 -0.483722 0
    outer loop
      vertex -2.62484 1.6493 0
      vertex -2.793 1.34504 2.39
      vertex -2.793 1.34504 0
    endloop
  endfacet
  facet normal -0.960915 0.276844 0
    outer loop
      vertex 2.92604 -1.02386 0
      vertex 3.02228 -0.689815 2.39
      vertex 3.02228 -0.689815 0
    endloop
  endfacet
  facet normal -0.960915 0.276844 0
    outer loop
      vertex 3.02228 -0.689815 2.39
      vertex 2.92604 -1.02386 0
      vertex 2.92604 -1.02386 2.39
    endloop
  endfacet
  facet normal -0.578656 -0.815572 0
    outer loop
      vertex 1.6493 2.62484 0
      vertex 1.93282 2.42368 2.39
      vertex 1.6493 2.62484 2.39
    endloop
  endfacet
  facet normal -0.578656 -0.815572 -0
    outer loop
      vertex 1.93282 2.42368 2.39
      vertex 1.6493 2.62484 0
      vertex 1.93282 2.42368 0
    endloop
  endfacet
  facet normal -0.666356 -0.745634 0
    outer loop
      vertex 1.93282 2.42368 0
      vertex 2.19203 2.19203 2.39
      vertex 1.93282 2.42368 2.39
    endloop
  endfacet
  facet normal -0.666356 -0.745634 -0
    outer loop
      vertex 2.19203 2.19203 2.39
      vertex 1.93282 2.42368 0
      vertex 2.19203 2.19203 0
    endloop
  endfacet
  facet normal -0.666356 0.745634 0
    outer loop
      vertex 2.19203 -2.19203 0
      vertex 1.93282 -2.42368 2.39
      vertex 2.19203 -2.19203 2.39
    endloop
  endfacet
  facet normal -0.666356 0.745634 0
    outer loop
      vertex 1.93282 -2.42368 2.39
      vertex 2.19203 -2.19203 0
      vertex 1.93282 -2.42368 0
    endloop
  endfacet
  facet normal 0.483722 0.875222 -0
    outer loop
      vertex -1.34504 -2.793 0
      vertex -1.6493 -2.62484 2.39
      vertex -1.34504 -2.793 2.39
    endloop
  endfacet
  facet normal 0.483722 0.875222 0
    outer loop
      vertex -1.6493 -2.62484 2.39
      vertex -1.34504 -2.793 0
      vertex -1.6493 -2.62484 0
    endloop
  endfacet
  facet normal -0.875222 0.483722 0
    outer loop
      vertex 2.62484 -1.6493 0
      vertex 2.793 -1.34504 2.39
      vertex 2.793 -1.34504 0
    endloop
  endfacet
  facet normal -0.875222 0.483722 0
    outer loop
      vertex 2.793 -1.34504 2.39
      vertex 2.62484 -1.6493 0
      vertex 2.62484 -1.6493 2.39
    endloop
  endfacet
  facet normal 0.815572 0.578656 0
    outer loop
      vertex -2.42368 -1.93282 2.39
      vertex -2.62484 -1.6493 0
      vertex -2.62484 -1.6493 2.39
    endloop
  endfacet
  facet normal 0.815572 0.578656 0
    outer loop
      vertex -2.62484 -1.6493 0
      vertex -2.42368 -1.93282 2.39
      vertex -2.42368 -1.93282 0
    endloop
  endfacet
  facet normal 0.483722 -0.875222 0
    outer loop
      vertex -1.6493 2.62484 0
      vertex -1.34504 2.793 2.39
      vertex -1.6493 2.62484 2.39
    endloop
  endfacet
  facet normal 0.483722 -0.875222 0
    outer loop
      vertex -1.34504 2.793 2.39
      vertex -1.6493 2.62484 0
      vertex -1.34504 2.793 0
    endloop
  endfacet
  facet normal 0.923877 0.382691 0
    outer loop
      vertex -2.793 -1.34504 2.39
      vertex -2.92604 -1.02386 0
      vertex -2.92604 -1.02386 2.39
    endloop
  endfacet
  facet normal 0.923877 0.382691 0
    outer loop
      vertex -2.92604 -1.02386 0
      vertex -2.793 -1.34504 2.39
      vertex -2.793 -1.34504 0
    endloop
  endfacet
  facet normal -0.745634 0.666356 0
    outer loop
      vertex 2.19203 -2.19203 0
      vertex 2.42368 -1.93282 2.39
      vertex 2.42368 -1.93282 0
    endloop
  endfacet
  facet normal -0.745634 0.666356 0
    outer loop
      vertex 2.42368 -1.93282 2.39
      vertex 2.19203 -2.19203 0
      vertex 2.19203 -2.19203 2.39
    endloop
  endfacet
  facet normal -0.483722 0.875222 0
    outer loop
      vertex 1.6493 -2.62484 0
      vertex 1.34504 -2.793 2.39
      vertex 1.6493 -2.62484 2.39
    endloop
  endfacet
  facet normal -0.483722 0.875222 0
    outer loop
      vertex 1.34504 -2.793 2.39
      vertex 1.6493 -2.62484 0
      vertex 1.34504 -2.793 0
    endloop
  endfacet
  facet normal -0.578656 0.815572 0
    outer loop
      vertex 1.93282 -2.42368 0
      vertex 1.6493 -2.62484 2.39
      vertex 1.93282 -2.42368 2.39
    endloop
  endfacet
  facet normal -0.578656 0.815572 0
    outer loop
      vertex 1.6493 -2.62484 2.39
      vertex 1.93282 -2.42368 0
      vertex 1.6493 -2.62484 0
    endloop
  endfacet
  facet normal 0.382691 -0.923877 0
    outer loop
      vertex -1.34504 2.793 0
      vertex -1.02386 2.92604 2.39
      vertex -1.34504 2.793 2.39
    endloop
  endfacet
  facet normal 0.382691 -0.923877 0
    outer loop
      vertex -1.02386 2.92604 2.39
      vertex -1.34504 2.793 0
      vertex -1.02386 2.92604 0
    endloop
  endfacet
  facet normal 0.960915 0.276844 0
    outer loop
      vertex -2.92604 -1.02386 2.39
      vertex -3.02228 -0.689815 0
      vertex -3.02228 -0.689815 2.39
    endloop
  endfacet
  facet normal 0.960915 0.276844 0
    outer loop
      vertex -3.02228 -0.689815 0
      vertex -2.92604 -1.02386 2.39
      vertex -2.92604 -1.02386 0
    endloop
  endfacet
  facet normal -0.483722 -0.875222 0
    outer loop
      vertex 1.34504 2.793 0
      vertex 1.6493 2.62484 2.39
      vertex 1.34504 2.793 2.39
    endloop
  endfacet
  facet normal -0.483722 -0.875222 -0
    outer loop
      vertex 1.6493 2.62484 2.39
      vertex 1.34504 2.793 0
      vertex 1.6493 2.62484 0
    endloop
  endfacet
  facet normal -0.985872 0.167503 0
    outer loop
      vertex 3.02228 -0.689815 0
      vertex 3.08051 -0.34709 2.39
      vertex 3.08051 -0.34709 0
    endloop
  endfacet
  facet normal -0.985872 0.167503 0
    outer loop
      vertex 3.08051 -0.34709 2.39
      vertex 3.02228 -0.689815 0
      vertex 3.02228 -0.689815 2.39
    endloop
  endfacet
  facet normal -0.815572 -0.578656 0
    outer loop
      vertex 2.62484 1.6493 0
      vertex 2.42368 1.93282 2.39
      vertex 2.42368 1.93282 0
    endloop
  endfacet
  facet normal -0.815572 -0.578656 0
    outer loop
      vertex 2.42368 1.93282 2.39
      vertex 2.62484 1.6493 0
      vertex 2.62484 1.6493 2.39
    endloop
  endfacet
  facet normal 0.960915 -0.276844 0
    outer loop
      vertex -3.02228 0.689815 2.39
      vertex -2.92604 1.02386 0
      vertex -2.92604 1.02386 2.39
    endloop
  endfacet
  facet normal 0.960915 -0.276844 0
    outer loop
      vertex -2.92604 1.02386 0
      vertex -3.02228 0.689815 2.39
      vertex -3.02228 0.689815 0
    endloop
  endfacet
  facet normal -0.276844 -0.960915 0
    outer loop
      vertex 0.689815 3.02228 0
      vertex 1.02386 2.92604 2.39
      vertex 0.689815 3.02228 2.39
    endloop
  endfacet
  facet normal -0.276844 -0.960915 -0
    outer loop
      vertex 1.02386 2.92604 2.39
      vertex 0.689815 3.02228 0
      vertex 1.02386 2.92604 0
    endloop
  endfacet
  facet normal 0.0560643 -0.998427 0
    outer loop
      vertex -0.34709 3.08051 0
      vertex 0 3.1 2.39
      vertex -0.34709 3.08051 2.39
    endloop
  endfacet
  facet normal 0.0560643 -0.998427 0
    outer loop
      vertex 0 3.1 2.39
      vertex -0.34709 3.08051 0
      vertex 0 3.1 0
    endloop
  endfacet
  facet normal -0.276844 0.960915 0
    outer loop
      vertex 1.02386 -2.92604 0
      vertex 0.689815 -3.02228 2.39
      vertex 1.02386 -2.92604 2.39
    endloop
  endfacet
  facet normal -0.276844 0.960915 0
    outer loop
      vertex 0.689815 -3.02228 2.39
      vertex 1.02386 -2.92604 0
      vertex 0.689815 -3.02228 0
    endloop
  endfacet
  facet normal 0.985872 -0.167503 0
    outer loop
      vertex -3.08051 0.34709 2.39
      vertex -3.02228 0.689815 0
      vertex -3.02228 0.689815 2.39
    endloop
  endfacet
  facet normal 0.985872 -0.167503 0
    outer loop
      vertex -3.02228 0.689815 0
      vertex -3.08051 0.34709 2.39
      vertex -3.08051 0.34709 0
    endloop
  endfacet
  facet normal 0.998427 -0.0560643 0
    outer loop
      vertex -3.1 0 2.39
      vertex -3.08051 0.34709 0
      vertex -3.08051 0.34709 2.39
    endloop
  endfacet
  facet normal 0.998427 -0.0560643 0
    outer loop
      vertex -3.08051 0.34709 0
      vertex -3.1 0 2.39
      vertex -3.1 0 0
    endloop
  endfacet
  facet normal -0.0560643 -0.998427 0
    outer loop
      vertex 0 3.1 0
      vertex 0.34709 3.08051 2.39
      vertex 0 3.1 2.39
    endloop
  endfacet
  facet normal -0.0560643 -0.998427 -0
    outer loop
      vertex 0.34709 3.08051 2.39
      vertex 0 3.1 0
      vertex 0.34709 3.08051 0
    endloop
  endfacet
  facet normal -0.382691 -0.923877 0
    outer loop
      vertex 1.02386 2.92604 0
      vertex 1.34504 2.793 2.39
      vertex 1.02386 2.92604 2.39
    endloop
  endfacet
  facet normal -0.382691 -0.923877 -0
    outer loop
      vertex 1.34504 2.793 2.39
      vertex 1.02386 2.92604 0
      vertex 1.34504 2.793 0
    endloop
  endfacet
  facet normal 0.745634 -0.666356 0
    outer loop
      vertex -2.42368 1.93282 2.39
      vertex -2.19203 2.19203 0
      vertex -2.19203 2.19203 2.39
    endloop
  endfacet
  facet normal 0.745634 -0.666356 0
    outer loop
      vertex -2.19203 2.19203 0
      vertex -2.42368 1.93282 2.39
      vertex -2.42368 1.93282 0
    endloop
  endfacet
  facet normal 0.578656 0.815572 -0
    outer loop
      vertex -1.6493 -2.62484 0
      vertex -1.93282 -2.42368 2.39
      vertex -1.6493 -2.62484 2.39
    endloop
  endfacet
  facet normal 0.578656 0.815572 0
    outer loop
      vertex -1.93282 -2.42368 2.39
      vertex -1.6493 -2.62484 0
      vertex -1.93282 -2.42368 0
    endloop
  endfacet
  facet normal 0.875222 0.483722 0
    outer loop
      vertex -2.62484 -1.6493 2.39
      vertex -2.793 -1.34504 0
      vertex -2.793 -1.34504 2.39
    endloop
  endfacet
  facet normal 0.875222 0.483722 0
    outer loop
      vertex -2.793 -1.34504 0
      vertex -2.62484 -1.6493 2.39
      vertex -2.62484 -1.6493 0
    endloop
  endfacet
  facet normal 0.382691 0.923877 -0
    outer loop
      vertex -1.02386 -2.92604 0
      vertex -1.34504 -2.793 2.39
      vertex -1.02386 -2.92604 2.39
    endloop
  endfacet
  facet normal 0.382691 0.923877 0
    outer loop
      vertex -1.34504 -2.793 2.39
      vertex -1.02386 -2.92604 0
      vertex -1.34504 -2.793 0
    endloop
  endfacet
  facet normal 0 0 -1
    outer loop
      vertex 1.7 0 2.39
      vertex 3.1 0 2.39
      vertex 3.08051 -0.34709 2.39
    endloop
  endfacet
  facet normal 0 0 -1
    outer loop
      vertex 1.68931 -0.190339 2.39
      vertex 3.08051 -0.34709 2.39
      vertex 3.02228 -0.689815 2.39
    endloop
  endfacet
  facet normal 0 0 -1
    outer loop
      vertex 3.1 0 2.39
      vertex 1.7 0 2.39
      vertex 3.08051 0.34709 2.39
    endloop
  endfacet
  facet normal 0 0 -1
    outer loop
      vertex 1.65738 -0.378285 2.39
      vertex 3.02228 -0.689815 2.39
      vertex 2.92604 -1.02386 2.39
    endloop
  endfacet
  facet normal 0 0 -1
    outer loop
      vertex 1.68931 0.190339 2.39
      vertex 3.08051 0.34709 2.39
      vertex 1.7 0 2.39
    endloop
  endfacet
  facet normal 0 0 -1
    outer loop
      vertex 1.6046 -0.561474 2.39
      vertex 2.92604 -1.02386 2.39
      vertex 2.793 -1.34504 2.39
    endloop
  endfacet
  facet normal -0 0 -1
    outer loop
      vertex 3.08051 0.34709 2.39
      vertex 1.68931 0.190339 2.39
      vertex 3.02228 0.689815 2.39
    endloop
  endfacet
  facet normal 0 0 -1
    outer loop
      vertex 1.53165 -0.737602 2.39
      vertex 2.793 -1.34504 2.39
      vertex 2.62484 -1.6493 2.39
    endloop
  endfacet
  facet normal 0 0 -1
    outer loop
      vertex 1.65738 0.378285 2.39
      vertex 3.02228 0.689815 2.39
      vertex 1.68931 0.190339 2.39
    endloop
  endfacet
  facet normal 0 0 -1
    outer loop
      vertex 1.43943 -0.904454 2.39
      vertex 2.62484 -1.6493 2.39
      vertex 2.42368 -1.93282 2.39
    endloop
  endfacet
  facet normal -0 0 -1
    outer loop
      vertex 3.02228 0.689815 2.39
      vertex 1.65738 0.378285 2.39
      vertex 2.92604 1.02386 2.39
    endloop
  endfacet
  facet normal 0 0 -1
    outer loop
      vertex 1.32911 -1.05993 2.39
      vertex 2.42368 -1.93282 2.39
      vertex 2.19203 -2.19203 2.39
    endloop
  endfacet
  facet normal 0 0 -1
    outer loop
      vertex 1.6046 0.561474 2.39
      vertex 2.92604 1.02386 2.39
      vertex 1.65738 0.378285 2.39
    endloop
  endfacet
  facet normal 0 0 -1
    outer loop
      vertex 1.20208 -1.20208 2.39
      vertex 2.19203 -2.19203 2.39
      vertex 1.93282 -2.42368 2.39
    endloop
  endfacet
  facet normal -0 0 -1
    outer loop
      vertex 2.92604 1.02386 2.39
      vertex 1.6046 0.561474 2.39
      vertex 2.793 1.34504 2.39
    endloop
  endfacet
  facet normal 0 0 -1
    outer loop
      vertex 1.53165 0.737602 2.39
      vertex 2.793 1.34504 2.39
      vertex 1.6046 0.561474 2.39
    endloop
  endfacet
  facet normal 0 0 -1
    outer loop
      vertex 3.08051 -0.34709 2.39
      vertex 1.68931 -0.190339 2.39
      vertex 1.7 0 2.39
    endloop
  endfacet
  facet normal 0 0 -1
    outer loop
      vertex 3.02228 -0.689815 2.39
      vertex 1.65738 -0.378285 2.39
      vertex 1.68931 -0.190339 2.39
    endloop
  endfacet
  facet normal 0 0 -1
    outer loop
      vertex 1.05993 -1.32911 2.39
      vertex 1.93282 -2.42368 2.39
      vertex 1.6493 -2.62484 2.39
    endloop
  endfacet
  facet normal 0 0 -1
    outer loop
      vertex 2.92604 -1.02386 2.39
      vertex 1.6046 -0.561474 2.39
      vertex 1.65738 -0.378285 2.39
    endloop
  endfacet
  facet normal 0 0 -1
    outer loop
      vertex 2.793 -1.34504 2.39
      vertex 1.53165 -0.737602 2.39
      vertex 1.6046 -0.561474 2.39
    endloop
  endfacet
  facet normal 0 0 -1
    outer loop
      vertex 2.62484 -1.6493 2.39
      vertex 1.43943 -0.904454 2.39
      vertex 1.53165 -0.737602 2.39
    endloop
  endfacet
  facet normal 0 0 -1
    outer loop
      vertex 0.904454 -1.43943 2.39
      vertex 1.6493 -2.62484 2.39
      vertex 1.34504 -2.793 2.39
    endloop
  endfacet
  facet normal 0 0 -1
    outer loop
      vertex 2.42368 -1.93282 2.39
      vertex 1.32911 -1.05993 2.39
      vertex 1.43943 -0.904454 2.39
    endloop
  endfacet
  facet normal 0 0 -1
    outer loop
      vertex 2.19203 -2.19203 2.39
      vertex 1.20208 -1.20208 2.39
      vertex 1.32911 -1.05993 2.39
    endloop
  endfacet
  facet normal 0 0 -1
    outer loop
      vertex 1.93282 -2.42368 2.39
      vertex 1.05993 -1.32911 2.39
      vertex 1.20208 -1.20208 2.39
    endloop
  endfacet
  facet normal 0 0 -1
    outer loop
      vertex 0.737602 -1.53165 2.39
      vertex 1.34504 -2.793 2.39
      vertex 1.02386 -2.92604 2.39
    endloop
  endfacet
  facet normal 0 0 -1
    outer loop
      vertex 1.6493 -2.62484 2.39
      vertex 0.904454 -1.43943 2.39
      vertex 1.05993 -1.32911 2.39
    endloop
  endfacet
  facet normal 0 0 -1
    outer loop
      vertex 1.34504 -2.793 2.39
      vertex 0.737602 -1.53165 2.39
      vertex 0.904454 -1.43943 2.39
    endloop
  endfacet
  facet normal 0 0 -1
    outer loop
      vertex 0.561474 -1.6046 2.39
      vertex 1.02386 -2.92604 2.39
      vertex 0.689815 -3.02228 2.39
    endloop
  endfacet
  facet normal 0 0 -1
    outer loop
      vertex 1.02386 -2.92604 2.39
      vertex 0.561474 -1.6046 2.39
      vertex 0.737602 -1.53165 2.39
    endloop
  endfacet
  facet normal 0 0 -1
    outer loop
      vertex 0.689815 -3.02228 2.39
      vertex 0.378285 -1.65738 2.39
      vertex 0.561474 -1.6046 2.39
    endloop
  endfacet
  facet normal 0 0 -1
    outer loop
      vertex 0.34709 -3.08051 2.39
      vertex 0.378285 -1.65738 2.39
      vertex 0.689815 -3.02228 2.39
    endloop
  endfacet
  facet normal 0 0 -1
    outer loop
      vertex 0.34709 -3.08051 2.39
      vertex 0.190339 -1.68931 2.39
      vertex 0.378285 -1.65738 2.39
    endloop
  endfacet
  facet normal 0 0 -1
    outer loop
      vertex 0 -3.1 2.39
      vertex 0.190339 -1.68931 2.39
      vertex 0.34709 -3.08051 2.39
    endloop
  endfacet
  facet normal 0 0 -1
    outer loop
      vertex 0 -3.1 2.39
      vertex 0 -1.7 2.39
      vertex 0.190339 -1.68931 2.39
    endloop
  endfacet
  facet normal 0 0 -1
    outer loop
      vertex 0 -3.1 2.39
      vertex -0.190339 -1.68931 2.39
      vertex 0 -1.7 2.39
    endloop
  endfacet
  facet normal 0 0 -1
    outer loop
      vertex -0.34709 -3.08051 2.39
      vertex -0.190339 -1.68931 2.39
      vertex 0 -3.1 2.39
    endloop
  endfacet
  facet normal 0 0 -1
    outer loop
      vertex -0.34709 -3.08051 2.39
      vertex -0.378285 -1.65738 2.39
      vertex -0.190339 -1.68931 2.39
    endloop
  endfacet
  facet normal 0 0 -1
    outer loop
      vertex -0.689815 -3.02228 2.39
      vertex -0.378285 -1.65738 2.39
      vertex -0.34709 -3.08051 2.39
    endloop
  endfacet
  facet normal -0 0 -1
    outer loop
      vertex -0.378285 -1.65738 2.39
      vertex -0.689815 -3.02228 2.39
      vertex -0.561474 -1.6046 2.39
    endloop
  endfacet
  facet normal 0 0 -1
    outer loop
      vertex -1.02386 -2.92604 2.39
      vertex -0.561474 -1.6046 2.39
      vertex -0.689815 -3.02228 2.39
    endloop
  endfacet
  facet normal -0 0 -1
    outer loop
      vertex -0.561474 -1.6046 2.39
      vertex -1.02386 -2.92604 2.39
      vertex -0.737602 -1.53165 2.39
    endloop
  endfacet
  facet normal 0 0 -1
    outer loop
      vertex -1.34504 -2.793 2.39
      vertex -0.737602 -1.53165 2.39
      vertex -1.02386 -2.92604 2.39
    endloop
  endfacet
  facet normal -0 0 -1
    outer loop
      vertex -0.737602 -1.53165 2.39
      vertex -1.34504 -2.793 2.39
      vertex -0.904454 -1.43943 2.39
    endloop
  endfacet
  facet normal 0 0 -1
    outer loop
      vertex -1.6493 -2.62484 2.39
      vertex -0.904454 -1.43943 2.39
      vertex -1.34504 -2.793 2.39
    endloop
  endfacet
  facet normal -0 0 -1
    outer loop
      vertex -0.904454 -1.43943 2.39
      vertex -1.6493 -2.62484 2.39
      vertex -1.05993 -1.32911 2.39
    endloop
  endfacet
  facet normal 0 0 -1
    outer loop
      vertex -1.93282 -2.42368 2.39
      vertex -1.05993 -1.32911 2.39
      vertex -1.6493 -2.62484 2.39
    endloop
  endfacet
  facet normal -0 0 -1
    outer loop
      vertex -1.05993 -1.32911 2.39
      vertex -1.93282 -2.42368 2.39
      vertex -1.20208 -1.20208 2.39
    endloop
  endfacet
  facet normal 0 0 -1
    outer loop
      vertex -2.19203 -2.19203 2.39
      vertex -1.20208 -1.20208 2.39
      vertex -1.93282 -2.42368 2.39
    endloop
  endfacet
  facet normal -0 0 -1
    outer loop
      vertex -1.20208 -1.20208 2.39
      vertex -2.19203 -2.19203 2.39
      vertex -1.32911 -1.05993 2.39
    endloop
  endfacet
  facet normal 0 0 -1
    outer loop
      vertex -2.42368 -1.93282 2.39
      vertex -1.32911 -1.05993 2.39
      vertex -2.19203 -2.19203 2.39
    endloop
  endfacet
  facet normal -0 0 -1
    outer loop
      vertex -1.32911 -1.05993 2.39
      vertex -2.42368 -1.93282 2.39
      vertex -1.43943 -0.904454 2.39
    endloop
  endfacet
  facet normal 0 0 -1
    outer loop
      vertex -2.62484 -1.6493 2.39
      vertex -1.43943 -0.904454 2.39
      vertex -2.42368 -1.93282 2.39
    endloop
  endfacet
  facet normal -0 0 -1
    outer loop
      vertex -1.43943 -0.904454 2.39
      vertex -2.62484 -1.6493 2.39
      vertex -1.53165 -0.737602 2.39
    endloop
  endfacet
  facet normal 0 0 -1
    outer loop
      vertex -2.793 -1.34504 2.39
      vertex -1.53165 -0.737602 2.39
      vertex -2.62484 -1.6493 2.39
    endloop
  endfacet
  facet normal -0 0 -1
    outer loop
      vertex 2.793 1.34504 2.39
      vertex 1.53165 0.737602 2.39
      vertex 2.62484 1.6493 2.39
    endloop
  endfacet
  facet normal 0 0 -1
    outer loop
      vertex 1.43943 0.904454 2.39
      vertex 2.62484 1.6493 2.39
      vertex 1.53165 0.737602 2.39
    endloop
  endfacet
  facet normal -0 0 -1
    outer loop
      vertex 2.62484 1.6493 2.39
      vertex 1.43943 0.904454 2.39
      vertex 2.42368 1.93282 2.39
    endloop
  endfacet
  facet normal 0 0 -1
    outer loop
      vertex 1.32911 1.05993 2.39
      vertex 2.42368 1.93282 2.39
      vertex 1.43943 0.904454 2.39
    endloop
  endfacet
  facet normal -0 0 -1
    outer loop
      vertex 2.42368 1.93282 2.39
      vertex 1.32911 1.05993 2.39
      vertex 2.19203 2.19203 2.39
    endloop
  endfacet
  facet normal 0 0 -1
    outer loop
      vertex 1.20208 1.20208 2.39
      vertex 2.19203 2.19203 2.39
      vertex 1.32911 1.05993 2.39
    endloop
  endfacet
  facet normal -0 0 -1
    outer loop
      vertex 2.19203 2.19203 2.39
      vertex 1.20208 1.20208 2.39
      vertex 1.93282 2.42368 2.39
    endloop
  endfacet
  facet normal 0 0 -1
    outer loop
      vertex 1.05993 1.32911 2.39
      vertex 1.93282 2.42368 2.39
      vertex 1.20208 1.20208 2.39
    endloop
  endfacet
  facet normal -0 0 -1
    outer loop
      vertex 1.93282 2.42368 2.39
      vertex 1.05993 1.32911 2.39
      vertex 1.6493 2.62484 2.39
    endloop
  endfacet
  facet normal 0 0 -1
    outer loop
      vertex 0.904454 1.43943 2.39
      vertex 1.6493 2.62484 2.39
      vertex 1.05993 1.32911 2.39
    endloop
  endfacet
  facet normal -0 0 -1
    outer loop
      vertex 1.6493 2.62484 2.39
      vertex 0.904454 1.43943 2.39
      vertex 1.34504 2.793 2.39
    endloop
  endfacet
  facet normal 0 0 -1
    outer loop
      vertex 0.737602 1.53165 2.39
      vertex 1.34504 2.793 2.39
      vertex 0.904454 1.43943 2.39
    endloop
  endfacet
  facet normal -0 0 -1
    outer loop
      vertex 1.34504 2.793 2.39
      vertex 0.737602 1.53165 2.39
      vertex 1.02386 2.92604 2.39
    endloop
  endfacet
  facet normal 0 0 -1
    outer loop
      vertex 0.561474 1.6046 2.39
      vertex 1.02386 2.92604 2.39
      vertex 0.737602 1.53165 2.39
    endloop
  endfacet
  facet normal -0 0 -1
    outer loop
      vertex 1.02386 2.92604 2.39
      vertex 0.561474 1.6046 2.39
      vertex 0.689815 3.02228 2.39
    endloop
  endfacet
  facet normal 0 0 -1
    outer loop
      vertex 0.378285 1.65738 2.39
      vertex 0.689815 3.02228 2.39
      vertex 0.561474 1.6046 2.39
    endloop
  endfacet
  facet normal 0 0 -1
    outer loop
      vertex 0.378285 1.65738 2.39
      vertex 0.34709 3.08051 2.39
      vertex 0.689815 3.02228 2.39
    endloop
  endfacet
  facet normal 0 0 -1
    outer loop
      vertex 0.190339 1.68931 2.39
      vertex 0.34709 3.08051 2.39
      vertex 0.378285 1.65738 2.39
    endloop
  endfacet
  facet normal 0 0 -1
    outer loop
      vertex 0 1.7 2.39
      vertex 0.34709 3.08051 2.39
      vertex 0.190339 1.68931 2.39
    endloop
  endfacet
  facet normal 0 0 -1
    outer loop
      vertex 0 1.7 2.39
      vertex 0 3.1 2.39
      vertex 0.34709 3.08051 2.39
    endloop
  endfacet
  facet normal 0 0 -1
    outer loop
      vertex -0.190339 1.68931 2.39
      vertex 0 3.1 2.39
      vertex 0 1.7 2.39
    endloop
  endfacet
  facet normal 0 0 -1
    outer loop
      vertex -0.190339 1.68931 2.39
      vertex -0.34709 3.08051 2.39
      vertex 0 3.1 2.39
    endloop
  endfacet
  facet normal 0 0 -1
    outer loop
      vertex -0.378285 1.65738 2.39
      vertex -0.34709 3.08051 2.39
      vertex -0.190339 1.68931 2.39
    endloop
  endfacet
  facet normal 0 0 -1
    outer loop
      vertex -0.689815 3.02228 2.39
      vertex -0.378285 1.65738 2.39
      vertex -0.561474 1.6046 2.39
    endloop
  endfacet
  facet normal 0 0 -1
    outer loop
      vertex -0.378285 1.65738 2.39
      vertex -0.689815 3.02228 2.39
      vertex -0.34709 3.08051 2.39
    endloop
  endfacet
  facet normal 0 0 -1
    outer loop
      vertex -1.02386 2.92604 2.39
      vertex -0.561474 1.6046 2.39
      vertex -0.737602 1.53165 2.39
    endloop
  endfacet
  facet normal 0 0 -1
    outer loop
      vertex -1.34504 2.793 2.39
      vertex -0.737602 1.53165 2.39
      vertex -0.904454 1.43943 2.39
    endloop
  endfacet
  facet normal 0 0 -1
    outer loop
      vertex -0.561474 1.6046 2.39
      vertex -1.02386 2.92604 2.39
      vertex -0.689815 3.02228 2.39
    endloop
  endfacet
  facet normal 0 0 -1
    outer loop
      vertex -1.6493 2.62484 2.39
      vertex -0.904454 1.43943 2.39
      vertex -1.05993 1.32911 2.39
    endloop
  endfacet
  facet normal 0 0 -1
    outer loop
      vertex -1.93282 2.42368 2.39
      vertex -1.05993 1.32911 2.39
      vertex -1.20208 1.20208 2.39
    endloop
  endfacet
  facet normal 0 0 -1
    outer loop
      vertex -2.19203 2.19203 2.39
      vertex -1.20208 1.20208 2.39
      vertex -1.32911 1.05993 2.39
    endloop
  endfacet
  facet normal 0 0 -1
    outer loop
      vertex -0.737602 1.53165 2.39
      vertex -1.34504 2.793 2.39
      vertex -1.02386 2.92604 2.39
    endloop
  endfacet
  facet normal 0 0 -1
    outer loop
      vertex -2.42368 1.93282 2.39
      vertex -1.32911 1.05993 2.39
      vertex -1.43943 0.904454 2.39
    endloop
  endfacet
  facet normal 0 0 -1
    outer loop
      vertex -2.62484 1.6493 2.39
      vertex -1.43943 0.904454 2.39
      vertex -1.53165 0.737602 2.39
    endloop
  endfacet
  facet normal 0 0 -1
    outer loop
      vertex -2.793 1.34504 2.39
      vertex -1.53165 0.737602 2.39
      vertex -1.6046 0.561474 2.39
    endloop
  endfacet
  facet normal 0 0 -1
    outer loop
      vertex -0.904454 1.43943 2.39
      vertex -1.6493 2.62484 2.39
      vertex -1.34504 2.793 2.39
    endloop
  endfacet
  facet normal 0 0 -1
    outer loop
      vertex -2.92604 1.02386 2.39
      vertex -1.6046 0.561474 2.39
      vertex -1.65738 0.378285 2.39
    endloop
  endfacet
  facet normal 0 0 -1
    outer loop
      vertex -3.02228 0.689815 2.39
      vertex -1.65738 0.378285 2.39
      vertex -1.68931 0.190339 2.39
    endloop
  endfacet
  facet normal 0 0 -1
    outer loop
      vertex -3.08051 0.34709 2.39
      vertex -1.68931 0.190339 2.39
      vertex -1.7 0 2.39
    endloop
  endfacet
  facet normal -0 0 -1
    outer loop
      vertex -1.53165 -0.737602 2.39
      vertex -2.793 -1.34504 2.39
      vertex -1.6046 -0.561474 2.39
    endloop
  endfacet
  facet normal 0 0 -1
    outer loop
      vertex -1.05993 1.32911 2.39
      vertex -1.93282 2.42368 2.39
      vertex -1.6493 2.62484 2.39
    endloop
  endfacet
  facet normal 0 0 -1
    outer loop
      vertex -2.92604 -1.02386 2.39
      vertex -1.6046 -0.561474 2.39
      vertex -2.793 -1.34504 2.39
    endloop
  endfacet
  facet normal 0 0 -1
    outer loop
      vertex -1.20208 1.20208 2.39
      vertex -2.19203 2.19203 2.39
      vertex -1.93282 2.42368 2.39
    endloop
  endfacet
  facet normal -0 0 -1
    outer loop
      vertex -1.6046 -0.561474 2.39
      vertex -2.92604 -1.02386 2.39
      vertex -1.65738 -0.378285 2.39
    endloop
  endfacet
  facet normal 0 0 -1
    outer loop
      vertex -1.32911 1.05993 2.39
      vertex -2.42368 1.93282 2.39
      vertex -2.19203 2.19203 2.39
    endloop
  endfacet
  facet normal 0 0 -1
    outer loop
      vertex -3.02228 -0.689815 2.39
      vertex -1.65738 -0.378285 2.39
      vertex -2.92604 -1.02386 2.39
    endloop
  endfacet
  facet normal 0 0 -1
    outer loop
      vertex -1.43943 0.904454 2.39
      vertex -2.62484 1.6493 2.39
      vertex -2.42368 1.93282 2.39
    endloop
  endfacet
  facet normal -0 0 -1
    outer loop
      vertex -1.65738 -0.378285 2.39
      vertex -3.02228 -0.689815 2.39
      vertex -1.68931 -0.190339 2.39
    endloop
  endfacet
  facet normal 0 0 -1
    outer loop
      vertex -1.53165 0.737602 2.39
      vertex -2.793 1.34504 2.39
      vertex -2.62484 1.6493 2.39
    endloop
  endfacet
  facet normal 0 0 -1
    outer loop
      vertex -3.08051 -0.34709 2.39
      vertex -1.68931 -0.190339 2.39
      vertex -3.02228 -0.689815 2.39
    endloop
  endfacet
  facet normal 0 0 -1
    outer loop
      vertex -1.6046 0.561474 2.39
      vertex -2.92604 1.02386 2.39
      vertex -2.793 1.34504 2.39
    endloop
  endfacet
  facet normal -0 0 -1
    outer loop
      vertex -1.68931 -0.190339 2.39
      vertex -3.08051 -0.34709 2.39
      vertex -1.7 0 2.39
    endloop
  endfacet
  facet normal 0 0 -1
    outer loop
      vertex -1.65738 0.378285 2.39
      vertex -3.02228 0.689815 2.39
      vertex -2.92604 1.02386 2.39
    endloop
  endfacet
  facet normal 0 0 -1
    outer loop
      vertex -3.1 0 2.39
      vertex -1.7 0 2.39
      vertex -3.08051 -0.34709 2.39
    endloop
  endfacet
  facet normal 0 0 -1
    outer loop
      vertex -1.68931 0.190339 2.39
      vertex -3.08051 0.34709 2.39
      vertex -3.02228 0.689815 2.39
    endloop
  endfacet
  facet normal 0 0 -1
    outer loop
      vertex -1.7 0 2.39
      vertex -3.1 0 2.39
      vertex -3.08051 0.34709 2.39
    endloop
  endfacet
  facet normal 0.483754 -0.875204 0
    outer loop
      vertex 14.7091 -3.96426 0
      vertex 15.1409 -3.72559 4
      vertex 14.7091 -3.96426 4
    endloop
  endfacet
  facet normal 0.483754 -0.875204 0
    outer loop
      vertex 15.1409 -3.72559 4
      vertex 14.7091 -3.96426 0
      vertex 15.1409 -3.72559 0
    endloop
  endfacet
  facet normal -0.998426 0.056078 0
    outer loop
      vertex 8.4 0 0
      vertex 8.42767 0.492643 4
      vertex 8.42767 0.492643 0
    endloop
  endfacet
  facet normal -0.998426 0.056078 0
    outer loop
      vertex 8.42767 0.492643 4
      vertex 8.4 0 0
      vertex 8.4 0 4
    endloop
  endfacet
  facet normal -0.815556 0.578678 0
    outer loop
      vertex 9.07441 2.34094 0
      vertex 9.35994 2.74335 4
      vertex 9.35994 2.74335 0
    endloop
  endfacet
  facet normal -0.815556 0.578678 0
    outer loop
      vertex 9.35994 2.74335 4
      vertex 9.07441 2.34094 0
      vertex 9.07441 2.34094 4
    endloop
  endfacet
  facet normal -0.167487 0.985874 0
    outer loop
      vertex 12.3074 4.37233 0
      vertex 11.8209 4.28968 4
      vertex 12.3074 4.37233 4
    endloop
  endfacet
  facet normal -0.167487 0.985874 0
    outer loop
      vertex 11.8209 4.28968 4
      vertex 12.3074 4.37233 0
      vertex 11.8209 4.28968 0
    endloop
  endfacet
  facet normal 0.382666 0.923887 -0
    outer loop
      vertex 14.7091 3.96426 0
      vertex 14.2532 4.15309 4
      vertex 14.7091 3.96426 4
    endloop
  endfacet
  facet normal 0.382666 0.923887 0
    outer loop
      vertex 14.2532 4.15309 4
      vertex 14.7091 3.96426 0
      vertex 14.2532 4.15309 0
    endloop
  endfacet
  facet normal -0.0560829 -0.998426 0
    outer loop
      vertex 12.3074 -4.37233 0
      vertex 12.8 -4.4 4
      vertex 12.3074 -4.37233 4
    endloop
  endfacet
  facet normal -0.0560829 -0.998426 -0
    outer loop
      vertex 12.8 -4.4 4
      vertex 12.3074 -4.37233 0
      vertex 12.8 -4.4 0
    endloop
  endfacet
  facet normal 0.167487 0.985874 -0
    outer loop
      vertex 13.7791 4.28968 0
      vertex 13.2926 4.37233 4
      vertex 13.7791 4.28968 4
    endloop
  endfacet
  facet normal 0.167487 0.985874 0
    outer loop
      vertex 13.2926 4.37233 4
      vertex 13.7791 4.28968 0
      vertex 13.2926 4.37233 0
    endloop
  endfacet
  facet normal 0.960916 0.276841 0
    outer loop
      vertex 17.0897 0.979092 4
      vertex 16.9531 1.45323 0
      vertex 16.9531 1.45323 4
    endloop
  endfacet
  facet normal 0.960916 0.276841 0
    outer loop
      vertex 16.9531 1.45323 0
      vertex 17.0897 0.979092 4
      vertex 17.0897 0.979092 0
    endloop
  endfacet
  facet normal -0.666393 -0.745601 0
    outer loop
      vertex 9.68873 -3.11127 0
      vertex 10.0566 -3.44006 4
      vertex 9.68873 -3.11127 4
    endloop
  endfacet
  facet normal -0.666393 -0.745601 -0
    outer loop
      vertex 10.0566 -3.44006 4
      vertex 9.68873 -3.11127 0
      vertex 10.0566 -3.44006 0
    endloop
  endfacet
  facet normal 0.875202 -0.483758 0
    outer loop
      vertex 16.5256 -2.34094 4
      vertex 16.7643 -1.90909 0
      vertex 16.7643 -1.90909 4
    endloop
  endfacet
  facet normal 0.875202 -0.483758 0
    outer loop
      vertex 16.7643 -1.90909 0
      vertex 16.5256 -2.34094 4
      vertex 16.5256 -2.34094 0
    endloop
  endfacet
  facet normal -0.483754 0.875204 0
    outer loop
      vertex 10.8909 3.96426 0
      vertex 10.4591 3.72559 4
      vertex 10.8909 3.96426 4
    endloop
  endfacet
  facet normal -0.483754 0.875204 0
    outer loop
      vertex 10.4591 3.72559 4
      vertex 10.8909 3.96426 0
      vertex 10.4591 3.72559 0
    endloop
  endfacet
  facet normal 0.985888 0.167406 0
    outer loop
      vertex 17.1723 0.492643 4
      vertex 17.0897 0.979092 0
      vertex 17.0897 0.979092 4
    endloop
  endfacet
  facet normal 0.985888 0.167406 0
    outer loop
      vertex 17.0897 0.979092 0
      vertex 17.1723 0.492643 4
      vertex 17.1723 0.492643 0
    endloop
  endfacet
  facet normal -0.578592 -0.815617 0
    outer loop
      vertex 10.0566 -3.44006 0
      vertex 10.4591 -3.72559 4
      vertex 10.0566 -3.44006 4
    endloop
  endfacet
  facet normal -0.578592 -0.815617 -0
    outer loop
      vertex 10.4591 -3.72559 4
      vertex 10.0566 -3.44006 0
      vertex 10.4591 -3.72559 0
    endloop
  endfacet
  facet normal -0.875228 -0.483711 0
    outer loop
      vertex 9.07441 -2.34094 0
      vertex 8.83574 -1.90909 4
      vertex 8.83574 -1.90909 0
    endloop
  endfacet
  facet normal -0.875228 -0.483711 0
    outer loop
      vertex 8.83574 -1.90909 4
      vertex 9.07441 -2.34094 0
      vertex 9.07441 -2.34094 4
    endloop
  endfacet
  facet normal 0.745636 0.666354 0
    outer loop
      vertex 16.2401 2.74335 4
      vertex 15.9113 3.11127 0
      vertex 15.9113 3.11127 4
    endloop
  endfacet
  facet normal 0.745636 0.666354 0
    outer loop
      vertex 15.9113 3.11127 0
      vertex 16.2401 2.74335 4
      vertex 16.2401 2.74335 0
    endloop
  endfacet
  facet normal -0.960921 0.276823 0
    outer loop
      vertex 8.51032 0.979092 0
      vertex 8.64691 1.45323 4
      vertex 8.64691 1.45323 0
    endloop
  endfacet
  facet normal -0.960921 0.276823 0
    outer loop
      vertex 8.64691 1.45323 4
      vertex 8.51032 0.979092 0
      vertex 8.51032 0.979092 4
    endloop
  endfacet
  facet normal -0.167487 -0.985874 0
    outer loop
      vertex 11.8209 -4.28968 0
      vertex 12.3074 -4.37233 4
      vertex 11.8209 -4.28968 4
    endloop
  endfacet
  facet normal -0.167487 -0.985874 -0
    outer loop
      vertex 12.3074 -4.37233 4
      vertex 11.8209 -4.28968 0
      vertex 12.3074 -4.37233 0
    endloop
  endfacet
  facet normal -0.666393 0.745601 0
    outer loop
      vertex 10.0566 3.44006 0
      vertex 9.68873 3.11127 4
      vertex 10.0566 3.44006 4
    endloop
  endfacet
  facet normal -0.666393 0.745601 0
    outer loop
      vertex 9.68873 3.11127 4
      vertex 10.0566 3.44006 0
      vertex 9.68873 3.11127 0
    endloop
  endfacet
  facet normal 0.745636 -0.666354 0
    outer loop
      vertex 15.9113 -3.11127 4
      vertex 16.2401 -2.74335 0
      vertex 16.2401 -2.74335 4
    endloop
  endfacet
  facet normal 0.745636 -0.666354 0
    outer loop
      vertex 16.2401 -2.74335 0
      vertex 15.9113 -3.11127 4
      vertex 15.9113 -3.11127 0
    endloop
  endfacet
  facet normal 0.998423 0.0561387 0
    outer loop
      vertex 17.2 0 4
      vertex 17.1723 0.492643 0
      vertex 17.1723 0.492643 4
    endloop
  endfacet
  facet normal 0.998423 0.0561387 0
    outer loop
      vertex 17.1723 0.492643 0
      vertex 17.2 0 4
      vertex 17.2 0 0
    endloop
  endfacet
  facet normal 0.382666 -0.923887 0
    outer loop
      vertex 14.2532 -4.15309 0
      vertex 14.7091 -3.96426 4
      vertex 14.2532 -4.15309 4
    endloop
  endfacet
  facet normal 0.382666 -0.923887 0
    outer loop
      vertex 14.7091 -3.96426 4
      vertex 14.2532 -4.15309 0
      vertex 14.7091 -3.96426 0
    endloop
  endfacet
  facet normal 0.815585 0.578637 0
    outer loop
      vertex 16.5256 2.34094 4
      vertex 16.2401 2.74335 0
      vertex 16.2401 2.74335 4
    endloop
  endfacet
  facet normal 0.815585 0.578637 0
    outer loop
      vertex 16.2401 2.74335 0
      vertex 16.5256 2.34094 4
      vertex 16.5256 2.34094 0
    endloop
  endfacet
  facet normal 0.998423 -0.0561387 0
    outer loop
      vertex 17.1723 -0.492643 4
      vertex 17.2 0 0
      vertex 17.2 0 4
    endloop
  endfacet
  facet normal 0.998423 -0.0561387 0
    outer loop
      vertex 17.2 0 0
      vertex 17.1723 -0.492643 4
      vertex 17.1723 -0.492643 0
    endloop
  endfacet
  facet normal 0.985888 -0.167406 0
    outer loop
      vertex 17.0897 -0.979092 4
      vertex 17.1723 -0.492643 0
      vertex 17.1723 -0.492643 4
    endloop
  endfacet
  facet normal 0.985888 -0.167406 0
    outer loop
      vertex 17.1723 -0.492643 0
      vertex 17.0897 -0.979092 4
      vertex 17.0897 -0.979092 0
    endloop
  endfacet
  facet normal -0.276843 0.960915 0
    outer loop
      vertex 11.8209 4.28968 0
      vertex 11.3468 4.15309 4
      vertex 11.8209 4.28968 4
    endloop
  endfacet
  facet normal -0.276843 0.960915 0
    outer loop
      vertex 11.3468 4.15309 4
      vertex 11.8209 4.28968 0
      vertex 11.3468 4.15309 0
    endloop
  endfacet
  facet normal 0.483754 0.875204 -0
    outer loop
      vertex 15.1409 3.72559 0
      vertex 14.7091 3.96426 4
      vertex 15.1409 3.72559 4
    endloop
  endfacet
  facet normal 0.483754 0.875204 0
    outer loop
      vertex 14.7091 3.96426 4
      vertex 15.1409 3.72559 0
      vertex 14.7091 3.96426 0
    endloop
  endfacet
  facet normal -0.382666 -0.923887 0
    outer loop
      vertex 10.8909 -3.96426 0
      vertex 11.3468 -4.15309 4
      vertex 10.8909 -3.96426 4
    endloop
  endfacet
  facet normal -0.382666 -0.923887 -0
    outer loop
      vertex 11.3468 -4.15309 4
      vertex 10.8909 -3.96426 0
      vertex 11.3468 -4.15309 0
    endloop
  endfacet
  facet normal -0.985871 -0.167504 0
    outer loop
      vertex 8.51032 -0.979092 0
      vertex 8.42767 -0.492643 4
      vertex 8.42767 -0.492643 0
    endloop
  endfacet
  facet normal -0.985871 -0.167504 0
    outer loop
      vertex 8.42767 -0.492643 4
      vertex 8.51032 -0.979092 0
      vertex 8.51032 -0.979092 4
    endloop
  endfacet
  facet normal -0.815556 -0.578678 0
    outer loop
      vertex 9.35994 -2.74335 0
      vertex 9.07441 -2.34094 4
      vertex 9.07441 -2.34094 0
    endloop
  endfacet
  facet normal -0.815556 -0.578678 0
    outer loop
      vertex 9.07441 -2.34094 4
      vertex 9.35994 -2.74335 0
      vertex 9.35994 -2.74335 4
    endloop
  endfacet
  facet normal -0.998426 -0.056078 0
    outer loop
      vertex 8.42767 -0.492643 0
      vertex 8.4 0 4
      vertex 8.4 0 0
    endloop
  endfacet
  facet normal -0.998426 -0.056078 0
    outer loop
      vertex 8.4 0 4
      vertex 8.42767 -0.492643 0
      vertex 8.42767 -0.492643 4
    endloop
  endfacet
  facet normal -0.0560829 0.998426 0
    outer loop
      vertex 12.8 4.4 0
      vertex 12.3074 4.37233 4
      vertex 12.8 4.4 4
    endloop
  endfacet
  facet normal -0.0560829 0.998426 0
    outer loop
      vertex 12.3074 4.37233 4
      vertex 12.8 4.4 0
      vertex 12.3074 4.37233 0
    endloop
  endfacet
  facet normal 0.666363 0.745628 -0
    outer loop
      vertex 15.9113 3.11127 0
      vertex 15.5434 3.44006 4
      vertex 15.9113 3.11127 4
    endloop
  endfacet
  facet normal 0.666363 0.745628 0
    outer loop
      vertex 15.5434 3.44006 4
      vertex 15.9113 3.11127 0
      vertex 15.5434 3.44006 0
    endloop
  endfacet
  facet normal 0.923896 -0.382643 0
    outer loop
      vertex 16.7643 -1.90909 4
      vertex 16.9531 -1.45323 0
      vertex 16.9531 -1.45323 4
    endloop
  endfacet
  facet normal 0.923896 -0.382643 0
    outer loop
      vertex 16.9531 -1.45323 0
      vertex 16.7643 -1.90909 4
      vertex 16.7643 -1.90909 0
    endloop
  endfacet
  facet normal -0.745646 0.666343 0
    outer loop
      vertex 9.35994 2.74335 0
      vertex 9.68873 3.11127 4
      vertex 9.68873 3.11127 0
    endloop
  endfacet
  facet normal -0.745646 0.666343 0
    outer loop
      vertex 9.68873 3.11127 4
      vertex 9.35994 2.74335 0
      vertex 9.35994 2.74335 4
    endloop
  endfacet
  facet normal 0.923896 0.382643 0
    outer loop
      vertex 16.9531 1.45323 4
      vertex 16.7643 1.90909 0
      vertex 16.7643 1.90909 4
    endloop
  endfacet
  facet normal 0.923896 0.382643 0
    outer loop
      vertex 16.7643 1.90909 0
      vertex 16.9531 1.45323 4
      vertex 16.9531 1.45323 0
    endloop
  endfacet
  facet normal 0.0560829 -0.998426 0
    outer loop
      vertex 12.8 -4.4 0
      vertex 13.2926 -4.37233 4
      vertex 12.8 -4.4 4
    endloop
  endfacet
  facet normal 0.0560829 -0.998426 0
    outer loop
      vertex 13.2926 -4.37233 4
      vertex 12.8 -4.4 0
      vertex 13.2926 -4.37233 0
    endloop
  endfacet
  facet normal 0.276843 -0.960915 0
    outer loop
      vertex 13.7791 -4.28968 0
      vertex 14.2532 -4.15309 4
      vertex 13.7791 -4.28968 4
    endloop
  endfacet
  facet normal 0.276843 -0.960915 0
    outer loop
      vertex 14.2532 -4.15309 4
      vertex 13.7791 -4.28968 0
      vertex 14.2532 -4.15309 0
    endloop
  endfacet
  facet normal 0.0560829 0.998426 -0
    outer loop
      vertex 13.2926 4.37233 0
      vertex 12.8 4.4 4
      vertex 13.2926 4.37233 4
    endloop
  endfacet
  facet normal 0.0560829 0.998426 0
    outer loop
      vertex 12.8 4.4 4
      vertex 13.2926 4.37233 0
      vertex 12.8 4.4 0
    endloop
  endfacet
  facet normal 0.875202 0.483758 0
    outer loop
      vertex 16.7643 1.90909 4
      vertex 16.5256 2.34094 0
      vertex 16.5256 2.34094 4
    endloop
  endfacet
  facet normal 0.875202 0.483758 0
    outer loop
      vertex 16.5256 2.34094 0
      vertex 16.7643 1.90909 4
      vertex 16.7643 1.90909 0
    endloop
  endfacet
  facet normal 0.960916 -0.276841 0
    outer loop
      vertex 16.9531 -1.45323 4
      vertex 17.0897 -0.979092 0
      vertex 17.0897 -0.979092 4
    endloop
  endfacet
  facet normal 0.960916 -0.276841 0
    outer loop
      vertex 17.0897 -0.979092 0
      vertex 16.9531 -1.45323 4
      vertex 16.9531 -1.45323 0
    endloop
  endfacet
  facet normal 0.167487 -0.985874 0
    outer loop
      vertex 13.2926 -4.37233 0
      vertex 13.7791 -4.28968 4
      vertex 13.2926 -4.37233 4
    endloop
  endfacet
  facet normal 0.167487 -0.985874 0
    outer loop
      vertex 13.7791 -4.28968 4
      vertex 13.2926 -4.37233 0
      vertex 13.7791 -4.28968 0
    endloop
  endfacet
  facet normal 0.276843 0.960915 -0
    outer loop
      vertex 14.2532 4.15309 0
      vertex 13.7791 4.28968 4
      vertex 14.2532 4.15309 4
    endloop
  endfacet
  facet normal 0.276843 0.960915 0
    outer loop
      vertex 13.7791 4.28968 4
      vertex 14.2532 4.15309 0
      vertex 13.7791 4.28968 0
    endloop
  endfacet
  facet normal -0.745646 -0.666343 0
    outer loop
      vertex 9.68873 -3.11127 0
      vertex 9.35994 -2.74335 4
      vertex 9.35994 -2.74335 0
    endloop
  endfacet
  facet normal -0.745646 -0.666343 0
    outer loop
      vertex 9.35994 -2.74335 4
      vertex 9.68873 -3.11127 0
      vertex 9.68873 -3.11127 4
    endloop
  endfacet
  facet normal -0.483754 -0.875204 0
    outer loop
      vertex 10.4591 -3.72559 0
      vertex 10.8909 -3.96426 4
      vertex 10.4591 -3.72559 4
    endloop
  endfacet
  facet normal -0.483754 -0.875204 -0
    outer loop
      vertex 10.8909 -3.96426 4
      vertex 10.4591 -3.72559 0
      vertex 10.8909 -3.96426 0
    endloop
  endfacet
  facet normal 0.578592 0.815617 -0
    outer loop
      vertex 15.5434 3.44006 0
      vertex 15.1409 3.72559 4
      vertex 15.5434 3.44006 4
    endloop
  endfacet
  facet normal 0.578592 0.815617 0
    outer loop
      vertex 15.1409 3.72559 4
      vertex 15.5434 3.44006 0
      vertex 15.1409 3.72559 0
    endloop
  endfacet
  facet normal -0.923875 -0.382695 0
    outer loop
      vertex 8.83574 -1.90909 0
      vertex 8.64691 -1.45323 4
      vertex 8.64691 -1.45323 0
    endloop
  endfacet
  facet normal -0.923875 -0.382695 0
    outer loop
      vertex 8.64691 -1.45323 4
      vertex 8.83574 -1.90909 0
      vertex 8.83574 -1.90909 4
    endloop
  endfacet
  facet normal -0.960921 -0.276823 0
    outer loop
      vertex 8.64691 -1.45323 0
      vertex 8.51032 -0.979092 4
      vertex 8.51032 -0.979092 0
    endloop
  endfacet
  facet normal -0.960921 -0.276823 0
    outer loop
      vertex 8.51032 -0.979092 4
      vertex 8.64691 -1.45323 0
      vertex 8.64691 -1.45323 4
    endloop
  endfacet
  facet normal -0.382666 0.923887 0
    outer loop
      vertex 11.3468 4.15309 0
      vertex 10.8909 3.96426 4
      vertex 11.3468 4.15309 4
    endloop
  endfacet
  facet normal -0.382666 0.923887 0
    outer loop
      vertex 10.8909 3.96426 4
      vertex 11.3468 4.15309 0
      vertex 10.8909 3.96426 0
    endloop
  endfacet
  facet normal -0.923875 0.382695 0
    outer loop
      vertex 8.64691 1.45323 0
      vertex 8.83574 1.90909 4
      vertex 8.83574 1.90909 0
    endloop
  endfacet
  facet normal -0.923875 0.382695 0
    outer loop
      vertex 8.83574 1.90909 4
      vertex 8.64691 1.45323 0
      vertex 8.64691 1.45323 4
    endloop
  endfacet
  facet normal -0.985871 0.167504 0
    outer loop
      vertex 8.42767 0.492643 0
      vertex 8.51032 0.979092 4
      vertex 8.51032 0.979092 0
    endloop
  endfacet
  facet normal -0.985871 0.167504 0
    outer loop
      vertex 8.51032 0.979092 4
      vertex 8.42767 0.492643 0
      vertex 8.42767 0.492643 4
    endloop
  endfacet
  facet normal 0.815585 -0.578637 0
    outer loop
      vertex 16.2401 -2.74335 4
      vertex 16.5256 -2.34094 0
      vertex 16.5256 -2.34094 4
    endloop
  endfacet
  facet normal 0.815585 -0.578637 0
    outer loop
      vertex 16.5256 -2.34094 0
      vertex 16.2401 -2.74335 4
      vertex 16.2401 -2.74335 0
    endloop
  endfacet
  facet normal 0.578592 -0.815617 0
    outer loop
      vertex 15.1409 -3.72559 0
      vertex 15.5434 -3.44006 4
      vertex 15.1409 -3.72559 4
    endloop
  endfacet
  facet normal 0.578592 -0.815617 0
    outer loop
      vertex 15.5434 -3.44006 4
      vertex 15.1409 -3.72559 0
      vertex 15.5434 -3.44006 0
    endloop
  endfacet
  facet normal -0.578592 0.815617 0
    outer loop
      vertex 10.4591 3.72559 0
      vertex 10.0566 3.44006 4
      vertex 10.4591 3.72559 4
    endloop
  endfacet
  facet normal -0.578592 0.815617 0
    outer loop
      vertex 10.0566 3.44006 4
      vertex 10.4591 3.72559 0
      vertex 10.0566 3.44006 0
    endloop
  endfacet
  facet normal 0 0 1
    outer loop
      vertex 14.5 0 4
      vertex 17.2 0 4
      vertex 17.1723 0.492643 4
    endloop
  endfacet
  facet normal 0 0 1
    outer loop
      vertex 14.4893 0.190339 4
      vertex 17.1723 0.492643 4
      vertex 17.0897 0.979092 4
    endloop
  endfacet
  facet normal 0 0 1
    outer loop
      vertex 17.2 0 4
      vertex 14.5 0 4
      vertex 17.1723 -0.492643 4
    endloop
  endfacet
  facet normal 0 0 1
    outer loop
      vertex 14.4574 0.378285 4
      vertex 17.0897 0.979092 4
      vertex 16.9531 1.45323 4
    endloop
  endfacet
  facet normal -0 0 1
    outer loop
      vertex 14.4893 -0.190339 4
      vertex 17.1723 -0.492643 4
      vertex 14.5 0 4
    endloop
  endfacet
  facet normal 0 0 1
    outer loop
      vertex 14.4046 0.561474 4
      vertex 16.9531 1.45323 4
      vertex 16.7643 1.90909 4
    endloop
  endfacet
  facet normal 0 0 1
    outer loop
      vertex 17.1723 -0.492643 4
      vertex 14.4893 -0.190339 4
      vertex 17.0897 -0.979092 4
    endloop
  endfacet
  facet normal 0 0 1
    outer loop
      vertex 14.3316 0.737602 4
      vertex 16.7643 1.90909 4
      vertex 16.5256 2.34094 4
    endloop
  endfacet
  facet normal -0 0 1
    outer loop
      vertex 14.4574 -0.378285 4
      vertex 17.0897 -0.979092 4
      vertex 14.4893 -0.190339 4
    endloop
  endfacet
  facet normal 0 0 1
    outer loop
      vertex 14.2394 0.904454 4
      vertex 16.5256 2.34094 4
      vertex 16.2401 2.74335 4
    endloop
  endfacet
  facet normal 0 0 1
    outer loop
      vertex 17.0897 -0.979092 4
      vertex 14.4574 -0.378285 4
      vertex 16.9531 -1.45323 4
    endloop
  endfacet
  facet normal 0 0 1
    outer loop
      vertex 14.1291 1.05993 4
      vertex 16.2401 2.74335 4
      vertex 15.9113 3.11127 4
    endloop
  endfacet
  facet normal -0 0 1
    outer loop
      vertex 14.4046 -0.561474 4
      vertex 16.9531 -1.45323 4
      vertex 14.4574 -0.378285 4
    endloop
  endfacet
  facet normal 0 0 1
    outer loop
      vertex 14.0021 1.20208 4
      vertex 15.9113 3.11127 4
      vertex 15.5434 3.44006 4
    endloop
  endfacet
  facet normal 0 0 1
    outer loop
      vertex 16.9531 -1.45323 4
      vertex 14.4046 -0.561474 4
      vertex 16.7643 -1.90909 4
    endloop
  endfacet
  facet normal 0 0 1
    outer loop
      vertex 13.8599 1.32911 4
      vertex 15.5434 3.44006 4
      vertex 15.1409 3.72559 4
    endloop
  endfacet
  facet normal -0 0 1
    outer loop
      vertex 14.3316 -0.737602 4
      vertex 16.7643 -1.90909 4
      vertex 14.4046 -0.561474 4
    endloop
  endfacet
  facet normal 0 0 1
    outer loop
      vertex 13.7045 1.43943 4
      vertex 15.1409 3.72559 4
      vertex 14.7091 3.96426 4
    endloop
  endfacet
  facet normal 0 0 1
    outer loop
      vertex 16.7643 -1.90909 4
      vertex 14.3316 -0.737602 4
      vertex 16.5256 -2.34094 4
    endloop
  endfacet
  facet normal -0 0 1
    outer loop
      vertex 14.2394 -0.904454 4
      vertex 16.5256 -2.34094 4
      vertex 14.3316 -0.737602 4
    endloop
  endfacet
  facet normal 0 0 1
    outer loop
      vertex 17.1723 0.492643 4
      vertex 14.4893 0.190339 4
      vertex 14.5 0 4
    endloop
  endfacet
  facet normal 0 0 1
    outer loop
      vertex 17.0897 0.979092 4
      vertex 14.4574 0.378285 4
      vertex 14.4893 0.190339 4
    endloop
  endfacet
  facet normal 0 0 1
    outer loop
      vertex 16.9531 1.45323 4
      vertex 14.4046 0.561474 4
      vertex 14.4574 0.378285 4
    endloop
  endfacet
  facet normal 0 0 1
    outer loop
      vertex 16.7643 1.90909 4
      vertex 14.3316 0.737602 4
      vertex 14.4046 0.561474 4
    endloop
  endfacet
  facet normal 0 0 1
    outer loop
      vertex 13.5376 1.53165 4
      vertex 14.7091 3.96426 4
      vertex 14.2532 4.15309 4
    endloop
  endfacet
  facet normal 0 0 1
    outer loop
      vertex 16.5256 2.34094 4
      vertex 14.2394 0.904454 4
      vertex 14.3316 0.737602 4
    endloop
  endfacet
  facet normal 0 0 1
    outer loop
      vertex 16.2401 2.74335 4
      vertex 14.1291 1.05993 4
      vertex 14.2394 0.904454 4
    endloop
  endfacet
  facet normal 0 0 1
    outer loop
      vertex 15.9113 3.11127 4
      vertex 14.0021 1.20208 4
      vertex 14.1291 1.05993 4
    endloop
  endfacet
  facet normal 0 0 1
    outer loop
      vertex 15.5434 3.44006 4
      vertex 13.8599 1.32911 4
      vertex 14.0021 1.20208 4
    endloop
  endfacet
  facet normal 0 0 1
    outer loop
      vertex 13.3615 1.6046 4
      vertex 14.2532 4.15309 4
      vertex 13.7791 4.28968 4
    endloop
  endfacet
  facet normal 0 0 1
    outer loop
      vertex 15.1409 3.72559 4
      vertex 13.7045 1.43943 4
      vertex 13.8599 1.32911 4
    endloop
  endfacet
  facet normal 0 0 1
    outer loop
      vertex 14.7091 3.96426 4
      vertex 13.5376 1.53165 4
      vertex 13.7045 1.43943 4
    endloop
  endfacet
  facet normal 0 0 1
    outer loop
      vertex 14.2532 4.15309 4
      vertex 13.3615 1.6046 4
      vertex 13.5376 1.53165 4
    endloop
  endfacet
  facet normal 0 0 1
    outer loop
      vertex 13.1783 1.65738 4
      vertex 13.7791 4.28968 4
      vertex 13.2926 4.37233 4
    endloop
  endfacet
  facet normal 0 0 1
    outer loop
      vertex 13.7791 4.28968 4
      vertex 13.1783 1.65738 4
      vertex 13.3615 1.6046 4
    endloop
  endfacet
  facet normal 0 0 1
    outer loop
      vertex 13.2926 4.37233 4
      vertex 12.9903 1.68931 4
      vertex 13.1783 1.65738 4
    endloop
  endfacet
  facet normal 0 0 1
    outer loop
      vertex 12.8 4.4 4
      vertex 12.9903 1.68931 4
      vertex 13.2926 4.37233 4
    endloop
  endfacet
  facet normal 0 0 1
    outer loop
      vertex 12.8 4.4 4
      vertex 12.8 1.7 4
      vertex 12.9903 1.68931 4
    endloop
  endfacet
  facet normal 0 0 1
    outer loop
      vertex 12.8 4.4 4
      vertex 12.6097 1.68931 4
      vertex 12.8 1.7 4
    endloop
  endfacet
  facet normal -0 0 1
    outer loop
      vertex 12.3074 4.37233 4
      vertex 12.6097 1.68931 4
      vertex 12.8 4.4 4
    endloop
  endfacet
  facet normal 0 0 1
    outer loop
      vertex 12.6097 1.68931 4
      vertex 12.3074 4.37233 4
      vertex 12.4217 1.65738 4
    endloop
  endfacet
  facet normal -0 0 1
    outer loop
      vertex 11.8209 4.28968 4
      vertex 12.4217 1.65738 4
      vertex 12.3074 4.37233 4
    endloop
  endfacet
  facet normal 0 0 1
    outer loop
      vertex 12.4217 1.65738 4
      vertex 11.8209 4.28968 4
      vertex 12.2385 1.6046 4
    endloop
  endfacet
  facet normal -0 0 1
    outer loop
      vertex 11.3468 4.15309 4
      vertex 12.2385 1.6046 4
      vertex 11.8209 4.28968 4
    endloop
  endfacet
  facet normal 0 0 1
    outer loop
      vertex 12.2385 1.6046 4
      vertex 11.3468 4.15309 4
      vertex 12.0624 1.53165 4
    endloop
  endfacet
  facet normal -0 0 1
    outer loop
      vertex 10.8909 3.96426 4
      vertex 12.0624 1.53165 4
      vertex 11.3468 4.15309 4
    endloop
  endfacet
  facet normal 0 0 1
    outer loop
      vertex 12.0624 1.53165 4
      vertex 10.8909 3.96426 4
      vertex 11.8955 1.43943 4
    endloop
  endfacet
  facet normal -0 0 1
    outer loop
      vertex 10.4591 3.72559 4
      vertex 11.8955 1.43943 4
      vertex 10.8909 3.96426 4
    endloop
  endfacet
  facet normal 0 0 1
    outer loop
      vertex 11.8955 1.43943 4
      vertex 10.4591 3.72559 4
      vertex 11.7401 1.32911 4
    endloop
  endfacet
  facet normal -0 0 1
    outer loop
      vertex 10.0566 3.44006 4
      vertex 11.7401 1.32911 4
      vertex 10.4591 3.72559 4
    endloop
  endfacet
  facet normal 0 0 1
    outer loop
      vertex 11.7401 1.32911 4
      vertex 10.0566 3.44006 4
      vertex 11.5979 1.20208 4
    endloop
  endfacet
  facet normal -0 0 1
    outer loop
      vertex 9.68873 3.11127 4
      vertex 11.5979 1.20208 4
      vertex 10.0566 3.44006 4
    endloop
  endfacet
  facet normal 0 0 1
    outer loop
      vertex 11.5979 1.20208 4
      vertex 9.68873 3.11127 4
      vertex 11.4709 1.05993 4
    endloop
  endfacet
  facet normal -0 0 1
    outer loop
      vertex 9.35994 2.74335 4
      vertex 11.4709 1.05993 4
      vertex 9.68873 3.11127 4
    endloop
  endfacet
  facet normal -0 0 1
    outer loop
      vertex 9.07441 2.34094 4
      vertex 11.3606 0.904454 4
      vertex 9.35994 2.74335 4
    endloop
  endfacet
  facet normal 0 0 1
    outer loop
      vertex 11.4709 1.05993 4
      vertex 9.35994 2.74335 4
      vertex 11.3606 0.904454 4
    endloop
  endfacet
  facet normal 0 0 1
    outer loop
      vertex 16.5256 -2.34094 4
      vertex 14.2394 -0.904454 4
      vertex 16.2401 -2.74335 4
    endloop
  endfacet
  facet normal -0 0 1
    outer loop
      vertex 14.1291 -1.05993 4
      vertex 16.2401 -2.74335 4
      vertex 14.2394 -0.904454 4
    endloop
  endfacet
  facet normal 0 0 1
    outer loop
      vertex 16.2401 -2.74335 4
      vertex 14.1291 -1.05993 4
      vertex 15.9113 -3.11127 4
    endloop
  endfacet
  facet normal -0 0 1
    outer loop
      vertex 14.0021 -1.20208 4
      vertex 15.9113 -3.11127 4
      vertex 14.1291 -1.05993 4
    endloop
  endfacet
  facet normal 0 0 1
    outer loop
      vertex 15.9113 -3.11127 4
      vertex 14.0021 -1.20208 4
      vertex 15.5434 -3.44006 4
    endloop
  endfacet
  facet normal -0 0 1
    outer loop
      vertex 13.8599 -1.32911 4
      vertex 15.5434 -3.44006 4
      vertex 14.0021 -1.20208 4
    endloop
  endfacet
  facet normal 0 0 1
    outer loop
      vertex 15.5434 -3.44006 4
      vertex 13.8599 -1.32911 4
      vertex 15.1409 -3.72559 4
    endloop
  endfacet
  facet normal -0 0 1
    outer loop
      vertex 13.7045 -1.43943 4
      vertex 15.1409 -3.72559 4
      vertex 13.8599 -1.32911 4
    endloop
  endfacet
  facet normal 0 0 1
    outer loop
      vertex 15.1409 -3.72559 4
      vertex 13.7045 -1.43943 4
      vertex 14.7091 -3.96426 4
    endloop
  endfacet
  facet normal -0 0 1
    outer loop
      vertex 13.5376 -1.53165 4
      vertex 14.7091 -3.96426 4
      vertex 13.7045 -1.43943 4
    endloop
  endfacet
  facet normal 0 0 1
    outer loop
      vertex 14.7091 -3.96426 4
      vertex 13.5376 -1.53165 4
      vertex 14.2532 -4.15309 4
    endloop
  endfacet
  facet normal -0 0 1
    outer loop
      vertex 13.3615 -1.6046 4
      vertex 14.2532 -4.15309 4
      vertex 13.5376 -1.53165 4
    endloop
  endfacet
  facet normal 0 0 1
    outer loop
      vertex 14.2532 -4.15309 4
      vertex 13.3615 -1.6046 4
      vertex 13.7791 -4.28968 4
    endloop
  endfacet
  facet normal -0 0 1
    outer loop
      vertex 13.1783 -1.65738 4
      vertex 13.7791 -4.28968 4
      vertex 13.3615 -1.6046 4
    endloop
  endfacet
  facet normal 0 0 1
    outer loop
      vertex 13.7791 -4.28968 4
      vertex 13.1783 -1.65738 4
      vertex 13.2926 -4.37233 4
    endloop
  endfacet
  facet normal -0 0 1
    outer loop
      vertex 12.9903 -1.68931 4
      vertex 13.2926 -4.37233 4
      vertex 13.1783 -1.65738 4
    endloop
  endfacet
  facet normal -0 0 1
    outer loop
      vertex 12.8 -1.7 4
      vertex 13.2926 -4.37233 4
      vertex 12.9903 -1.68931 4
    endloop
  endfacet
  facet normal 0 0 1
    outer loop
      vertex 12.8 -1.7 4
      vertex 12.8 -4.4 4
      vertex 13.2926 -4.37233 4
    endloop
  endfacet
  facet normal 0 0 1
    outer loop
      vertex 12.6097 -1.68931 4
      vertex 12.8 -4.4 4
      vertex 12.8 -1.7 4
    endloop
  endfacet
  facet normal 0 0 1
    outer loop
      vertex 12.3074 -4.37233 4
      vertex 12.6097 -1.68931 4
      vertex 12.4217 -1.65738 4
    endloop
  endfacet
  facet normal 0 0 1
    outer loop
      vertex 12.6097 -1.68931 4
      vertex 12.3074 -4.37233 4
      vertex 12.8 -4.4 4
    endloop
  endfacet
  facet normal 0 0 1
    outer loop
      vertex 11.8209 -4.28968 4
      vertex 12.4217 -1.65738 4
      vertex 12.2385 -1.6046 4
    endloop
  endfacet
  facet normal 0 0 1
    outer loop
      vertex 11.3468 -4.15309 4
      vertex 12.2385 -1.6046 4
      vertex 12.0624 -1.53165 4
    endloop
  endfacet
  facet normal 0 0 1
    outer loop
      vertex 10.8909 -3.96426 4
      vertex 12.0624 -1.53165 4
      vertex 11.8955 -1.43943 4
    endloop
  endfacet
  facet normal 0 0 1
    outer loop
      vertex 12.4217 -1.65738 4
      vertex 11.8209 -4.28968 4
      vertex 12.3074 -4.37233 4
    endloop
  endfacet
  facet normal 0 0 1
    outer loop
      vertex 10.4591 -3.72559 4
      vertex 11.8955 -1.43943 4
      vertex 11.7401 -1.32911 4
    endloop
  endfacet
  facet normal 0 0 1
    outer loop
      vertex 10.0566 -3.44006 4
      vertex 11.7401 -1.32911 4
      vertex 11.5979 -1.20208 4
    endloop
  endfacet
  facet normal 0 0 1
    outer loop
      vertex 9.68873 -3.11127 4
      vertex 11.5979 -1.20208 4
      vertex 11.4709 -1.05993 4
    endloop
  endfacet
  facet normal 0 0 1
    outer loop
      vertex 9.35994 -2.74335 4
      vertex 11.4709 -1.05993 4
      vertex 11.3606 -0.904454 4
    endloop
  endfacet
  facet normal 0 0 1
    outer loop
      vertex 12.2385 -1.6046 4
      vertex 11.3468 -4.15309 4
      vertex 11.8209 -4.28968 4
    endloop
  endfacet
  facet normal 0 0 1
    outer loop
      vertex 9.07441 -2.34094 4
      vertex 11.3606 -0.904454 4
      vertex 11.2684 -0.737602 4
    endloop
  endfacet
  facet normal 0 0 1
    outer loop
      vertex 8.83574 -1.90909 4
      vertex 11.2684 -0.737602 4
      vertex 11.1954 -0.561474 4
    endloop
  endfacet
  facet normal 0 0 1
    outer loop
      vertex 8.64691 -1.45323 4
      vertex 11.1954 -0.561474 4
      vertex 11.1426 -0.378285 4
    endloop
  endfacet
  facet normal 0 0 1
    outer loop
      vertex 8.51032 -0.979092 4
      vertex 11.1426 -0.378285 4
      vertex 11.1107 -0.190339 4
    endloop
  endfacet
  facet normal 0 0 1
    outer loop
      vertex 12.0624 -1.53165 4
      vertex 10.8909 -3.96426 4
      vertex 11.3468 -4.15309 4
    endloop
  endfacet
  facet normal 0 0 1
    outer loop
      vertex 8.42767 -0.492643 4
      vertex 11.1107 -0.190339 4
      vertex 11.1 0 4
    endloop
  endfacet
  facet normal 0 0 1
    outer loop
      vertex 11.3606 0.904454 4
      vertex 9.07441 2.34094 4
      vertex 11.2684 0.737602 4
    endloop
  endfacet
  facet normal -0 0 1
    outer loop
      vertex 8.83574 1.90909 4
      vertex 11.2684 0.737602 4
      vertex 9.07441 2.34094 4
    endloop
  endfacet
  facet normal 0 0 1
    outer loop
      vertex 11.8955 -1.43943 4
      vertex 10.4591 -3.72559 4
      vertex 10.8909 -3.96426 4
    endloop
  endfacet
  facet normal 0 0 1
    outer loop
      vertex 11.2684 0.737602 4
      vertex 8.83574 1.90909 4
      vertex 11.1954 0.561474 4
    endloop
  endfacet
  facet normal 0 0 1
    outer loop
      vertex 11.7401 -1.32911 4
      vertex 10.0566 -3.44006 4
      vertex 10.4591 -3.72559 4
    endloop
  endfacet
  facet normal -0 0 1
    outer loop
      vertex 8.64691 1.45323 4
      vertex 11.1954 0.561474 4
      vertex 8.83574 1.90909 4
    endloop
  endfacet
  facet normal 0 0 1
    outer loop
      vertex 11.5979 -1.20208 4
      vertex 9.68873 -3.11127 4
      vertex 10.0566 -3.44006 4
    endloop
  endfacet
  facet normal 0 0 1
    outer loop
      vertex 11.1954 0.561474 4
      vertex 8.64691 1.45323 4
      vertex 11.1426 0.378285 4
    endloop
  endfacet
  facet normal 0 0 1
    outer loop
      vertex 11.4709 -1.05993 4
      vertex 9.35994 -2.74335 4
      vertex 9.68873 -3.11127 4
    endloop
  endfacet
  facet normal -0 0 1
    outer loop
      vertex 8.51032 0.979092 4
      vertex 11.1426 0.378285 4
      vertex 8.64691 1.45323 4
    endloop
  endfacet
  facet normal 0 0 1
    outer loop
      vertex 11.3606 -0.904454 4
      vertex 9.07441 -2.34094 4
      vertex 9.35994 -2.74335 4
    endloop
  endfacet
  facet normal 0 0 1
    outer loop
      vertex 11.1426 0.378285 4
      vertex 8.51032 0.979092 4
      vertex 11.1107 0.190339 4
    endloop
  endfacet
  facet normal 0 0 1
    outer loop
      vertex 11.2684 -0.737602 4
      vertex 8.83574 -1.90909 4
      vertex 9.07441 -2.34094 4
    endloop
  endfacet
  facet normal -0 0 1
    outer loop
      vertex 8.42767 0.492643 4
      vertex 11.1107 0.190339 4
      vertex 8.51032 0.979092 4
    endloop
  endfacet
  facet normal 0 0 1
    outer loop
      vertex 11.1954 -0.561474 4
      vertex 8.64691 -1.45323 4
      vertex 8.83574 -1.90909 4
    endloop
  endfacet
  facet normal 0 0 1
    outer loop
      vertex 11.1107 0.190339 4
      vertex 8.42767 0.492643 4
      vertex 11.1 0 4
    endloop
  endfacet
  facet normal 0 0 1
    outer loop
      vertex 11.1426 -0.378285 4
      vertex 8.51032 -0.979092 4
      vertex 8.64691 -1.45323 4
    endloop
  endfacet
  facet normal 0 0 1
    outer loop
      vertex 8.4 0 4
      vertex 11.1 0 4
      vertex 8.42767 0.492643 4
    endloop
  endfacet
  facet normal 0 0 1
    outer loop
      vertex 11.1107 -0.190339 4
      vertex 8.42767 -0.492643 4
      vertex 8.51032 -0.979092 4
    endloop
  endfacet
  facet normal 0 0 1
    outer loop
      vertex 11.1 0 4
      vertex 8.4 0 4
      vertex 8.42767 -0.492643 4
    endloop
  endfacet
  facet normal 0.666363 -0.745628 0
    outer loop
      vertex 15.5434 -3.44006 0
      vertex 15.9113 -3.11127 4
      vertex 15.5434 -3.44006 4
    endloop
  endfacet
  facet normal 0.666363 -0.745628 0
    outer loop
      vertex 15.9113 -3.11127 4
      vertex 15.5434 -3.44006 0
      vertex 15.9113 -3.11127 0
    endloop
  endfacet
  facet normal 0 0 -1
    outer loop
      vertex 15.9 0 0
      vertex 17.2 0 0
      vertex 17.1723 -0.492643 0
    endloop
  endfacet
  facet normal 0 0 -1
    outer loop
      vertex 15.8805 -0.34709 0
      vertex 17.1723 -0.492643 0
      vertex 17.0897 -0.979092 0
    endloop
  endfacet
  facet normal 0 0 -1
    outer loop
      vertex 17.2 0 0
      vertex 15.9 0 0
      vertex 17.1723 0.492643 0
    endloop
  endfacet
  facet normal 0 0 -1
    outer loop
      vertex 15.8223 -0.689815 0
      vertex 17.0897 -0.979092 0
      vertex 16.9531 -1.45323 0
    endloop
  endfacet
  facet normal 0 0 -1
    outer loop
      vertex 15.8805 0.34709 0
      vertex 17.1723 0.492643 0
      vertex 15.9 0 0
    endloop
  endfacet
  facet normal 0 0 -1
    outer loop
      vertex 15.726 -1.02386 0
      vertex 16.9531 -1.45323 0
      vertex 16.7643 -1.90909 0
    endloop
  endfacet
  facet normal -0 0 -1
    outer loop
      vertex 17.1723 0.492643 0
      vertex 15.8805 0.34709 0
      vertex 17.0897 0.979092 0
    endloop
  endfacet
  facet normal 0 0 -1
    outer loop
      vertex 15.593 -1.34504 0
      vertex 16.7643 -1.90909 0
      vertex 16.5256 -2.34094 0
    endloop
  endfacet
  facet normal 0 0 -1
    outer loop
      vertex 15.8223 0.689815 0
      vertex 17.0897 0.979092 0
      vertex 15.8805 0.34709 0
    endloop
  endfacet
  facet normal 0 0 -1
    outer loop
      vertex 15.4248 -1.6493 0
      vertex 16.5256 -2.34094 0
      vertex 16.2401 -2.74335 0
    endloop
  endfacet
  facet normal -0 0 -1
    outer loop
      vertex 17.0897 0.979092 0
      vertex 15.8223 0.689815 0
      vertex 16.9531 1.45323 0
    endloop
  endfacet
  facet normal 0 0 -1
    outer loop
      vertex 15.2237 -1.93282 0
      vertex 16.2401 -2.74335 0
      vertex 15.9113 -3.11127 0
    endloop
  endfacet
  facet normal 0 0 -1
    outer loop
      vertex 15.726 1.02386 0
      vertex 16.9531 1.45323 0
      vertex 15.8223 0.689815 0
    endloop
  endfacet
  facet normal -0 0 -1
    outer loop
      vertex 16.9531 1.45323 0
      vertex 15.726 1.02386 0
      vertex 16.7643 1.90909 0
    endloop
  endfacet
  facet normal 0 0 -1
    outer loop
      vertex 17.1723 -0.492643 0
      vertex 15.8805 -0.34709 0
      vertex 15.9 0 0
    endloop
  endfacet
  facet normal 0 0 -1
    outer loop
      vertex 17.0897 -0.979092 0
      vertex 15.8223 -0.689815 0
      vertex 15.8805 -0.34709 0
    endloop
  endfacet
  facet normal 0 0 -1
    outer loop
      vertex 16.9531 -1.45323 0
      vertex 15.726 -1.02386 0
      vertex 15.8223 -0.689815 0
    endloop
  endfacet
  facet normal 0 0 -1
    outer loop
      vertex 16.7643 -1.90909 0
      vertex 15.593 -1.34504 0
      vertex 15.726 -1.02386 0
    endloop
  endfacet
  facet normal 0 0 -1
    outer loop
      vertex 14.992 -2.19203 0
      vertex 15.9113 -3.11127 0
      vertex 15.5434 -3.44006 0
    endloop
  endfacet
  facet normal 0 0 -1
    outer loop
      vertex 16.5256 -2.34094 0
      vertex 15.4248 -1.6493 0
      vertex 15.593 -1.34504 0
    endloop
  endfacet
  facet normal 0 0 -1
    outer loop
      vertex 16.2401 -2.74335 0
      vertex 15.2237 -1.93282 0
      vertex 15.4248 -1.6493 0
    endloop
  endfacet
  facet normal 0 0 -1
    outer loop
      vertex 14.7328 -2.42368 0
      vertex 15.5434 -3.44006 0
      vertex 15.1409 -3.72559 0
    endloop
  endfacet
  facet normal 0 0 -1
    outer loop
      vertex 15.9113 -3.11127 0
      vertex 14.992 -2.19203 0
      vertex 15.2237 -1.93282 0
    endloop
  endfacet
  facet normal 0 0 -1
    outer loop
      vertex 15.5434 -3.44006 0
      vertex 14.7328 -2.42368 0
      vertex 14.992 -2.19203 0
    endloop
  endfacet
  facet normal 0 0 -1
    outer loop
      vertex 14.4493 -2.62484 0
      vertex 15.1409 -3.72559 0
      vertex 14.7091 -3.96426 0
    endloop
  endfacet
  facet normal 0 0 -1
    outer loop
      vertex 15.1409 -3.72559 0
      vertex 14.4493 -2.62484 0
      vertex 14.7328 -2.42368 0
    endloop
  endfacet
  facet normal 0 0 -1
    outer loop
      vertex 14.145 -2.793 0
      vertex 14.7091 -3.96426 0
      vertex 14.2532 -4.15309 0
    endloop
  endfacet
  facet normal 0 0 -1
    outer loop
      vertex 14.7091 -3.96426 0
      vertex 14.145 -2.793 0
      vertex 14.4493 -2.62484 0
    endloop
  endfacet
  facet normal 0 0 -1
    outer loop
      vertex 14.2532 -4.15309 0
      vertex 13.8239 -2.92604 0
      vertex 14.145 -2.793 0
    endloop
  endfacet
  facet normal 0 0 -1
    outer loop
      vertex 13.7791 -4.28968 0
      vertex 13.8239 -2.92604 0
      vertex 14.2532 -4.15309 0
    endloop
  endfacet
  facet normal 0 0 -1
    outer loop
      vertex 13.7791 -4.28968 0
      vertex 13.4898 -3.02228 0
      vertex 13.8239 -2.92604 0
    endloop
  endfacet
  facet normal 0 0 -1
    outer loop
      vertex 13.2926 -4.37233 0
      vertex 13.4898 -3.02228 0
      vertex 13.7791 -4.28968 0
    endloop
  endfacet
  facet normal 0 0 -1
    outer loop
      vertex 13.2926 -4.37233 0
      vertex 13.1471 -3.08051 0
      vertex 13.4898 -3.02228 0
    endloop
  endfacet
  facet normal 0 0 -1
    outer loop
      vertex 12.8 -4.4 0
      vertex 13.1471 -3.08051 0
      vertex 13.2926 -4.37233 0
    endloop
  endfacet
  facet normal 0 0 -1
    outer loop
      vertex 12.8 -4.4 0
      vertex 12.8 -3.1 0
      vertex 13.1471 -3.08051 0
    endloop
  endfacet
  facet normal 0 0 -1
    outer loop
      vertex 12.8 -4.4 0
      vertex 12.4529 -3.08051 0
      vertex 12.8 -3.1 0
    endloop
  endfacet
  facet normal 0 0 -1
    outer loop
      vertex 12.3074 -4.37233 0
      vertex 12.4529 -3.08051 0
      vertex 12.8 -4.4 0
    endloop
  endfacet
  facet normal 0 0 -1
    outer loop
      vertex 12.3074 -4.37233 0
      vertex 12.1102 -3.02228 0
      vertex 12.4529 -3.08051 0
    endloop
  endfacet
  facet normal 0 0 -1
    outer loop
      vertex 11.8209 -4.28968 0
      vertex 12.1102 -3.02228 0
      vertex 12.3074 -4.37233 0
    endloop
  endfacet
  facet normal 0 0 -1
    outer loop
      vertex 11.8209 -4.28968 0
      vertex 11.7761 -2.92604 0
      vertex 12.1102 -3.02228 0
    endloop
  endfacet
  facet normal 0 0 -1
    outer loop
      vertex 11.3468 -4.15309 0
      vertex 11.7761 -2.92604 0
      vertex 11.8209 -4.28968 0
    endloop
  endfacet
  facet normal -0 0 -1
    outer loop
      vertex 11.7761 -2.92604 0
      vertex 11.3468 -4.15309 0
      vertex 11.455 -2.793 0
    endloop
  endfacet
  facet normal 0 0 -1
    outer loop
      vertex 10.8909 -3.96426 0
      vertex 11.455 -2.793 0
      vertex 11.3468 -4.15309 0
    endloop
  endfacet
  facet normal -0 0 -1
    outer loop
      vertex 11.455 -2.793 0
      vertex 10.8909 -3.96426 0
      vertex 11.1507 -2.62484 0
    endloop
  endfacet
  facet normal 0 0 -1
    outer loop
      vertex 10.4591 -3.72559 0
      vertex 11.1507 -2.62484 0
      vertex 10.8909 -3.96426 0
    endloop
  endfacet
  facet normal -0 0 -1
    outer loop
      vertex 11.1507 -2.62484 0
      vertex 10.4591 -3.72559 0
      vertex 10.8672 -2.42368 0
    endloop
  endfacet
  facet normal 0 0 -1
    outer loop
      vertex 10.0566 -3.44006 0
      vertex 10.8672 -2.42368 0
      vertex 10.4591 -3.72559 0
    endloop
  endfacet
  facet normal -0 0 -1
    outer loop
      vertex 10.8672 -2.42368 0
      vertex 10.0566 -3.44006 0
      vertex 10.608 -2.19203 0
    endloop
  endfacet
  facet normal 0 0 -1
    outer loop
      vertex 9.68873 -3.11127 0
      vertex 10.608 -2.19203 0
      vertex 10.0566 -3.44006 0
    endloop
  endfacet
  facet normal -0 0 -1
    outer loop
      vertex 10.608 -2.19203 0
      vertex 9.68873 -3.11127 0
      vertex 10.3763 -1.93282 0
    endloop
  endfacet
  facet normal 0 0 -1
    outer loop
      vertex 9.35994 -2.74335 0
      vertex 10.3763 -1.93282 0
      vertex 9.68873 -3.11127 0
    endloop
  endfacet
  facet normal -0 0 -1
    outer loop
      vertex 10.3763 -1.93282 0
      vertex 9.35994 -2.74335 0
      vertex 10.1752 -1.6493 0
    endloop
  endfacet
  facet normal 0 0 -1
    outer loop
      vertex 9.07441 -2.34094 0
      vertex 10.1752 -1.6493 0
      vertex 9.35994 -2.74335 0
    endloop
  endfacet
  facet normal -0 0 -1
    outer loop
      vertex 10.1752 -1.6493 0
      vertex 9.07441 -2.34094 0
      vertex 10.007 -1.34504 0
    endloop
  endfacet
  facet normal -0 0 -1
    outer loop
      vertex 10.007 -1.34504 0
      vertex 8.83574 -1.90909 0
      vertex 9.87396 -1.02386 0
    endloop
  endfacet
  facet normal 0 0 -1
    outer loop
      vertex 8.83574 -1.90909 0
      vertex 10.007 -1.34504 0
      vertex 9.07441 -2.34094 0
    endloop
  endfacet
  facet normal 0 0 -1
    outer loop
      vertex 15.593 1.34504 0
      vertex 16.7643 1.90909 0
      vertex 15.726 1.02386 0
    endloop
  endfacet
  facet normal -0 0 -1
    outer loop
      vertex 16.7643 1.90909 0
      vertex 15.593 1.34504 0
      vertex 16.5256 2.34094 0
    endloop
  endfacet
  facet normal 0 0 -1
    outer loop
      vertex 15.4248 1.6493 0
      vertex 16.5256 2.34094 0
      vertex 15.593 1.34504 0
    endloop
  endfacet
  facet normal -0 0 -1
    outer loop
      vertex 16.5256 2.34094 0
      vertex 15.4248 1.6493 0
      vertex 16.2401 2.74335 0
    endloop
  endfacet
  facet normal 0 0 -1
    outer loop
      vertex 15.2237 1.93282 0
      vertex 16.2401 2.74335 0
      vertex 15.4248 1.6493 0
    endloop
  endfacet
  facet normal -0 0 -1
    outer loop
      vertex 16.2401 2.74335 0
      vertex 15.2237 1.93282 0
      vertex 15.9113 3.11127 0
    endloop
  endfacet
  facet normal 0 0 -1
    outer loop
      vertex 14.992 2.19203 0
      vertex 15.9113 3.11127 0
      vertex 15.2237 1.93282 0
    endloop
  endfacet
  facet normal -0 0 -1
    outer loop
      vertex 15.9113 3.11127 0
      vertex 14.992 2.19203 0
      vertex 15.5434 3.44006 0
    endloop
  endfacet
  facet normal 0 0 -1
    outer loop
      vertex 14.7328 2.42368 0
      vertex 15.5434 3.44006 0
      vertex 14.992 2.19203 0
    endloop
  endfacet
  facet normal -0 0 -1
    outer loop
      vertex 15.5434 3.44006 0
      vertex 14.7328 2.42368 0
      vertex 15.1409 3.72559 0
    endloop
  endfacet
  facet normal 0 0 -1
    outer loop
      vertex 14.4493 2.62484 0
      vertex 15.1409 3.72559 0
      vertex 14.7328 2.42368 0
    endloop
  endfacet
  facet normal -0 0 -1
    outer loop
      vertex 15.1409 3.72559 0
      vertex 14.4493 2.62484 0
      vertex 14.7091 3.96426 0
    endloop
  endfacet
  facet normal 0 0 -1
    outer loop
      vertex 14.145 2.793 0
      vertex 14.7091 3.96426 0
      vertex 14.4493 2.62484 0
    endloop
  endfacet
  facet normal -0 0 -1
    outer loop
      vertex 14.7091 3.96426 0
      vertex 14.145 2.793 0
      vertex 14.2532 4.15309 0
    endloop
  endfacet
  facet normal 0 0 -1
    outer loop
      vertex 13.8239 2.92604 0
      vertex 14.2532 4.15309 0
      vertex 14.145 2.793 0
    endloop
  endfacet
  facet normal 0 0 -1
    outer loop
      vertex 13.8239 2.92604 0
      vertex 13.7791 4.28968 0
      vertex 14.2532 4.15309 0
    endloop
  endfacet
  facet normal 0 0 -1
    outer loop
      vertex 13.4898 3.02228 0
      vertex 13.7791 4.28968 0
      vertex 13.8239 2.92604 0
    endloop
  endfacet
  facet normal 0 0 -1
    outer loop
      vertex 13.4898 3.02228 0
      vertex 13.2926 4.37233 0
      vertex 13.7791 4.28968 0
    endloop
  endfacet
  facet normal 0 0 -1
    outer loop
      vertex 13.1471 3.08051 0
      vertex 13.2926 4.37233 0
      vertex 13.4898 3.02228 0
    endloop
  endfacet
  facet normal 0 0 -1
    outer loop
      vertex 12.8 3.1 0
      vertex 13.2926 4.37233 0
      vertex 13.1471 3.08051 0
    endloop
  endfacet
  facet normal 0 0 -1
    outer loop
      vertex 12.8 3.1 0
      vertex 12.8 4.4 0
      vertex 13.2926 4.37233 0
    endloop
  endfacet
  facet normal 0 0 -1
    outer loop
      vertex 12.4529 3.08051 0
      vertex 12.8 4.4 0
      vertex 12.8 3.1 0
    endloop
  endfacet
  facet normal 0 0 -1
    outer loop
      vertex 12.4529 3.08051 0
      vertex 12.3074 4.37233 0
      vertex 12.8 4.4 0
    endloop
  endfacet
  facet normal 0 0 -1
    outer loop
      vertex 12.1102 3.02228 0
      vertex 12.3074 4.37233 0
      vertex 12.4529 3.08051 0
    endloop
  endfacet
  facet normal 0 0 -1
    outer loop
      vertex 12.1102 3.02228 0
      vertex 11.8209 4.28968 0
      vertex 12.3074 4.37233 0
    endloop
  endfacet
  facet normal 0 0 -1
    outer loop
      vertex 11.7761 2.92604 0
      vertex 11.8209 4.28968 0
      vertex 12.1102 3.02228 0
    endloop
  endfacet
  facet normal 0 0 -1
    outer loop
      vertex 11.3468 4.15309 0
      vertex 11.7761 2.92604 0
      vertex 11.455 2.793 0
    endloop
  endfacet
  facet normal 0 0 -1
    outer loop
      vertex 11.7761 2.92604 0
      vertex 11.3468 4.15309 0
      vertex 11.8209 4.28968 0
    endloop
  endfacet
  facet normal 0 0 -1
    outer loop
      vertex 10.8909 3.96426 0
      vertex 11.455 2.793 0
      vertex 11.1507 2.62484 0
    endloop
  endfacet
  facet normal 0 0 -1
    outer loop
      vertex 11.455 2.793 0
      vertex 10.8909 3.96426 0
      vertex 11.3468 4.15309 0
    endloop
  endfacet
  facet normal 0 0 -1
    outer loop
      vertex 10.4591 3.72559 0
      vertex 11.1507 2.62484 0
      vertex 10.8672 2.42368 0
    endloop
  endfacet
  facet normal 0 0 -1
    outer loop
      vertex 10.0566 3.44006 0
      vertex 10.8672 2.42368 0
      vertex 10.608 2.19203 0
    endloop
  endfacet
  facet normal 0 0 -1
    outer loop
      vertex 11.1507 2.62484 0
      vertex 10.4591 3.72559 0
      vertex 10.8909 3.96426 0
    endloop
  endfacet
  facet normal 0 0 -1
    outer loop
      vertex 9.68873 3.11127 0
      vertex 10.608 2.19203 0
      vertex 10.3763 1.93282 0
    endloop
  endfacet
  facet normal 0 0 -1
    outer loop
      vertex 9.35994 2.74335 0
      vertex 10.3763 1.93282 0
      vertex 10.1752 1.6493 0
    endloop
  endfacet
  facet normal 0 0 -1
    outer loop
      vertex 10.8672 2.42368 0
      vertex 10.0566 3.44006 0
      vertex 10.4591 3.72559 0
    endloop
  endfacet
  facet normal 0 0 -1
    outer loop
      vertex 9.07441 2.34094 0
      vertex 10.1752 1.6493 0
      vertex 10.007 1.34504 0
    endloop
  endfacet
  facet normal 0 0 -1
    outer loop
      vertex 8.83574 1.90909 0
      vertex 10.007 1.34504 0
      vertex 9.87396 1.02386 0
    endloop
  endfacet
  facet normal 0 0 -1
    outer loop
      vertex 8.64691 1.45323 0
      vertex 9.87396 1.02386 0
      vertex 9.77772 0.689815 0
    endloop
  endfacet
  facet normal 0 0 -1
    outer loop
      vertex 8.51032 0.979092 0
      vertex 9.77772 0.689815 0
      vertex 9.71949 0.34709 0
    endloop
  endfacet
  facet normal 0 0 -1
    outer loop
      vertex 10.608 2.19203 0
      vertex 9.68873 3.11127 0
      vertex 10.0566 3.44006 0
    endloop
  endfacet
  facet normal 0 0 -1
    outer loop
      vertex 8.42767 0.492643 0
      vertex 9.71949 0.34709 0
      vertex 9.7 0 0
    endloop
  endfacet
  facet normal 0 0 -1
    outer loop
      vertex 8.64691 -1.45323 0
      vertex 9.87396 -1.02386 0
      vertex 8.83574 -1.90909 0
    endloop
  endfacet
  facet normal -0 0 -1
    outer loop
      vertex 9.87396 -1.02386 0
      vertex 8.64691 -1.45323 0
      vertex 9.77772 -0.689815 0
    endloop
  endfacet
  facet normal 0 0 -1
    outer loop
      vertex 10.3763 1.93282 0
      vertex 9.35994 2.74335 0
      vertex 9.68873 3.11127 0
    endloop
  endfacet
  facet normal 0 0 -1
    outer loop
      vertex 8.51032 -0.979092 0
      vertex 9.77772 -0.689815 0
      vertex 8.64691 -1.45323 0
    endloop
  endfacet
  facet normal 0 0 -1
    outer loop
      vertex 10.1752 1.6493 0
      vertex 9.07441 2.34094 0
      vertex 9.35994 2.74335 0
    endloop
  endfacet
  facet normal -0 0 -1
    outer loop
      vertex 9.77772 -0.689815 0
      vertex 8.51032 -0.979092 0
      vertex 9.71949 -0.34709 0
    endloop
  endfacet
  facet normal 0 0 -1
    outer loop
      vertex 10.007 1.34504 0
      vertex 8.83574 1.90909 0
      vertex 9.07441 2.34094 0
    endloop
  endfacet
  facet normal 0 0 -1
    outer loop
      vertex 8.42767 -0.492643 0
      vertex 9.71949 -0.34709 0
      vertex 8.51032 -0.979092 0
    endloop
  endfacet
  facet normal 0 0 -1
    outer loop
      vertex 9.87396 1.02386 0
      vertex 8.64691 1.45323 0
      vertex 8.83574 1.90909 0
    endloop
  endfacet
  facet normal -0 0 -1
    outer loop
      vertex 9.71949 -0.34709 0
      vertex 8.42767 -0.492643 0
      vertex 9.7 0 0
    endloop
  endfacet
  facet normal 0 0 -1
    outer loop
      vertex 9.77772 0.689815 0
      vertex 8.51032 0.979092 0
      vertex 8.64691 1.45323 0
    endloop
  endfacet
  facet normal 0 0 -1
    outer loop
      vertex 8.4 0 0
      vertex 9.7 0 0
      vertex 8.42767 -0.492643 0
    endloop
  endfacet
  facet normal 0 0 -1
    outer loop
      vertex 9.71949 0.34709 0
      vertex 8.42767 0.492643 0
      vertex 8.51032 0.979092 0
    endloop
  endfacet
  facet normal 0 0 -1
    outer loop
      vertex 9.7 0 0
      vertex 8.4 0 0
      vertex 8.42767 0.492643 0
    endloop
  endfacet
  facet normal -0.276843 -0.960915 0
    outer loop
      vertex 11.3468 -4.15309 0
      vertex 11.8209 -4.28968 4
      vertex 11.3468 -4.15309 4
    endloop
  endfacet
  facet normal -0.276843 -0.960915 -0
    outer loop
      vertex 11.8209 -4.28968 4
      vertex 11.3468 -4.15309 0
      vertex 11.8209 -4.28968 0
    endloop
  endfacet
  facet normal -0.875228 0.483711 0
    outer loop
      vertex 8.83574 1.90909 0
      vertex 9.07441 2.34094 4
      vertex 9.07441 2.34094 0
    endloop
  endfacet
  facet normal -0.875228 0.483711 0
    outer loop
      vertex 9.07441 2.34094 4
      vertex 8.83574 1.90909 0
      vertex 8.83574 1.90909 4
    endloop
  endfacet
  facet normal -0.382715 0.923867 0
    outer loop
      vertex 13.5376 -1.53165 2.39
      vertex 13.3615 -1.6046 4
      vertex 13.5376 -1.53165 4
    endloop
  endfacet
  facet normal -0.382715 0.923867 0
    outer loop
      vertex 13.3615 -1.6046 4
      vertex 13.5376 -1.53165 2.39
      vertex 13.3615 -1.6046 2.39
    endloop
  endfacet
  facet normal -0.9859 -0.167336 0
    outer loop
      vertex 14.4893 0.190339 2.39
      vertex 14.4574 0.378285 4
      vertex 14.4574 0.378285 2.39
    endloop
  endfacet
  facet normal -0.9859 -0.167336 0
    outer loop
      vertex 14.4574 0.378285 4
      vertex 14.4893 0.190339 2.39
      vertex 14.4893 0.190339 4
    endloop
  endfacet
  facet normal -0.998424 -0.0561269 0
    outer loop
      vertex 14.5 0 2.39
      vertex 14.4893 0.190339 4
      vertex 14.4893 0.190339 2.39
    endloop
  endfacet
  facet normal -0.998424 -0.0561269 0
    outer loop
      vertex 14.4893 0.190339 4
      vertex 14.5 0 2.39
      vertex 14.5 0 4
    endloop
  endfacet
  facet normal -0.9859 0.167336 0
    outer loop
      vertex 14.4574 -0.378285 2.39
      vertex 14.4893 -0.190339 4
      vertex 14.4893 -0.190339 2.39
    endloop
  endfacet
  facet normal -0.9859 0.167336 0
    outer loop
      vertex 14.4893 -0.190339 4
      vertex 14.4574 -0.378285 2.39
      vertex 14.4574 -0.378285 4
    endloop
  endfacet
  facet normal 0.745728 0.66625 0
    outer loop
      vertex 11.5979 -1.20208 4
      vertex 11.4709 -1.05993 2.39
      vertex 11.4709 -1.05993 4
    endloop
  endfacet
  facet normal 0.745728 0.66625 0
    outer loop
      vertex 11.4709 -1.05993 2.39
      vertex 11.5979 -1.20208 4
      vertex 11.5979 -1.20208 2.39
    endloop
  endfacet
  facet normal 0.382715 0.923867 -0
    outer loop
      vertex 12.2385 -1.6046 2.39
      vertex 12.0624 -1.53165 4
      vertex 12.2385 -1.6046 4
    endloop
  endfacet
  facet normal 0.382715 0.923867 0
    outer loop
      vertex 12.0624 -1.53165 4
      vertex 12.2385 -1.6046 2.39
      vertex 12.0624 -1.53165 2.39
    endloop
  endfacet
  facet normal 0.666208 0.745766 -0
    outer loop
      vertex 11.7401 -1.32911 2.39
      vertex 11.5979 -1.20208 4
      vertex 11.7401 -1.32911 4
    endloop
  endfacet
  facet normal 0.666208 0.745766 0
    outer loop
      vertex 11.5979 -1.20208 4
      vertex 11.7401 -1.32911 2.39
      vertex 11.5979 -1.20208 2.39
    endloop
  endfacet
  facet normal -0.960884 0.276953 0
    outer loop
      vertex 14.4046 -0.561474 2.39
      vertex 14.4574 -0.378285 4
      vertex 14.4574 -0.378285 2.39
    endloop
  endfacet
  facet normal -0.960884 0.276953 0
    outer loop
      vertex 14.4574 -0.378285 4
      vertex 14.4046 -0.561474 2.39
      vertex 14.4046 -0.561474 4
    endloop
  endfacet
  facet normal -0.27684 0.960916 0
    outer loop
      vertex 13.3615 -1.6046 2.39
      vertex 13.1783 -1.65738 4
      vertex 13.3615 -1.6046 4
    endloop
  endfacet
  facet normal -0.27684 0.960916 0
    outer loop
      vertex 13.1783 -1.65738 4
      vertex 13.3615 -1.6046 2.39
      vertex 13.1783 -1.65738 2.39
    endloop
  endfacet
  facet normal -0.666208 -0.745766 0
    outer loop
      vertex 13.8599 1.32911 2.39
      vertex 14.0021 1.20208 4
      vertex 13.8599 1.32911 4
    endloop
  endfacet
  facet normal -0.666208 -0.745766 -0
    outer loop
      vertex 14.0021 1.20208 4
      vertex 13.8599 1.32911 2.39
      vertex 14.0021 1.20208 2.39
    endloop
  endfacet
  facet normal 0.745728 -0.66625 0
    outer loop
      vertex 11.4709 1.05993 4
      vertex 11.5979 1.20208 2.39
      vertex 11.5979 1.20208 4
    endloop
  endfacet
  facet normal 0.745728 -0.66625 0
    outer loop
      vertex 11.5979 1.20208 2.39
      vertex 11.4709 1.05993 4
      vertex 11.4709 1.05993 2.39
    endloop
  endfacet
  facet normal -0.056086 0.998426 0
    outer loop
      vertex 12.9903 -1.68931 2.39
      vertex 12.8 -1.7 4
      vertex 12.9903 -1.68931 4
    endloop
  endfacet
  facet normal -0.056086 0.998426 0
    outer loop
      vertex 12.8 -1.7 4
      vertex 12.9903 -1.68931 2.39
      vertex 12.8 -1.7 2.39
    endloop
  endfacet
  facet normal -0.815601 -0.578615 0
    outer loop
      vertex 14.2394 0.904454 2.39
      vertex 14.1291 1.05993 4
      vertex 14.1291 1.05993 2.39
    endloop
  endfacet
  facet normal -0.815601 -0.578615 0
    outer loop
      vertex 14.1291 1.05993 4
      vertex 14.2394 0.904454 2.39
      vertex 14.2394 0.904454 4
    endloop
  endfacet
  facet normal -0.578873 -0.815418 0
    outer loop
      vertex 13.7045 1.43943 2.39
      vertex 13.8599 1.32911 4
      vertex 13.7045 1.43943 4
    endloop
  endfacet
  facet normal -0.578873 -0.815418 -0
    outer loop
      vertex 13.8599 1.32911 4
      vertex 13.7045 1.43943 2.39
      vertex 13.8599 1.32911 2.39
    endloop
  endfacet
  facet normal -0.167443 0.985882 0
    outer loop
      vertex 13.1783 -1.65738 2.39
      vertex 12.9903 -1.68931 4
      vertex 13.1783 -1.65738 4
    endloop
  endfacet
  facet normal -0.167443 0.985882 0
    outer loop
      vertex 12.9903 -1.68931 4
      vertex 13.1783 -1.65738 2.39
      vertex 12.9903 -1.68931 2.39
    endloop
  endfacet
  facet normal -0.483629 -0.875273 0
    outer loop
      vertex 13.5376 1.53165 2.39
      vertex 13.7045 1.43943 4
      vertex 13.5376 1.53165 4
    endloop
  endfacet
  facet normal -0.483629 -0.875273 -0
    outer loop
      vertex 13.7045 1.43943 4
      vertex 13.5376 1.53165 2.39
      vertex 13.7045 1.43943 2.39
    endloop
  endfacet
  facet normal 0.27684 -0.960916 0
    outer loop
      vertex 12.2385 1.6046 2.39
      vertex 12.4217 1.65738 4
      vertex 12.2385 1.6046 4
    endloop
  endfacet
  facet normal 0.27684 -0.960916 0
    outer loop
      vertex 12.4217 1.65738 4
      vertex 12.2385 1.6046 2.39
      vertex 12.4217 1.65738 2.39
    endloop
  endfacet
  facet normal -0.998424 0.0561269 0
    outer loop
      vertex 14.4893 -0.190339 2.39
      vertex 14.5 0 4
      vertex 14.5 0 2.39
    endloop
  endfacet
  facet normal -0.998424 0.0561269 0
    outer loop
      vertex 14.5 0 4
      vertex 14.4893 -0.190339 2.39
      vertex 14.4893 -0.190339 4
    endloop
  endfacet
  facet normal 0.167443 0.985882 -0
    outer loop
      vertex 12.6097 -1.68931 2.39
      vertex 12.4217 -1.65738 4
      vertex 12.6097 -1.68931 4
    endloop
  endfacet
  facet normal 0.167443 0.985882 0
    outer loop
      vertex 12.4217 -1.65738 4
      vertex 12.6097 -1.68931 2.39
      vertex 12.4217 -1.65738 2.39
    endloop
  endfacet
  facet normal -0.483629 0.875273 0
    outer loop
      vertex 13.7045 -1.43943 2.39
      vertex 13.5376 -1.53165 4
      vertex 13.7045 -1.43943 4
    endloop
  endfacet
  facet normal -0.483629 0.875273 0
    outer loop
      vertex 13.5376 -1.53165 4
      vertex 13.7045 -1.43943 2.39
      vertex 13.5376 -1.53165 2.39
    endloop
  endfacet
  facet normal -0.745728 -0.66625 0
    outer loop
      vertex 14.1291 1.05993 2.39
      vertex 14.0021 1.20208 4
      vertex 14.0021 1.20208 2.39
    endloop
  endfacet
  facet normal -0.745728 -0.66625 0
    outer loop
      vertex 14.0021 1.20208 4
      vertex 14.1291 1.05993 2.39
      vertex 14.1291 1.05993 4
    endloop
  endfacet
  facet normal 0.666208 -0.745766 0
    outer loop
      vertex 11.5979 1.20208 2.39
      vertex 11.7401 1.32911 4
      vertex 11.5979 1.20208 4
    endloop
  endfacet
  facet normal 0.666208 -0.745766 0
    outer loop
      vertex 11.7401 1.32911 4
      vertex 11.5979 1.20208 2.39
      vertex 11.7401 1.32911 2.39
    endloop
  endfacet
  facet normal -0.578873 0.815418 0
    outer loop
      vertex 13.8599 -1.32911 2.39
      vertex 13.7045 -1.43943 4
      vertex 13.8599 -1.32911 4
    endloop
  endfacet
  facet normal -0.578873 0.815418 0
    outer loop
      vertex 13.7045 -1.43943 4
      vertex 13.8599 -1.32911 2.39
      vertex 13.7045 -1.43943 2.39
    endloop
  endfacet
  facet normal 0.167443 -0.985882 0
    outer loop
      vertex 12.4217 1.65738 2.39
      vertex 12.6097 1.68931 4
      vertex 12.4217 1.65738 4
    endloop
  endfacet
  facet normal 0.167443 -0.985882 0
    outer loop
      vertex 12.6097 1.68931 4
      vertex 12.4217 1.65738 2.39
      vertex 12.6097 1.68931 2.39
    endloop
  endfacet
  facet normal -0.382715 -0.923867 0
    outer loop
      vertex 13.3615 1.6046 2.39
      vertex 13.5376 1.53165 4
      vertex 13.3615 1.6046 4
    endloop
  endfacet
  facet normal -0.382715 -0.923867 -0
    outer loop
      vertex 13.5376 1.53165 4
      vertex 13.3615 1.6046 2.39
      vertex 13.5376 1.53165 2.39
    endloop
  endfacet
  facet normal -0.745728 0.66625 0
    outer loop
      vertex 14.0021 -1.20208 2.39
      vertex 14.1291 -1.05993 4
      vertex 14.1291 -1.05993 2.39
    endloop
  endfacet
  facet normal -0.745728 0.66625 0
    outer loop
      vertex 14.1291 -1.05993 4
      vertex 14.0021 -1.20208 2.39
      vertex 14.0021 -1.20208 4
    endloop
  endfacet
  facet normal 0.27684 0.960916 -0
    outer loop
      vertex 12.4217 -1.65738 2.39
      vertex 12.2385 -1.6046 4
      vertex 12.4217 -1.65738 4
    endloop
  endfacet
  facet normal 0.27684 0.960916 0
    outer loop
      vertex 12.2385 -1.6046 4
      vertex 12.4217 -1.65738 2.39
      vertex 12.2385 -1.6046 2.39
    endloop
  endfacet
  facet normal 0.923795 0.382887 0
    outer loop
      vertex 11.2684 -0.737602 4
      vertex 11.1954 -0.561474 2.39
      vertex 11.1954 -0.561474 4
    endloop
  endfacet
  facet normal 0.923795 0.382887 0
    outer loop
      vertex 11.1954 -0.561474 2.39
      vertex 11.2684 -0.737602 4
      vertex 11.2684 -0.737602 2.39
    endloop
  endfacet
  facet normal 0.056086 -0.998426 0
    outer loop
      vertex 12.6097 1.68931 2.39
      vertex 12.8 1.7 4
      vertex 12.6097 1.68931 4
    endloop
  endfacet
  facet normal 0.056086 -0.998426 0
    outer loop
      vertex 12.8 1.7 4
      vertex 12.6097 1.68931 2.39
      vertex 12.8 1.7 2.39
    endloop
  endfacet
  facet normal -0.875259 -0.483655 0
    outer loop
      vertex 14.3316 0.737602 2.39
      vertex 14.2394 0.904454 4
      vertex 14.2394 0.904454 2.39
    endloop
  endfacet
  facet normal -0.875259 -0.483655 0
    outer loop
      vertex 14.2394 0.904454 4
      vertex 14.3316 0.737602 2.39
      vertex 14.3316 0.737602 4
    endloop
  endfacet
  facet normal -0.167443 -0.985882 0
    outer loop
      vertex 12.9903 1.68931 2.39
      vertex 13.1783 1.65738 4
      vertex 12.9903 1.68931 4
    endloop
  endfacet
  facet normal -0.167443 -0.985882 -0
    outer loop
      vertex 13.1783 1.65738 4
      vertex 12.9903 1.68931 2.39
      vertex 13.1783 1.65738 2.39
    endloop
  endfacet
  facet normal 0.9859 -0.167336 0
    outer loop
      vertex 11.1107 0.190339 4
      vertex 11.1426 0.378285 2.39
      vertex 11.1426 0.378285 4
    endloop
  endfacet
  facet normal 0.9859 -0.167336 0
    outer loop
      vertex 11.1426 0.378285 2.39
      vertex 11.1107 0.190339 4
      vertex 11.1107 0.190339 2.39
    endloop
  endfacet
  facet normal 0.382715 -0.923867 0
    outer loop
      vertex 12.0624 1.53165 2.39
      vertex 12.2385 1.6046 4
      vertex 12.0624 1.53165 4
    endloop
  endfacet
  facet normal 0.382715 -0.923867 0
    outer loop
      vertex 12.2385 1.6046 4
      vertex 12.0624 1.53165 2.39
      vertex 12.2385 1.6046 2.39
    endloop
  endfacet
  facet normal 0.815601 0.578615 0
    outer loop
      vertex 11.4709 -1.05993 4
      vertex 11.3606 -0.904454 2.39
      vertex 11.3606 -0.904454 4
    endloop
  endfacet
  facet normal 0.815601 0.578615 0
    outer loop
      vertex 11.3606 -0.904454 2.39
      vertex 11.4709 -1.05993 4
      vertex 11.4709 -1.05993 2.39
    endloop
  endfacet
  facet normal -0.27684 -0.960916 0
    outer loop
      vertex 13.1783 1.65738 2.39
      vertex 13.3615 1.6046 4
      vertex 13.1783 1.65738 4
    endloop
  endfacet
  facet normal -0.27684 -0.960916 -0
    outer loop
      vertex 13.3615 1.6046 4
      vertex 13.1783 1.65738 2.39
      vertex 13.3615 1.6046 2.39
    endloop
  endfacet
  facet normal -0.923795 0.382887 0
    outer loop
      vertex 14.3316 -0.737602 2.39
      vertex 14.4046 -0.561474 4
      vertex 14.4046 -0.561474 2.39
    endloop
  endfacet
  facet normal -0.923795 0.382887 0
    outer loop
      vertex 14.4046 -0.561474 4
      vertex 14.3316 -0.737602 2.39
      vertex 14.3316 -0.737602 4
    endloop
  endfacet
  facet normal 0.056086 0.998426 -0
    outer loop
      vertex 12.8 -1.7 2.39
      vertex 12.6097 -1.68931 4
      vertex 12.8 -1.7 4
    endloop
  endfacet
  facet normal 0.056086 0.998426 0
    outer loop
      vertex 12.6097 -1.68931 4
      vertex 12.8 -1.7 2.39
      vertex 12.6097 -1.68931 2.39
    endloop
  endfacet
  facet normal -0.815601 0.578615 0
    outer loop
      vertex 14.1291 -1.05993 2.39
      vertex 14.2394 -0.904454 4
      vertex 14.2394 -0.904454 2.39
    endloop
  endfacet
  facet normal -0.815601 0.578615 0
    outer loop
      vertex 14.2394 -0.904454 4
      vertex 14.1291 -1.05993 2.39
      vertex 14.1291 -1.05993 4
    endloop
  endfacet
  facet normal -0.923795 -0.382887 0
    outer loop
      vertex 14.4046 0.561474 2.39
      vertex 14.3316 0.737602 4
      vertex 14.3316 0.737602 2.39
    endloop
  endfacet
  facet normal -0.923795 -0.382887 0
    outer loop
      vertex 14.3316 0.737602 4
      vertex 14.4046 0.561474 2.39
      vertex 14.4046 0.561474 4
    endloop
  endfacet
  facet normal 0.875259 -0.483655 0
    outer loop
      vertex 11.2684 0.737602 4
      vertex 11.3606 0.904454 2.39
      vertex 11.3606 0.904454 4
    endloop
  endfacet
  facet normal 0.875259 -0.483655 0
    outer loop
      vertex 11.3606 0.904454 2.39
      vertex 11.2684 0.737602 4
      vertex 11.2684 0.737602 2.39
    endloop
  endfacet
  facet normal -0.875259 0.483655 0
    outer loop
      vertex 14.2394 -0.904454 2.39
      vertex 14.3316 -0.737602 4
      vertex 14.3316 -0.737602 2.39
    endloop
  endfacet
  facet normal -0.875259 0.483655 0
    outer loop
      vertex 14.3316 -0.737602 4
      vertex 14.2394 -0.904454 2.39
      vertex 14.2394 -0.904454 4
    endloop
  endfacet
  facet normal -0.960884 -0.276953 0
    outer loop
      vertex 14.4574 0.378285 2.39
      vertex 14.4046 0.561474 4
      vertex 14.4046 0.561474 2.39
    endloop
  endfacet
  facet normal -0.960884 -0.276953 0
    outer loop
      vertex 14.4046 0.561474 4
      vertex 14.4574 0.378285 2.39
      vertex 14.4574 0.378285 4
    endloop
  endfacet
  facet normal 0.815601 -0.578615 0
    outer loop
      vertex 11.3606 0.904454 4
      vertex 11.4709 1.05993 2.39
      vertex 11.4709 1.05993 4
    endloop
  endfacet
  facet normal 0.815601 -0.578615 0
    outer loop
      vertex 11.4709 1.05993 2.39
      vertex 11.3606 0.904454 4
      vertex 11.3606 0.904454 2.39
    endloop
  endfacet
  facet normal 0.960884 0.276953 0
    outer loop
      vertex 11.1954 -0.561474 4
      vertex 11.1426 -0.378285 2.39
      vertex 11.1426 -0.378285 4
    endloop
  endfacet
  facet normal 0.960884 0.276953 0
    outer loop
      vertex 11.1426 -0.378285 2.39
      vertex 11.1954 -0.561474 4
      vertex 11.1954 -0.561474 2.39
    endloop
  endfacet
  facet normal -0.056086 -0.998426 0
    outer loop
      vertex 12.8 1.7 2.39
      vertex 12.9903 1.68931 4
      vertex 12.8 1.7 4
    endloop
  endfacet
  facet normal -0.056086 -0.998426 -0
    outer loop
      vertex 12.9903 1.68931 4
      vertex 12.8 1.7 2.39
      vertex 12.9903 1.68931 2.39
    endloop
  endfacet
  facet normal 0.9859 0.167336 0
    outer loop
      vertex 11.1426 -0.378285 4
      vertex 11.1107 -0.190339 2.39
      vertex 11.1107 -0.190339 4
    endloop
  endfacet
  facet normal 0.9859 0.167336 0
    outer loop
      vertex 11.1107 -0.190339 2.39
      vertex 11.1426 -0.378285 4
      vertex 11.1426 -0.378285 2.39
    endloop
  endfacet
  facet normal 0.483629 0.875273 -0
    outer loop
      vertex 12.0624 -1.53165 2.39
      vertex 11.8955 -1.43943 4
      vertex 12.0624 -1.53165 4
    endloop
  endfacet
  facet normal 0.483629 0.875273 0
    outer loop
      vertex 11.8955 -1.43943 4
      vertex 12.0624 -1.53165 2.39
      vertex 11.8955 -1.43943 2.39
    endloop
  endfacet
  facet normal 0.998424 0.0561269 0
    outer loop
      vertex 11.1107 -0.190339 4
      vertex 11.1 0 2.39
      vertex 11.1 0 4
    endloop
  endfacet
  facet normal 0.998424 0.0561269 0
    outer loop
      vertex 11.1 0 2.39
      vertex 11.1107 -0.190339 4
      vertex 11.1107 -0.190339 2.39
    endloop
  endfacet
  facet normal 0.923795 -0.382887 0
    outer loop
      vertex 11.1954 0.561474 4
      vertex 11.2684 0.737602 2.39
      vertex 11.2684 0.737602 4
    endloop
  endfacet
  facet normal 0.923795 -0.382887 0
    outer loop
      vertex 11.2684 0.737602 2.39
      vertex 11.1954 0.561474 4
      vertex 11.1954 0.561474 2.39
    endloop
  endfacet
  facet normal 0.960884 -0.276953 0
    outer loop
      vertex 11.1426 0.378285 4
      vertex 11.1954 0.561474 2.39
      vertex 11.1954 0.561474 4
    endloop
  endfacet
  facet normal 0.960884 -0.276953 0
    outer loop
      vertex 11.1954 0.561474 2.39
      vertex 11.1426 0.378285 4
      vertex 11.1426 0.378285 2.39
    endloop
  endfacet
  facet normal 0.578873 -0.815418 0
    outer loop
      vertex 11.7401 1.32911 2.39
      vertex 11.8955 1.43943 4
      vertex 11.7401 1.32911 4
    endloop
  endfacet
  facet normal 0.578873 -0.815418 0
    outer loop
      vertex 11.8955 1.43943 4
      vertex 11.7401 1.32911 2.39
      vertex 11.8955 1.43943 2.39
    endloop
  endfacet
  facet normal 0.483629 -0.875273 0
    outer loop
      vertex 11.8955 1.43943 2.39
      vertex 12.0624 1.53165 4
      vertex 11.8955 1.43943 4
    endloop
  endfacet
  facet normal 0.483629 -0.875273 0
    outer loop
      vertex 12.0624 1.53165 4
      vertex 11.8955 1.43943 2.39
      vertex 12.0624 1.53165 2.39
    endloop
  endfacet
  facet normal 0.875259 0.483655 0
    outer loop
      vertex 11.3606 -0.904454 4
      vertex 11.2684 -0.737602 2.39
      vertex 11.2684 -0.737602 4
    endloop
  endfacet
  facet normal 0.875259 0.483655 0
    outer loop
      vertex 11.2684 -0.737602 2.39
      vertex 11.3606 -0.904454 4
      vertex 11.3606 -0.904454 2.39
    endloop
  endfacet
  facet normal 0.998424 -0.0561269 0
    outer loop
      vertex 11.1 0 4
      vertex 11.1107 0.190339 2.39
      vertex 11.1107 0.190339 4
    endloop
  endfacet
  facet normal 0.998424 -0.0561269 0
    outer loop
      vertex 11.1107 0.190339 2.39
      vertex 11.1 0 4
      vertex 11.1 0 2.39
    endloop
  endfacet
  facet normal 0.578873 0.815418 -0
    outer loop
      vertex 11.8955 -1.43943 2.39
      vertex 11.7401 -1.32911 4
      vertex 11.8955 -1.43943 4
    endloop
  endfacet
  facet normal 0.578873 0.815418 0
    outer loop
      vertex 11.7401 -1.32911 4
      vertex 11.8955 -1.43943 2.39
      vertex 11.7401 -1.32911 2.39
    endloop
  endfacet
  facet normal -0.666208 0.745766 0
    outer loop
      vertex 14.0021 -1.20208 2.39
      vertex 13.8599 -1.32911 4
      vertex 14.0021 -1.20208 4
    endloop
  endfacet
  facet normal -0.666208 0.745766 0
    outer loop
      vertex 13.8599 -1.32911 4
      vertex 14.0021 -1.20208 2.39
      vertex 13.8599 -1.32911 2.39
    endloop
  endfacet
  facet normal 0.923877 -0.382691 0
    outer loop
      vertex 9.87396 1.02386 2.39
      vertex 10.007 1.34504 0
      vertex 10.007 1.34504 2.39
    endloop
  endfacet
  facet normal 0.923877 -0.382691 0
    outer loop
      vertex 10.007 1.34504 0
      vertex 9.87396 1.02386 2.39
      vertex 9.87396 1.02386 0
    endloop
  endfacet
  facet normal -0.985886 -0.167419 0
    outer loop
      vertex 15.8805 0.34709 0
      vertex 15.8223 0.689815 2.39
      vertex 15.8223 0.689815 0
    endloop
  endfacet
  facet normal -0.985886 -0.167419 0
    outer loop
      vertex 15.8223 0.689815 2.39
      vertex 15.8805 0.34709 0
      vertex 15.8805 0.34709 2.39
    endloop
  endfacet
  facet normal -0.998426 -0.0560929 0
    outer loop
      vertex 15.9 0 0
      vertex 15.8805 0.34709 2.39
      vertex 15.8805 0.34709 0
    endloop
  endfacet
  facet normal -0.998426 -0.0560929 0
    outer loop
      vertex 15.8805 0.34709 2.39
      vertex 15.9 0 0
      vertex 15.9 0 2.39
    endloop
  endfacet
  facet normal -0.960869 -0.277004 0
    outer loop
      vertex 15.8223 0.689815 0
      vertex 15.726 1.02386 2.39
      vertex 15.726 1.02386 0
    endloop
  endfacet
  facet normal -0.960869 -0.277004 0
    outer loop
      vertex 15.726 1.02386 2.39
      vertex 15.8223 0.689815 0
      vertex 15.8223 0.689815 2.39
    endloop
  endfacet
  facet normal -0.167514 -0.98587 0
    outer loop
      vertex 13.1471 3.08051 0
      vertex 13.4898 3.02228 2.39
      vertex 13.1471 3.08051 2.39
    endloop
  endfacet
  facet normal -0.167514 -0.98587 -0
    outer loop
      vertex 13.4898 3.02228 2.39
      vertex 13.1471 3.08051 0
      vertex 13.4898 3.02228 0
    endloop
  endfacet
  facet normal 0.276802 0.960927 -0
    outer loop
      vertex 12.1102 -3.02228 0
      vertex 11.7761 -2.92604 2.39
      vertex 12.1102 -3.02228 2.39
    endloop
  endfacet
  facet normal 0.276802 0.960927 0
    outer loop
      vertex 11.7761 -2.92604 2.39
      vertex 12.1102 -3.02228 0
      vertex 11.7761 -2.92604 0
    endloop
  endfacet
  facet normal -0.875173 -0.48381 0
    outer loop
      vertex 15.593 1.34504 0
      vertex 15.4248 1.6493 2.39
      vertex 15.4248 1.6493 0
    endloop
  endfacet
  facet normal -0.875173 -0.48381 0
    outer loop
      vertex 15.4248 1.6493 2.39
      vertex 15.593 1.34504 0
      vertex 15.593 1.34504 2.39
    endloop
  endfacet
  facet normal 0.998427 0.0560643 0
    outer loop
      vertex 9.71949 -0.34709 2.39
      vertex 9.7 0 0
      vertex 9.7 0 2.39
    endloop
  endfacet
  facet normal 0.998427 0.0560643 0
    outer loop
      vertex 9.7 0 0
      vertex 9.71949 -0.34709 2.39
      vertex 9.71949 -0.34709 0
    endloop
  endfacet
  facet normal 0.167514 0.98587 -0
    outer loop
      vertex 12.4529 -3.08051 0
      vertex 12.1102 -3.02228 2.39
      vertex 12.4529 -3.08051 2.39
    endloop
  endfacet
  facet normal 0.167514 0.98587 0
    outer loop
      vertex 12.1102 -3.02228 2.39
      vertex 12.4529 -3.08051 0
      vertex 12.1102 -3.02228 0
    endloop
  endfacet
  facet normal 0.276802 -0.960927 0
    outer loop
      vertex 11.7761 2.92604 0
      vertex 12.1102 3.02228 2.39
      vertex 11.7761 2.92604 2.39
    endloop
  endfacet
  facet normal 0.276802 -0.960927 0
    outer loop
      vertex 12.1102 3.02228 2.39
      vertex 11.7761 2.92604 0
      vertex 12.1102 3.02228 0
    endloop
  endfacet
  facet normal -0.923917 -0.382592 0
    outer loop
      vertex 15.726 1.02386 0
      vertex 15.593 1.34504 2.39
      vertex 15.593 1.34504 0
    endloop
  endfacet
  facet normal -0.923917 -0.382592 0
    outer loop
      vertex 15.593 1.34504 2.39
      vertex 15.726 1.02386 0
      vertex 15.726 1.02386 2.39
    endloop
  endfacet
  facet normal -0.745562 -0.666436 0
    outer loop
      vertex 15.2237 1.93282 0
      vertex 14.992 2.19203 2.39
      vertex 14.992 2.19203 0
    endloop
  endfacet
  facet normal -0.745562 -0.666436 0
    outer loop
      vertex 14.992 2.19203 2.39
      vertex 15.2237 1.93282 0
      vertex 15.2237 1.93282 2.39
    endloop
  endfacet
  facet normal -0.382772 0.923843 0
    outer loop
      vertex 14.145 -2.793 0
      vertex 13.8239 -2.92604 2.39
      vertex 14.145 -2.793 2.39
    endloop
  endfacet
  facet normal -0.382772 0.923843 0
    outer loop
      vertex 13.8239 -2.92604 2.39
      vertex 14.145 -2.793 0
      vertex 13.8239 -2.92604 0
    endloop
  endfacet
  facet normal -0.998426 0.0560929 0
    outer loop
      vertex 15.8805 -0.34709 0
      vertex 15.9 0 2.39
      vertex 15.9 0 0
    endloop
  endfacet
  facet normal -0.998426 0.0560929 0
    outer loop
      vertex 15.9 0 2.39
      vertex 15.8805 -0.34709 0
      vertex 15.8805 -0.34709 2.39
    endloop
  endfacet
  facet normal -0.923917 0.382592 0
    outer loop
      vertex 15.593 -1.34504 0
      vertex 15.726 -1.02386 2.39
      vertex 15.726 -1.02386 0
    endloop
  endfacet
  facet normal -0.923917 0.382592 0
    outer loop
      vertex 15.726 -1.02386 2.39
      vertex 15.593 -1.34504 0
      vertex 15.593 -1.34504 2.39
    endloop
  endfacet
  facet normal 0.745562 0.666436 0
    outer loop
      vertex 10.608 -2.19203 2.39
      vertex 10.3763 -1.93282 0
      vertex 10.3763 -1.93282 2.39
    endloop
  endfacet
  facet normal 0.745562 0.666436 0
    outer loop
      vertex 10.3763 -1.93282 0
      vertex 10.608 -2.19203 2.39
      vertex 10.608 -2.19203 0
    endloop
  endfacet
  facet normal 0.66637 -0.745621 0
    outer loop
      vertex 10.608 2.19203 0
      vertex 10.8672 2.42368 2.39
      vertex 10.608 2.19203 2.39
    endloop
  endfacet
  facet normal 0.66637 -0.745621 0
    outer loop
      vertex 10.8672 2.42368 2.39
      vertex 10.608 2.19203 0
      vertex 10.8672 2.42368 0
    endloop
  endfacet
  facet normal -0.0560627 0.998427 0
    outer loop
      vertex 13.1471 -3.08051 0
      vertex 12.8 -3.1 2.39
      vertex 13.1471 -3.08051 2.39
    endloop
  endfacet
  facet normal -0.0560627 0.998427 0
    outer loop
      vertex 12.8 -3.1 2.39
      vertex 13.1471 -3.08051 0
      vertex 12.8 -3.1 0
    endloop
  endfacet
  facet normal 0.815653 -0.578541 0
    outer loop
      vertex 10.1752 1.6493 2.39
      vertex 10.3763 1.93282 0
      vertex 10.3763 1.93282 2.39
    endloop
  endfacet
  facet normal 0.815653 -0.578541 0
    outer loop
      vertex 10.3763 1.93282 0
      vertex 10.1752 1.6493 2.39
      vertex 10.1752 1.6493 0
    endloop
  endfacet
  facet normal 0.985872 0.167503 0
    outer loop
      vertex 9.77772 -0.689815 2.39
      vertex 9.71949 -0.34709 0
      vertex 9.71949 -0.34709 2.39
    endloop
  endfacet
  facet normal 0.985872 0.167503 0
    outer loop
      vertex 9.71949 -0.34709 0
      vertex 9.77772 -0.689815 2.39
      vertex 9.77772 -0.689815 0
    endloop
  endfacet
  facet normal -0.167514 0.98587 0
    outer loop
      vertex 13.4898 -3.02228 0
      vertex 13.1471 -3.08051 2.39
      vertex 13.4898 -3.02228 2.39
    endloop
  endfacet
  facet normal -0.167514 0.98587 0
    outer loop
      vertex 13.1471 -3.08051 2.39
      vertex 13.4898 -3.02228 0
      vertex 13.1471 -3.08051 0
    endloop
  endfacet
  facet normal -0.815653 0.578541 0
    outer loop
      vertex 15.2237 -1.93282 0
      vertex 15.4248 -1.6493 2.39
      vertex 15.4248 -1.6493 0
    endloop
  endfacet
  facet normal -0.815653 0.578541 0
    outer loop
      vertex 15.4248 -1.6493 2.39
      vertex 15.2237 -1.93282 0
      vertex 15.2237 -1.93282 2.39
    endloop
  endfacet
  facet normal 0.578683 -0.815553 0
    outer loop
      vertex 10.8672 2.42368 0
      vertex 11.1507 2.62484 2.39
      vertex 10.8672 2.42368 2.39
    endloop
  endfacet
  facet normal 0.578683 -0.815553 0
    outer loop
      vertex 11.1507 2.62484 2.39
      vertex 10.8672 2.42368 0
      vertex 11.1507 2.62484 0
    endloop
  endfacet
  facet normal 0.66637 0.745621 -0
    outer loop
      vertex 10.8672 -2.42368 0
      vertex 10.608 -2.19203 2.39
      vertex 10.8672 -2.42368 2.39
    endloop
  endfacet
  facet normal 0.66637 0.745621 0
    outer loop
      vertex 10.608 -2.19203 2.39
      vertex 10.8672 -2.42368 0
      vertex 10.608 -2.19203 0
    endloop
  endfacet
  facet normal 0.167514 -0.98587 0
    outer loop
      vertex 12.1102 3.02228 0
      vertex 12.4529 3.08051 2.39
      vertex 12.1102 3.02228 2.39
    endloop
  endfacet
  facet normal 0.167514 -0.98587 0
    outer loop
      vertex 12.4529 3.08051 2.39
      vertex 12.1102 3.02228 0
      vertex 12.4529 3.08051 0
    endloop
  endfacet
  facet normal 0.0560627 0.998427 -0
    outer loop
      vertex 12.8 -3.1 0
      vertex 12.4529 -3.08051 2.39
      vertex 12.8 -3.1 2.39
    endloop
  endfacet
  facet normal 0.0560627 0.998427 0
    outer loop
      vertex 12.4529 -3.08051 2.39
      vertex 12.8 -3.1 0
      vertex 12.4529 -3.08051 0
    endloop
  endfacet
  facet normal 0.875173 -0.48381 0
    outer loop
      vertex 10.007 1.34504 2.39
      vertex 10.1752 1.6493 0
      vertex 10.1752 1.6493 2.39
    endloop
  endfacet
  facet normal 0.875173 -0.48381 0
    outer loop
      vertex 10.1752 1.6493 0
      vertex 10.007 1.34504 2.39
      vertex 10.007 1.34504 0
    endloop
  endfacet
  facet normal -0.960869 0.277004 0
    outer loop
      vertex 15.726 -1.02386 0
      vertex 15.8223 -0.689815 2.39
      vertex 15.8223 -0.689815 0
    endloop
  endfacet
  facet normal -0.960869 0.277004 0
    outer loop
      vertex 15.8223 -0.689815 2.39
      vertex 15.726 -1.02386 0
      vertex 15.726 -1.02386 2.39
    endloop
  endfacet
  facet normal -0.578683 -0.815553 0
    outer loop
      vertex 14.4493 2.62484 0
      vertex 14.7328 2.42368 2.39
      vertex 14.4493 2.62484 2.39
    endloop
  endfacet
  facet normal -0.578683 -0.815553 -0
    outer loop
      vertex 14.7328 2.42368 2.39
      vertex 14.4493 2.62484 0
      vertex 14.7328 2.42368 0
    endloop
  endfacet
  facet normal -0.66637 -0.745621 0
    outer loop
      vertex 14.7328 2.42368 0
      vertex 14.992 2.19203 2.39
      vertex 14.7328 2.42368 2.39
    endloop
  endfacet
  facet normal -0.66637 -0.745621 -0
    outer loop
      vertex 14.992 2.19203 2.39
      vertex 14.7328 2.42368 0
      vertex 14.992 2.19203 0
    endloop
  endfacet
  facet normal -0.66637 0.745621 0
    outer loop
      vertex 14.992 -2.19203 0
      vertex 14.7328 -2.42368 2.39
      vertex 14.992 -2.19203 2.39
    endloop
  endfacet
  facet normal -0.66637 0.745621 0
    outer loop
      vertex 14.7328 -2.42368 2.39
      vertex 14.992 -2.19203 0
      vertex 14.7328 -2.42368 0
    endloop
  endfacet
  facet normal 0.483673 0.875249 -0
    outer loop
      vertex 11.455 -2.793 0
      vertex 11.1507 -2.62484 2.39
      vertex 11.455 -2.793 2.39
    endloop
  endfacet
  facet normal 0.483673 0.875249 0
    outer loop
      vertex 11.1507 -2.62484 2.39
      vertex 11.455 -2.793 0
      vertex 11.1507 -2.62484 0
    endloop
  endfacet
  facet normal -0.875173 0.48381 0
    outer loop
      vertex 15.4248 -1.6493 0
      vertex 15.593 -1.34504 2.39
      vertex 15.593 -1.34504 0
    endloop
  endfacet
  facet normal -0.875173 0.48381 0
    outer loop
      vertex 15.593 -1.34504 2.39
      vertex 15.4248 -1.6493 0
      vertex 15.4248 -1.6493 2.39
    endloop
  endfacet
  facet normal 0.815653 0.578541 0
    outer loop
      vertex 10.3763 -1.93282 2.39
      vertex 10.1752 -1.6493 0
      vertex 10.1752 -1.6493 2.39
    endloop
  endfacet
  facet normal 0.815653 0.578541 0
    outer loop
      vertex 10.1752 -1.6493 0
      vertex 10.3763 -1.93282 2.39
      vertex 10.3763 -1.93282 0
    endloop
  endfacet
  facet normal 0.483673 -0.875249 0
    outer loop
      vertex 11.1507 2.62484 0
      vertex 11.455 2.793 2.39
      vertex 11.1507 2.62484 2.39
    endloop
  endfacet
  facet normal 0.483673 -0.875249 0
    outer loop
      vertex 11.455 2.793 2.39
      vertex 11.1507 2.62484 0
      vertex 11.455 2.793 0
    endloop
  endfacet
  facet normal 0.923877 0.382691 0
    outer loop
      vertex 10.007 -1.34504 2.39
      vertex 9.87396 -1.02386 0
      vertex 9.87396 -1.02386 2.39
    endloop
  endfacet
  facet normal 0.923877 0.382691 0
    outer loop
      vertex 9.87396 -1.02386 0
      vertex 10.007 -1.34504 2.39
      vertex 10.007 -1.34504 0
    endloop
  endfacet
  facet normal -0.745562 0.666436 0
    outer loop
      vertex 14.992 -2.19203 0
      vertex 15.2237 -1.93282 2.39
      vertex 15.2237 -1.93282 0
    endloop
  endfacet
  facet normal -0.745562 0.666436 0
    outer loop
      vertex 15.2237 -1.93282 2.39
      vertex 14.992 -2.19203 0
      vertex 14.992 -2.19203 2.39
    endloop
  endfacet
  facet normal -0.483673 0.875249 0
    outer loop
      vertex 14.4493 -2.62484 0
      vertex 14.145 -2.793 2.39
      vertex 14.4493 -2.62484 2.39
    endloop
  endfacet
  facet normal -0.483673 0.875249 0
    outer loop
      vertex 14.145 -2.793 2.39
      vertex 14.4493 -2.62484 0
      vertex 14.145 -2.793 0
    endloop
  endfacet
  facet normal -0.578683 0.815553 0
    outer loop
      vertex 14.7328 -2.42368 0
      vertex 14.4493 -2.62484 2.39
      vertex 14.7328 -2.42368 2.39
    endloop
  endfacet
  facet normal -0.578683 0.815553 0
    outer loop
      vertex 14.4493 -2.62484 2.39
      vertex 14.7328 -2.42368 0
      vertex 14.4493 -2.62484 0
    endloop
  endfacet
  facet normal 0.382772 -0.923843 0
    outer loop
      vertex 11.455 2.793 0
      vertex 11.7761 2.92604 2.39
      vertex 11.455 2.793 2.39
    endloop
  endfacet
  facet normal 0.382772 -0.923843 0
    outer loop
      vertex 11.7761 2.92604 2.39
      vertex 11.455 2.793 0
      vertex 11.7761 2.92604 0
    endloop
  endfacet
  facet normal 0.960915 0.276844 0
    outer loop
      vertex 9.87396 -1.02386 2.39
      vertex 9.77772 -0.689815 0
      vertex 9.77772 -0.689815 2.39
    endloop
  endfacet
  facet normal 0.960915 0.276844 0
    outer loop
      vertex 9.77772 -0.689815 0
      vertex 9.87396 -1.02386 2.39
      vertex 9.87396 -1.02386 0
    endloop
  endfacet
  facet normal -0.483673 -0.875249 0
    outer loop
      vertex 14.145 2.793 0
      vertex 14.4493 2.62484 2.39
      vertex 14.145 2.793 2.39
    endloop
  endfacet
  facet normal -0.483673 -0.875249 -0
    outer loop
      vertex 14.4493 2.62484 2.39
      vertex 14.145 2.793 0
      vertex 14.4493 2.62484 0
    endloop
  endfacet
  facet normal -0.985886 0.167419 0
    outer loop
      vertex 15.8223 -0.689815 0
      vertex 15.8805 -0.34709 2.39
      vertex 15.8805 -0.34709 0
    endloop
  endfacet
  facet normal -0.985886 0.167419 0
    outer loop
      vertex 15.8805 -0.34709 2.39
      vertex 15.8223 -0.689815 0
      vertex 15.8223 -0.689815 2.39
    endloop
  endfacet
  facet normal -0.815653 -0.578541 0
    outer loop
      vertex 15.4248 1.6493 0
      vertex 15.2237 1.93282 2.39
      vertex 15.2237 1.93282 0
    endloop
  endfacet
  facet normal -0.815653 -0.578541 0
    outer loop
      vertex 15.2237 1.93282 2.39
      vertex 15.4248 1.6493 0
      vertex 15.4248 1.6493 2.39
    endloop
  endfacet
  facet normal 0.960915 -0.276844 0
    outer loop
      vertex 9.77772 0.689815 2.39
      vertex 9.87396 1.02386 0
      vertex 9.87396 1.02386 2.39
    endloop
  endfacet
  facet normal 0.960915 -0.276844 0
    outer loop
      vertex 9.87396 1.02386 0
      vertex 9.77772 0.689815 2.39
      vertex 9.77772 0.689815 0
    endloop
  endfacet
  facet normal -0.276802 -0.960927 0
    outer loop
      vertex 13.4898 3.02228 0
      vertex 13.8239 2.92604 2.39
      vertex 13.4898 3.02228 2.39
    endloop
  endfacet
  facet normal -0.276802 -0.960927 -0
    outer loop
      vertex 13.8239 2.92604 2.39
      vertex 13.4898 3.02228 0
      vertex 13.8239 2.92604 0
    endloop
  endfacet
  facet normal 0.0560627 -0.998427 0
    outer loop
      vertex 12.4529 3.08051 0
      vertex 12.8 3.1 2.39
      vertex 12.4529 3.08051 2.39
    endloop
  endfacet
  facet normal 0.0560627 -0.998427 0
    outer loop
      vertex 12.8 3.1 2.39
      vertex 12.4529 3.08051 0
      vertex 12.8 3.1 0
    endloop
  endfacet
  facet normal -0.276802 0.960927 0
    outer loop
      vertex 13.8239 -2.92604 0
      vertex 13.4898 -3.02228 2.39
      vertex 13.8239 -2.92604 2.39
    endloop
  endfacet
  facet normal -0.276802 0.960927 0
    outer loop
      vertex 13.4898 -3.02228 2.39
      vertex 13.8239 -2.92604 0
      vertex 13.4898 -3.02228 0
    endloop
  endfacet
  facet normal 0.985872 -0.167503 0
    outer loop
      vertex 9.71949 0.34709 2.39
      vertex 9.77772 0.689815 0
      vertex 9.77772 0.689815 2.39
    endloop
  endfacet
  facet normal 0.985872 -0.167503 0
    outer loop
      vertex 9.77772 0.689815 0
      vertex 9.71949 0.34709 2.39
      vertex 9.71949 0.34709 0
    endloop
  endfacet
  facet normal 0.998427 -0.0560643 0
    outer loop
      vertex 9.7 0 2.39
      vertex 9.71949 0.34709 0
      vertex 9.71949 0.34709 2.39
    endloop
  endfacet
  facet normal 0.998427 -0.0560643 0
    outer loop
      vertex 9.71949 0.34709 0
      vertex 9.7 0 2.39
      vertex 9.7 0 0
    endloop
  endfacet
  facet normal -0.0560627 -0.998427 0
    outer loop
      vertex 12.8 3.1 0
      vertex 13.1471 3.08051 2.39
      vertex 12.8 3.1 2.39
    endloop
  endfacet
  facet normal -0.0560627 -0.998427 -0
    outer loop
      vertex 13.1471 3.08051 2.39
      vertex 12.8 3.1 0
      vertex 13.1471 3.08051 0
    endloop
  endfacet
  facet normal -0.382772 -0.923843 0
    outer loop
      vertex 13.8239 2.92604 0
      vertex 14.145 2.793 2.39
      vertex 13.8239 2.92604 2.39
    endloop
  endfacet
  facet normal -0.382772 -0.923843 -0
    outer loop
      vertex 14.145 2.793 2.39
      vertex 13.8239 2.92604 0
      vertex 14.145 2.793 0
    endloop
  endfacet
  facet normal 0.745562 -0.666436 0
    outer loop
      vertex 10.3763 1.93282 2.39
      vertex 10.608 2.19203 0
      vertex 10.608 2.19203 2.39
    endloop
  endfacet
  facet normal 0.745562 -0.666436 0
    outer loop
      vertex 10.608 2.19203 0
      vertex 10.3763 1.93282 2.39
      vertex 10.3763 1.93282 0
    endloop
  endfacet
  facet normal 0.578683 0.815553 -0
    outer loop
      vertex 11.1507 -2.62484 0
      vertex 10.8672 -2.42368 2.39
      vertex 11.1507 -2.62484 2.39
    endloop
  endfacet
  facet normal 0.578683 0.815553 0
    outer loop
      vertex 10.8672 -2.42368 2.39
      vertex 11.1507 -2.62484 0
      vertex 10.8672 -2.42368 0
    endloop
  endfacet
  facet normal 0.875173 0.48381 0
    outer loop
      vertex 10.1752 -1.6493 2.39
      vertex 10.007 -1.34504 0
      vertex 10.007 -1.34504 2.39
    endloop
  endfacet
  facet normal 0.875173 0.48381 0
    outer loop
      vertex 10.007 -1.34504 0
      vertex 10.1752 -1.6493 2.39
      vertex 10.1752 -1.6493 0
    endloop
  endfacet
  facet normal 0.382772 0.923843 -0
    outer loop
      vertex 11.7761 -2.92604 0
      vertex 11.455 -2.793 2.39
      vertex 11.7761 -2.92604 2.39
    endloop
  endfacet
  facet normal 0.382772 0.923843 0
    outer loop
      vertex 11.455 -2.793 2.39
      vertex 11.7761 -2.92604 0
      vertex 11.455 -2.793 0
    endloop
  endfacet
  facet normal 0 0 -1
    outer loop
      vertex 14.5 0 2.39
      vertex 15.9 0 2.39
      vertex 15.8805 -0.34709 2.39
    endloop
  endfacet
  facet normal 0 0 -1
    outer loop
      vertex 14.4893 -0.190339 2.39
      vertex 15.8805 -0.34709 2.39
      vertex 15.8223 -0.689815 2.39
    endloop
  endfacet
  facet normal 0 0 -1
    outer loop
      vertex 15.9 0 2.39
      vertex 14.5 0 2.39
      vertex 15.8805 0.34709 2.39
    endloop
  endfacet
  facet normal 0 0 -1
    outer loop
      vertex 14.4574 -0.378285 2.39
      vertex 15.8223 -0.689815 2.39
      vertex 15.726 -1.02386 2.39
    endloop
  endfacet
  facet normal 0 0 -1
    outer loop
      vertex 14.4893 0.190339 2.39
      vertex 15.8805 0.34709 2.39
      vertex 14.5 0 2.39
    endloop
  endfacet
  facet normal 0 0 -1
    outer loop
      vertex 14.4046 -0.561474 2.39
      vertex 15.726 -1.02386 2.39
      vertex 15.593 -1.34504 2.39
    endloop
  endfacet
  facet normal -0 0 -1
    outer loop
      vertex 15.8805 0.34709 2.39
      vertex 14.4893 0.190339 2.39
      vertex 15.8223 0.689815 2.39
    endloop
  endfacet
  facet normal 0 0 -1
    outer loop
      vertex 14.3316 -0.737602 2.39
      vertex 15.593 -1.34504 2.39
      vertex 15.4248 -1.6493 2.39
    endloop
  endfacet
  facet normal 0 0 -1
    outer loop
      vertex 14.4574 0.378285 2.39
      vertex 15.8223 0.689815 2.39
      vertex 14.4893 0.190339 2.39
    endloop
  endfacet
  facet normal 0 0 -1
    outer loop
      vertex 14.2394 -0.904454 2.39
      vertex 15.4248 -1.6493 2.39
      vertex 15.2237 -1.93282 2.39
    endloop
  endfacet
  facet normal -0 0 -1
    outer loop
      vertex 15.8223 0.689815 2.39
      vertex 14.4574 0.378285 2.39
      vertex 15.726 1.02386 2.39
    endloop
  endfacet
  facet normal 0 0 -1
    outer loop
      vertex 14.1291 -1.05993 2.39
      vertex 15.2237 -1.93282 2.39
      vertex 14.992 -2.19203 2.39
    endloop
  endfacet
  facet normal 0 0 -1
    outer loop
      vertex 14.4046 0.561474 2.39
      vertex 15.726 1.02386 2.39
      vertex 14.4574 0.378285 2.39
    endloop
  endfacet
  facet normal 0 0 -1
    outer loop
      vertex 14.0021 -1.20208 2.39
      vertex 14.992 -2.19203 2.39
      vertex 14.7328 -2.42368 2.39
    endloop
  endfacet
  facet normal -0 0 -1
    outer loop
      vertex 15.726 1.02386 2.39
      vertex 14.4046 0.561474 2.39
      vertex 15.593 1.34504 2.39
    endloop
  endfacet
  facet normal 0 0 -1
    outer loop
      vertex 14.3316 0.737602 2.39
      vertex 15.593 1.34504 2.39
      vertex 14.4046 0.561474 2.39
    endloop
  endfacet
  facet normal 0 0 -1
    outer loop
      vertex 15.8805 -0.34709 2.39
      vertex 14.4893 -0.190339 2.39
      vertex 14.5 0 2.39
    endloop
  endfacet
  facet normal 0 0 -1
    outer loop
      vertex 15.8223 -0.689815 2.39
      vertex 14.4574 -0.378285 2.39
      vertex 14.4893 -0.190339 2.39
    endloop
  endfacet
  facet normal 0 0 -1
    outer loop
      vertex 13.8599 -1.32911 2.39
      vertex 14.7328 -2.42368 2.39
      vertex 14.4493 -2.62484 2.39
    endloop
  endfacet
  facet normal 0 0 -1
    outer loop
      vertex 15.726 -1.02386 2.39
      vertex 14.4046 -0.561474 2.39
      vertex 14.4574 -0.378285 2.39
    endloop
  endfacet
  facet normal 0 0 -1
    outer loop
      vertex 15.593 -1.34504 2.39
      vertex 14.3316 -0.737602 2.39
      vertex 14.4046 -0.561474 2.39
    endloop
  endfacet
  facet normal 0 0 -1
    outer loop
      vertex 15.4248 -1.6493 2.39
      vertex 14.2394 -0.904454 2.39
      vertex 14.3316 -0.737602 2.39
    endloop
  endfacet
  facet normal 0 0 -1
    outer loop
      vertex 13.7045 -1.43943 2.39
      vertex 14.4493 -2.62484 2.39
      vertex 14.145 -2.793 2.39
    endloop
  endfacet
  facet normal 0 0 -1
    outer loop
      vertex 15.2237 -1.93282 2.39
      vertex 14.1291 -1.05993 2.39
      vertex 14.2394 -0.904454 2.39
    endloop
  endfacet
  facet normal 0 0 -1
    outer loop
      vertex 14.992 -2.19203 2.39
      vertex 14.0021 -1.20208 2.39
      vertex 14.1291 -1.05993 2.39
    endloop
  endfacet
  facet normal 0 0 -1
    outer loop
      vertex 14.7328 -2.42368 2.39
      vertex 13.8599 -1.32911 2.39
      vertex 14.0021 -1.20208 2.39
    endloop
  endfacet
  facet normal 0 0 -1
    outer loop
      vertex 13.5376 -1.53165 2.39
      vertex 14.145 -2.793 2.39
      vertex 13.8239 -2.92604 2.39
    endloop
  endfacet
  facet normal 0 0 -1
    outer loop
      vertex 14.4493 -2.62484 2.39
      vertex 13.7045 -1.43943 2.39
      vertex 13.8599 -1.32911 2.39
    endloop
  endfacet
  facet normal 0 0 -1
    outer loop
      vertex 14.145 -2.793 2.39
      vertex 13.5376 -1.53165 2.39
      vertex 13.7045 -1.43943 2.39
    endloop
  endfacet
  facet normal 0 0 -1
    outer loop
      vertex 13.3615 -1.6046 2.39
      vertex 13.8239 -2.92604 2.39
      vertex 13.4898 -3.02228 2.39
    endloop
  endfacet
  facet normal 0 0 -1
    outer loop
      vertex 13.8239 -2.92604 2.39
      vertex 13.3615 -1.6046 2.39
      vertex 13.5376 -1.53165 2.39
    endloop
  endfacet
  facet normal 0 0 -1
    outer loop
      vertex 13.4898 -3.02228 2.39
      vertex 13.1783 -1.65738 2.39
      vertex 13.3615 -1.6046 2.39
    endloop
  endfacet
  facet normal 0 0 -1
    outer loop
      vertex 13.1471 -3.08051 2.39
      vertex 13.1783 -1.65738 2.39
      vertex 13.4898 -3.02228 2.39
    endloop
  endfacet
  facet normal 0 0 -1
    outer loop
      vertex 13.1471 -3.08051 2.39
      vertex 12.9903 -1.68931 2.39
      vertex 13.1783 -1.65738 2.39
    endloop
  endfacet
  facet normal 0 0 -1
    outer loop
      vertex 12.8 -3.1 2.39
      vertex 12.9903 -1.68931 2.39
      vertex 13.1471 -3.08051 2.39
    endloop
  endfacet
  facet normal 0 0 -1
    outer loop
      vertex 12.8 -3.1 2.39
      vertex 12.8 -1.7 2.39
      vertex 12.9903 -1.68931 2.39
    endloop
  endfacet
  facet normal 0 0 -1
    outer loop
      vertex 12.8 -3.1 2.39
      vertex 12.6097 -1.68931 2.39
      vertex 12.8 -1.7 2.39
    endloop
  endfacet
  facet normal 0 0 -1
    outer loop
      vertex 12.4529 -3.08051 2.39
      vertex 12.6097 -1.68931 2.39
      vertex 12.8 -3.1 2.39
    endloop
  endfacet
  facet normal 0 0 -1
    outer loop
      vertex 12.4529 -3.08051 2.39
      vertex 12.4217 -1.65738 2.39
      vertex 12.6097 -1.68931 2.39
    endloop
  endfacet
  facet normal 0 0 -1
    outer loop
      vertex 12.1102 -3.02228 2.39
      vertex 12.4217 -1.65738 2.39
      vertex 12.4529 -3.08051 2.39
    endloop
  endfacet
  facet normal -0 0 -1
    outer loop
      vertex 12.4217 -1.65738 2.39
      vertex 12.1102 -3.02228 2.39
      vertex 12.2385 -1.6046 2.39
    endloop
  endfacet
  facet normal 0 0 -1
    outer loop
      vertex 11.7761 -2.92604 2.39
      vertex 12.2385 -1.6046 2.39
      vertex 12.1102 -3.02228 2.39
    endloop
  endfacet
  facet normal -0 0 -1
    outer loop
      vertex 12.2385 -1.6046 2.39
      vertex 11.7761 -2.92604 2.39
      vertex 12.0624 -1.53165 2.39
    endloop
  endfacet
  facet normal 0 0 -1
    outer loop
      vertex 11.455 -2.793 2.39
      vertex 12.0624 -1.53165 2.39
      vertex 11.7761 -2.92604 2.39
    endloop
  endfacet
  facet normal -0 0 -1
    outer loop
      vertex 12.0624 -1.53165 2.39
      vertex 11.455 -2.793 2.39
      vertex 11.8955 -1.43943 2.39
    endloop
  endfacet
  facet normal 0 0 -1
    outer loop
      vertex 11.1507 -2.62484 2.39
      vertex 11.8955 -1.43943 2.39
      vertex 11.455 -2.793 2.39
    endloop
  endfacet
  facet normal -0 0 -1
    outer loop
      vertex 11.8955 -1.43943 2.39
      vertex 11.1507 -2.62484 2.39
      vertex 11.7401 -1.32911 2.39
    endloop
  endfacet
  facet normal 0 0 -1
    outer loop
      vertex 10.8672 -2.42368 2.39
      vertex 11.7401 -1.32911 2.39
      vertex 11.1507 -2.62484 2.39
    endloop
  endfacet
  facet normal -0 0 -1
    outer loop
      vertex 11.7401 -1.32911 2.39
      vertex 10.8672 -2.42368 2.39
      vertex 11.5979 -1.20208 2.39
    endloop
  endfacet
  facet normal 0 0 -1
    outer loop
      vertex 10.608 -2.19203 2.39
      vertex 11.5979 -1.20208 2.39
      vertex 10.8672 -2.42368 2.39
    endloop
  endfacet
  facet normal -0 0 -1
    outer loop
      vertex 11.5979 -1.20208 2.39
      vertex 10.608 -2.19203 2.39
      vertex 11.4709 -1.05993 2.39
    endloop
  endfacet
  facet normal 0 0 -1
    outer loop
      vertex 10.3763 -1.93282 2.39
      vertex 11.4709 -1.05993 2.39
      vertex 10.608 -2.19203 2.39
    endloop
  endfacet
  facet normal -0 0 -1
    outer loop
      vertex 11.4709 -1.05993 2.39
      vertex 10.3763 -1.93282 2.39
      vertex 11.3606 -0.904454 2.39
    endloop
  endfacet
  facet normal 0 0 -1
    outer loop
      vertex 10.1752 -1.6493 2.39
      vertex 11.3606 -0.904454 2.39
      vertex 10.3763 -1.93282 2.39
    endloop
  endfacet
  facet normal -0 0 -1
    outer loop
      vertex 11.3606 -0.904454 2.39
      vertex 10.1752 -1.6493 2.39
      vertex 11.2684 -0.737602 2.39
    endloop
  endfacet
  facet normal 0 0 -1
    outer loop
      vertex 10.007 -1.34504 2.39
      vertex 11.2684 -0.737602 2.39
      vertex 10.1752 -1.6493 2.39
    endloop
  endfacet
  facet normal -0 0 -1
    outer loop
      vertex 15.593 1.34504 2.39
      vertex 14.3316 0.737602 2.39
      vertex 15.4248 1.6493 2.39
    endloop
  endfacet
  facet normal 0 0 -1
    outer loop
      vertex 14.2394 0.904454 2.39
      vertex 15.4248 1.6493 2.39
      vertex 14.3316 0.737602 2.39
    endloop
  endfacet
  facet normal -0 0 -1
    outer loop
      vertex 15.4248 1.6493 2.39
      vertex 14.2394 0.904454 2.39
      vertex 15.2237 1.93282 2.39
    endloop
  endfacet
  facet normal 0 0 -1
    outer loop
      vertex 14.1291 1.05993 2.39
      vertex 15.2237 1.93282 2.39
      vertex 14.2394 0.904454 2.39
    endloop
  endfacet
  facet normal -0 0 -1
    outer loop
      vertex 15.2237 1.93282 2.39
      vertex 14.1291 1.05993 2.39
      vertex 14.992 2.19203 2.39
    endloop
  endfacet
  facet normal 0 0 -1
    outer loop
      vertex 14.0021 1.20208 2.39
      vertex 14.992 2.19203 2.39
      vertex 14.1291 1.05993 2.39
    endloop
  endfacet
  facet normal -0 0 -1
    outer loop
      vertex 14.992 2.19203 2.39
      vertex 14.0021 1.20208 2.39
      vertex 14.7328 2.42368 2.39
    endloop
  endfacet
  facet normal 0 0 -1
    outer loop
      vertex 13.8599 1.32911 2.39
      vertex 14.7328 2.42368 2.39
      vertex 14.0021 1.20208 2.39
    endloop
  endfacet
  facet normal -0 0 -1
    outer loop
      vertex 14.7328 2.42368 2.39
      vertex 13.8599 1.32911 2.39
      vertex 14.4493 2.62484 2.39
    endloop
  endfacet
  facet normal 0 0 -1
    outer loop
      vertex 13.7045 1.43943 2.39
      vertex 14.4493 2.62484 2.39
      vertex 13.8599 1.32911 2.39
    endloop
  endfacet
  facet normal -0 0 -1
    outer loop
      vertex 14.4493 2.62484 2.39
      vertex 13.7045 1.43943 2.39
      vertex 14.145 2.793 2.39
    endloop
  endfacet
  facet normal 0 0 -1
    outer loop
      vertex 13.5376 1.53165 2.39
      vertex 14.145 2.793 2.39
      vertex 13.7045 1.43943 2.39
    endloop
  endfacet
  facet normal -0 0 -1
    outer loop
      vertex 14.145 2.793 2.39
      vertex 13.5376 1.53165 2.39
      vertex 13.8239 2.92604 2.39
    endloop
  endfacet
  facet normal 0 0 -1
    outer loop
      vertex 13.3615 1.6046 2.39
      vertex 13.8239 2.92604 2.39
      vertex 13.5376 1.53165 2.39
    endloop
  endfacet
  facet normal -0 0 -1
    outer loop
      vertex 13.8239 2.92604 2.39
      vertex 13.3615 1.6046 2.39
      vertex 13.4898 3.02228 2.39
    endloop
  endfacet
  facet normal 0 0 -1
    outer loop
      vertex 13.1783 1.65738 2.39
      vertex 13.4898 3.02228 2.39
      vertex 13.3615 1.6046 2.39
    endloop
  endfacet
  facet normal 0 0 -1
    outer loop
      vertex 13.1783 1.65738 2.39
      vertex 13.1471 3.08051 2.39
      vertex 13.4898 3.02228 2.39
    endloop
  endfacet
  facet normal 0 0 -1
    outer loop
      vertex 12.9903 1.68931 2.39
      vertex 13.1471 3.08051 2.39
      vertex 13.1783 1.65738 2.39
    endloop
  endfacet
  facet normal 0 0 -1
    outer loop
      vertex 12.8 1.7 2.39
      vertex 13.1471 3.08051 2.39
      vertex 12.9903 1.68931 2.39
    endloop
  endfacet
  facet normal 0 0 -1
    outer loop
      vertex 12.8 1.7 2.39
      vertex 12.8 3.1 2.39
      vertex 13.1471 3.08051 2.39
    endloop
  endfacet
  facet normal 0 0 -1
    outer loop
      vertex 12.6097 1.68931 2.39
      vertex 12.8 3.1 2.39
      vertex 12.8 1.7 2.39
    endloop
  endfacet
  facet normal 0 0 -1
    outer loop
      vertex 12.6097 1.68931 2.39
      vertex 12.4529 3.08051 2.39
      vertex 12.8 3.1 2.39
    endloop
  endfacet
  facet normal 0 0 -1
    outer loop
      vertex 12.4217 1.65738 2.39
      vertex 12.4529 3.08051 2.39
      vertex 12.6097 1.68931 2.39
    endloop
  endfacet
  facet normal 0 0 -1
    outer loop
      vertex 12.1102 3.02228 2.39
      vertex 12.4217 1.65738 2.39
      vertex 12.2385 1.6046 2.39
    endloop
  endfacet
  facet normal 0 0 -1
    outer loop
      vertex 12.4217 1.65738 2.39
      vertex 12.1102 3.02228 2.39
      vertex 12.4529 3.08051 2.39
    endloop
  endfacet
  facet normal 0 0 -1
    outer loop
      vertex 11.7761 2.92604 2.39
      vertex 12.2385 1.6046 2.39
      vertex 12.0624 1.53165 2.39
    endloop
  endfacet
  facet normal 0 0 -1
    outer loop
      vertex 11.455 2.793 2.39
      vertex 12.0624 1.53165 2.39
      vertex 11.8955 1.43943 2.39
    endloop
  endfacet
  facet normal 0 0 -1
    outer loop
      vertex 12.2385 1.6046 2.39
      vertex 11.7761 2.92604 2.39
      vertex 12.1102 3.02228 2.39
    endloop
  endfacet
  facet normal 0 0 -1
    outer loop
      vertex 11.1507 2.62484 2.39
      vertex 11.8955 1.43943 2.39
      vertex 11.7401 1.32911 2.39
    endloop
  endfacet
  facet normal 0 0 -1
    outer loop
      vertex 10.8672 2.42368 2.39
      vertex 11.7401 1.32911 2.39
      vertex 11.5979 1.20208 2.39
    endloop
  endfacet
  facet normal 0 0 -1
    outer loop
      vertex 10.608 2.19203 2.39
      vertex 11.5979 1.20208 2.39
      vertex 11.4709 1.05993 2.39
    endloop
  endfacet
  facet normal 0 0 -1
    outer loop
      vertex 12.0624 1.53165 2.39
      vertex 11.455 2.793 2.39
      vertex 11.7761 2.92604 2.39
    endloop
  endfacet
  facet normal 0 0 -1
    outer loop
      vertex 10.3763 1.93282 2.39
      vertex 11.4709 1.05993 2.39
      vertex 11.3606 0.904454 2.39
    endloop
  endfacet
  facet normal 0 0 -1
    outer loop
      vertex 10.1752 1.6493 2.39
      vertex 11.3606 0.904454 2.39
      vertex 11.2684 0.737602 2.39
    endloop
  endfacet
  facet normal 0 0 -1
    outer loop
      vertex 10.007 1.34504 2.39
      vertex 11.2684 0.737602 2.39
      vertex 11.1954 0.561474 2.39
    endloop
  endfacet
  facet normal 0 0 -1
    outer loop
      vertex 11.8955 1.43943 2.39
      vertex 11.1507 2.62484 2.39
      vertex 11.455 2.793 2.39
    endloop
  endfacet
  facet normal 0 0 -1
    outer loop
      vertex 9.87396 1.02386 2.39
      vertex 11.1954 0.561474 2.39
      vertex 11.1426 0.378285 2.39
    endloop
  endfacet
  facet normal 0 0 -1
    outer loop
      vertex 9.77772 0.689815 2.39
      vertex 11.1426 0.378285 2.39
      vertex 11.1107 0.190339 2.39
    endloop
  endfacet
  facet normal 0 0 -1
    outer loop
      vertex 9.71949 0.34709 2.39
      vertex 11.1107 0.190339 2.39
      vertex 11.1 0 2.39
    endloop
  endfacet
  facet normal -0 0 -1
    outer loop
      vertex 11.2684 -0.737602 2.39
      vertex 10.007 -1.34504 2.39
      vertex 11.1954 -0.561474 2.39
    endloop
  endfacet
  facet normal 0 0 -1
    outer loop
      vertex 11.7401 1.32911 2.39
      vertex 10.8672 2.42368 2.39
      vertex 11.1507 2.62484 2.39
    endloop
  endfacet
  facet normal 0 0 -1
    outer loop
      vertex 9.87396 -1.02386 2.39
      vertex 11.1954 -0.561474 2.39
      vertex 10.007 -1.34504 2.39
    endloop
  endfacet
  facet normal 0 0 -1
    outer loop
      vertex 11.5979 1.20208 2.39
      vertex 10.608 2.19203 2.39
      vertex 10.8672 2.42368 2.39
    endloop
  endfacet
  facet normal -0 0 -1
    outer loop
      vertex 11.1954 -0.561474 2.39
      vertex 9.87396 -1.02386 2.39
      vertex 11.1426 -0.378285 2.39
    endloop
  endfacet
  facet normal 0 0 -1
    outer loop
      vertex 11.4709 1.05993 2.39
      vertex 10.3763 1.93282 2.39
      vertex 10.608 2.19203 2.39
    endloop
  endfacet
  facet normal 0 0 -1
    outer loop
      vertex 9.77772 -0.689815 2.39
      vertex 11.1426 -0.378285 2.39
      vertex 9.87396 -1.02386 2.39
    endloop
  endfacet
  facet normal 0 0 -1
    outer loop
      vertex 11.3606 0.904454 2.39
      vertex 10.1752 1.6493 2.39
      vertex 10.3763 1.93282 2.39
    endloop
  endfacet
  facet normal -0 0 -1
    outer loop
      vertex 11.1426 -0.378285 2.39
      vertex 9.77772 -0.689815 2.39
      vertex 11.1107 -0.190339 2.39
    endloop
  endfacet
  facet normal 0 0 -1
    outer loop
      vertex 11.2684 0.737602 2.39
      vertex 10.007 1.34504 2.39
      vertex 10.1752 1.6493 2.39
    endloop
  endfacet
  facet normal 0 0 -1
    outer loop
      vertex 9.71949 -0.34709 2.39
      vertex 11.1107 -0.190339 2.39
      vertex 9.77772 -0.689815 2.39
    endloop
  endfacet
  facet normal 0 0 -1
    outer loop
      vertex 11.1954 0.561474 2.39
      vertex 9.87396 1.02386 2.39
      vertex 10.007 1.34504 2.39
    endloop
  endfacet
  facet normal -0 0 -1
    outer loop
      vertex 11.1107 -0.190339 2.39
      vertex 9.71949 -0.34709 2.39
      vertex 11.1 0 2.39
    endloop
  endfacet
  facet normal 0 0 -1
    outer loop
      vertex 11.1426 0.378285 2.39
      vertex 9.77772 0.689815 2.39
      vertex 9.87396 1.02386 2.39
    endloop
  endfacet
  facet normal 0 0 -1
    outer loop
      vertex 9.7 0 2.39
      vertex 11.1 0 2.39
      vertex 9.71949 -0.34709 2.39
    endloop
  endfacet
  facet normal 0 0 -1
    outer loop
      vertex 11.1107 0.190339 2.39
      vertex 9.71949 0.34709 2.39
      vertex 9.77772 0.689815 2.39
    endloop
  endfacet
  facet normal 0 0 -1
    outer loop
      vertex 11.1 0 2.39
      vertex 9.7 0 2.39
      vertex 9.71949 0.34709 2.39
    endloop
  endfacet
  facet normal 0.483754 -0.875204 0
    outer loop
      vertex 27.5091 -3.96426 0
      vertex 27.9409 -3.72559 4
      vertex 27.5091 -3.96426 4
    endloop
  endfacet
  facet normal 0.483754 -0.875204 0
    outer loop
      vertex 27.9409 -3.72559 4
      vertex 27.5091 -3.96426 0
      vertex 27.9409 -3.72559 0
    endloop
  endfacet
  facet normal -0.998423 0.0561387 0
    outer loop
      vertex 21.2 0 0
      vertex 21.2277 0.492643 4
      vertex 21.2277 0.492643 0
    endloop
  endfacet
  facet normal -0.998423 0.0561387 0
    outer loop
      vertex 21.2277 0.492643 4
      vertex 21.2 0 0
      vertex 21.2 0 4
    endloop
  endfacet
  facet normal -0.815585 0.578637 0
    outer loop
      vertex 21.8744 2.34094 0
      vertex 22.1599 2.74335 4
      vertex 22.1599 2.74335 0
    endloop
  endfacet
  facet normal -0.815585 0.578637 0
    outer loop
      vertex 22.1599 2.74335 4
      vertex 21.8744 2.34094 0
      vertex 21.8744 2.34094 4
    endloop
  endfacet
  facet normal -0.167487 0.985874 0
    outer loop
      vertex 25.1074 4.37233 0
      vertex 24.6209 4.28968 4
      vertex 25.1074 4.37233 4
    endloop
  endfacet
  facet normal -0.167487 0.985874 0
    outer loop
      vertex 24.6209 4.28968 4
      vertex 25.1074 4.37233 0
      vertex 24.6209 4.28968 0
    endloop
  endfacet
  facet normal 0.382666 0.923887 -0
    outer loop
      vertex 27.5091 3.96426 0
      vertex 27.0532 4.15309 4
      vertex 27.5091 3.96426 4
    endloop
  endfacet
  facet normal 0.382666 0.923887 0
    outer loop
      vertex 27.0532 4.15309 4
      vertex 27.5091 3.96426 0
      vertex 27.0532 4.15309 0
    endloop
  endfacet
  facet normal -0.0560829 -0.998426 0
    outer loop
      vertex 25.1074 -4.37233 0
      vertex 25.6 -4.4 4
      vertex 25.1074 -4.37233 4
    endloop
  endfacet
  facet normal -0.0560829 -0.998426 -0
    outer loop
      vertex 25.6 -4.4 4
      vertex 25.1074 -4.37233 0
      vertex 25.6 -4.4 0
    endloop
  endfacet
  facet normal 0.167487 0.985874 -0
    outer loop
      vertex 26.5791 4.28968 0
      vertex 26.0926 4.37233 4
      vertex 26.5791 4.28968 4
    endloop
  endfacet
  facet normal 0.167487 0.985874 0
    outer loop
      vertex 26.0926 4.37233 4
      vertex 26.5791 4.28968 0
      vertex 26.0926 4.37233 0
    endloop
  endfacet
  facet normal 0.960916 0.276841 0
    outer loop
      vertex 29.8897 0.979092 4
      vertex 29.7531 1.45323 0
      vertex 29.7531 1.45323 4
    endloop
  endfacet
  facet normal 0.960916 0.276841 0
    outer loop
      vertex 29.7531 1.45323 0
      vertex 29.8897 0.979092 4
      vertex 29.8897 0.979092 0
    endloop
  endfacet
  facet normal -0.666363 -0.745628 0
    outer loop
      vertex 22.4887 -3.11127 0
      vertex 22.8566 -3.44006 4
      vertex 22.4887 -3.11127 4
    endloop
  endfacet
  facet normal -0.666363 -0.745628 -0
    outer loop
      vertex 22.8566 -3.44006 4
      vertex 22.4887 -3.11127 0
      vertex 22.8566 -3.44006 0
    endloop
  endfacet
  facet normal 0.875202 -0.483758 0
    outer loop
      vertex 29.3256 -2.34094 4
      vertex 29.5643 -1.90909 0
      vertex 29.5643 -1.90909 4
    endloop
  endfacet
  facet normal 0.875202 -0.483758 0
    outer loop
      vertex 29.5643 -1.90909 0
      vertex 29.3256 -2.34094 4
      vertex 29.3256 -2.34094 0
    endloop
  endfacet
  facet normal -0.483754 0.875204 0
    outer loop
      vertex 23.6909 3.96426 0
      vertex 23.2591 3.72559 4
      vertex 23.6909 3.96426 4
    endloop
  endfacet
  facet normal -0.483754 0.875204 0
    outer loop
      vertex 23.2591 3.72559 4
      vertex 23.6909 3.96426 0
      vertex 23.2591 3.72559 0
    endloop
  endfacet
  facet normal 0.985888 0.167406 0
    outer loop
      vertex 29.9723 0.492643 4
      vertex 29.8897 0.979092 0
      vertex 29.8897 0.979092 4
    endloop
  endfacet
  facet normal 0.985888 0.167406 0
    outer loop
      vertex 29.8897 0.979092 0
      vertex 29.9723 0.492643 4
      vertex 29.9723 0.492643 0
    endloop
  endfacet
  facet normal -0.578592 -0.815617 0
    outer loop
      vertex 22.8566 -3.44006 0
      vertex 23.2591 -3.72559 4
      vertex 22.8566 -3.44006 4
    endloop
  endfacet
  facet normal -0.578592 -0.815617 -0
    outer loop
      vertex 23.2591 -3.72559 4
      vertex 22.8566 -3.44006 0
      vertex 23.2591 -3.72559 0
    endloop
  endfacet
  facet normal -0.875202 -0.483758 0
    outer loop
      vertex 21.8744 -2.34094 0
      vertex 21.6357 -1.90909 4
      vertex 21.6357 -1.90909 0
    endloop
  endfacet
  facet normal -0.875202 -0.483758 0
    outer loop
      vertex 21.6357 -1.90909 4
      vertex 21.8744 -2.34094 0
      vertex 21.8744 -2.34094 4
    endloop
  endfacet
  facet normal 0.745636 0.666354 0
    outer loop
      vertex 29.0401 2.74335 4
      vertex 28.7113 3.11127 0
      vertex 28.7113 3.11127 4
    endloop
  endfacet
  facet normal 0.745636 0.666354 0
    outer loop
      vertex 28.7113 3.11127 0
      vertex 29.0401 2.74335 4
      vertex 29.0401 2.74335 0
    endloop
  endfacet
  facet normal -0.960916 0.276841 0
    outer loop
      vertex 21.3103 0.979092 0
      vertex 21.4469 1.45323 4
      vertex 21.4469 1.45323 0
    endloop
  endfacet
  facet normal -0.960916 0.276841 0
    outer loop
      vertex 21.4469 1.45323 4
      vertex 21.3103 0.979092 0
      vertex 21.3103 0.979092 4
    endloop
  endfacet
  facet normal -0.167487 -0.985874 0
    outer loop
      vertex 24.6209 -4.28968 0
      vertex 25.1074 -4.37233 4
      vertex 24.6209 -4.28968 4
    endloop
  endfacet
  facet normal -0.167487 -0.985874 -0
    outer loop
      vertex 25.1074 -4.37233 4
      vertex 24.6209 -4.28968 0
      vertex 25.1074 -4.37233 0
    endloop
  endfacet
  facet normal -0.666363 0.745628 0
    outer loop
      vertex 22.8566 3.44006 0
      vertex 22.4887 3.11127 4
      vertex 22.8566 3.44006 4
    endloop
  endfacet
  facet normal -0.666363 0.745628 0
    outer loop
      vertex 22.4887 3.11127 4
      vertex 22.8566 3.44006 0
      vertex 22.4887 3.11127 0
    endloop
  endfacet
  facet normal 0.745636 -0.666354 0
    outer loop
      vertex 28.7113 -3.11127 4
      vertex 29.0401 -2.74335 0
      vertex 29.0401 -2.74335 4
    endloop
  endfacet
  facet normal 0.745636 -0.666354 0
    outer loop
      vertex 29.0401 -2.74335 0
      vertex 28.7113 -3.11127 4
      vertex 28.7113 -3.11127 0
    endloop
  endfacet
  facet normal 0.998423 0.0561387 0
    outer loop
      vertex 30 0 4
      vertex 29.9723 0.492643 0
      vertex 29.9723 0.492643 4
    endloop
  endfacet
  facet normal 0.998423 0.0561387 0
    outer loop
      vertex 29.9723 0.492643 0
      vertex 30 0 4
      vertex 30 0 0
    endloop
  endfacet
  facet normal 0.382666 -0.923887 0
    outer loop
      vertex 27.0532 -4.15309 0
      vertex 27.5091 -3.96426 4
      vertex 27.0532 -4.15309 4
    endloop
  endfacet
  facet normal 0.382666 -0.923887 0
    outer loop
      vertex 27.5091 -3.96426 4
      vertex 27.0532 -4.15309 0
      vertex 27.5091 -3.96426 0
    endloop
  endfacet
  facet normal 0.815585 0.578637 0
    outer loop
      vertex 29.3256 2.34094 4
      vertex 29.0401 2.74335 0
      vertex 29.0401 2.74335 4
    endloop
  endfacet
  facet normal 0.815585 0.578637 0
    outer loop
      vertex 29.0401 2.74335 0
      vertex 29.3256 2.34094 4
      vertex 29.3256 2.34094 0
    endloop
  endfacet
  facet normal 0.998423 -0.0561387 0
    outer loop
      vertex 29.9723 -0.492643 4
      vertex 30 0 0
      vertex 30 0 4
    endloop
  endfacet
  facet normal 0.998423 -0.0561387 0
    outer loop
      vertex 30 0 0
      vertex 29.9723 -0.492643 4
      vertex 29.9723 -0.492643 0
    endloop
  endfacet
  facet normal 0.985888 -0.167406 0
    outer loop
      vertex 29.8897 -0.979092 4
      vertex 29.9723 -0.492643 0
      vertex 29.9723 -0.492643 4
    endloop
  endfacet
  facet normal 0.985888 -0.167406 0
    outer loop
      vertex 29.9723 -0.492643 0
      vertex 29.8897 -0.979092 4
      vertex 29.8897 -0.979092 0
    endloop
  endfacet
  facet normal -0.276843 0.960915 0
    outer loop
      vertex 24.6209 4.28968 0
      vertex 24.1468 4.15309 4
      vertex 24.6209 4.28968 4
    endloop
  endfacet
  facet normal -0.276843 0.960915 0
    outer loop
      vertex 24.1468 4.15309 4
      vertex 24.6209 4.28968 0
      vertex 24.1468 4.15309 0
    endloop
  endfacet
  facet normal 0.483754 0.875204 -0
    outer loop
      vertex 27.9409 3.72559 0
      vertex 27.5091 3.96426 4
      vertex 27.9409 3.72559 4
    endloop
  endfacet
  facet normal 0.483754 0.875204 0
    outer loop
      vertex 27.5091 3.96426 4
      vertex 27.9409 3.72559 0
      vertex 27.5091 3.96426 0
    endloop
  endfacet
  facet normal -0.382666 -0.923887 0
    outer loop
      vertex 23.6909 -3.96426 0
      vertex 24.1468 -4.15309 4
      vertex 23.6909 -3.96426 4
    endloop
  endfacet
  facet normal -0.382666 -0.923887 -0
    outer loop
      vertex 24.1468 -4.15309 4
      vertex 23.6909 -3.96426 0
      vertex 24.1468 -4.15309 0
    endloop
  endfacet
  facet normal -0.985888 -0.167406 0
    outer loop
      vertex 21.3103 -0.979092 0
      vertex 21.2277 -0.492643 4
      vertex 21.2277 -0.492643 0
    endloop
  endfacet
  facet normal -0.985888 -0.167406 0
    outer loop
      vertex 21.2277 -0.492643 4
      vertex 21.3103 -0.979092 0
      vertex 21.3103 -0.979092 4
    endloop
  endfacet
  facet normal -0.815585 -0.578637 0
    outer loop
      vertex 22.1599 -2.74335 0
      vertex 21.8744 -2.34094 4
      vertex 21.8744 -2.34094 0
    endloop
  endfacet
  facet normal -0.815585 -0.578637 0
    outer loop
      vertex 21.8744 -2.34094 4
      vertex 22.1599 -2.74335 0
      vertex 22.1599 -2.74335 4
    endloop
  endfacet
  facet normal -0.998423 -0.0561387 0
    outer loop
      vertex 21.2277 -0.492643 0
      vertex 21.2 0 4
      vertex 21.2 0 0
    endloop
  endfacet
  facet normal -0.998423 -0.0561387 0
    outer loop
      vertex 21.2 0 4
      vertex 21.2277 -0.492643 0
      vertex 21.2277 -0.492643 4
    endloop
  endfacet
  facet normal -0.0560829 0.998426 0
    outer loop
      vertex 25.6 4.4 0
      vertex 25.1074 4.37233 4
      vertex 25.6 4.4 4
    endloop
  endfacet
  facet normal -0.0560829 0.998426 0
    outer loop
      vertex 25.1074 4.37233 4
      vertex 25.6 4.4 0
      vertex 25.1074 4.37233 0
    endloop
  endfacet
  facet normal 0.666363 0.745628 -0
    outer loop
      vertex 28.7113 3.11127 0
      vertex 28.3434 3.44006 4
      vertex 28.7113 3.11127 4
    endloop
  endfacet
  facet normal 0.666363 0.745628 0
    outer loop
      vertex 28.3434 3.44006 4
      vertex 28.7113 3.11127 0
      vertex 28.3434 3.44006 0
    endloop
  endfacet
  facet normal 0.923896 -0.382643 0
    outer loop
      vertex 29.5643 -1.90909 4
      vertex 29.7531 -1.45323 0
      vertex 29.7531 -1.45323 4
    endloop
  endfacet
  facet normal 0.923896 -0.382643 0
    outer loop
      vertex 29.7531 -1.45323 0
      vertex 29.5643 -1.90909 4
      vertex 29.5643 -1.90909 0
    endloop
  endfacet
  facet normal -0.745636 0.666354 0
    outer loop
      vertex 22.1599 2.74335 0
      vertex 22.4887 3.11127 4
      vertex 22.4887 3.11127 0
    endloop
  endfacet
  facet normal -0.745636 0.666354 0
    outer loop
      vertex 22.4887 3.11127 4
      vertex 22.1599 2.74335 0
      vertex 22.1599 2.74335 4
    endloop
  endfacet
  facet normal 0.923896 0.382643 0
    outer loop
      vertex 29.7531 1.45323 4
      vertex 29.5643 1.90909 0
      vertex 29.5643 1.90909 4
    endloop
  endfacet
  facet normal 0.923896 0.382643 0
    outer loop
      vertex 29.5643 1.90909 0
      vertex 29.7531 1.45323 4
      vertex 29.7531 1.45323 0
    endloop
  endfacet
  facet normal 0.0560829 -0.998426 0
    outer loop
      vertex 25.6 -4.4 0
      vertex 26.0926 -4.37233 4
      vertex 25.6 -4.4 4
    endloop
  endfacet
  facet normal 0.0560829 -0.998426 0
    outer loop
      vertex 26.0926 -4.37233 4
      vertex 25.6 -4.4 0
      vertex 26.0926 -4.37233 0
    endloop
  endfacet
  facet normal 0.276843 -0.960915 0
    outer loop
      vertex 26.5791 -4.28968 0
      vertex 27.0532 -4.15309 4
      vertex 26.5791 -4.28968 4
    endloop
  endfacet
  facet normal 0.276843 -0.960915 0
    outer loop
      vertex 27.0532 -4.15309 4
      vertex 26.5791 -4.28968 0
      vertex 27.0532 -4.15309 0
    endloop
  endfacet
  facet normal 0.0560829 0.998426 -0
    outer loop
      vertex 26.0926 4.37233 0
      vertex 25.6 4.4 4
      vertex 26.0926 4.37233 4
    endloop
  endfacet
  facet normal 0.0560829 0.998426 0
    outer loop
      vertex 25.6 4.4 4
      vertex 26.0926 4.37233 0
      vertex 25.6 4.4 0
    endloop
  endfacet
  facet normal 0.875202 0.483758 0
    outer loop
      vertex 29.5643 1.90909 4
      vertex 29.3256 2.34094 0
      vertex 29.3256 2.34094 4
    endloop
  endfacet
  facet normal 0.875202 0.483758 0
    outer loop
      vertex 29.3256 2.34094 0
      vertex 29.5643 1.90909 4
      vertex 29.5643 1.90909 0
    endloop
  endfacet
  facet normal 0.960916 -0.276841 0
    outer loop
      vertex 29.7531 -1.45323 4
      vertex 29.8897 -0.979092 0
      vertex 29.8897 -0.979092 4
    endloop
  endfacet
  facet normal 0.960916 -0.276841 0
    outer loop
      vertex 29.8897 -0.979092 0
      vertex 29.7531 -1.45323 4
      vertex 29.7531 -1.45323 0
    endloop
  endfacet
  facet normal 0.167487 -0.985874 0
    outer loop
      vertex 26.0926 -4.37233 0
      vertex 26.5791 -4.28968 4
      vertex 26.0926 -4.37233 4
    endloop
  endfacet
  facet normal 0.167487 -0.985874 0
    outer loop
      vertex 26.5791 -4.28968 4
      vertex 26.0926 -4.37233 0
      vertex 26.5791 -4.28968 0
    endloop
  endfacet
  facet normal 0.276843 0.960915 -0
    outer loop
      vertex 27.0532 4.15309 0
      vertex 26.5791 4.28968 4
      vertex 27.0532 4.15309 4
    endloop
  endfacet
  facet normal 0.276843 0.960915 0
    outer loop
      vertex 26.5791 4.28968 4
      vertex 27.0532 4.15309 0
      vertex 26.5791 4.28968 0
    endloop
  endfacet
  facet normal -0.745636 -0.666354 0
    outer loop
      vertex 22.4887 -3.11127 0
      vertex 22.1599 -2.74335 4
      vertex 22.1599 -2.74335 0
    endloop
  endfacet
  facet normal -0.745636 -0.666354 0
    outer loop
      vertex 22.1599 -2.74335 4
      vertex 22.4887 -3.11127 0
      vertex 22.4887 -3.11127 4
    endloop
  endfacet
  facet normal -0.483754 -0.875204 0
    outer loop
      vertex 23.2591 -3.72559 0
      vertex 23.6909 -3.96426 4
      vertex 23.2591 -3.72559 4
    endloop
  endfacet
  facet normal -0.483754 -0.875204 -0
    outer loop
      vertex 23.6909 -3.96426 4
      vertex 23.2591 -3.72559 0
      vertex 23.6909 -3.96426 0
    endloop
  endfacet
  facet normal 0.578592 0.815617 -0
    outer loop
      vertex 28.3434 3.44006 0
      vertex 27.9409 3.72559 4
      vertex 28.3434 3.44006 4
    endloop
  endfacet
  facet normal 0.578592 0.815617 0
    outer loop
      vertex 27.9409 3.72559 4
      vertex 28.3434 3.44006 0
      vertex 27.9409 3.72559 0
    endloop
  endfacet
  facet normal -0.923896 -0.382643 0
    outer loop
      vertex 21.6357 -1.90909 0
      vertex 21.4469 -1.45323 4
      vertex 21.4469 -1.45323 0
    endloop
  endfacet
  facet normal -0.923896 -0.382643 0
    outer loop
      vertex 21.4469 -1.45323 4
      vertex 21.6357 -1.90909 0
      vertex 21.6357 -1.90909 4
    endloop
  endfacet
  facet normal -0.960916 -0.276841 0
    outer loop
      vertex 21.4469 -1.45323 0
      vertex 21.3103 -0.979092 4
      vertex 21.3103 -0.979092 0
    endloop
  endfacet
  facet normal -0.960916 -0.276841 0
    outer loop
      vertex 21.3103 -0.979092 4
      vertex 21.4469 -1.45323 0
      vertex 21.4469 -1.45323 4
    endloop
  endfacet
  facet normal -0.382666 0.923887 0
    outer loop
      vertex 24.1468 4.15309 0
      vertex 23.6909 3.96426 4
      vertex 24.1468 4.15309 4
    endloop
  endfacet
  facet normal -0.382666 0.923887 0
    outer loop
      vertex 23.6909 3.96426 4
      vertex 24.1468 4.15309 0
      vertex 23.6909 3.96426 0
    endloop
  endfacet
  facet normal -0.923896 0.382643 0
    outer loop
      vertex 21.4469 1.45323 0
      vertex 21.6357 1.90909 4
      vertex 21.6357 1.90909 0
    endloop
  endfacet
  facet normal -0.923896 0.382643 0
    outer loop
      vertex 21.6357 1.90909 4
      vertex 21.4469 1.45323 0
      vertex 21.4469 1.45323 4
    endloop
  endfacet
  facet normal -0.985888 0.167406 0
    outer loop
      vertex 21.2277 0.492643 0
      vertex 21.3103 0.979092 4
      vertex 21.3103 0.979092 0
    endloop
  endfacet
  facet normal -0.985888 0.167406 0
    outer loop
      vertex 21.3103 0.979092 4
      vertex 21.2277 0.492643 0
      vertex 21.2277 0.492643 4
    endloop
  endfacet
  facet normal 0.815585 -0.578637 0
    outer loop
      vertex 29.0401 -2.74335 4
      vertex 29.3256 -2.34094 0
      vertex 29.3256 -2.34094 4
    endloop
  endfacet
  facet normal 0.815585 -0.578637 0
    outer loop
      vertex 29.3256 -2.34094 0
      vertex 29.0401 -2.74335 4
      vertex 29.0401 -2.74335 0
    endloop
  endfacet
  facet normal 0.578592 -0.815617 0
    outer loop
      vertex 27.9409 -3.72559 0
      vertex 28.3434 -3.44006 4
      vertex 27.9409 -3.72559 4
    endloop
  endfacet
  facet normal 0.578592 -0.815617 0
    outer loop
      vertex 28.3434 -3.44006 4
      vertex 27.9409 -3.72559 0
      vertex 28.3434 -3.44006 0
    endloop
  endfacet
  facet normal -0.578592 0.815617 0
    outer loop
      vertex 23.2591 3.72559 0
      vertex 22.8566 3.44006 4
      vertex 23.2591 3.72559 4
    endloop
  endfacet
  facet normal -0.578592 0.815617 0
    outer loop
      vertex 22.8566 3.44006 4
      vertex 23.2591 3.72559 0
      vertex 22.8566 3.44006 0
    endloop
  endfacet
  facet normal 0 0 1
    outer loop
      vertex 27.3 0 4
      vertex 30 0 4
      vertex 29.9723 0.492643 4
    endloop
  endfacet
  facet normal 0 0 1
    outer loop
      vertex 27.2893 0.190339 4
      vertex 29.9723 0.492643 4
      vertex 29.8897 0.979092 4
    endloop
  endfacet
  facet normal 0 0 1
    outer loop
      vertex 30 0 4
      vertex 27.3 0 4
      vertex 29.9723 -0.492643 4
    endloop
  endfacet
  facet normal 0 0 1
    outer loop
      vertex 27.2574 0.378285 4
      vertex 29.8897 0.979092 4
      vertex 29.7531 1.45323 4
    endloop
  endfacet
  facet normal -0 0 1
    outer loop
      vertex 27.2893 -0.190339 4
      vertex 29.9723 -0.492643 4
      vertex 27.3 0 4
    endloop
  endfacet
  facet normal 0 0 1
    outer loop
      vertex 27.2046 0.561474 4
      vertex 29.7531 1.45323 4
      vertex 29.5643 1.90909 4
    endloop
  endfacet
  facet normal 0 0 1
    outer loop
      vertex 29.9723 -0.492643 4
      vertex 27.2893 -0.190339 4
      vertex 29.8897 -0.979092 4
    endloop
  endfacet
  facet normal 0 0 1
    outer loop
      vertex 27.1316 0.737602 4
      vertex 29.5643 1.90909 4
      vertex 29.3256 2.34094 4
    endloop
  endfacet
  facet normal -0 0 1
    outer loop
      vertex 27.2574 -0.378285 4
      vertex 29.8897 -0.979092 4
      vertex 27.2893 -0.190339 4
    endloop
  endfacet
  facet normal 0 0 1
    outer loop
      vertex 27.0394 0.904454 4
      vertex 29.3256 2.34094 4
      vertex 29.0401 2.74335 4
    endloop
  endfacet
  facet normal 0 0 1
    outer loop
      vertex 29.8897 -0.979092 4
      vertex 27.2574 -0.378285 4
      vertex 29.7531 -1.45323 4
    endloop
  endfacet
  facet normal 0 0 1
    outer loop
      vertex 26.9291 1.05993 4
      vertex 29.0401 2.74335 4
      vertex 28.7113 3.11127 4
    endloop
  endfacet
  facet normal -0 0 1
    outer loop
      vertex 27.2046 -0.561474 4
      vertex 29.7531 -1.45323 4
      vertex 27.2574 -0.378285 4
    endloop
  endfacet
  facet normal 0 0 1
    outer loop
      vertex 26.8021 1.20208 4
      vertex 28.7113 3.11127 4
      vertex 28.3434 3.44006 4
    endloop
  endfacet
  facet normal 0 0 1
    outer loop
      vertex 29.7531 -1.45323 4
      vertex 27.2046 -0.561474 4
      vertex 29.5643 -1.90909 4
    endloop
  endfacet
  facet normal 0 0 1
    outer loop
      vertex 26.6599 1.32911 4
      vertex 28.3434 3.44006 4
      vertex 27.9409 3.72559 4
    endloop
  endfacet
  facet normal -0 0 1
    outer loop
      vertex 27.1316 -0.737602 4
      vertex 29.5643 -1.90909 4
      vertex 27.2046 -0.561474 4
    endloop
  endfacet
  facet normal 0 0 1
    outer loop
      vertex 26.5045 1.43943 4
      vertex 27.9409 3.72559 4
      vertex 27.5091 3.96426 4
    endloop
  endfacet
  facet normal 0 0 1
    outer loop
      vertex 29.5643 -1.90909 4
      vertex 27.1316 -0.737602 4
      vertex 29.3256 -2.34094 4
    endloop
  endfacet
  facet normal -0 0 1
    outer loop
      vertex 27.0394 -0.904454 4
      vertex 29.3256 -2.34094 4
      vertex 27.1316 -0.737602 4
    endloop
  endfacet
  facet normal 0 0 1
    outer loop
      vertex 29.9723 0.492643 4
      vertex 27.2893 0.190339 4
      vertex 27.3 0 4
    endloop
  endfacet
  facet normal 0 0 1
    outer loop
      vertex 29.8897 0.979092 4
      vertex 27.2574 0.378285 4
      vertex 27.2893 0.190339 4
    endloop
  endfacet
  facet normal 0 0 1
    outer loop
      vertex 29.7531 1.45323 4
      vertex 27.2046 0.561474 4
      vertex 27.2574 0.378285 4
    endloop
  endfacet
  facet normal 0 0 1
    outer loop
      vertex 29.5643 1.90909 4
      vertex 27.1316 0.737602 4
      vertex 27.2046 0.561474 4
    endloop
  endfacet
  facet normal 0 0 1
    outer loop
      vertex 26.3376 1.53165 4
      vertex 27.5091 3.96426 4
      vertex 27.0532 4.15309 4
    endloop
  endfacet
  facet normal 0 0 1
    outer loop
      vertex 29.3256 2.34094 4
      vertex 27.0394 0.904454 4
      vertex 27.1316 0.737602 4
    endloop
  endfacet
  facet normal 0 0 1
    outer loop
      vertex 29.0401 2.74335 4
      vertex 26.9291 1.05993 4
      vertex 27.0394 0.904454 4
    endloop
  endfacet
  facet normal 0 0 1
    outer loop
      vertex 28.7113 3.11127 4
      vertex 26.8021 1.20208 4
      vertex 26.9291 1.05993 4
    endloop
  endfacet
  facet normal 0 0 1
    outer loop
      vertex 28.3434 3.44006 4
      vertex 26.6599 1.32911 4
      vertex 26.8021 1.20208 4
    endloop
  endfacet
  facet normal 0 0 1
    outer loop
      vertex 26.1615 1.6046 4
      vertex 27.0532 4.15309 4
      vertex 26.5791 4.28968 4
    endloop
  endfacet
  facet normal 0 0 1
    outer loop
      vertex 27.9409 3.72559 4
      vertex 26.5045 1.43943 4
      vertex 26.6599 1.32911 4
    endloop
  endfacet
  facet normal 0 0 1
    outer loop
      vertex 27.5091 3.96426 4
      vertex 26.3376 1.53165 4
      vertex 26.5045 1.43943 4
    endloop
  endfacet
  facet normal 0 0 1
    outer loop
      vertex 27.0532 4.15309 4
      vertex 26.1615 1.6046 4
      vertex 26.3376 1.53165 4
    endloop
  endfacet
  facet normal 0 0 1
    outer loop
      vertex 25.9783 1.65738 4
      vertex 26.5791 4.28968 4
      vertex 26.0926 4.37233 4
    endloop
  endfacet
  facet normal 0 0 1
    outer loop
      vertex 26.5791 4.28968 4
      vertex 25.9783 1.65738 4
      vertex 26.1615 1.6046 4
    endloop
  endfacet
  facet normal 0 0 1
    outer loop
      vertex 26.0926 4.37233 4
      vertex 25.7903 1.68931 4
      vertex 25.9783 1.65738 4
    endloop
  endfacet
  facet normal 0 0 1
    outer loop
      vertex 25.6 4.4 4
      vertex 25.7903 1.68931 4
      vertex 26.0926 4.37233 4
    endloop
  endfacet
  facet normal 0 0 1
    outer loop
      vertex 25.6 4.4 4
      vertex 25.6 1.7 4
      vertex 25.7903 1.68931 4
    endloop
  endfacet
  facet normal 0 0 1
    outer loop
      vertex 25.6 4.4 4
      vertex 25.4097 1.68931 4
      vertex 25.6 1.7 4
    endloop
  endfacet
  facet normal -0 0 1
    outer loop
      vertex 25.1074 4.37233 4
      vertex 25.4097 1.68931 4
      vertex 25.6 4.4 4
    endloop
  endfacet
  facet normal 0 0 1
    outer loop
      vertex 25.4097 1.68931 4
      vertex 25.1074 4.37233 4
      vertex 25.2217 1.65738 4
    endloop
  endfacet
  facet normal -0 0 1
    outer loop
      vertex 24.6209 4.28968 4
      vertex 25.2217 1.65738 4
      vertex 25.1074 4.37233 4
    endloop
  endfacet
  facet normal 0 0 1
    outer loop
      vertex 25.2217 1.65738 4
      vertex 24.6209 4.28968 4
      vertex 25.0385 1.6046 4
    endloop
  endfacet
  facet normal -0 0 1
    outer loop
      vertex 24.1468 4.15309 4
      vertex 25.0385 1.6046 4
      vertex 24.6209 4.28968 4
    endloop
  endfacet
  facet normal 0 0 1
    outer loop
      vertex 25.0385 1.6046 4
      vertex 24.1468 4.15309 4
      vertex 24.8624 1.53165 4
    endloop
  endfacet
  facet normal -0 0 1
    outer loop
      vertex 23.6909 3.96426 4
      vertex 24.8624 1.53165 4
      vertex 24.1468 4.15309 4
    endloop
  endfacet
  facet normal 0 0 1
    outer loop
      vertex 24.8624 1.53165 4
      vertex 23.6909 3.96426 4
      vertex 24.6955 1.43943 4
    endloop
  endfacet
  facet normal -0 0 1
    outer loop
      vertex 23.2591 3.72559 4
      vertex 24.6955 1.43943 4
      vertex 23.6909 3.96426 4
    endloop
  endfacet
  facet normal 0 0 1
    outer loop
      vertex 24.6955 1.43943 4
      vertex 23.2591 3.72559 4
      vertex 24.5401 1.32911 4
    endloop
  endfacet
  facet normal -0 0 1
    outer loop
      vertex 22.8566 3.44006 4
      vertex 24.5401 1.32911 4
      vertex 23.2591 3.72559 4
    endloop
  endfacet
  facet normal 0 0 1
    outer loop
      vertex 24.5401 1.32911 4
      vertex 22.8566 3.44006 4
      vertex 24.3979 1.20208 4
    endloop
  endfacet
  facet normal -0 0 1
    outer loop
      vertex 22.4887 3.11127 4
      vertex 24.3979 1.20208 4
      vertex 22.8566 3.44006 4
    endloop
  endfacet
  facet normal 0 0 1
    outer loop
      vertex 24.3979 1.20208 4
      vertex 22.4887 3.11127 4
      vertex 24.2709 1.05993 4
    endloop
  endfacet
  facet normal -0 0 1
    outer loop
      vertex 22.1599 2.74335 4
      vertex 24.2709 1.05993 4
      vertex 22.4887 3.11127 4
    endloop
  endfacet
  facet normal -0 0 1
    outer loop
      vertex 21.8744 2.34094 4
      vertex 24.1606 0.904454 4
      vertex 22.1599 2.74335 4
    endloop
  endfacet
  facet normal 0 0 1
    outer loop
      vertex 24.2709 1.05993 4
      vertex 22.1599 2.74335 4
      vertex 24.1606 0.904454 4
    endloop
  endfacet
  facet normal 0 0 1
    outer loop
      vertex 29.3256 -2.34094 4
      vertex 27.0394 -0.904454 4
      vertex 29.0401 -2.74335 4
    endloop
  endfacet
  facet normal -0 0 1
    outer loop
      vertex 26.9291 -1.05993 4
      vertex 29.0401 -2.74335 4
      vertex 27.0394 -0.904454 4
    endloop
  endfacet
  facet normal 0 0 1
    outer loop
      vertex 29.0401 -2.74335 4
      vertex 26.9291 -1.05993 4
      vertex 28.7113 -3.11127 4
    endloop
  endfacet
  facet normal -0 0 1
    outer loop
      vertex 26.8021 -1.20208 4
      vertex 28.7113 -3.11127 4
      vertex 26.9291 -1.05993 4
    endloop
  endfacet
  facet normal 0 0 1
    outer loop
      vertex 28.7113 -3.11127 4
      vertex 26.8021 -1.20208 4
      vertex 28.3434 -3.44006 4
    endloop
  endfacet
  facet normal -0 0 1
    outer loop
      vertex 26.6599 -1.32911 4
      vertex 28.3434 -3.44006 4
      vertex 26.8021 -1.20208 4
    endloop
  endfacet
  facet normal 0 0 1
    outer loop
      vertex 28.3434 -3.44006 4
      vertex 26.6599 -1.32911 4
      vertex 27.9409 -3.72559 4
    endloop
  endfacet
  facet normal -0 0 1
    outer loop
      vertex 26.5045 -1.43943 4
      vertex 27.9409 -3.72559 4
      vertex 26.6599 -1.32911 4
    endloop
  endfacet
  facet normal 0 0 1
    outer loop
      vertex 27.9409 -3.72559 4
      vertex 26.5045 -1.43943 4
      vertex 27.5091 -3.96426 4
    endloop
  endfacet
  facet normal -0 0 1
    outer loop
      vertex 26.3376 -1.53165 4
      vertex 27.5091 -3.96426 4
      vertex 26.5045 -1.43943 4
    endloop
  endfacet
  facet normal 0 0 1
    outer loop
      vertex 27.5091 -3.96426 4
      vertex 26.3376 -1.53165 4
      vertex 27.0532 -4.15309 4
    endloop
  endfacet
  facet normal -0 0 1
    outer loop
      vertex 26.1615 -1.6046 4
      vertex 27.0532 -4.15309 4
      vertex 26.3376 -1.53165 4
    endloop
  endfacet
  facet normal 0 0 1
    outer loop
      vertex 27.0532 -4.15309 4
      vertex 26.1615 -1.6046 4
      vertex 26.5791 -4.28968 4
    endloop
  endfacet
  facet normal -0 0 1
    outer loop
      vertex 25.9783 -1.65738 4
      vertex 26.5791 -4.28968 4
      vertex 26.1615 -1.6046 4
    endloop
  endfacet
  facet normal 0 0 1
    outer loop
      vertex 26.5791 -4.28968 4
      vertex 25.9783 -1.65738 4
      vertex 26.0926 -4.37233 4
    endloop
  endfacet
  facet normal -0 0 1
    outer loop
      vertex 25.7903 -1.68931 4
      vertex 26.0926 -4.37233 4
      vertex 25.9783 -1.65738 4
    endloop
  endfacet
  facet normal -0 0 1
    outer loop
      vertex 25.6 -1.7 4
      vertex 26.0926 -4.37233 4
      vertex 25.7903 -1.68931 4
    endloop
  endfacet
  facet normal 0 0 1
    outer loop
      vertex 25.6 -1.7 4
      vertex 25.6 -4.4 4
      vertex 26.0926 -4.37233 4
    endloop
  endfacet
  facet normal 0 0 1
    outer loop
      vertex 25.4097 -1.68931 4
      vertex 25.6 -4.4 4
      vertex 25.6 -1.7 4
    endloop
  endfacet
  facet normal 0 0 1
    outer loop
      vertex 25.1074 -4.37233 4
      vertex 25.4097 -1.68931 4
      vertex 25.2217 -1.65738 4
    endloop
  endfacet
  facet normal 0 0 1
    outer loop
      vertex 25.4097 -1.68931 4
      vertex 25.1074 -4.37233 4
      vertex 25.6 -4.4 4
    endloop
  endfacet
  facet normal 0 0 1
    outer loop
      vertex 24.6209 -4.28968 4
      vertex 25.2217 -1.65738 4
      vertex 25.0385 -1.6046 4
    endloop
  endfacet
  facet normal 0 0 1
    outer loop
      vertex 24.1468 -4.15309 4
      vertex 25.0385 -1.6046 4
      vertex 24.8624 -1.53165 4
    endloop
  endfacet
  facet normal 0 0 1
    outer loop
      vertex 23.6909 -3.96426 4
      vertex 24.8624 -1.53165 4
      vertex 24.6955 -1.43943 4
    endloop
  endfacet
  facet normal 0 0 1
    outer loop
      vertex 25.2217 -1.65738 4
      vertex 24.6209 -4.28968 4
      vertex 25.1074 -4.37233 4
    endloop
  endfacet
  facet normal 0 0 1
    outer loop
      vertex 23.2591 -3.72559 4
      vertex 24.6955 -1.43943 4
      vertex 24.5401 -1.32911 4
    endloop
  endfacet
  facet normal 0 0 1
    outer loop
      vertex 22.8566 -3.44006 4
      vertex 24.5401 -1.32911 4
      vertex 24.3979 -1.20208 4
    endloop
  endfacet
  facet normal 0 0 1
    outer loop
      vertex 22.4887 -3.11127 4
      vertex 24.3979 -1.20208 4
      vertex 24.2709 -1.05993 4
    endloop
  endfacet
  facet normal 0 0 1
    outer loop
      vertex 22.1599 -2.74335 4
      vertex 24.2709 -1.05993 4
      vertex 24.1606 -0.904454 4
    endloop
  endfacet
  facet normal 0 0 1
    outer loop
      vertex 25.0385 -1.6046 4
      vertex 24.1468 -4.15309 4
      vertex 24.6209 -4.28968 4
    endloop
  endfacet
  facet normal 0 0 1
    outer loop
      vertex 21.8744 -2.34094 4
      vertex 24.1606 -0.904454 4
      vertex 24.0684 -0.737602 4
    endloop
  endfacet
  facet normal 0 0 1
    outer loop
      vertex 21.6357 -1.90909 4
      vertex 24.0684 -0.737602 4
      vertex 23.9954 -0.561474 4
    endloop
  endfacet
  facet normal 0 0 1
    outer loop
      vertex 21.4469 -1.45323 4
      vertex 23.9954 -0.561474 4
      vertex 23.9426 -0.378285 4
    endloop
  endfacet
  facet normal 0 0 1
    outer loop
      vertex 21.3103 -0.979092 4
      vertex 23.9426 -0.378285 4
      vertex 23.9107 -0.190339 4
    endloop
  endfacet
  facet normal 0 0 1
    outer loop
      vertex 24.8624 -1.53165 4
      vertex 23.6909 -3.96426 4
      vertex 24.1468 -4.15309 4
    endloop
  endfacet
  facet normal 0 0 1
    outer loop
      vertex 21.2277 -0.492643 4
      vertex 23.9107 -0.190339 4
      vertex 23.9 0 4
    endloop
  endfacet
  facet normal 0 0 1
    outer loop
      vertex 24.1606 0.904454 4
      vertex 21.8744 2.34094 4
      vertex 24.0684 0.737602 4
    endloop
  endfacet
  facet normal -0 0 1
    outer loop
      vertex 21.6357 1.90909 4
      vertex 24.0684 0.737602 4
      vertex 21.8744 2.34094 4
    endloop
  endfacet
  facet normal 0 0 1
    outer loop
      vertex 24.6955 -1.43943 4
      vertex 23.2591 -3.72559 4
      vertex 23.6909 -3.96426 4
    endloop
  endfacet
  facet normal 0 0 1
    outer loop
      vertex 24.0684 0.737602 4
      vertex 21.6357 1.90909 4
      vertex 23.9954 0.561474 4
    endloop
  endfacet
  facet normal 0 0 1
    outer loop
      vertex 24.5401 -1.32911 4
      vertex 22.8566 -3.44006 4
      vertex 23.2591 -3.72559 4
    endloop
  endfacet
  facet normal -0 0 1
    outer loop
      vertex 21.4469 1.45323 4
      vertex 23.9954 0.561474 4
      vertex 21.6357 1.90909 4
    endloop
  endfacet
  facet normal 0 0 1
    outer loop
      vertex 24.3979 -1.20208 4
      vertex 22.4887 -3.11127 4
      vertex 22.8566 -3.44006 4
    endloop
  endfacet
  facet normal 0 0 1
    outer loop
      vertex 23.9954 0.561474 4
      vertex 21.4469 1.45323 4
      vertex 23.9426 0.378285 4
    endloop
  endfacet
  facet normal 0 0 1
    outer loop
      vertex 24.2709 -1.05993 4
      vertex 22.1599 -2.74335 4
      vertex 22.4887 -3.11127 4
    endloop
  endfacet
  facet normal -0 0 1
    outer loop
      vertex 21.3103 0.979092 4
      vertex 23.9426 0.378285 4
      vertex 21.4469 1.45323 4
    endloop
  endfacet
  facet normal 0 0 1
    outer loop
      vertex 24.1606 -0.904454 4
      vertex 21.8744 -2.34094 4
      vertex 22.1599 -2.74335 4
    endloop
  endfacet
  facet normal 0 0 1
    outer loop
      vertex 23.9426 0.378285 4
      vertex 21.3103 0.979092 4
      vertex 23.9107 0.190339 4
    endloop
  endfacet
  facet normal 0 0 1
    outer loop
      vertex 24.0684 -0.737602 4
      vertex 21.6357 -1.90909 4
      vertex 21.8744 -2.34094 4
    endloop
  endfacet
  facet normal -0 0 1
    outer loop
      vertex 21.2277 0.492643 4
      vertex 23.9107 0.190339 4
      vertex 21.3103 0.979092 4
    endloop
  endfacet
  facet normal 0 0 1
    outer loop
      vertex 23.9954 -0.561474 4
      vertex 21.4469 -1.45323 4
      vertex 21.6357 -1.90909 4
    endloop
  endfacet
  facet normal 0 0 1
    outer loop
      vertex 23.9107 0.190339 4
      vertex 21.2277 0.492643 4
      vertex 23.9 0 4
    endloop
  endfacet
  facet normal 0 0 1
    outer loop
      vertex 23.9426 -0.378285 4
      vertex 21.3103 -0.979092 4
      vertex 21.4469 -1.45323 4
    endloop
  endfacet
  facet normal 0 0 1
    outer loop
      vertex 21.2 0 4
      vertex 23.9 0 4
      vertex 21.2277 0.492643 4
    endloop
  endfacet
  facet normal 0 0 1
    outer loop
      vertex 23.9107 -0.190339 4
      vertex 21.2277 -0.492643 4
      vertex 21.3103 -0.979092 4
    endloop
  endfacet
  facet normal 0 0 1
    outer loop
      vertex 23.9 0 4
      vertex 21.2 0 4
      vertex 21.2277 -0.492643 4
    endloop
  endfacet
  facet normal 0.666363 -0.745628 0
    outer loop
      vertex 28.3434 -3.44006 0
      vertex 28.7113 -3.11127 4
      vertex 28.3434 -3.44006 4
    endloop
  endfacet
  facet normal 0.666363 -0.745628 0
    outer loop
      vertex 28.7113 -3.11127 4
      vertex 28.3434 -3.44006 0
      vertex 28.7113 -3.11127 0
    endloop
  endfacet
  facet normal 0 0 -1
    outer loop
      vertex 28.7 0 0
      vertex 30 0 0
      vertex 29.9723 -0.492643 0
    endloop
  endfacet
  facet normal 0 0 -1
    outer loop
      vertex 28.6805 -0.34709 0
      vertex 29.9723 -0.492643 0
      vertex 29.8897 -0.979092 0
    endloop
  endfacet
  facet normal 0 0 -1
    outer loop
      vertex 30 0 0
      vertex 28.7 0 0
      vertex 29.9723 0.492643 0
    endloop
  endfacet
  facet normal 0 0 -1
    outer loop
      vertex 28.6223 -0.689815 0
      vertex 29.8897 -0.979092 0
      vertex 29.7531 -1.45323 0
    endloop
  endfacet
  facet normal 0 0 -1
    outer loop
      vertex 28.6805 0.34709 0
      vertex 29.9723 0.492643 0
      vertex 28.7 0 0
    endloop
  endfacet
  facet normal 0 0 -1
    outer loop
      vertex 28.526 -1.02386 0
      vertex 29.7531 -1.45323 0
      vertex 29.5643 -1.90909 0
    endloop
  endfacet
  facet normal -0 0 -1
    outer loop
      vertex 29.9723 0.492643 0
      vertex 28.6805 0.34709 0
      vertex 29.8897 0.979092 0
    endloop
  endfacet
  facet normal 0 0 -1
    outer loop
      vertex 28.393 -1.34504 0
      vertex 29.5643 -1.90909 0
      vertex 29.3256 -2.34094 0
    endloop
  endfacet
  facet normal 0 0 -1
    outer loop
      vertex 28.6223 0.689815 0
      vertex 29.8897 0.979092 0
      vertex 28.6805 0.34709 0
    endloop
  endfacet
  facet normal 0 0 -1
    outer loop
      vertex 28.2248 -1.6493 0
      vertex 29.3256 -2.34094 0
      vertex 29.0401 -2.74335 0
    endloop
  endfacet
  facet normal -0 0 -1
    outer loop
      vertex 29.8897 0.979092 0
      vertex 28.6223 0.689815 0
      vertex 29.7531 1.45323 0
    endloop
  endfacet
  facet normal 0 0 -1
    outer loop
      vertex 28.0237 -1.93282 0
      vertex 29.0401 -2.74335 0
      vertex 28.7113 -3.11127 0
    endloop
  endfacet
  facet normal 0 0 -1
    outer loop
      vertex 28.526 1.02386 0
      vertex 29.7531 1.45323 0
      vertex 28.6223 0.689815 0
    endloop
  endfacet
  facet normal -0 0 -1
    outer loop
      vertex 29.7531 1.45323 0
      vertex 28.526 1.02386 0
      vertex 29.5643 1.90909 0
    endloop
  endfacet
  facet normal 0 0 -1
    outer loop
      vertex 29.9723 -0.492643 0
      vertex 28.6805 -0.34709 0
      vertex 28.7 0 0
    endloop
  endfacet
  facet normal 0 0 -1
    outer loop
      vertex 29.8897 -0.979092 0
      vertex 28.6223 -0.689815 0
      vertex 28.6805 -0.34709 0
    endloop
  endfacet
  facet normal 0 0 -1
    outer loop
      vertex 29.7531 -1.45323 0
      vertex 28.526 -1.02386 0
      vertex 28.6223 -0.689815 0
    endloop
  endfacet
  facet normal 0 0 -1
    outer loop
      vertex 29.5643 -1.90909 0
      vertex 28.393 -1.34504 0
      vertex 28.526 -1.02386 0
    endloop
  endfacet
  facet normal 0 0 -1
    outer loop
      vertex 27.792 -2.19203 0
      vertex 28.7113 -3.11127 0
      vertex 28.3434 -3.44006 0
    endloop
  endfacet
  facet normal 0 0 -1
    outer loop
      vertex 29.3256 -2.34094 0
      vertex 28.2248 -1.6493 0
      vertex 28.393 -1.34504 0
    endloop
  endfacet
  facet normal 0 0 -1
    outer loop
      vertex 29.0401 -2.74335 0
      vertex 28.0237 -1.93282 0
      vertex 28.2248 -1.6493 0
    endloop
  endfacet
  facet normal 0 0 -1
    outer loop
      vertex 27.5328 -2.42368 0
      vertex 28.3434 -3.44006 0
      vertex 27.9409 -3.72559 0
    endloop
  endfacet
  facet normal 0 0 -1
    outer loop
      vertex 28.7113 -3.11127 0
      vertex 27.792 -2.19203 0
      vertex 28.0237 -1.93282 0
    endloop
  endfacet
  facet normal 0 0 -1
    outer loop
      vertex 28.3434 -3.44006 0
      vertex 27.5328 -2.42368 0
      vertex 27.792 -2.19203 0
    endloop
  endfacet
  facet normal 0 0 -1
    outer loop
      vertex 27.2493 -2.62484 0
      vertex 27.9409 -3.72559 0
      vertex 27.5091 -3.96426 0
    endloop
  endfacet
  facet normal 0 0 -1
    outer loop
      vertex 27.9409 -3.72559 0
      vertex 27.2493 -2.62484 0
      vertex 27.5328 -2.42368 0
    endloop
  endfacet
  facet normal 0 0 -1
    outer loop
      vertex 26.945 -2.793 0
      vertex 27.5091 -3.96426 0
      vertex 27.0532 -4.15309 0
    endloop
  endfacet
  facet normal 0 0 -1
    outer loop
      vertex 27.5091 -3.96426 0
      vertex 26.945 -2.793 0
      vertex 27.2493 -2.62484 0
    endloop
  endfacet
  facet normal 0 0 -1
    outer loop
      vertex 27.0532 -4.15309 0
      vertex 26.6239 -2.92604 0
      vertex 26.945 -2.793 0
    endloop
  endfacet
  facet normal 0 0 -1
    outer loop
      vertex 26.5791 -4.28968 0
      vertex 26.6239 -2.92604 0
      vertex 27.0532 -4.15309 0
    endloop
  endfacet
  facet normal 0 0 -1
    outer loop
      vertex 26.5791 -4.28968 0
      vertex 26.2898 -3.02228 0
      vertex 26.6239 -2.92604 0
    endloop
  endfacet
  facet normal 0 0 -1
    outer loop
      vertex 26.0926 -4.37233 0
      vertex 26.2898 -3.02228 0
      vertex 26.5791 -4.28968 0
    endloop
  endfacet
  facet normal 0 0 -1
    outer loop
      vertex 26.0926 -4.37233 0
      vertex 25.9471 -3.08051 0
      vertex 26.2898 -3.02228 0
    endloop
  endfacet
  facet normal 0 0 -1
    outer loop
      vertex 25.6 -4.4 0
      vertex 25.9471 -3.08051 0
      vertex 26.0926 -4.37233 0
    endloop
  endfacet
  facet normal 0 0 -1
    outer loop
      vertex 25.6 -4.4 0
      vertex 25.6 -3.1 0
      vertex 25.9471 -3.08051 0
    endloop
  endfacet
  facet normal 0 0 -1
    outer loop
      vertex 25.6 -4.4 0
      vertex 25.2529 -3.08051 0
      vertex 25.6 -3.1 0
    endloop
  endfacet
  facet normal 0 0 -1
    outer loop
      vertex 25.1074 -4.37233 0
      vertex 25.2529 -3.08051 0
      vertex 25.6 -4.4 0
    endloop
  endfacet
  facet normal 0 0 -1
    outer loop
      vertex 25.1074 -4.37233 0
      vertex 24.9102 -3.02228 0
      vertex 25.2529 -3.08051 0
    endloop
  endfacet
  facet normal 0 0 -1
    outer loop
      vertex 24.6209 -4.28968 0
      vertex 24.9102 -3.02228 0
      vertex 25.1074 -4.37233 0
    endloop
  endfacet
  facet normal 0 0 -1
    outer loop
      vertex 24.6209 -4.28968 0
      vertex 24.5761 -2.92604 0
      vertex 24.9102 -3.02228 0
    endloop
  endfacet
  facet normal 0 0 -1
    outer loop
      vertex 24.1468 -4.15309 0
      vertex 24.5761 -2.92604 0
      vertex 24.6209 -4.28968 0
    endloop
  endfacet
  facet normal -0 0 -1
    outer loop
      vertex 24.5761 -2.92604 0
      vertex 24.1468 -4.15309 0
      vertex 24.255 -2.793 0
    endloop
  endfacet
  facet normal 0 0 -1
    outer loop
      vertex 23.6909 -3.96426 0
      vertex 24.255 -2.793 0
      vertex 24.1468 -4.15309 0
    endloop
  endfacet
  facet normal -0 0 -1
    outer loop
      vertex 24.255 -2.793 0
      vertex 23.6909 -3.96426 0
      vertex 23.9507 -2.62484 0
    endloop
  endfacet
  facet normal 0 0 -1
    outer loop
      vertex 23.2591 -3.72559 0
      vertex 23.9507 -2.62484 0
      vertex 23.6909 -3.96426 0
    endloop
  endfacet
  facet normal -0 0 -1
    outer loop
      vertex 23.9507 -2.62484 0
      vertex 23.2591 -3.72559 0
      vertex 23.6672 -2.42368 0
    endloop
  endfacet
  facet normal 0 0 -1
    outer loop
      vertex 22.8566 -3.44006 0
      vertex 23.6672 -2.42368 0
      vertex 23.2591 -3.72559 0
    endloop
  endfacet
  facet normal -0 0 -1
    outer loop
      vertex 23.6672 -2.42368 0
      vertex 22.8566 -3.44006 0
      vertex 23.408 -2.19203 0
    endloop
  endfacet
  facet normal 0 0 -1
    outer loop
      vertex 22.4887 -3.11127 0
      vertex 23.408 -2.19203 0
      vertex 22.8566 -3.44006 0
    endloop
  endfacet
  facet normal -0 0 -1
    outer loop
      vertex 23.408 -2.19203 0
      vertex 22.4887 -3.11127 0
      vertex 23.1763 -1.93282 0
    endloop
  endfacet
  facet normal 0 0 -1
    outer loop
      vertex 22.1599 -2.74335 0
      vertex 23.1763 -1.93282 0
      vertex 22.4887 -3.11127 0
    endloop
  endfacet
  facet normal -0 0 -1
    outer loop
      vertex 23.1763 -1.93282 0
      vertex 22.1599 -2.74335 0
      vertex 22.9752 -1.6493 0
    endloop
  endfacet
  facet normal 0 0 -1
    outer loop
      vertex 21.8744 -2.34094 0
      vertex 22.9752 -1.6493 0
      vertex 22.1599 -2.74335 0
    endloop
  endfacet
  facet normal -0 0 -1
    outer loop
      vertex 22.9752 -1.6493 0
      vertex 21.8744 -2.34094 0
      vertex 22.807 -1.34504 0
    endloop
  endfacet
  facet normal -0 0 -1
    outer loop
      vertex 22.807 -1.34504 0
      vertex 21.6357 -1.90909 0
      vertex 22.674 -1.02386 0
    endloop
  endfacet
  facet normal 0 0 -1
    outer loop
      vertex 21.6357 -1.90909 0
      vertex 22.807 -1.34504 0
      vertex 21.8744 -2.34094 0
    endloop
  endfacet
  facet normal 0 0 -1
    outer loop
      vertex 28.393 1.34504 0
      vertex 29.5643 1.90909 0
      vertex 28.526 1.02386 0
    endloop
  endfacet
  facet normal -0 0 -1
    outer loop
      vertex 29.5643 1.90909 0
      vertex 28.393 1.34504 0
      vertex 29.3256 2.34094 0
    endloop
  endfacet
  facet normal 0 0 -1
    outer loop
      vertex 28.2248 1.6493 0
      vertex 29.3256 2.34094 0
      vertex 28.393 1.34504 0
    endloop
  endfacet
  facet normal -0 0 -1
    outer loop
      vertex 29.3256 2.34094 0
      vertex 28.2248 1.6493 0
      vertex 29.0401 2.74335 0
    endloop
  endfacet
  facet normal 0 0 -1
    outer loop
      vertex 28.0237 1.93282 0
      vertex 29.0401 2.74335 0
      vertex 28.2248 1.6493 0
    endloop
  endfacet
  facet normal -0 0 -1
    outer loop
      vertex 29.0401 2.74335 0
      vertex 28.0237 1.93282 0
      vertex 28.7113 3.11127 0
    endloop
  endfacet
  facet normal 0 0 -1
    outer loop
      vertex 27.792 2.19203 0
      vertex 28.7113 3.11127 0
      vertex 28.0237 1.93282 0
    endloop
  endfacet
  facet normal -0 0 -1
    outer loop
      vertex 28.7113 3.11127 0
      vertex 27.792 2.19203 0
      vertex 28.3434 3.44006 0
    endloop
  endfacet
  facet normal 0 0 -1
    outer loop
      vertex 27.5328 2.42368 0
      vertex 28.3434 3.44006 0
      vertex 27.792 2.19203 0
    endloop
  endfacet
  facet normal -0 0 -1
    outer loop
      vertex 28.3434 3.44006 0
      vertex 27.5328 2.42368 0
      vertex 27.9409 3.72559 0
    endloop
  endfacet
  facet normal 0 0 -1
    outer loop
      vertex 27.2493 2.62484 0
      vertex 27.9409 3.72559 0
      vertex 27.5328 2.42368 0
    endloop
  endfacet
  facet normal -0 0 -1
    outer loop
      vertex 27.9409 3.72559 0
      vertex 27.2493 2.62484 0
      vertex 27.5091 3.96426 0
    endloop
  endfacet
  facet normal 0 0 -1
    outer loop
      vertex 26.945 2.793 0
      vertex 27.5091 3.96426 0
      vertex 27.2493 2.62484 0
    endloop
  endfacet
  facet normal -0 0 -1
    outer loop
      vertex 27.5091 3.96426 0
      vertex 26.945 2.793 0
      vertex 27.0532 4.15309 0
    endloop
  endfacet
  facet normal 0 0 -1
    outer loop
      vertex 26.6239 2.92604 0
      vertex 27.0532 4.15309 0
      vertex 26.945 2.793 0
    endloop
  endfacet
  facet normal 0 0 -1
    outer loop
      vertex 26.6239 2.92604 0
      vertex 26.5791 4.28968 0
      vertex 27.0532 4.15309 0
    endloop
  endfacet
  facet normal 0 0 -1
    outer loop
      vertex 26.2898 3.02228 0
      vertex 26.5791 4.28968 0
      vertex 26.6239 2.92604 0
    endloop
  endfacet
  facet normal 0 0 -1
    outer loop
      vertex 26.2898 3.02228 0
      vertex 26.0926 4.37233 0
      vertex 26.5791 4.28968 0
    endloop
  endfacet
  facet normal 0 0 -1
    outer loop
      vertex 25.9471 3.08051 0
      vertex 26.0926 4.37233 0
      vertex 26.2898 3.02228 0
    endloop
  endfacet
  facet normal 0 0 -1
    outer loop
      vertex 25.6 3.1 0
      vertex 26.0926 4.37233 0
      vertex 25.9471 3.08051 0
    endloop
  endfacet
  facet normal 0 0 -1
    outer loop
      vertex 25.6 3.1 0
      vertex 25.6 4.4 0
      vertex 26.0926 4.37233 0
    endloop
  endfacet
  facet normal 0 0 -1
    outer loop
      vertex 25.2529 3.08051 0
      vertex 25.6 4.4 0
      vertex 25.6 3.1 0
    endloop
  endfacet
  facet normal 0 0 -1
    outer loop
      vertex 25.2529 3.08051 0
      vertex 25.1074 4.37233 0
      vertex 25.6 4.4 0
    endloop
  endfacet
  facet normal 0 0 -1
    outer loop
      vertex 24.9102 3.02228 0
      vertex 25.1074 4.37233 0
      vertex 25.2529 3.08051 0
    endloop
  endfacet
  facet normal 0 0 -1
    outer loop
      vertex 24.9102 3.02228 0
      vertex 24.6209 4.28968 0
      vertex 25.1074 4.37233 0
    endloop
  endfacet
  facet normal 0 0 -1
    outer loop
      vertex 24.5761 2.92604 0
      vertex 24.6209 4.28968 0
      vertex 24.9102 3.02228 0
    endloop
  endfacet
  facet normal 0 0 -1
    outer loop
      vertex 24.1468 4.15309 0
      vertex 24.5761 2.92604 0
      vertex 24.255 2.793 0
    endloop
  endfacet
  facet normal 0 0 -1
    outer loop
      vertex 24.5761 2.92604 0
      vertex 24.1468 4.15309 0
      vertex 24.6209 4.28968 0
    endloop
  endfacet
  facet normal 0 0 -1
    outer loop
      vertex 23.6909 3.96426 0
      vertex 24.255 2.793 0
      vertex 23.9507 2.62484 0
    endloop
  endfacet
  facet normal 0 0 -1
    outer loop
      vertex 24.255 2.793 0
      vertex 23.6909 3.96426 0
      vertex 24.1468 4.15309 0
    endloop
  endfacet
  facet normal 0 0 -1
    outer loop
      vertex 23.2591 3.72559 0
      vertex 23.9507 2.62484 0
      vertex 23.6672 2.42368 0
    endloop
  endfacet
  facet normal 0 0 -1
    outer loop
      vertex 22.8566 3.44006 0
      vertex 23.6672 2.42368 0
      vertex 23.408 2.19203 0
    endloop
  endfacet
  facet normal 0 0 -1
    outer loop
      vertex 23.9507 2.62484 0
      vertex 23.2591 3.72559 0
      vertex 23.6909 3.96426 0
    endloop
  endfacet
  facet normal 0 0 -1
    outer loop
      vertex 22.4887 3.11127 0
      vertex 23.408 2.19203 0
      vertex 23.1763 1.93282 0
    endloop
  endfacet
  facet normal 0 0 -1
    outer loop
      vertex 22.1599 2.74335 0
      vertex 23.1763 1.93282 0
      vertex 22.9752 1.6493 0
    endloop
  endfacet
  facet normal 0 0 -1
    outer loop
      vertex 23.6672 2.42368 0
      vertex 22.8566 3.44006 0
      vertex 23.2591 3.72559 0
    endloop
  endfacet
  facet normal 0 0 -1
    outer loop
      vertex 21.8744 2.34094 0
      vertex 22.9752 1.6493 0
      vertex 22.807 1.34504 0
    endloop
  endfacet
  facet normal 0 0 -1
    outer loop
      vertex 21.6357 1.90909 0
      vertex 22.807 1.34504 0
      vertex 22.674 1.02386 0
    endloop
  endfacet
  facet normal 0 0 -1
    outer loop
      vertex 21.4469 1.45323 0
      vertex 22.674 1.02386 0
      vertex 22.5777 0.689815 0
    endloop
  endfacet
  facet normal 0 0 -1
    outer loop
      vertex 21.3103 0.979092 0
      vertex 22.5777 0.689815 0
      vertex 22.5195 0.34709 0
    endloop
  endfacet
  facet normal 0 0 -1
    outer loop
      vertex 23.408 2.19203 0
      vertex 22.4887 3.11127 0
      vertex 22.8566 3.44006 0
    endloop
  endfacet
  facet normal 0 0 -1
    outer loop
      vertex 21.2277 0.492643 0
      vertex 22.5195 0.34709 0
      vertex 22.5 0 0
    endloop
  endfacet
  facet normal 0 0 -1
    outer loop
      vertex 21.4469 -1.45323 0
      vertex 22.674 -1.02386 0
      vertex 21.6357 -1.90909 0
    endloop
  endfacet
  facet normal -0 0 -1
    outer loop
      vertex 22.674 -1.02386 0
      vertex 21.4469 -1.45323 0
      vertex 22.5777 -0.689815 0
    endloop
  endfacet
  facet normal 0 0 -1
    outer loop
      vertex 23.1763 1.93282 0
      vertex 22.1599 2.74335 0
      vertex 22.4887 3.11127 0
    endloop
  endfacet
  facet normal 0 0 -1
    outer loop
      vertex 21.3103 -0.979092 0
      vertex 22.5777 -0.689815 0
      vertex 21.4469 -1.45323 0
    endloop
  endfacet
  facet normal 0 0 -1
    outer loop
      vertex 22.9752 1.6493 0
      vertex 21.8744 2.34094 0
      vertex 22.1599 2.74335 0
    endloop
  endfacet
  facet normal -0 0 -1
    outer loop
      vertex 22.5777 -0.689815 0
      vertex 21.3103 -0.979092 0
      vertex 22.5195 -0.34709 0
    endloop
  endfacet
  facet normal 0 0 -1
    outer loop
      vertex 22.807 1.34504 0
      vertex 21.6357 1.90909 0
      vertex 21.8744 2.34094 0
    endloop
  endfacet
  facet normal 0 0 -1
    outer loop
      vertex 21.2277 -0.492643 0
      vertex 22.5195 -0.34709 0
      vertex 21.3103 -0.979092 0
    endloop
  endfacet
  facet normal 0 0 -1
    outer loop
      vertex 22.674 1.02386 0
      vertex 21.4469 1.45323 0
      vertex 21.6357 1.90909 0
    endloop
  endfacet
  facet normal -0 0 -1
    outer loop
      vertex 22.5195 -0.34709 0
      vertex 21.2277 -0.492643 0
      vertex 22.5 0 0
    endloop
  endfacet
  facet normal 0 0 -1
    outer loop
      vertex 22.5777 0.689815 0
      vertex 21.3103 0.979092 0
      vertex 21.4469 1.45323 0
    endloop
  endfacet
  facet normal 0 0 -1
    outer loop
      vertex 21.2 0 0
      vertex 22.5 0 0
      vertex 21.2277 -0.492643 0
    endloop
  endfacet
  facet normal 0 0 -1
    outer loop
      vertex 22.5195 0.34709 0
      vertex 21.2277 0.492643 0
      vertex 21.3103 0.979092 0
    endloop
  endfacet
  facet normal 0 0 -1
    outer loop
      vertex 22.5 0 0
      vertex 21.2 0 0
      vertex 21.2277 0.492643 0
    endloop
  endfacet
  facet normal -0.276843 -0.960915 0
    outer loop
      vertex 24.1468 -4.15309 0
      vertex 24.6209 -4.28968 4
      vertex 24.1468 -4.15309 4
    endloop
  endfacet
  facet normal -0.276843 -0.960915 -0
    outer loop
      vertex 24.6209 -4.28968 4
      vertex 24.1468 -4.15309 0
      vertex 24.6209 -4.28968 0
    endloop
  endfacet
  facet normal -0.875202 0.483758 0
    outer loop
      vertex 21.6357 1.90909 0
      vertex 21.8744 2.34094 4
      vertex 21.8744 2.34094 0
    endloop
  endfacet
  facet normal -0.875202 0.483758 0
    outer loop
      vertex 21.8744 2.34094 4
      vertex 21.6357 1.90909 0
      vertex 21.6357 1.90909 4
    endloop
  endfacet
  facet normal -0.382715 0.923867 0
    outer loop
      vertex 26.3376 -1.53165 2.39
      vertex 26.1615 -1.6046 4
      vertex 26.3376 -1.53165 4
    endloop
  endfacet
  facet normal -0.382715 0.923867 0
    outer loop
      vertex 26.1615 -1.6046 4
      vertex 26.3376 -1.53165 2.39
      vertex 26.1615 -1.6046 2.39
    endloop
  endfacet
  facet normal -0.9859 -0.167336 0
    outer loop
      vertex 27.2893 0.190339 2.39
      vertex 27.2574 0.378285 4
      vertex 27.2574 0.378285 2.39
    endloop
  endfacet
  facet normal -0.9859 -0.167336 0
    outer loop
      vertex 27.2574 0.378285 4
      vertex 27.2893 0.190339 2.39
      vertex 27.2893 0.190339 4
    endloop
  endfacet
  facet normal -0.998424 -0.0561269 0
    outer loop
      vertex 27.3 0 2.39
      vertex 27.2893 0.190339 4
      vertex 27.2893 0.190339 2.39
    endloop
  endfacet
  facet normal -0.998424 -0.0561269 0
    outer loop
      vertex 27.2893 0.190339 4
      vertex 27.3 0 2.39
      vertex 27.3 0 4
    endloop
  endfacet
  facet normal -0.9859 0.167336 0
    outer loop
      vertex 27.2574 -0.378285 2.39
      vertex 27.2893 -0.190339 4
      vertex 27.2893 -0.190339 2.39
    endloop
  endfacet
  facet normal -0.9859 0.167336 0
    outer loop
      vertex 27.2893 -0.190339 4
      vertex 27.2574 -0.378285 2.39
      vertex 27.2574 -0.378285 4
    endloop
  endfacet
  facet normal 0.745728 0.66625 0
    outer loop
      vertex 24.3979 -1.20208 4
      vertex 24.2709 -1.05993 2.39
      vertex 24.2709 -1.05993 4
    endloop
  endfacet
  facet normal 0.745728 0.66625 0
    outer loop
      vertex 24.2709 -1.05993 2.39
      vertex 24.3979 -1.20208 4
      vertex 24.3979 -1.20208 2.39
    endloop
  endfacet
  facet normal 0.382715 0.923867 -0
    outer loop
      vertex 25.0385 -1.6046 2.39
      vertex 24.8624 -1.53165 4
      vertex 25.0385 -1.6046 4
    endloop
  endfacet
  facet normal 0.382715 0.923867 0
    outer loop
      vertex 24.8624 -1.53165 4
      vertex 25.0385 -1.6046 2.39
      vertex 24.8624 -1.53165 2.39
    endloop
  endfacet
  facet normal 0.666208 0.745766 -0
    outer loop
      vertex 24.5401 -1.32911 2.39
      vertex 24.3979 -1.20208 4
      vertex 24.5401 -1.32911 4
    endloop
  endfacet
  facet normal 0.666208 0.745766 0
    outer loop
      vertex 24.3979 -1.20208 4
      vertex 24.5401 -1.32911 2.39
      vertex 24.3979 -1.20208 2.39
    endloop
  endfacet
  facet normal -0.960884 0.276953 0
    outer loop
      vertex 27.2046 -0.561474 2.39
      vertex 27.2574 -0.378285 4
      vertex 27.2574 -0.378285 2.39
    endloop
  endfacet
  facet normal -0.960884 0.276953 0
    outer loop
      vertex 27.2574 -0.378285 4
      vertex 27.2046 -0.561474 2.39
      vertex 27.2046 -0.561474 4
    endloop
  endfacet
  facet normal -0.27684 0.960916 0
    outer loop
      vertex 26.1615 -1.6046 2.39
      vertex 25.9783 -1.65738 4
      vertex 26.1615 -1.6046 4
    endloop
  endfacet
  facet normal -0.27684 0.960916 0
    outer loop
      vertex 25.9783 -1.65738 4
      vertex 26.1615 -1.6046 2.39
      vertex 25.9783 -1.65738 2.39
    endloop
  endfacet
  facet normal -0.666208 -0.745766 0
    outer loop
      vertex 26.6599 1.32911 2.39
      vertex 26.8021 1.20208 4
      vertex 26.6599 1.32911 4
    endloop
  endfacet
  facet normal -0.666208 -0.745766 -0
    outer loop
      vertex 26.8021 1.20208 4
      vertex 26.6599 1.32911 2.39
      vertex 26.8021 1.20208 2.39
    endloop
  endfacet
  facet normal 0.745728 -0.66625 0
    outer loop
      vertex 24.2709 1.05993 4
      vertex 24.3979 1.20208 2.39
      vertex 24.3979 1.20208 4
    endloop
  endfacet
  facet normal 0.745728 -0.66625 0
    outer loop
      vertex 24.3979 1.20208 2.39
      vertex 24.2709 1.05993 4
      vertex 24.2709 1.05993 2.39
    endloop
  endfacet
  facet normal -0.056086 0.998426 0
    outer loop
      vertex 25.7903 -1.68931 2.39
      vertex 25.6 -1.7 4
      vertex 25.7903 -1.68931 4
    endloop
  endfacet
  facet normal -0.056086 0.998426 0
    outer loop
      vertex 25.6 -1.7 4
      vertex 25.7903 -1.68931 2.39
      vertex 25.6 -1.7 2.39
    endloop
  endfacet
  facet normal -0.815601 -0.578615 0
    outer loop
      vertex 27.0394 0.904454 2.39
      vertex 26.9291 1.05993 4
      vertex 26.9291 1.05993 2.39
    endloop
  endfacet
  facet normal -0.815601 -0.578615 0
    outer loop
      vertex 26.9291 1.05993 4
      vertex 27.0394 0.904454 2.39
      vertex 27.0394 0.904454 4
    endloop
  endfacet
  facet normal -0.578873 -0.815418 0
    outer loop
      vertex 26.5045 1.43943 2.39
      vertex 26.6599 1.32911 4
      vertex 26.5045 1.43943 4
    endloop
  endfacet
  facet normal -0.578873 -0.815418 -0
    outer loop
      vertex 26.6599 1.32911 4
      vertex 26.5045 1.43943 2.39
      vertex 26.6599 1.32911 2.39
    endloop
  endfacet
  facet normal -0.167443 0.985882 0
    outer loop
      vertex 25.9783 -1.65738 2.39
      vertex 25.7903 -1.68931 4
      vertex 25.9783 -1.65738 4
    endloop
  endfacet
  facet normal -0.167443 0.985882 0
    outer loop
      vertex 25.7903 -1.68931 4
      vertex 25.9783 -1.65738 2.39
      vertex 25.7903 -1.68931 2.39
    endloop
  endfacet
  facet normal -0.483629 -0.875273 0
    outer loop
      vertex 26.3376 1.53165 2.39
      vertex 26.5045 1.43943 4
      vertex 26.3376 1.53165 4
    endloop
  endfacet
  facet normal -0.483629 -0.875273 -0
    outer loop
      vertex 26.5045 1.43943 4
      vertex 26.3376 1.53165 2.39
      vertex 26.5045 1.43943 2.39
    endloop
  endfacet
  facet normal 0.27684 -0.960916 0
    outer loop
      vertex 25.0385 1.6046 2.39
      vertex 25.2217 1.65738 4
      vertex 25.0385 1.6046 4
    endloop
  endfacet
  facet normal 0.27684 -0.960916 0
    outer loop
      vertex 25.2217 1.65738 4
      vertex 25.0385 1.6046 2.39
      vertex 25.2217 1.65738 2.39
    endloop
  endfacet
  facet normal -0.998424 0.0561269 0
    outer loop
      vertex 27.2893 -0.190339 2.39
      vertex 27.3 0 4
      vertex 27.3 0 2.39
    endloop
  endfacet
  facet normal -0.998424 0.0561269 0
    outer loop
      vertex 27.3 0 4
      vertex 27.2893 -0.190339 2.39
      vertex 27.2893 -0.190339 4
    endloop
  endfacet
  facet normal 0.167443 0.985882 -0
    outer loop
      vertex 25.4097 -1.68931 2.39
      vertex 25.2217 -1.65738 4
      vertex 25.4097 -1.68931 4
    endloop
  endfacet
  facet normal 0.167443 0.985882 0
    outer loop
      vertex 25.2217 -1.65738 4
      vertex 25.4097 -1.68931 2.39
      vertex 25.2217 -1.65738 2.39
    endloop
  endfacet
  facet normal -0.483629 0.875273 0
    outer loop
      vertex 26.5045 -1.43943 2.39
      vertex 26.3376 -1.53165 4
      vertex 26.5045 -1.43943 4
    endloop
  endfacet
  facet normal -0.483629 0.875273 0
    outer loop
      vertex 26.3376 -1.53165 4
      vertex 26.5045 -1.43943 2.39
      vertex 26.3376 -1.53165 2.39
    endloop
  endfacet
  facet normal -0.745728 -0.66625 0
    outer loop
      vertex 26.9291 1.05993 2.39
      vertex 26.8021 1.20208 4
      vertex 26.8021 1.20208 2.39
    endloop
  endfacet
  facet normal -0.745728 -0.66625 0
    outer loop
      vertex 26.8021 1.20208 4
      vertex 26.9291 1.05993 2.39
      vertex 26.9291 1.05993 4
    endloop
  endfacet
  facet normal 0.666208 -0.745766 0
    outer loop
      vertex 24.3979 1.20208 2.39
      vertex 24.5401 1.32911 4
      vertex 24.3979 1.20208 4
    endloop
  endfacet
  facet normal 0.666208 -0.745766 0
    outer loop
      vertex 24.5401 1.32911 4
      vertex 24.3979 1.20208 2.39
      vertex 24.5401 1.32911 2.39
    endloop
  endfacet
  facet normal -0.578873 0.815418 0
    outer loop
      vertex 26.6599 -1.32911 2.39
      vertex 26.5045 -1.43943 4
      vertex 26.6599 -1.32911 4
    endloop
  endfacet
  facet normal -0.578873 0.815418 0
    outer loop
      vertex 26.5045 -1.43943 4
      vertex 26.6599 -1.32911 2.39
      vertex 26.5045 -1.43943 2.39
    endloop
  endfacet
  facet normal 0.167443 -0.985882 0
    outer loop
      vertex 25.2217 1.65738 2.39
      vertex 25.4097 1.68931 4
      vertex 25.2217 1.65738 4
    endloop
  endfacet
  facet normal 0.167443 -0.985882 0
    outer loop
      vertex 25.4097 1.68931 4
      vertex 25.2217 1.65738 2.39
      vertex 25.4097 1.68931 2.39
    endloop
  endfacet
  facet normal -0.382715 -0.923867 0
    outer loop
      vertex 26.1615 1.6046 2.39
      vertex 26.3376 1.53165 4
      vertex 26.1615 1.6046 4
    endloop
  endfacet
  facet normal -0.382715 -0.923867 -0
    outer loop
      vertex 26.3376 1.53165 4
      vertex 26.1615 1.6046 2.39
      vertex 26.3376 1.53165 2.39
    endloop
  endfacet
  facet normal -0.745728 0.66625 0
    outer loop
      vertex 26.8021 -1.20208 2.39
      vertex 26.9291 -1.05993 4
      vertex 26.9291 -1.05993 2.39
    endloop
  endfacet
  facet normal -0.745728 0.66625 0
    outer loop
      vertex 26.9291 -1.05993 4
      vertex 26.8021 -1.20208 2.39
      vertex 26.8021 -1.20208 4
    endloop
  endfacet
  facet normal 0.27684 0.960916 -0
    outer loop
      vertex 25.2217 -1.65738 2.39
      vertex 25.0385 -1.6046 4
      vertex 25.2217 -1.65738 4
    endloop
  endfacet
  facet normal 0.27684 0.960916 0
    outer loop
      vertex 25.0385 -1.6046 4
      vertex 25.2217 -1.65738 2.39
      vertex 25.0385 -1.6046 2.39
    endloop
  endfacet
  facet normal 0.923795 0.382887 0
    outer loop
      vertex 24.0684 -0.737602 4
      vertex 23.9954 -0.561474 2.39
      vertex 23.9954 -0.561474 4
    endloop
  endfacet
  facet normal 0.923795 0.382887 0
    outer loop
      vertex 23.9954 -0.561474 2.39
      vertex 24.0684 -0.737602 4
      vertex 24.0684 -0.737602 2.39
    endloop
  endfacet
  facet normal 0.056086 -0.998426 0
    outer loop
      vertex 25.4097 1.68931 2.39
      vertex 25.6 1.7 4
      vertex 25.4097 1.68931 4
    endloop
  endfacet
  facet normal 0.056086 -0.998426 0
    outer loop
      vertex 25.6 1.7 4
      vertex 25.4097 1.68931 2.39
      vertex 25.6 1.7 2.39
    endloop
  endfacet
  facet normal -0.875259 -0.483655 0
    outer loop
      vertex 27.1316 0.737602 2.39
      vertex 27.0394 0.904454 4
      vertex 27.0394 0.904454 2.39
    endloop
  endfacet
  facet normal -0.875259 -0.483655 0
    outer loop
      vertex 27.0394 0.904454 4
      vertex 27.1316 0.737602 2.39
      vertex 27.1316 0.737602 4
    endloop
  endfacet
  facet normal -0.167443 -0.985882 0
    outer loop
      vertex 25.7903 1.68931 2.39
      vertex 25.9783 1.65738 4
      vertex 25.7903 1.68931 4
    endloop
  endfacet
  facet normal -0.167443 -0.985882 -0
    outer loop
      vertex 25.9783 1.65738 4
      vertex 25.7903 1.68931 2.39
      vertex 25.9783 1.65738 2.39
    endloop
  endfacet
  facet normal 0.9859 -0.167336 0
    outer loop
      vertex 23.9107 0.190339 4
      vertex 23.9426 0.378285 2.39
      vertex 23.9426 0.378285 4
    endloop
  endfacet
  facet normal 0.9859 -0.167336 0
    outer loop
      vertex 23.9426 0.378285 2.39
      vertex 23.9107 0.190339 4
      vertex 23.9107 0.190339 2.39
    endloop
  endfacet
  facet normal 0.382715 -0.923867 0
    outer loop
      vertex 24.8624 1.53165 2.39
      vertex 25.0385 1.6046 4
      vertex 24.8624 1.53165 4
    endloop
  endfacet
  facet normal 0.382715 -0.923867 0
    outer loop
      vertex 25.0385 1.6046 4
      vertex 24.8624 1.53165 2.39
      vertex 25.0385 1.6046 2.39
    endloop
  endfacet
  facet normal 0.815601 0.578615 0
    outer loop
      vertex 24.2709 -1.05993 4
      vertex 24.1606 -0.904454 2.39
      vertex 24.1606 -0.904454 4
    endloop
  endfacet
  facet normal 0.815601 0.578615 0
    outer loop
      vertex 24.1606 -0.904454 2.39
      vertex 24.2709 -1.05993 4
      vertex 24.2709 -1.05993 2.39
    endloop
  endfacet
  facet normal -0.27684 -0.960916 0
    outer loop
      vertex 25.9783 1.65738 2.39
      vertex 26.1615 1.6046 4
      vertex 25.9783 1.65738 4
    endloop
  endfacet
  facet normal -0.27684 -0.960916 -0
    outer loop
      vertex 26.1615 1.6046 4
      vertex 25.9783 1.65738 2.39
      vertex 26.1615 1.6046 2.39
    endloop
  endfacet
  facet normal -0.923795 0.382887 0
    outer loop
      vertex 27.1316 -0.737602 2.39
      vertex 27.2046 -0.561474 4
      vertex 27.2046 -0.561474 2.39
    endloop
  endfacet
  facet normal -0.923795 0.382887 0
    outer loop
      vertex 27.2046 -0.561474 4
      vertex 27.1316 -0.737602 2.39
      vertex 27.1316 -0.737602 4
    endloop
  endfacet
  facet normal 0.056086 0.998426 -0
    outer loop
      vertex 25.6 -1.7 2.39
      vertex 25.4097 -1.68931 4
      vertex 25.6 -1.7 4
    endloop
  endfacet
  facet normal 0.056086 0.998426 0
    outer loop
      vertex 25.4097 -1.68931 4
      vertex 25.6 -1.7 2.39
      vertex 25.4097 -1.68931 2.39
    endloop
  endfacet
  facet normal -0.815601 0.578615 0
    outer loop
      vertex 26.9291 -1.05993 2.39
      vertex 27.0394 -0.904454 4
      vertex 27.0394 -0.904454 2.39
    endloop
  endfacet
  facet normal -0.815601 0.578615 0
    outer loop
      vertex 27.0394 -0.904454 4
      vertex 26.9291 -1.05993 2.39
      vertex 26.9291 -1.05993 4
    endloop
  endfacet
  facet normal -0.923795 -0.382887 0
    outer loop
      vertex 27.2046 0.561474 2.39
      vertex 27.1316 0.737602 4
      vertex 27.1316 0.737602 2.39
    endloop
  endfacet
  facet normal -0.923795 -0.382887 0
    outer loop
      vertex 27.1316 0.737602 4
      vertex 27.2046 0.561474 2.39
      vertex 27.2046 0.561474 4
    endloop
  endfacet
  facet normal 0.875259 -0.483655 0
    outer loop
      vertex 24.0684 0.737602 4
      vertex 24.1606 0.904454 2.39
      vertex 24.1606 0.904454 4
    endloop
  endfacet
  facet normal 0.875259 -0.483655 0
    outer loop
      vertex 24.1606 0.904454 2.39
      vertex 24.0684 0.737602 4
      vertex 24.0684 0.737602 2.39
    endloop
  endfacet
  facet normal -0.875259 0.483655 0
    outer loop
      vertex 27.0394 -0.904454 2.39
      vertex 27.1316 -0.737602 4
      vertex 27.1316 -0.737602 2.39
    endloop
  endfacet
  facet normal -0.875259 0.483655 0
    outer loop
      vertex 27.1316 -0.737602 4
      vertex 27.0394 -0.904454 2.39
      vertex 27.0394 -0.904454 4
    endloop
  endfacet
  facet normal -0.960884 -0.276953 0
    outer loop
      vertex 27.2574 0.378285 2.39
      vertex 27.2046 0.561474 4
      vertex 27.2046 0.561474 2.39
    endloop
  endfacet
  facet normal -0.960884 -0.276953 0
    outer loop
      vertex 27.2046 0.561474 4
      vertex 27.2574 0.378285 2.39
      vertex 27.2574 0.378285 4
    endloop
  endfacet
  facet normal 0.815601 -0.578615 0
    outer loop
      vertex 24.1606 0.904454 4
      vertex 24.2709 1.05993 2.39
      vertex 24.2709 1.05993 4
    endloop
  endfacet
  facet normal 0.815601 -0.578615 0
    outer loop
      vertex 24.2709 1.05993 2.39
      vertex 24.1606 0.904454 4
      vertex 24.1606 0.904454 2.39
    endloop
  endfacet
  facet normal 0.960884 0.276953 0
    outer loop
      vertex 23.9954 -0.561474 4
      vertex 23.9426 -0.378285 2.39
      vertex 23.9426 -0.378285 4
    endloop
  endfacet
  facet normal 0.960884 0.276953 0
    outer loop
      vertex 23.9426 -0.378285 2.39
      vertex 23.9954 -0.561474 4
      vertex 23.9954 -0.561474 2.39
    endloop
  endfacet
  facet normal -0.056086 -0.998426 0
    outer loop
      vertex 25.6 1.7 2.39
      vertex 25.7903 1.68931 4
      vertex 25.6 1.7 4
    endloop
  endfacet
  facet normal -0.056086 -0.998426 -0
    outer loop
      vertex 25.7903 1.68931 4
      vertex 25.6 1.7 2.39
      vertex 25.7903 1.68931 2.39
    endloop
  endfacet
  facet normal 0.9859 0.167336 0
    outer loop
      vertex 23.9426 -0.378285 4
      vertex 23.9107 -0.190339 2.39
      vertex 23.9107 -0.190339 4
    endloop
  endfacet
  facet normal 0.9859 0.167336 0
    outer loop
      vertex 23.9107 -0.190339 2.39
      vertex 23.9426 -0.378285 4
      vertex 23.9426 -0.378285 2.39
    endloop
  endfacet
  facet normal 0.483629 0.875273 -0
    outer loop
      vertex 24.8624 -1.53165 2.39
      vertex 24.6955 -1.43943 4
      vertex 24.8624 -1.53165 4
    endloop
  endfacet
  facet normal 0.483629 0.875273 0
    outer loop
      vertex 24.6955 -1.43943 4
      vertex 24.8624 -1.53165 2.39
      vertex 24.6955 -1.43943 2.39
    endloop
  endfacet
  facet normal 0.998424 0.0561269 0
    outer loop
      vertex 23.9107 -0.190339 4
      vertex 23.9 0 2.39
      vertex 23.9 0 4
    endloop
  endfacet
  facet normal 0.998424 0.0561269 0
    outer loop
      vertex 23.9 0 2.39
      vertex 23.9107 -0.190339 4
      vertex 23.9107 -0.190339 2.39
    endloop
  endfacet
  facet normal 0.923795 -0.382887 0
    outer loop
      vertex 23.9954 0.561474 4
      vertex 24.0684 0.737602 2.39
      vertex 24.0684 0.737602 4
    endloop
  endfacet
  facet normal 0.923795 -0.382887 0
    outer loop
      vertex 24.0684 0.737602 2.39
      vertex 23.9954 0.561474 4
      vertex 23.9954 0.561474 2.39
    endloop
  endfacet
  facet normal 0.960884 -0.276953 0
    outer loop
      vertex 23.9426 0.378285 4
      vertex 23.9954 0.561474 2.39
      vertex 23.9954 0.561474 4
    endloop
  endfacet
  facet normal 0.960884 -0.276953 0
    outer loop
      vertex 23.9954 0.561474 2.39
      vertex 23.9426 0.378285 4
      vertex 23.9426 0.378285 2.39
    endloop
  endfacet
  facet normal 0.578873 -0.815418 0
    outer loop
      vertex 24.5401 1.32911 2.39
      vertex 24.6955 1.43943 4
      vertex 24.5401 1.32911 4
    endloop
  endfacet
  facet normal 0.578873 -0.815418 0
    outer loop
      vertex 24.6955 1.43943 4
      vertex 24.5401 1.32911 2.39
      vertex 24.6955 1.43943 2.39
    endloop
  endfacet
  facet normal 0.483629 -0.875273 0
    outer loop
      vertex 24.6955 1.43943 2.39
      vertex 24.8624 1.53165 4
      vertex 24.6955 1.43943 4
    endloop
  endfacet
  facet normal 0.483629 -0.875273 0
    outer loop
      vertex 24.8624 1.53165 4
      vertex 24.6955 1.43943 2.39
      vertex 24.8624 1.53165 2.39
    endloop
  endfacet
  facet normal 0.875259 0.483655 0
    outer loop
      vertex 24.1606 -0.904454 4
      vertex 24.0684 -0.737602 2.39
      vertex 24.0684 -0.737602 4
    endloop
  endfacet
  facet normal 0.875259 0.483655 0
    outer loop
      vertex 24.0684 -0.737602 2.39
      vertex 24.1606 -0.904454 4
      vertex 24.1606 -0.904454 2.39
    endloop
  endfacet
  facet normal 0.998424 -0.0561269 0
    outer loop
      vertex 23.9 0 4
      vertex 23.9107 0.190339 2.39
      vertex 23.9107 0.190339 4
    endloop
  endfacet
  facet normal 0.998424 -0.0561269 0
    outer loop
      vertex 23.9107 0.190339 2.39
      vertex 23.9 0 4
      vertex 23.9 0 2.39
    endloop
  endfacet
  facet normal 0.578873 0.815418 -0
    outer loop
      vertex 24.6955 -1.43943 2.39
      vertex 24.5401 -1.32911 4
      vertex 24.6955 -1.43943 4
    endloop
  endfacet
  facet normal 0.578873 0.815418 0
    outer loop
      vertex 24.5401 -1.32911 4
      vertex 24.6955 -1.43943 2.39
      vertex 24.5401 -1.32911 2.39
    endloop
  endfacet
  facet normal -0.666208 0.745766 0
    outer loop
      vertex 26.8021 -1.20208 2.39
      vertex 26.6599 -1.32911 4
      vertex 26.8021 -1.20208 4
    endloop
  endfacet
  facet normal -0.666208 0.745766 0
    outer loop
      vertex 26.6599 -1.32911 4
      vertex 26.8021 -1.20208 2.39
      vertex 26.6599 -1.32911 2.39
    endloop
  endfacet
  facet normal 0.923917 -0.382592 0
    outer loop
      vertex 22.674 1.02386 2.39
      vertex 22.807 1.34504 0
      vertex 22.807 1.34504 2.39
    endloop
  endfacet
  facet normal 0.923917 -0.382592 0
    outer loop
      vertex 22.807 1.34504 0
      vertex 22.674 1.02386 2.39
      vertex 22.674 1.02386 0
    endloop
  endfacet
  facet normal -0.985886 -0.167419 0
    outer loop
      vertex 28.6805 0.34709 0
      vertex 28.6223 0.689815 2.39
      vertex 28.6223 0.689815 0
    endloop
  endfacet
  facet normal -0.985886 -0.167419 0
    outer loop
      vertex 28.6223 0.689815 2.39
      vertex 28.6805 0.34709 0
      vertex 28.6805 0.34709 2.39
    endloop
  endfacet
  facet normal -0.998426 -0.0560929 0
    outer loop
      vertex 28.7 0 0
      vertex 28.6805 0.34709 2.39
      vertex 28.6805 0.34709 0
    endloop
  endfacet
  facet normal -0.998426 -0.0560929 0
    outer loop
      vertex 28.6805 0.34709 2.39
      vertex 28.7 0 0
      vertex 28.7 0 2.39
    endloop
  endfacet
  facet normal -0.960869 -0.277004 0
    outer loop
      vertex 28.6223 0.689815 0
      vertex 28.526 1.02386 2.39
      vertex 28.526 1.02386 0
    endloop
  endfacet
  facet normal -0.960869 -0.277004 0
    outer loop
      vertex 28.526 1.02386 2.39
      vertex 28.6223 0.689815 0
      vertex 28.6223 0.689815 2.39
    endloop
  endfacet
  facet normal -0.167514 -0.98587 0
    outer loop
      vertex 25.9471 3.08051 0
      vertex 26.2898 3.02228 2.39
      vertex 25.9471 3.08051 2.39
    endloop
  endfacet
  facet normal -0.167514 -0.98587 -0
    outer loop
      vertex 26.2898 3.02228 2.39
      vertex 25.9471 3.08051 0
      vertex 26.2898 3.02228 0
    endloop
  endfacet
  facet normal 0.276802 0.960927 -0
    outer loop
      vertex 24.9102 -3.02228 0
      vertex 24.5761 -2.92604 2.39
      vertex 24.9102 -3.02228 2.39
    endloop
  endfacet
  facet normal 0.276802 0.960927 0
    outer loop
      vertex 24.5761 -2.92604 2.39
      vertex 24.9102 -3.02228 0
      vertex 24.5761 -2.92604 0
    endloop
  endfacet
  facet normal -0.875173 -0.48381 0
    outer loop
      vertex 28.393 1.34504 0
      vertex 28.2248 1.6493 2.39
      vertex 28.2248 1.6493 0
    endloop
  endfacet
  facet normal -0.875173 -0.48381 0
    outer loop
      vertex 28.2248 1.6493 2.39
      vertex 28.393 1.34504 0
      vertex 28.393 1.34504 2.39
    endloop
  endfacet
  facet normal 0.998426 0.0560929 0
    outer loop
      vertex 22.5195 -0.34709 2.39
      vertex 22.5 0 0
      vertex 22.5 0 2.39
    endloop
  endfacet
  facet normal 0.998426 0.0560929 0
    outer loop
      vertex 22.5 0 0
      vertex 22.5195 -0.34709 2.39
      vertex 22.5195 -0.34709 0
    endloop
  endfacet
  facet normal 0.167514 0.98587 -0
    outer loop
      vertex 25.2529 -3.08051 0
      vertex 24.9102 -3.02228 2.39
      vertex 25.2529 -3.08051 2.39
    endloop
  endfacet
  facet normal 0.167514 0.98587 0
    outer loop
      vertex 24.9102 -3.02228 2.39
      vertex 25.2529 -3.08051 0
      vertex 24.9102 -3.02228 0
    endloop
  endfacet
  facet normal 0.276802 -0.960927 0
    outer loop
      vertex 24.5761 2.92604 0
      vertex 24.9102 3.02228 2.39
      vertex 24.5761 2.92604 2.39
    endloop
  endfacet
  facet normal 0.276802 -0.960927 0
    outer loop
      vertex 24.9102 3.02228 2.39
      vertex 24.5761 2.92604 0
      vertex 24.9102 3.02228 0
    endloop
  endfacet
  facet normal -0.923917 -0.382592 0
    outer loop
      vertex 28.526 1.02386 0
      vertex 28.393 1.34504 2.39
      vertex 28.393 1.34504 0
    endloop
  endfacet
  facet normal -0.923917 -0.382592 0
    outer loop
      vertex 28.393 1.34504 2.39
      vertex 28.526 1.02386 0
      vertex 28.526 1.02386 2.39
    endloop
  endfacet
  facet normal -0.745562 -0.666436 0
    outer loop
      vertex 28.0237 1.93282 0
      vertex 27.792 2.19203 2.39
      vertex 27.792 2.19203 0
    endloop
  endfacet
  facet normal -0.745562 -0.666436 0
    outer loop
      vertex 27.792 2.19203 2.39
      vertex 28.0237 1.93282 0
      vertex 28.0237 1.93282 2.39
    endloop
  endfacet
  facet normal -0.382772 0.923843 0
    outer loop
      vertex 26.945 -2.793 0
      vertex 26.6239 -2.92604 2.39
      vertex 26.945 -2.793 2.39
    endloop
  endfacet
  facet normal -0.382772 0.923843 0
    outer loop
      vertex 26.6239 -2.92604 2.39
      vertex 26.945 -2.793 0
      vertex 26.6239 -2.92604 0
    endloop
  endfacet
  facet normal -0.998426 0.0560929 0
    outer loop
      vertex 28.6805 -0.34709 0
      vertex 28.7 0 2.39
      vertex 28.7 0 0
    endloop
  endfacet
  facet normal -0.998426 0.0560929 0
    outer loop
      vertex 28.7 0 2.39
      vertex 28.6805 -0.34709 0
      vertex 28.6805 -0.34709 2.39
    endloop
  endfacet
  facet normal -0.923917 0.382592 0
    outer loop
      vertex 28.393 -1.34504 0
      vertex 28.526 -1.02386 2.39
      vertex 28.526 -1.02386 0
    endloop
  endfacet
  facet normal -0.923917 0.382592 0
    outer loop
      vertex 28.526 -1.02386 2.39
      vertex 28.393 -1.34504 0
      vertex 28.393 -1.34504 2.39
    endloop
  endfacet
  facet normal 0.745562 0.666436 0
    outer loop
      vertex 23.408 -2.19203 2.39
      vertex 23.1763 -1.93282 0
      vertex 23.1763 -1.93282 2.39
    endloop
  endfacet
  facet normal 0.745562 0.666436 0
    outer loop
      vertex 23.1763 -1.93282 0
      vertex 23.408 -2.19203 2.39
      vertex 23.408 -2.19203 0
    endloop
  endfacet
  facet normal 0.66637 -0.745621 0
    outer loop
      vertex 23.408 2.19203 0
      vertex 23.6672 2.42368 2.39
      vertex 23.408 2.19203 2.39
    endloop
  endfacet
  facet normal 0.66637 -0.745621 0
    outer loop
      vertex 23.6672 2.42368 2.39
      vertex 23.408 2.19203 0
      vertex 23.6672 2.42368 0
    endloop
  endfacet
  facet normal -0.0560627 0.998427 0
    outer loop
      vertex 25.9471 -3.08051 0
      vertex 25.6 -3.1 2.39
      vertex 25.9471 -3.08051 2.39
    endloop
  endfacet
  facet normal -0.0560627 0.998427 0
    outer loop
      vertex 25.6 -3.1 2.39
      vertex 25.9471 -3.08051 0
      vertex 25.6 -3.1 0
    endloop
  endfacet
  facet normal 0.815653 -0.578541 0
    outer loop
      vertex 22.9752 1.6493 2.39
      vertex 23.1763 1.93282 0
      vertex 23.1763 1.93282 2.39
    endloop
  endfacet
  facet normal 0.815653 -0.578541 0
    outer loop
      vertex 23.1763 1.93282 0
      vertex 22.9752 1.6493 2.39
      vertex 22.9752 1.6493 0
    endloop
  endfacet
  facet normal 0.985886 0.167419 0
    outer loop
      vertex 22.5777 -0.689815 2.39
      vertex 22.5195 -0.34709 0
      vertex 22.5195 -0.34709 2.39
    endloop
  endfacet
  facet normal 0.985886 0.167419 0
    outer loop
      vertex 22.5195 -0.34709 0
      vertex 22.5777 -0.689815 2.39
      vertex 22.5777 -0.689815 0
    endloop
  endfacet
  facet normal -0.167514 0.98587 0
    outer loop
      vertex 26.2898 -3.02228 0
      vertex 25.9471 -3.08051 2.39
      vertex 26.2898 -3.02228 2.39
    endloop
  endfacet
  facet normal -0.167514 0.98587 0
    outer loop
      vertex 25.9471 -3.08051 2.39
      vertex 26.2898 -3.02228 0
      vertex 25.9471 -3.08051 0
    endloop
  endfacet
  facet normal -0.815653 0.578541 0
    outer loop
      vertex 28.0237 -1.93282 0
      vertex 28.2248 -1.6493 2.39
      vertex 28.2248 -1.6493 0
    endloop
  endfacet
  facet normal -0.815653 0.578541 0
    outer loop
      vertex 28.2248 -1.6493 2.39
      vertex 28.0237 -1.93282 0
      vertex 28.0237 -1.93282 2.39
    endloop
  endfacet
  facet normal 0.578683 -0.815553 0
    outer loop
      vertex 23.6672 2.42368 0
      vertex 23.9507 2.62484 2.39
      vertex 23.6672 2.42368 2.39
    endloop
  endfacet
  facet normal 0.578683 -0.815553 0
    outer loop
      vertex 23.9507 2.62484 2.39
      vertex 23.6672 2.42368 0
      vertex 23.9507 2.62484 0
    endloop
  endfacet
  facet normal 0.66637 0.745621 -0
    outer loop
      vertex 23.6672 -2.42368 0
      vertex 23.408 -2.19203 2.39
      vertex 23.6672 -2.42368 2.39
    endloop
  endfacet
  facet normal 0.66637 0.745621 0
    outer loop
      vertex 23.408 -2.19203 2.39
      vertex 23.6672 -2.42368 0
      vertex 23.408 -2.19203 0
    endloop
  endfacet
  facet normal 0.167514 -0.98587 0
    outer loop
      vertex 24.9102 3.02228 0
      vertex 25.2529 3.08051 2.39
      vertex 24.9102 3.02228 2.39
    endloop
  endfacet
  facet normal 0.167514 -0.98587 0
    outer loop
      vertex 25.2529 3.08051 2.39
      vertex 24.9102 3.02228 0
      vertex 25.2529 3.08051 0
    endloop
  endfacet
  facet normal 0.0560627 0.998427 -0
    outer loop
      vertex 25.6 -3.1 0
      vertex 25.2529 -3.08051 2.39
      vertex 25.6 -3.1 2.39
    endloop
  endfacet
  facet normal 0.0560627 0.998427 0
    outer loop
      vertex 25.2529 -3.08051 2.39
      vertex 25.6 -3.1 0
      vertex 25.2529 -3.08051 0
    endloop
  endfacet
  facet normal 0.875173 -0.48381 0
    outer loop
      vertex 22.807 1.34504 2.39
      vertex 22.9752 1.6493 0
      vertex 22.9752 1.6493 2.39
    endloop
  endfacet
  facet normal 0.875173 -0.48381 0
    outer loop
      vertex 22.9752 1.6493 0
      vertex 22.807 1.34504 2.39
      vertex 22.807 1.34504 0
    endloop
  endfacet
  facet normal -0.960869 0.277004 0
    outer loop
      vertex 28.526 -1.02386 0
      vertex 28.6223 -0.689815 2.39
      vertex 28.6223 -0.689815 0
    endloop
  endfacet
  facet normal -0.960869 0.277004 0
    outer loop
      vertex 28.6223 -0.689815 2.39
      vertex 28.526 -1.02386 0
      vertex 28.526 -1.02386 2.39
    endloop
  endfacet
  facet normal -0.578683 -0.815553 0
    outer loop
      vertex 27.2493 2.62484 0
      vertex 27.5328 2.42368 2.39
      vertex 27.2493 2.62484 2.39
    endloop
  endfacet
  facet normal -0.578683 -0.815553 -0
    outer loop
      vertex 27.5328 2.42368 2.39
      vertex 27.2493 2.62484 0
      vertex 27.5328 2.42368 0
    endloop
  endfacet
  facet normal -0.66637 -0.745621 0
    outer loop
      vertex 27.5328 2.42368 0
      vertex 27.792 2.19203 2.39
      vertex 27.5328 2.42368 2.39
    endloop
  endfacet
  facet normal -0.66637 -0.745621 -0
    outer loop
      vertex 27.792 2.19203 2.39
      vertex 27.5328 2.42368 0
      vertex 27.792 2.19203 0
    endloop
  endfacet
  facet normal -0.66637 0.745621 0
    outer loop
      vertex 27.792 -2.19203 0
      vertex 27.5328 -2.42368 2.39
      vertex 27.792 -2.19203 2.39
    endloop
  endfacet
  facet normal -0.66637 0.745621 0
    outer loop
      vertex 27.5328 -2.42368 2.39
      vertex 27.792 -2.19203 0
      vertex 27.5328 -2.42368 0
    endloop
  endfacet
  facet normal 0.483673 0.875249 -0
    outer loop
      vertex 24.255 -2.793 0
      vertex 23.9507 -2.62484 2.39
      vertex 24.255 -2.793 2.39
    endloop
  endfacet
  facet normal 0.483673 0.875249 0
    outer loop
      vertex 23.9507 -2.62484 2.39
      vertex 24.255 -2.793 0
      vertex 23.9507 -2.62484 0
    endloop
  endfacet
  facet normal -0.875173 0.48381 0
    outer loop
      vertex 28.2248 -1.6493 0
      vertex 28.393 -1.34504 2.39
      vertex 28.393 -1.34504 0
    endloop
  endfacet
  facet normal -0.875173 0.48381 0
    outer loop
      vertex 28.393 -1.34504 2.39
      vertex 28.2248 -1.6493 0
      vertex 28.2248 -1.6493 2.39
    endloop
  endfacet
  facet normal 0.815653 0.578541 0
    outer loop
      vertex 23.1763 -1.93282 2.39
      vertex 22.9752 -1.6493 0
      vertex 22.9752 -1.6493 2.39
    endloop
  endfacet
  facet normal 0.815653 0.578541 0
    outer loop
      vertex 22.9752 -1.6493 0
      vertex 23.1763 -1.93282 2.39
      vertex 23.1763 -1.93282 0
    endloop
  endfacet
  facet normal 0.483673 -0.875249 0
    outer loop
      vertex 23.9507 2.62484 0
      vertex 24.255 2.793 2.39
      vertex 23.9507 2.62484 2.39
    endloop
  endfacet
  facet normal 0.483673 -0.875249 0
    outer loop
      vertex 24.255 2.793 2.39
      vertex 23.9507 2.62484 0
      vertex 24.255 2.793 0
    endloop
  endfacet
  facet normal 0.923917 0.382592 0
    outer loop
      vertex 22.807 -1.34504 2.39
      vertex 22.674 -1.02386 0
      vertex 22.674 -1.02386 2.39
    endloop
  endfacet
  facet normal 0.923917 0.382592 0
    outer loop
      vertex 22.674 -1.02386 0
      vertex 22.807 -1.34504 2.39
      vertex 22.807 -1.34504 0
    endloop
  endfacet
  facet normal -0.745562 0.666436 0
    outer loop
      vertex 27.792 -2.19203 0
      vertex 28.0237 -1.93282 2.39
      vertex 28.0237 -1.93282 0
    endloop
  endfacet
  facet normal -0.745562 0.666436 0
    outer loop
      vertex 28.0237 -1.93282 2.39
      vertex 27.792 -2.19203 0
      vertex 27.792 -2.19203 2.39
    endloop
  endfacet
  facet normal -0.483673 0.875249 0
    outer loop
      vertex 27.2493 -2.62484 0
      vertex 26.945 -2.793 2.39
      vertex 27.2493 -2.62484 2.39
    endloop
  endfacet
  facet normal -0.483673 0.875249 0
    outer loop
      vertex 26.945 -2.793 2.39
      vertex 27.2493 -2.62484 0
      vertex 26.945 -2.793 0
    endloop
  endfacet
  facet normal -0.578683 0.815553 0
    outer loop
      vertex 27.5328 -2.42368 0
      vertex 27.2493 -2.62484 2.39
      vertex 27.5328 -2.42368 2.39
    endloop
  endfacet
  facet normal -0.578683 0.815553 0
    outer loop
      vertex 27.2493 -2.62484 2.39
      vertex 27.5328 -2.42368 0
      vertex 27.2493 -2.62484 0
    endloop
  endfacet
  facet normal 0.382772 -0.923843 0
    outer loop
      vertex 24.255 2.793 0
      vertex 24.5761 2.92604 2.39
      vertex 24.255 2.793 2.39
    endloop
  endfacet
  facet normal 0.382772 -0.923843 0
    outer loop
      vertex 24.5761 2.92604 2.39
      vertex 24.255 2.793 0
      vertex 24.5761 2.92604 0
    endloop
  endfacet
  facet normal 0.960869 0.277004 0
    outer loop
      vertex 22.674 -1.02386 2.39
      vertex 22.5777 -0.689815 0
      vertex 22.5777 -0.689815 2.39
    endloop
  endfacet
  facet normal 0.960869 0.277004 0
    outer loop
      vertex 22.5777 -0.689815 0
      vertex 22.674 -1.02386 2.39
      vertex 22.674 -1.02386 0
    endloop
  endfacet
  facet normal -0.483673 -0.875249 0
    outer loop
      vertex 26.945 2.793 0
      vertex 27.2493 2.62484 2.39
      vertex 26.945 2.793 2.39
    endloop
  endfacet
  facet normal -0.483673 -0.875249 -0
    outer loop
      vertex 27.2493 2.62484 2.39
      vertex 26.945 2.793 0
      vertex 27.2493 2.62484 0
    endloop
  endfacet
  facet normal -0.985886 0.167419 0
    outer loop
      vertex 28.6223 -0.689815 0
      vertex 28.6805 -0.34709 2.39
      vertex 28.6805 -0.34709 0
    endloop
  endfacet
  facet normal -0.985886 0.167419 0
    outer loop
      vertex 28.6805 -0.34709 2.39
      vertex 28.6223 -0.689815 0
      vertex 28.6223 -0.689815 2.39
    endloop
  endfacet
  facet normal -0.815653 -0.578541 0
    outer loop
      vertex 28.2248 1.6493 0
      vertex 28.0237 1.93282 2.39
      vertex 28.0237 1.93282 0
    endloop
  endfacet
  facet normal -0.815653 -0.578541 0
    outer loop
      vertex 28.0237 1.93282 2.39
      vertex 28.2248 1.6493 0
      vertex 28.2248 1.6493 2.39
    endloop
  endfacet
  facet normal 0.960869 -0.277004 0
    outer loop
      vertex 22.5777 0.689815 2.39
      vertex 22.674 1.02386 0
      vertex 22.674 1.02386 2.39
    endloop
  endfacet
  facet normal 0.960869 -0.277004 0
    outer loop
      vertex 22.674 1.02386 0
      vertex 22.5777 0.689815 2.39
      vertex 22.5777 0.689815 0
    endloop
  endfacet
  facet normal -0.276802 -0.960927 0
    outer loop
      vertex 26.2898 3.02228 0
      vertex 26.6239 2.92604 2.39
      vertex 26.2898 3.02228 2.39
    endloop
  endfacet
  facet normal -0.276802 -0.960927 -0
    outer loop
      vertex 26.6239 2.92604 2.39
      vertex 26.2898 3.02228 0
      vertex 26.6239 2.92604 0
    endloop
  endfacet
  facet normal 0.0560627 -0.998427 0
    outer loop
      vertex 25.2529 3.08051 0
      vertex 25.6 3.1 2.39
      vertex 25.2529 3.08051 2.39
    endloop
  endfacet
  facet normal 0.0560627 -0.998427 0
    outer loop
      vertex 25.6 3.1 2.39
      vertex 25.2529 3.08051 0
      vertex 25.6 3.1 0
    endloop
  endfacet
  facet normal -0.276802 0.960927 0
    outer loop
      vertex 26.6239 -2.92604 0
      vertex 26.2898 -3.02228 2.39
      vertex 26.6239 -2.92604 2.39
    endloop
  endfacet
  facet normal -0.276802 0.960927 0
    outer loop
      vertex 26.2898 -3.02228 2.39
      vertex 26.6239 -2.92604 0
      vertex 26.2898 -3.02228 0
    endloop
  endfacet
  facet normal 0.985886 -0.167419 0
    outer loop
      vertex 22.5195 0.34709 2.39
      vertex 22.5777 0.689815 0
      vertex 22.5777 0.689815 2.39
    endloop
  endfacet
  facet normal 0.985886 -0.167419 0
    outer loop
      vertex 22.5777 0.689815 0
      vertex 22.5195 0.34709 2.39
      vertex 22.5195 0.34709 0
    endloop
  endfacet
  facet normal 0.998426 -0.0560929 0
    outer loop
      vertex 22.5 0 2.39
      vertex 22.5195 0.34709 0
      vertex 22.5195 0.34709 2.39
    endloop
  endfacet
  facet normal 0.998426 -0.0560929 0
    outer loop
      vertex 22.5195 0.34709 0
      vertex 22.5 0 2.39
      vertex 22.5 0 0
    endloop
  endfacet
  facet normal -0.0560627 -0.998427 0
    outer loop
      vertex 25.6 3.1 0
      vertex 25.9471 3.08051 2.39
      vertex 25.6 3.1 2.39
    endloop
  endfacet
  facet normal -0.0560627 -0.998427 -0
    outer loop
      vertex 25.9471 3.08051 2.39
      vertex 25.6 3.1 0
      vertex 25.9471 3.08051 0
    endloop
  endfacet
  facet normal -0.382772 -0.923843 0
    outer loop
      vertex 26.6239 2.92604 0
      vertex 26.945 2.793 2.39
      vertex 26.6239 2.92604 2.39
    endloop
  endfacet
  facet normal -0.382772 -0.923843 -0
    outer loop
      vertex 26.945 2.793 2.39
      vertex 26.6239 2.92604 0
      vertex 26.945 2.793 0
    endloop
  endfacet
  facet normal 0.745562 -0.666436 0
    outer loop
      vertex 23.1763 1.93282 2.39
      vertex 23.408 2.19203 0
      vertex 23.408 2.19203 2.39
    endloop
  endfacet
  facet normal 0.745562 -0.666436 0
    outer loop
      vertex 23.408 2.19203 0
      vertex 23.1763 1.93282 2.39
      vertex 23.1763 1.93282 0
    endloop
  endfacet
  facet normal 0.578683 0.815553 -0
    outer loop
      vertex 23.9507 -2.62484 0
      vertex 23.6672 -2.42368 2.39
      vertex 23.9507 -2.62484 2.39
    endloop
  endfacet
  facet normal 0.578683 0.815553 0
    outer loop
      vertex 23.6672 -2.42368 2.39
      vertex 23.9507 -2.62484 0
      vertex 23.6672 -2.42368 0
    endloop
  endfacet
  facet normal 0.875173 0.48381 0
    outer loop
      vertex 22.9752 -1.6493 2.39
      vertex 22.807 -1.34504 0
      vertex 22.807 -1.34504 2.39
    endloop
  endfacet
  facet normal 0.875173 0.48381 0
    outer loop
      vertex 22.807 -1.34504 0
      vertex 22.9752 -1.6493 2.39
      vertex 22.9752 -1.6493 0
    endloop
  endfacet
  facet normal 0.382772 0.923843 -0
    outer loop
      vertex 24.5761 -2.92604 0
      vertex 24.255 -2.793 2.39
      vertex 24.5761 -2.92604 2.39
    endloop
  endfacet
  facet normal 0.382772 0.923843 0
    outer loop
      vertex 24.255 -2.793 2.39
      vertex 24.5761 -2.92604 0
      vertex 24.255 -2.793 0
    endloop
  endfacet
  facet normal 0 0 -1
    outer loop
      vertex 27.3 0 2.39
      vertex 28.7 0 2.39
      vertex 28.6805 -0.34709 2.39
    endloop
  endfacet
  facet normal 0 0 -1
    outer loop
      vertex 27.2893 -0.190339 2.39
      vertex 28.6805 -0.34709 2.39
      vertex 28.6223 -0.689815 2.39
    endloop
  endfacet
  facet normal 0 0 -1
    outer loop
      vertex 28.7 0 2.39
      vertex 27.3 0 2.39
      vertex 28.6805 0.34709 2.39
    endloop
  endfacet
  facet normal 0 0 -1
    outer loop
      vertex 27.2574 -0.378285 2.39
      vertex 28.6223 -0.689815 2.39
      vertex 28.526 -1.02386 2.39
    endloop
  endfacet
  facet normal 0 0 -1
    outer loop
      vertex 27.2893 0.190339 2.39
      vertex 28.6805 0.34709 2.39
      vertex 27.3 0 2.39
    endloop
  endfacet
  facet normal 0 0 -1
    outer loop
      vertex 27.2046 -0.561474 2.39
      vertex 28.526 -1.02386 2.39
      vertex 28.393 -1.34504 2.39
    endloop
  endfacet
  facet normal -0 0 -1
    outer loop
      vertex 28.6805 0.34709 2.39
      vertex 27.2893 0.190339 2.39
      vertex 28.6223 0.689815 2.39
    endloop
  endfacet
  facet normal 0 0 -1
    outer loop
      vertex 27.1316 -0.737602 2.39
      vertex 28.393 -1.34504 2.39
      vertex 28.2248 -1.6493 2.39
    endloop
  endfacet
  facet normal 0 0 -1
    outer loop
      vertex 27.2574 0.378285 2.39
      vertex 28.6223 0.689815 2.39
      vertex 27.2893 0.190339 2.39
    endloop
  endfacet
  facet normal 0 0 -1
    outer loop
      vertex 27.0394 -0.904454 2.39
      vertex 28.2248 -1.6493 2.39
      vertex 28.0237 -1.93282 2.39
    endloop
  endfacet
  facet normal -0 0 -1
    outer loop
      vertex 28.6223 0.689815 2.39
      vertex 27.2574 0.378285 2.39
      vertex 28.526 1.02386 2.39
    endloop
  endfacet
  facet normal 0 0 -1
    outer loop
      vertex 26.9291 -1.05993 2.39
      vertex 28.0237 -1.93282 2.39
      vertex 27.792 -2.19203 2.39
    endloop
  endfacet
  facet normal 0 0 -1
    outer loop
      vertex 27.2046 0.561474 2.39
      vertex 28.526 1.02386 2.39
      vertex 27.2574 0.378285 2.39
    endloop
  endfacet
  facet normal 0 0 -1
    outer loop
      vertex 26.8021 -1.20208 2.39
      vertex 27.792 -2.19203 2.39
      vertex 27.5328 -2.42368 2.39
    endloop
  endfacet
  facet normal -0 0 -1
    outer loop
      vertex 28.526 1.02386 2.39
      vertex 27.2046 0.561474 2.39
      vertex 28.393 1.34504 2.39
    endloop
  endfacet
  facet normal 0 0 -1
    outer loop
      vertex 27.1316 0.737602 2.39
      vertex 28.393 1.34504 2.39
      vertex 27.2046 0.561474 2.39
    endloop
  endfacet
  facet normal 0 0 -1
    outer loop
      vertex 28.6805 -0.34709 2.39
      vertex 27.2893 -0.190339 2.39
      vertex 27.3 0 2.39
    endloop
  endfacet
  facet normal 0 0 -1
    outer loop
      vertex 28.6223 -0.689815 2.39
      vertex 27.2574 -0.378285 2.39
      vertex 27.2893 -0.190339 2.39
    endloop
  endfacet
  facet normal 0 0 -1
    outer loop
      vertex 26.6599 -1.32911 2.39
      vertex 27.5328 -2.42368 2.39
      vertex 27.2493 -2.62484 2.39
    endloop
  endfacet
  facet normal 0 0 -1
    outer loop
      vertex 28.526 -1.02386 2.39
      vertex 27.2046 -0.561474 2.39
      vertex 27.2574 -0.378285 2.39
    endloop
  endfacet
  facet normal 0 0 -1
    outer loop
      vertex 28.393 -1.34504 2.39
      vertex 27.1316 -0.737602 2.39
      vertex 27.2046 -0.561474 2.39
    endloop
  endfacet
  facet normal 0 0 -1
    outer loop
      vertex 28.2248 -1.6493 2.39
      vertex 27.0394 -0.904454 2.39
      vertex 27.1316 -0.737602 2.39
    endloop
  endfacet
  facet normal 0 0 -1
    outer loop
      vertex 26.5045 -1.43943 2.39
      vertex 27.2493 -2.62484 2.39
      vertex 26.945 -2.793 2.39
    endloop
  endfacet
  facet normal 0 0 -1
    outer loop
      vertex 28.0237 -1.93282 2.39
      vertex 26.9291 -1.05993 2.39
      vertex 27.0394 -0.904454 2.39
    endloop
  endfacet
  facet normal 0 0 -1
    outer loop
      vertex 27.792 -2.19203 2.39
      vertex 26.8021 -1.20208 2.39
      vertex 26.9291 -1.05993 2.39
    endloop
  endfacet
  facet normal 0 0 -1
    outer loop
      vertex 27.5328 -2.42368 2.39
      vertex 26.6599 -1.32911 2.39
      vertex 26.8021 -1.20208 2.39
    endloop
  endfacet
  facet normal 0 0 -1
    outer loop
      vertex 26.3376 -1.53165 2.39
      vertex 26.945 -2.793 2.39
      vertex 26.6239 -2.92604 2.39
    endloop
  endfacet
  facet normal 0 0 -1
    outer loop
      vertex 27.2493 -2.62484 2.39
      vertex 26.5045 -1.43943 2.39
      vertex 26.6599 -1.32911 2.39
    endloop
  endfacet
  facet normal 0 0 -1
    outer loop
      vertex 26.945 -2.793 2.39
      vertex 26.3376 -1.53165 2.39
      vertex 26.5045 -1.43943 2.39
    endloop
  endfacet
  facet normal 0 0 -1
    outer loop
      vertex 26.1615 -1.6046 2.39
      vertex 26.6239 -2.92604 2.39
      vertex 26.2898 -3.02228 2.39
    endloop
  endfacet
  facet normal 0 0 -1
    outer loop
      vertex 26.6239 -2.92604 2.39
      vertex 26.1615 -1.6046 2.39
      vertex 26.3376 -1.53165 2.39
    endloop
  endfacet
  facet normal 0 0 -1
    outer loop
      vertex 26.2898 -3.02228 2.39
      vertex 25.9783 -1.65738 2.39
      vertex 26.1615 -1.6046 2.39
    endloop
  endfacet
  facet normal 0 0 -1
    outer loop
      vertex 25.9471 -3.08051 2.39
      vertex 25.9783 -1.65738 2.39
      vertex 26.2898 -3.02228 2.39
    endloop
  endfacet
  facet normal 0 0 -1
    outer loop
      vertex 25.9471 -3.08051 2.39
      vertex 25.7903 -1.68931 2.39
      vertex 25.9783 -1.65738 2.39
    endloop
  endfacet
  facet normal 0 0 -1
    outer loop
      vertex 25.6 -3.1 2.39
      vertex 25.7903 -1.68931 2.39
      vertex 25.9471 -3.08051 2.39
    endloop
  endfacet
  facet normal 0 0 -1
    outer loop
      vertex 25.6 -3.1 2.39
      vertex 25.6 -1.7 2.39
      vertex 25.7903 -1.68931 2.39
    endloop
  endfacet
  facet normal 0 0 -1
    outer loop
      vertex 25.6 -3.1 2.39
      vertex 25.4097 -1.68931 2.39
      vertex 25.6 -1.7 2.39
    endloop
  endfacet
  facet normal 0 0 -1
    outer loop
      vertex 25.2529 -3.08051 2.39
      vertex 25.4097 -1.68931 2.39
      vertex 25.6 -3.1 2.39
    endloop
  endfacet
  facet normal 0 0 -1
    outer loop
      vertex 25.2529 -3.08051 2.39
      vertex 25.2217 -1.65738 2.39
      vertex 25.4097 -1.68931 2.39
    endloop
  endfacet
  facet normal 0 0 -1
    outer loop
      vertex 24.9102 -3.02228 2.39
      vertex 25.2217 -1.65738 2.39
      vertex 25.2529 -3.08051 2.39
    endloop
  endfacet
  facet normal -0 0 -1
    outer loop
      vertex 25.2217 -1.65738 2.39
      vertex 24.9102 -3.02228 2.39
      vertex 25.0385 -1.6046 2.39
    endloop
  endfacet
  facet normal 0 0 -1
    outer loop
      vertex 24.5761 -2.92604 2.39
      vertex 25.0385 -1.6046 2.39
      vertex 24.9102 -3.02228 2.39
    endloop
  endfacet
  facet normal -0 0 -1
    outer loop
      vertex 25.0385 -1.6046 2.39
      vertex 24.5761 -2.92604 2.39
      vertex 24.8624 -1.53165 2.39
    endloop
  endfacet
  facet normal 0 0 -1
    outer loop
      vertex 24.255 -2.793 2.39
      vertex 24.8624 -1.53165 2.39
      vertex 24.5761 -2.92604 2.39
    endloop
  endfacet
  facet normal -0 0 -1
    outer loop
      vertex 24.8624 -1.53165 2.39
      vertex 24.255 -2.793 2.39
      vertex 24.6955 -1.43943 2.39
    endloop
  endfacet
  facet normal 0 0 -1
    outer loop
      vertex 23.9507 -2.62484 2.39
      vertex 24.6955 -1.43943 2.39
      vertex 24.255 -2.793 2.39
    endloop
  endfacet
  facet normal -0 0 -1
    outer loop
      vertex 24.6955 -1.43943 2.39
      vertex 23.9507 -2.62484 2.39
      vertex 24.5401 -1.32911 2.39
    endloop
  endfacet
  facet normal 0 0 -1
    outer loop
      vertex 23.6672 -2.42368 2.39
      vertex 24.5401 -1.32911 2.39
      vertex 23.9507 -2.62484 2.39
    endloop
  endfacet
  facet normal -0 0 -1
    outer loop
      vertex 24.5401 -1.32911 2.39
      vertex 23.6672 -2.42368 2.39
      vertex 24.3979 -1.20208 2.39
    endloop
  endfacet
  facet normal 0 0 -1
    outer loop
      vertex 23.408 -2.19203 2.39
      vertex 24.3979 -1.20208 2.39
      vertex 23.6672 -2.42368 2.39
    endloop
  endfacet
  facet normal -0 0 -1
    outer loop
      vertex 24.3979 -1.20208 2.39
      vertex 23.408 -2.19203 2.39
      vertex 24.2709 -1.05993 2.39
    endloop
  endfacet
  facet normal 0 0 -1
    outer loop
      vertex 23.1763 -1.93282 2.39
      vertex 24.2709 -1.05993 2.39
      vertex 23.408 -2.19203 2.39
    endloop
  endfacet
  facet normal -0 0 -1
    outer loop
      vertex 24.2709 -1.05993 2.39
      vertex 23.1763 -1.93282 2.39
      vertex 24.1606 -0.904454 2.39
    endloop
  endfacet
  facet normal 0 0 -1
    outer loop
      vertex 22.9752 -1.6493 2.39
      vertex 24.1606 -0.904454 2.39
      vertex 23.1763 -1.93282 2.39
    endloop
  endfacet
  facet normal -0 0 -1
    outer loop
      vertex 24.1606 -0.904454 2.39
      vertex 22.9752 -1.6493 2.39
      vertex 24.0684 -0.737602 2.39
    endloop
  endfacet
  facet normal 0 0 -1
    outer loop
      vertex 22.807 -1.34504 2.39
      vertex 24.0684 -0.737602 2.39
      vertex 22.9752 -1.6493 2.39
    endloop
  endfacet
  facet normal -0 0 -1
    outer loop
      vertex 28.393 1.34504 2.39
      vertex 27.1316 0.737602 2.39
      vertex 28.2248 1.6493 2.39
    endloop
  endfacet
  facet normal 0 0 -1
    outer loop
      vertex 27.0394 0.904454 2.39
      vertex 28.2248 1.6493 2.39
      vertex 27.1316 0.737602 2.39
    endloop
  endfacet
  facet normal -0 0 -1
    outer loop
      vertex 28.2248 1.6493 2.39
      vertex 27.0394 0.904454 2.39
      vertex 28.0237 1.93282 2.39
    endloop
  endfacet
  facet normal 0 0 -1
    outer loop
      vertex 26.9291 1.05993 2.39
      vertex 28.0237 1.93282 2.39
      vertex 27.0394 0.904454 2.39
    endloop
  endfacet
  facet normal -0 0 -1
    outer loop
      vertex 28.0237 1.93282 2.39
      vertex 26.9291 1.05993 2.39
      vertex 27.792 2.19203 2.39
    endloop
  endfacet
  facet normal 0 0 -1
    outer loop
      vertex 26.8021 1.20208 2.39
      vertex 27.792 2.19203 2.39
      vertex 26.9291 1.05993 2.39
    endloop
  endfacet
  facet normal -0 0 -1
    outer loop
      vertex 27.792 2.19203 2.39
      vertex 26.8021 1.20208 2.39
      vertex 27.5328 2.42368 2.39
    endloop
  endfacet
  facet normal 0 0 -1
    outer loop
      vertex 26.6599 1.32911 2.39
      vertex 27.5328 2.42368 2.39
      vertex 26.8021 1.20208 2.39
    endloop
  endfacet
  facet normal -0 0 -1
    outer loop
      vertex 27.5328 2.42368 2.39
      vertex 26.6599 1.32911 2.39
      vertex 27.2493 2.62484 2.39
    endloop
  endfacet
  facet normal 0 0 -1
    outer loop
      vertex 26.5045 1.43943 2.39
      vertex 27.2493 2.62484 2.39
      vertex 26.6599 1.32911 2.39
    endloop
  endfacet
  facet normal -0 0 -1
    outer loop
      vertex 27.2493 2.62484 2.39
      vertex 26.5045 1.43943 2.39
      vertex 26.945 2.793 2.39
    endloop
  endfacet
  facet normal 0 0 -1
    outer loop
      vertex 26.3376 1.53165 2.39
      vertex 26.945 2.793 2.39
      vertex 26.5045 1.43943 2.39
    endloop
  endfacet
  facet normal -0 0 -1
    outer loop
      vertex 26.945 2.793 2.39
      vertex 26.3376 1.53165 2.39
      vertex 26.6239 2.92604 2.39
    endloop
  endfacet
  facet normal 0 0 -1
    outer loop
      vertex 26.1615 1.6046 2.39
      vertex 26.6239 2.92604 2.39
      vertex 26.3376 1.53165 2.39
    endloop
  endfacet
  facet normal -0 0 -1
    outer loop
      vertex 26.6239 2.92604 2.39
      vertex 26.1615 1.6046 2.39
      vertex 26.2898 3.02228 2.39
    endloop
  endfacet
  facet normal 0 0 -1
    outer loop
      vertex 25.9783 1.65738 2.39
      vertex 26.2898 3.02228 2.39
      vertex 26.1615 1.6046 2.39
    endloop
  endfacet
  facet normal 0 0 -1
    outer loop
      vertex 25.9783 1.65738 2.39
      vertex 25.9471 3.08051 2.39
      vertex 26.2898 3.02228 2.39
    endloop
  endfacet
  facet normal 0 0 -1
    outer loop
      vertex 25.7903 1.68931 2.39
      vertex 25.9471 3.08051 2.39
      vertex 25.9783 1.65738 2.39
    endloop
  endfacet
  facet normal 0 0 -1
    outer loop
      vertex 25.6 1.7 2.39
      vertex 25.9471 3.08051 2.39
      vertex 25.7903 1.68931 2.39
    endloop
  endfacet
  facet normal 0 0 -1
    outer loop
      vertex 25.6 1.7 2.39
      vertex 25.6 3.1 2.39
      vertex 25.9471 3.08051 2.39
    endloop
  endfacet
  facet normal 0 0 -1
    outer loop
      vertex 25.4097 1.68931 2.39
      vertex 25.6 3.1 2.39
      vertex 25.6 1.7 2.39
    endloop
  endfacet
  facet normal 0 0 -1
    outer loop
      vertex 25.4097 1.68931 2.39
      vertex 25.2529 3.08051 2.39
      vertex 25.6 3.1 2.39
    endloop
  endfacet
  facet normal 0 0 -1
    outer loop
      vertex 25.2217 1.65738 2.39
      vertex 25.2529 3.08051 2.39
      vertex 25.4097 1.68931 2.39
    endloop
  endfacet
  facet normal 0 0 -1
    outer loop
      vertex 24.9102 3.02228 2.39
      vertex 25.2217 1.65738 2.39
      vertex 25.0385 1.6046 2.39
    endloop
  endfacet
  facet normal 0 0 -1
    outer loop
      vertex 25.2217 1.65738 2.39
      vertex 24.9102 3.02228 2.39
      vertex 25.2529 3.08051 2.39
    endloop
  endfacet
  facet normal 0 0 -1
    outer loop
      vertex 24.5761 2.92604 2.39
      vertex 25.0385 1.6046 2.39
      vertex 24.8624 1.53165 2.39
    endloop
  endfacet
  facet normal 0 0 -1
    outer loop
      vertex 24.255 2.793 2.39
      vertex 24.8624 1.53165 2.39
      vertex 24.6955 1.43943 2.39
    endloop
  endfacet
  facet normal 0 0 -1
    outer loop
      vertex 25.0385 1.6046 2.39
      vertex 24.5761 2.92604 2.39
      vertex 24.9102 3.02228 2.39
    endloop
  endfacet
  facet normal 0 0 -1
    outer loop
      vertex 23.9507 2.62484 2.39
      vertex 24.6955 1.43943 2.39
      vertex 24.5401 1.32911 2.39
    endloop
  endfacet
  facet normal 0 0 -1
    outer loop
      vertex 23.6672 2.42368 2.39
      vertex 24.5401 1.32911 2.39
      vertex 24.3979 1.20208 2.39
    endloop
  endfacet
  facet normal 0 0 -1
    outer loop
      vertex 23.408 2.19203 2.39
      vertex 24.3979 1.20208 2.39
      vertex 24.2709 1.05993 2.39
    endloop
  endfacet
  facet normal 0 0 -1
    outer loop
      vertex 24.8624 1.53165 2.39
      vertex 24.255 2.793 2.39
      vertex 24.5761 2.92604 2.39
    endloop
  endfacet
  facet normal 0 0 -1
    outer loop
      vertex 23.1763 1.93282 2.39
      vertex 24.2709 1.05993 2.39
      vertex 24.1606 0.904454 2.39
    endloop
  endfacet
  facet normal 0 0 -1
    outer loop
      vertex 22.9752 1.6493 2.39
      vertex 24.1606 0.904454 2.39
      vertex 24.0684 0.737602 2.39
    endloop
  endfacet
  facet normal 0 0 -1
    outer loop
      vertex 22.807 1.34504 2.39
      vertex 24.0684 0.737602 2.39
      vertex 23.9954 0.561474 2.39
    endloop
  endfacet
  facet normal 0 0 -1
    outer loop
      vertex 24.6955 1.43943 2.39
      vertex 23.9507 2.62484 2.39
      vertex 24.255 2.793 2.39
    endloop
  endfacet
  facet normal 0 0 -1
    outer loop
      vertex 22.674 1.02386 2.39
      vertex 23.9954 0.561474 2.39
      vertex 23.9426 0.378285 2.39
    endloop
  endfacet
  facet normal 0 0 -1
    outer loop
      vertex 22.5777 0.689815 2.39
      vertex 23.9426 0.378285 2.39
      vertex 23.9107 0.190339 2.39
    endloop
  endfacet
  facet normal 0 0 -1
    outer loop
      vertex 22.5195 0.34709 2.39
      vertex 23.9107 0.190339 2.39
      vertex 23.9 0 2.39
    endloop
  endfacet
  facet normal -0 0 -1
    outer loop
      vertex 24.0684 -0.737602 2.39
      vertex 22.807 -1.34504 2.39
      vertex 23.9954 -0.561474 2.39
    endloop
  endfacet
  facet normal 0 0 -1
    outer loop
      vertex 24.5401 1.32911 2.39
      vertex 23.6672 2.42368 2.39
      vertex 23.9507 2.62484 2.39
    endloop
  endfacet
  facet normal 0 0 -1
    outer loop
      vertex 22.674 -1.02386 2.39
      vertex 23.9954 -0.561474 2.39
      vertex 22.807 -1.34504 2.39
    endloop
  endfacet
  facet normal 0 0 -1
    outer loop
      vertex 24.3979 1.20208 2.39
      vertex 23.408 2.19203 2.39
      vertex 23.6672 2.42368 2.39
    endloop
  endfacet
  facet normal -0 0 -1
    outer loop
      vertex 23.9954 -0.561474 2.39
      vertex 22.674 -1.02386 2.39
      vertex 23.9426 -0.378285 2.39
    endloop
  endfacet
  facet normal 0 0 -1
    outer loop
      vertex 24.2709 1.05993 2.39
      vertex 23.1763 1.93282 2.39
      vertex 23.408 2.19203 2.39
    endloop
  endfacet
  facet normal 0 0 -1
    outer loop
      vertex 22.5777 -0.689815 2.39
      vertex 23.9426 -0.378285 2.39
      vertex 22.674 -1.02386 2.39
    endloop
  endfacet
  facet normal 0 0 -1
    outer loop
      vertex 24.1606 0.904454 2.39
      vertex 22.9752 1.6493 2.39
      vertex 23.1763 1.93282 2.39
    endloop
  endfacet
  facet normal -0 0 -1
    outer loop
      vertex 23.9426 -0.378285 2.39
      vertex 22.5777 -0.689815 2.39
      vertex 23.9107 -0.190339 2.39
    endloop
  endfacet
  facet normal 0 0 -1
    outer loop
      vertex 24.0684 0.737602 2.39
      vertex 22.807 1.34504 2.39
      vertex 22.9752 1.6493 2.39
    endloop
  endfacet
  facet normal 0 0 -1
    outer loop
      vertex 22.5195 -0.34709 2.39
      vertex 23.9107 -0.190339 2.39
      vertex 22.5777 -0.689815 2.39
    endloop
  endfacet
  facet normal 0 0 -1
    outer loop
      vertex 23.9954 0.561474 2.39
      vertex 22.674 1.02386 2.39
      vertex 22.807 1.34504 2.39
    endloop
  endfacet
  facet normal -0 0 -1
    outer loop
      vertex 23.9107 -0.190339 2.39
      vertex 22.5195 -0.34709 2.39
      vertex 23.9 0 2.39
    endloop
  endfacet
  facet normal 0 0 -1
    outer loop
      vertex 23.9426 0.378285 2.39
      vertex 22.5777 0.689815 2.39
      vertex 22.674 1.02386 2.39
    endloop
  endfacet
  facet normal 0 0 -1
    outer loop
      vertex 22.5 0 2.39
      vertex 23.9 0 2.39
      vertex 22.5195 -0.34709 2.39
    endloop
  endfacet
  facet normal 0 0 -1
    outer loop
      vertex 23.9107 0.190339 2.39
      vertex 22.5195 0.34709 2.39
      vertex 22.5777 0.689815 2.39
    endloop
  endfacet
  facet normal 0 0 -1
    outer loop
      vertex 23.9 0 2.39
      vertex 22.5 0 2.39
      vertex 22.5195 0.34709 2.39
    endloop
  endfacet
  facet normal 0.483754 -0.875204 0
    outer loop
      vertex 40.3091 -3.96426 0
      vertex 40.7409 -3.72559 4
      vertex 40.3091 -3.96426 4
    endloop
  endfacet
  facet normal 0.483754 -0.875204 0
    outer loop
      vertex 40.7409 -3.72559 4
      vertex 40.3091 -3.96426 0
      vertex 40.7409 -3.72559 0
    endloop
  endfacet
  facet normal -0.998423 0.0561387 0
    outer loop
      vertex 34 0 0
      vertex 34.0277 0.492643 4
      vertex 34.0277 0.492643 0
    endloop
  endfacet
  facet normal -0.998423 0.0561387 0
    outer loop
      vertex 34.0277 0.492643 4
      vertex 34 0 0
      vertex 34 0 4
    endloop
  endfacet
  facet normal -0.815585 0.578637 0
    outer loop
      vertex 34.6744 2.34094 0
      vertex 34.9599 2.74335 4
      vertex 34.9599 2.74335 0
    endloop
  endfacet
  facet normal -0.815585 0.578637 0
    outer loop
      vertex 34.9599 2.74335 4
      vertex 34.6744 2.34094 0
      vertex 34.6744 2.34094 4
    endloop
  endfacet
  facet normal -0.167487 0.985874 0
    outer loop
      vertex 37.9074 4.37233 0
      vertex 37.4209 4.28968 4
      vertex 37.9074 4.37233 4
    endloop
  endfacet
  facet normal -0.167487 0.985874 0
    outer loop
      vertex 37.4209 4.28968 4
      vertex 37.9074 4.37233 0
      vertex 37.4209 4.28968 0
    endloop
  endfacet
  facet normal 0.382666 0.923887 -0
    outer loop
      vertex 40.3091 3.96426 0
      vertex 39.8532 4.15309 4
      vertex 40.3091 3.96426 4
    endloop
  endfacet
  facet normal 0.382666 0.923887 0
    outer loop
      vertex 39.8532 4.15309 4
      vertex 40.3091 3.96426 0
      vertex 39.8532 4.15309 0
    endloop
  endfacet
  facet normal -0.0560829 -0.998426 0
    outer loop
      vertex 37.9074 -4.37233 0
      vertex 38.4 -4.4 4
      vertex 37.9074 -4.37233 4
    endloop
  endfacet
  facet normal -0.0560829 -0.998426 -0
    outer loop
      vertex 38.4 -4.4 4
      vertex 37.9074 -4.37233 0
      vertex 38.4 -4.4 0
    endloop
  endfacet
  facet normal 0.167487 0.985874 -0
    outer loop
      vertex 39.3791 4.28968 0
      vertex 38.8926 4.37233 4
      vertex 39.3791 4.28968 4
    endloop
  endfacet
  facet normal 0.167487 0.985874 0
    outer loop
      vertex 38.8926 4.37233 4
      vertex 39.3791 4.28968 0
      vertex 38.8926 4.37233 0
    endloop
  endfacet
  facet normal 0.960916 0.276841 0
    outer loop
      vertex 42.6897 0.979092 4
      vertex 42.5531 1.45323 0
      vertex 42.5531 1.45323 4
    endloop
  endfacet
  facet normal 0.960916 0.276841 0
    outer loop
      vertex 42.5531 1.45323 0
      vertex 42.6897 0.979092 4
      vertex 42.6897 0.979092 0
    endloop
  endfacet
  facet normal -0.666363 -0.745628 0
    outer loop
      vertex 35.2887 -3.11127 0
      vertex 35.6566 -3.44006 4
      vertex 35.2887 -3.11127 4
    endloop
  endfacet
  facet normal -0.666363 -0.745628 -0
    outer loop
      vertex 35.6566 -3.44006 4
      vertex 35.2887 -3.11127 0
      vertex 35.6566 -3.44006 0
    endloop
  endfacet
  facet normal 0.875202 -0.483758 0
    outer loop
      vertex 42.1256 -2.34094 4
      vertex 42.3643 -1.90909 0
      vertex 42.3643 -1.90909 4
    endloop
  endfacet
  facet normal 0.875202 -0.483758 0
    outer loop
      vertex 42.3643 -1.90909 0
      vertex 42.1256 -2.34094 4
      vertex 42.1256 -2.34094 0
    endloop
  endfacet
  facet normal -0.483754 0.875204 0
    outer loop
      vertex 36.4909 3.96426 0
      vertex 36.0591 3.72559 4
      vertex 36.4909 3.96426 4
    endloop
  endfacet
  facet normal -0.483754 0.875204 0
    outer loop
      vertex 36.0591 3.72559 4
      vertex 36.4909 3.96426 0
      vertex 36.0591 3.72559 0
    endloop
  endfacet
  facet normal 0.985888 0.167406 0
    outer loop
      vertex 42.7723 0.492643 4
      vertex 42.6897 0.979092 0
      vertex 42.6897 0.979092 4
    endloop
  endfacet
  facet normal 0.985888 0.167406 0
    outer loop
      vertex 42.6897 0.979092 0
      vertex 42.7723 0.492643 4
      vertex 42.7723 0.492643 0
    endloop
  endfacet
  facet normal -0.578592 -0.815617 0
    outer loop
      vertex 35.6566 -3.44006 0
      vertex 36.0591 -3.72559 4
      vertex 35.6566 -3.44006 4
    endloop
  endfacet
  facet normal -0.578592 -0.815617 -0
    outer loop
      vertex 36.0591 -3.72559 4
      vertex 35.6566 -3.44006 0
      vertex 36.0591 -3.72559 0
    endloop
  endfacet
  facet normal -0.875202 -0.483758 0
    outer loop
      vertex 34.6744 -2.34094 0
      vertex 34.4357 -1.90909 4
      vertex 34.4357 -1.90909 0
    endloop
  endfacet
  facet normal -0.875202 -0.483758 0
    outer loop
      vertex 34.4357 -1.90909 4
      vertex 34.6744 -2.34094 0
      vertex 34.6744 -2.34094 4
    endloop
  endfacet
  facet normal 0.745636 0.666354 0
    outer loop
      vertex 41.8401 2.74335 4
      vertex 41.5113 3.11127 0
      vertex 41.5113 3.11127 4
    endloop
  endfacet
  facet normal 0.745636 0.666354 0
    outer loop
      vertex 41.5113 3.11127 0
      vertex 41.8401 2.74335 4
      vertex 41.8401 2.74335 0
    endloop
  endfacet
  facet normal -0.960916 0.276841 0
    outer loop
      vertex 34.1103 0.979092 0
      vertex 34.2469 1.45323 4
      vertex 34.2469 1.45323 0
    endloop
  endfacet
  facet normal -0.960916 0.276841 0
    outer loop
      vertex 34.2469 1.45323 4
      vertex 34.1103 0.979092 0
      vertex 34.1103 0.979092 4
    endloop
  endfacet
  facet normal -0.167487 -0.985874 0
    outer loop
      vertex 37.4209 -4.28968 0
      vertex 37.9074 -4.37233 4
      vertex 37.4209 -4.28968 4
    endloop
  endfacet
  facet normal -0.167487 -0.985874 -0
    outer loop
      vertex 37.9074 -4.37233 4
      vertex 37.4209 -4.28968 0
      vertex 37.9074 -4.37233 0
    endloop
  endfacet
  facet normal -0.666363 0.745628 0
    outer loop
      vertex 35.6566 3.44006 0
      vertex 35.2887 3.11127 4
      vertex 35.6566 3.44006 4
    endloop
  endfacet
  facet normal -0.666363 0.745628 0
    outer loop
      vertex 35.2887 3.11127 4
      vertex 35.6566 3.44006 0
      vertex 35.2887 3.11127 0
    endloop
  endfacet
  facet normal 0.745636 -0.666354 0
    outer loop
      vertex 41.5113 -3.11127 4
      vertex 41.8401 -2.74335 0
      vertex 41.8401 -2.74335 4
    endloop
  endfacet
  facet normal 0.745636 -0.666354 0
    outer loop
      vertex 41.8401 -2.74335 0
      vertex 41.5113 -3.11127 4
      vertex 41.5113 -3.11127 0
    endloop
  endfacet
  facet normal 0.998423 0.0561387 0
    outer loop
      vertex 42.8 0 4
      vertex 42.7723 0.492643 0
      vertex 42.7723 0.492643 4
    endloop
  endfacet
  facet normal 0.998423 0.0561387 0
    outer loop
      vertex 42.7723 0.492643 0
      vertex 42.8 0 4
      vertex 42.8 0 0
    endloop
  endfacet
  facet normal 0.382666 -0.923887 0
    outer loop
      vertex 39.8532 -4.15309 0
      vertex 40.3091 -3.96426 4
      vertex 39.8532 -4.15309 4
    endloop
  endfacet
  facet normal 0.382666 -0.923887 0
    outer loop
      vertex 40.3091 -3.96426 4
      vertex 39.8532 -4.15309 0
      vertex 40.3091 -3.96426 0
    endloop
  endfacet
  facet normal 0.815585 0.578637 0
    outer loop
      vertex 42.1256 2.34094 4
      vertex 41.8401 2.74335 0
      vertex 41.8401 2.74335 4
    endloop
  endfacet
  facet normal 0.815585 0.578637 0
    outer loop
      vertex 41.8401 2.74335 0
      vertex 42.1256 2.34094 4
      vertex 42.1256 2.34094 0
    endloop
  endfacet
  facet normal 0.998423 -0.0561387 0
    outer loop
      vertex 42.7723 -0.492643 4
      vertex 42.8 0 0
      vertex 42.8 0 4
    endloop
  endfacet
  facet normal 0.998423 -0.0561387 0
    outer loop
      vertex 42.8 0 0
      vertex 42.7723 -0.492643 4
      vertex 42.7723 -0.492643 0
    endloop
  endfacet
  facet normal 0.985888 -0.167406 0
    outer loop
      vertex 42.6897 -0.979092 4
      vertex 42.7723 -0.492643 0
      vertex 42.7723 -0.492643 4
    endloop
  endfacet
  facet normal 0.985888 -0.167406 0
    outer loop
      vertex 42.7723 -0.492643 0
      vertex 42.6897 -0.979092 4
      vertex 42.6897 -0.979092 0
    endloop
  endfacet
  facet normal -0.276843 0.960915 0
    outer loop
      vertex 37.4209 4.28968 0
      vertex 36.9468 4.15309 4
      vertex 37.4209 4.28968 4
    endloop
  endfacet
  facet normal -0.276843 0.960915 0
    outer loop
      vertex 36.9468 4.15309 4
      vertex 37.4209 4.28968 0
      vertex 36.9468 4.15309 0
    endloop
  endfacet
  facet normal 0.483754 0.875204 -0
    outer loop
      vertex 40.7409 3.72559 0
      vertex 40.3091 3.96426 4
      vertex 40.7409 3.72559 4
    endloop
  endfacet
  facet normal 0.483754 0.875204 0
    outer loop
      vertex 40.3091 3.96426 4
      vertex 40.7409 3.72559 0
      vertex 40.3091 3.96426 0
    endloop
  endfacet
  facet normal -0.382666 -0.923887 0
    outer loop
      vertex 36.4909 -3.96426 0
      vertex 36.9468 -4.15309 4
      vertex 36.4909 -3.96426 4
    endloop
  endfacet
  facet normal -0.382666 -0.923887 -0
    outer loop
      vertex 36.9468 -4.15309 4
      vertex 36.4909 -3.96426 0
      vertex 36.9468 -4.15309 0
    endloop
  endfacet
  facet normal -0.985888 -0.167406 0
    outer loop
      vertex 34.1103 -0.979092 0
      vertex 34.0277 -0.492643 4
      vertex 34.0277 -0.492643 0
    endloop
  endfacet
  facet normal -0.985888 -0.167406 0
    outer loop
      vertex 34.0277 -0.492643 4
      vertex 34.1103 -0.979092 0
      vertex 34.1103 -0.979092 4
    endloop
  endfacet
  facet normal -0.815585 -0.578637 0
    outer loop
      vertex 34.9599 -2.74335 0
      vertex 34.6744 -2.34094 4
      vertex 34.6744 -2.34094 0
    endloop
  endfacet
  facet normal -0.815585 -0.578637 0
    outer loop
      vertex 34.6744 -2.34094 4
      vertex 34.9599 -2.74335 0
      vertex 34.9599 -2.74335 4
    endloop
  endfacet
  facet normal -0.998423 -0.0561387 0
    outer loop
      vertex 34.0277 -0.492643 0
      vertex 34 0 4
      vertex 34 0 0
    endloop
  endfacet
  facet normal -0.998423 -0.0561387 0
    outer loop
      vertex 34 0 4
      vertex 34.0277 -0.492643 0
      vertex 34.0277 -0.492643 4
    endloop
  endfacet
  facet normal -0.0560829 0.998426 0
    outer loop
      vertex 38.4 4.4 0
      vertex 37.9074 4.37233 4
      vertex 38.4 4.4 4
    endloop
  endfacet
  facet normal -0.0560829 0.998426 0
    outer loop
      vertex 37.9074 4.37233 4
      vertex 38.4 4.4 0
      vertex 37.9074 4.37233 0
    endloop
  endfacet
  facet normal 0.666363 0.745628 -0
    outer loop
      vertex 41.5113 3.11127 0
      vertex 41.1434 3.44006 4
      vertex 41.5113 3.11127 4
    endloop
  endfacet
  facet normal 0.666363 0.745628 0
    outer loop
      vertex 41.1434 3.44006 4
      vertex 41.5113 3.11127 0
      vertex 41.1434 3.44006 0
    endloop
  endfacet
  facet normal 0.923896 -0.382643 0
    outer loop
      vertex 42.3643 -1.90909 4
      vertex 42.5531 -1.45323 0
      vertex 42.5531 -1.45323 4
    endloop
  endfacet
  facet normal 0.923896 -0.382643 0
    outer loop
      vertex 42.5531 -1.45323 0
      vertex 42.3643 -1.90909 4
      vertex 42.3643 -1.90909 0
    endloop
  endfacet
  facet normal -0.745636 0.666354 0
    outer loop
      vertex 34.9599 2.74335 0
      vertex 35.2887 3.11127 4
      vertex 35.2887 3.11127 0
    endloop
  endfacet
  facet normal -0.745636 0.666354 0
    outer loop
      vertex 35.2887 3.11127 4
      vertex 34.9599 2.74335 0
      vertex 34.9599 2.74335 4
    endloop
  endfacet
  facet normal 0.923896 0.382643 0
    outer loop
      vertex 42.5531 1.45323 4
      vertex 42.3643 1.90909 0
      vertex 42.3643 1.90909 4
    endloop
  endfacet
  facet normal 0.923896 0.382643 0
    outer loop
      vertex 42.3643 1.90909 0
      vertex 42.5531 1.45323 4
      vertex 42.5531 1.45323 0
    endloop
  endfacet
  facet normal 0.0560829 -0.998426 0
    outer loop
      vertex 38.4 -4.4 0
      vertex 38.8926 -4.37233 4
      vertex 38.4 -4.4 4
    endloop
  endfacet
  facet normal 0.0560829 -0.998426 0
    outer loop
      vertex 38.8926 -4.37233 4
      vertex 38.4 -4.4 0
      vertex 38.8926 -4.37233 0
    endloop
  endfacet
  facet normal 0.276843 -0.960915 0
    outer loop
      vertex 39.3791 -4.28968 0
      vertex 39.8532 -4.15309 4
      vertex 39.3791 -4.28968 4
    endloop
  endfacet
  facet normal 0.276843 -0.960915 0
    outer loop
      vertex 39.8532 -4.15309 4
      vertex 39.3791 -4.28968 0
      vertex 39.8532 -4.15309 0
    endloop
  endfacet
  facet normal 0.0560829 0.998426 -0
    outer loop
      vertex 38.8926 4.37233 0
      vertex 38.4 4.4 4
      vertex 38.8926 4.37233 4
    endloop
  endfacet
  facet normal 0.0560829 0.998426 0
    outer loop
      vertex 38.4 4.4 4
      vertex 38.8926 4.37233 0
      vertex 38.4 4.4 0
    endloop
  endfacet
  facet normal 0.875202 0.483758 0
    outer loop
      vertex 42.3643 1.90909 4
      vertex 42.1256 2.34094 0
      vertex 42.1256 2.34094 4
    endloop
  endfacet
  facet normal 0.875202 0.483758 0
    outer loop
      vertex 42.1256 2.34094 0
      vertex 42.3643 1.90909 4
      vertex 42.3643 1.90909 0
    endloop
  endfacet
  facet normal 0.960916 -0.276841 0
    outer loop
      vertex 42.5531 -1.45323 4
      vertex 42.6897 -0.979092 0
      vertex 42.6897 -0.979092 4
    endloop
  endfacet
  facet normal 0.960916 -0.276841 0
    outer loop
      vertex 42.6897 -0.979092 0
      vertex 42.5531 -1.45323 4
      vertex 42.5531 -1.45323 0
    endloop
  endfacet
  facet normal 0.167487 -0.985874 0
    outer loop
      vertex 38.8926 -4.37233 0
      vertex 39.3791 -4.28968 4
      vertex 38.8926 -4.37233 4
    endloop
  endfacet
  facet normal 0.167487 -0.985874 0
    outer loop
      vertex 39.3791 -4.28968 4
      vertex 38.8926 -4.37233 0
      vertex 39.3791 -4.28968 0
    endloop
  endfacet
  facet normal 0.276843 0.960915 -0
    outer loop
      vertex 39.8532 4.15309 0
      vertex 39.3791 4.28968 4
      vertex 39.8532 4.15309 4
    endloop
  endfacet
  facet normal 0.276843 0.960915 0
    outer loop
      vertex 39.3791 4.28968 4
      vertex 39.8532 4.15309 0
      vertex 39.3791 4.28968 0
    endloop
  endfacet
  facet normal -0.745636 -0.666354 0
    outer loop
      vertex 35.2887 -3.11127 0
      vertex 34.9599 -2.74335 4
      vertex 34.9599 -2.74335 0
    endloop
  endfacet
  facet normal -0.745636 -0.666354 0
    outer loop
      vertex 34.9599 -2.74335 4
      vertex 35.2887 -3.11127 0
      vertex 35.2887 -3.11127 4
    endloop
  endfacet
  facet normal -0.483754 -0.875204 0
    outer loop
      vertex 36.0591 -3.72559 0
      vertex 36.4909 -3.96426 4
      vertex 36.0591 -3.72559 4
    endloop
  endfacet
  facet normal -0.483754 -0.875204 -0
    outer loop
      vertex 36.4909 -3.96426 4
      vertex 36.0591 -3.72559 0
      vertex 36.4909 -3.96426 0
    endloop
  endfacet
  facet normal 0.578592 0.815617 -0
    outer loop
      vertex 41.1434 3.44006 0
      vertex 40.7409 3.72559 4
      vertex 41.1434 3.44006 4
    endloop
  endfacet
  facet normal 0.578592 0.815617 0
    outer loop
      vertex 40.7409 3.72559 4
      vertex 41.1434 3.44006 0
      vertex 40.7409 3.72559 0
    endloop
  endfacet
  facet normal -0.923896 -0.382643 0
    outer loop
      vertex 34.4357 -1.90909 0
      vertex 34.2469 -1.45323 4
      vertex 34.2469 -1.45323 0
    endloop
  endfacet
  facet normal -0.923896 -0.382643 0
    outer loop
      vertex 34.2469 -1.45323 4
      vertex 34.4357 -1.90909 0
      vertex 34.4357 -1.90909 4
    endloop
  endfacet
  facet normal -0.960916 -0.276841 0
    outer loop
      vertex 34.2469 -1.45323 0
      vertex 34.1103 -0.979092 4
      vertex 34.1103 -0.979092 0
    endloop
  endfacet
  facet normal -0.960916 -0.276841 0
    outer loop
      vertex 34.1103 -0.979092 4
      vertex 34.2469 -1.45323 0
      vertex 34.2469 -1.45323 4
    endloop
  endfacet
  facet normal -0.382666 0.923887 0
    outer loop
      vertex 36.9468 4.15309 0
      vertex 36.4909 3.96426 4
      vertex 36.9468 4.15309 4
    endloop
  endfacet
  facet normal -0.382666 0.923887 0
    outer loop
      vertex 36.4909 3.96426 4
      vertex 36.9468 4.15309 0
      vertex 36.4909 3.96426 0
    endloop
  endfacet
  facet normal -0.923896 0.382643 0
    outer loop
      vertex 34.2469 1.45323 0
      vertex 34.4357 1.90909 4
      vertex 34.4357 1.90909 0
    endloop
  endfacet
  facet normal -0.923896 0.382643 0
    outer loop
      vertex 34.4357 1.90909 4
      vertex 34.2469 1.45323 0
      vertex 34.2469 1.45323 4
    endloop
  endfacet
  facet normal -0.985888 0.167406 0
    outer loop
      vertex 34.0277 0.492643 0
      vertex 34.1103 0.979092 4
      vertex 34.1103 0.979092 0
    endloop
  endfacet
  facet normal -0.985888 0.167406 0
    outer loop
      vertex 34.1103 0.979092 4
      vertex 34.0277 0.492643 0
      vertex 34.0277 0.492643 4
    endloop
  endfacet
  facet normal 0.815585 -0.578637 0
    outer loop
      vertex 41.8401 -2.74335 4
      vertex 42.1256 -2.34094 0
      vertex 42.1256 -2.34094 4
    endloop
  endfacet
  facet normal 0.815585 -0.578637 0
    outer loop
      vertex 42.1256 -2.34094 0
      vertex 41.8401 -2.74335 4
      vertex 41.8401 -2.74335 0
    endloop
  endfacet
  facet normal 0.578592 -0.815617 0
    outer loop
      vertex 40.7409 -3.72559 0
      vertex 41.1434 -3.44006 4
      vertex 40.7409 -3.72559 4
    endloop
  endfacet
  facet normal 0.578592 -0.815617 0
    outer loop
      vertex 41.1434 -3.44006 4
      vertex 40.7409 -3.72559 0
      vertex 41.1434 -3.44006 0
    endloop
  endfacet
  facet normal -0.578592 0.815617 0
    outer loop
      vertex 36.0591 3.72559 0
      vertex 35.6566 3.44006 4
      vertex 36.0591 3.72559 4
    endloop
  endfacet
  facet normal -0.578592 0.815617 0
    outer loop
      vertex 35.6566 3.44006 4
      vertex 36.0591 3.72559 0
      vertex 35.6566 3.44006 0
    endloop
  endfacet
  facet normal 0 0 1
    outer loop
      vertex 40.1 0 4
      vertex 42.8 0 4
      vertex 42.7723 0.492643 4
    endloop
  endfacet
  facet normal 0 0 1
    outer loop
      vertex 40.0893 0.190339 4
      vertex 42.7723 0.492643 4
      vertex 42.6897 0.979092 4
    endloop
  endfacet
  facet normal 0 0 1
    outer loop
      vertex 42.8 0 4
      vertex 40.1 0 4
      vertex 42.7723 -0.492643 4
    endloop
  endfacet
  facet normal 0 0 1
    outer loop
      vertex 40.0574 0.378285 4
      vertex 42.6897 0.979092 4
      vertex 42.5531 1.45323 4
    endloop
  endfacet
  facet normal -0 0 1
    outer loop
      vertex 40.0893 -0.190339 4
      vertex 42.7723 -0.492643 4
      vertex 40.1 0 4
    endloop
  endfacet
  facet normal 0 0 1
    outer loop
      vertex 40.0046 0.561474 4
      vertex 42.5531 1.45323 4
      vertex 42.3643 1.90909 4
    endloop
  endfacet
  facet normal 0 0 1
    outer loop
      vertex 42.7723 -0.492643 4
      vertex 40.0893 -0.190339 4
      vertex 42.6897 -0.979092 4
    endloop
  endfacet
  facet normal 0 0 1
    outer loop
      vertex 39.9316 0.737602 4
      vertex 42.3643 1.90909 4
      vertex 42.1256 2.34094 4
    endloop
  endfacet
  facet normal -0 0 1
    outer loop
      vertex 40.0574 -0.378285 4
      vertex 42.6897 -0.979092 4
      vertex 40.0893 -0.190339 4
    endloop
  endfacet
  facet normal 0 0 1
    outer loop
      vertex 39.8394 0.904454 4
      vertex 42.1256 2.34094 4
      vertex 41.8401 2.74335 4
    endloop
  endfacet
  facet normal 0 0 1
    outer loop
      vertex 42.6897 -0.979092 4
      vertex 40.0574 -0.378285 4
      vertex 42.5531 -1.45323 4
    endloop
  endfacet
  facet normal 0 0 1
    outer loop
      vertex 39.7291 1.05993 4
      vertex 41.8401 2.74335 4
      vertex 41.5113 3.11127 4
    endloop
  endfacet
  facet normal -0 0 1
    outer loop
      vertex 40.0046 -0.561474 4
      vertex 42.5531 -1.45323 4
      vertex 40.0574 -0.378285 4
    endloop
  endfacet
  facet normal 0 0 1
    outer loop
      vertex 39.6021 1.20208 4
      vertex 41.5113 3.11127 4
      vertex 41.1434 3.44006 4
    endloop
  endfacet
  facet normal 0 0 1
    outer loop
      vertex 42.5531 -1.45323 4
      vertex 40.0046 -0.561474 4
      vertex 42.3643 -1.90909 4
    endloop
  endfacet
  facet normal 0 0 1
    outer loop
      vertex 39.4599 1.32911 4
      vertex 41.1434 3.44006 4
      vertex 40.7409 3.72559 4
    endloop
  endfacet
  facet normal -0 0 1
    outer loop
      vertex 39.9316 -0.737602 4
      vertex 42.3643 -1.90909 4
      vertex 40.0046 -0.561474 4
    endloop
  endfacet
  facet normal 0 0 1
    outer loop
      vertex 39.3045 1.43943 4
      vertex 40.7409 3.72559 4
      vertex 40.3091 3.96426 4
    endloop
  endfacet
  facet normal 0 0 1
    outer loop
      vertex 42.3643 -1.90909 4
      vertex 39.9316 -0.737602 4
      vertex 42.1256 -2.34094 4
    endloop
  endfacet
  facet normal -0 0 1
    outer loop
      vertex 39.8394 -0.904454 4
      vertex 42.1256 -2.34094 4
      vertex 39.9316 -0.737602 4
    endloop
  endfacet
  facet normal 0 0 1
    outer loop
      vertex 42.7723 0.492643 4
      vertex 40.0893 0.190339 4
      vertex 40.1 0 4
    endloop
  endfacet
  facet normal 0 0 1
    outer loop
      vertex 42.6897 0.979092 4
      vertex 40.0574 0.378285 4
      vertex 40.0893 0.190339 4
    endloop
  endfacet
  facet normal 0 0 1
    outer loop
      vertex 42.5531 1.45323 4
      vertex 40.0046 0.561474 4
      vertex 40.0574 0.378285 4
    endloop
  endfacet
  facet normal 0 0 1
    outer loop
      vertex 42.3643 1.90909 4
      vertex 39.9316 0.737602 4
      vertex 40.0046 0.561474 4
    endloop
  endfacet
  facet normal 0 0 1
    outer loop
      vertex 39.1376 1.53165 4
      vertex 40.3091 3.96426 4
      vertex 39.8532 4.15309 4
    endloop
  endfacet
  facet normal 0 0 1
    outer loop
      vertex 42.1256 2.34094 4
      vertex 39.8394 0.904454 4
      vertex 39.9316 0.737602 4
    endloop
  endfacet
  facet normal 0 0 1
    outer loop
      vertex 41.8401 2.74335 4
      vertex 39.7291 1.05993 4
      vertex 39.8394 0.904454 4
    endloop
  endfacet
  facet normal 0 0 1
    outer loop
      vertex 41.5113 3.11127 4
      vertex 39.6021 1.20208 4
      vertex 39.7291 1.05993 4
    endloop
  endfacet
  facet normal 0 0 1
    outer loop
      vertex 41.1434 3.44006 4
      vertex 39.4599 1.32911 4
      vertex 39.6021 1.20208 4
    endloop
  endfacet
  facet normal 0 0 1
    outer loop
      vertex 38.9615 1.6046 4
      vertex 39.8532 4.15309 4
      vertex 39.3791 4.28968 4
    endloop
  endfacet
  facet normal 0 0 1
    outer loop
      vertex 40.7409 3.72559 4
      vertex 39.3045 1.43943 4
      vertex 39.4599 1.32911 4
    endloop
  endfacet
  facet normal 0 0 1
    outer loop
      vertex 40.3091 3.96426 4
      vertex 39.1376 1.53165 4
      vertex 39.3045 1.43943 4
    endloop
  endfacet
  facet normal 0 0 1
    outer loop
      vertex 39.8532 4.15309 4
      vertex 38.9615 1.6046 4
      vertex 39.1376 1.53165 4
    endloop
  endfacet
  facet normal 0 0 1
    outer loop
      vertex 38.7783 1.65738 4
      vertex 39.3791 4.28968 4
      vertex 38.8926 4.37233 4
    endloop
  endfacet
  facet normal 0 0 1
    outer loop
      vertex 39.3791 4.28968 4
      vertex 38.7783 1.65738 4
      vertex 38.9615 1.6046 4
    endloop
  endfacet
  facet normal 0 0 1
    outer loop
      vertex 38.8926 4.37233 4
      vertex 38.5903 1.68931 4
      vertex 38.7783 1.65738 4
    endloop
  endfacet
  facet normal 0 0 1
    outer loop
      vertex 38.4 4.4 4
      vertex 38.5903 1.68931 4
      vertex 38.8926 4.37233 4
    endloop
  endfacet
  facet normal 0 0 1
    outer loop
      vertex 38.4 4.4 4
      vertex 38.4 1.7 4
      vertex 38.5903 1.68931 4
    endloop
  endfacet
  facet normal 0 0 1
    outer loop
      vertex 38.4 4.4 4
      vertex 38.2097 1.68931 4
      vertex 38.4 1.7 4
    endloop
  endfacet
  facet normal -0 0 1
    outer loop
      vertex 37.9074 4.37233 4
      vertex 38.2097 1.68931 4
      vertex 38.4 4.4 4
    endloop
  endfacet
  facet normal 0 0 1
    outer loop
      vertex 38.2097 1.68931 4
      vertex 37.9074 4.37233 4
      vertex 38.0217 1.65738 4
    endloop
  endfacet
  facet normal -0 0 1
    outer loop
      vertex 37.4209 4.28968 4
      vertex 38.0217 1.65738 4
      vertex 37.9074 4.37233 4
    endloop
  endfacet
  facet normal 0 0 1
    outer loop
      vertex 38.0217 1.65738 4
      vertex 37.4209 4.28968 4
      vertex 37.8385 1.6046 4
    endloop
  endfacet
  facet normal -0 0 1
    outer loop
      vertex 36.9468 4.15309 4
      vertex 37.8385 1.6046 4
      vertex 37.4209 4.28968 4
    endloop
  endfacet
  facet normal 0 0 1
    outer loop
      vertex 37.8385 1.6046 4
      vertex 36.9468 4.15309 4
      vertex 37.6624 1.53165 4
    endloop
  endfacet
  facet normal -0 0 1
    outer loop
      vertex 36.4909 3.96426 4
      vertex 37.6624 1.53165 4
      vertex 36.9468 4.15309 4
    endloop
  endfacet
  facet normal 0 0 1
    outer loop
      vertex 37.6624 1.53165 4
      vertex 36.4909 3.96426 4
      vertex 37.4955 1.43943 4
    endloop
  endfacet
  facet normal -0 0 1
    outer loop
      vertex 36.0591 3.72559 4
      vertex 37.4955 1.43943 4
      vertex 36.4909 3.96426 4
    endloop
  endfacet
  facet normal 0 0 1
    outer loop
      vertex 37.4955 1.43943 4
      vertex 36.0591 3.72559 4
      vertex 37.3401 1.32911 4
    endloop
  endfacet
  facet normal -0 0 1
    outer loop
      vertex 35.6566 3.44006 4
      vertex 37.3401 1.32911 4
      vertex 36.0591 3.72559 4
    endloop
  endfacet
  facet normal 0 0 1
    outer loop
      vertex 37.3401 1.32911 4
      vertex 35.6566 3.44006 4
      vertex 37.1979 1.20208 4
    endloop
  endfacet
  facet normal -0 0 1
    outer loop
      vertex 35.2887 3.11127 4
      vertex 37.1979 1.20208 4
      vertex 35.6566 3.44006 4
    endloop
  endfacet
  facet normal 0 0 1
    outer loop
      vertex 37.1979 1.20208 4
      vertex 35.2887 3.11127 4
      vertex 37.0709 1.05993 4
    endloop
  endfacet
  facet normal -0 0 1
    outer loop
      vertex 34.9599 2.74335 4
      vertex 37.0709 1.05993 4
      vertex 35.2887 3.11127 4
    endloop
  endfacet
  facet normal -0 0 1
    outer loop
      vertex 34.6744 2.34094 4
      vertex 36.9606 0.904454 4
      vertex 34.9599 2.74335 4
    endloop
  endfacet
  facet normal 0 0 1
    outer loop
      vertex 37.0709 1.05993 4
      vertex 34.9599 2.74335 4
      vertex 36.9606 0.904454 4
    endloop
  endfacet
  facet normal 0 0 1
    outer loop
      vertex 42.1256 -2.34094 4
      vertex 39.8394 -0.904454 4
      vertex 41.8401 -2.74335 4
    endloop
  endfacet
  facet normal -0 0 1
    outer loop
      vertex 39.7291 -1.05993 4
      vertex 41.8401 -2.74335 4
      vertex 39.8394 -0.904454 4
    endloop
  endfacet
  facet normal 0 0 1
    outer loop
      vertex 41.8401 -2.74335 4
      vertex 39.7291 -1.05993 4
      vertex 41.5113 -3.11127 4
    endloop
  endfacet
  facet normal -0 0 1
    outer loop
      vertex 39.6021 -1.20208 4
      vertex 41.5113 -3.11127 4
      vertex 39.7291 -1.05993 4
    endloop
  endfacet
  facet normal 0 0 1
    outer loop
      vertex 41.5113 -3.11127 4
      vertex 39.6021 -1.20208 4
      vertex 41.1434 -3.44006 4
    endloop
  endfacet
  facet normal -0 0 1
    outer loop
      vertex 39.4599 -1.32911 4
      vertex 41.1434 -3.44006 4
      vertex 39.6021 -1.20208 4
    endloop
  endfacet
  facet normal 0 0 1
    outer loop
      vertex 41.1434 -3.44006 4
      vertex 39.4599 -1.32911 4
      vertex 40.7409 -3.72559 4
    endloop
  endfacet
  facet normal -0 0 1
    outer loop
      vertex 39.3045 -1.43943 4
      vertex 40.7409 -3.72559 4
      vertex 39.4599 -1.32911 4
    endloop
  endfacet
  facet normal 0 0 1
    outer loop
      vertex 40.7409 -3.72559 4
      vertex 39.3045 -1.43943 4
      vertex 40.3091 -3.96426 4
    endloop
  endfacet
  facet normal -0 0 1
    outer loop
      vertex 39.1376 -1.53165 4
      vertex 40.3091 -3.96426 4
      vertex 39.3045 -1.43943 4
    endloop
  endfacet
  facet normal 0 0 1
    outer loop
      vertex 40.3091 -3.96426 4
      vertex 39.1376 -1.53165 4
      vertex 39.8532 -4.15309 4
    endloop
  endfacet
  facet normal -0 0 1
    outer loop
      vertex 38.9615 -1.6046 4
      vertex 39.8532 -4.15309 4
      vertex 39.1376 -1.53165 4
    endloop
  endfacet
  facet normal 0 0 1
    outer loop
      vertex 39.8532 -4.15309 4
      vertex 38.9615 -1.6046 4
      vertex 39.3791 -4.28968 4
    endloop
  endfacet
  facet normal -0 0 1
    outer loop
      vertex 38.7783 -1.65738 4
      vertex 39.3791 -4.28968 4
      vertex 38.9615 -1.6046 4
    endloop
  endfacet
  facet normal 0 0 1
    outer loop
      vertex 39.3791 -4.28968 4
      vertex 38.7783 -1.65738 4
      vertex 38.8926 -4.37233 4
    endloop
  endfacet
  facet normal -0 0 1
    outer loop
      vertex 38.5903 -1.68931 4
      vertex 38.8926 -4.37233 4
      vertex 38.7783 -1.65738 4
    endloop
  endfacet
  facet normal -0 0 1
    outer loop
      vertex 38.4 -1.7 4
      vertex 38.8926 -4.37233 4
      vertex 38.5903 -1.68931 4
    endloop
  endfacet
  facet normal 0 0 1
    outer loop
      vertex 38.4 -1.7 4
      vertex 38.4 -4.4 4
      vertex 38.8926 -4.37233 4
    endloop
  endfacet
  facet normal 0 0 1
    outer loop
      vertex 38.2097 -1.68931 4
      vertex 38.4 -4.4 4
      vertex 38.4 -1.7 4
    endloop
  endfacet
  facet normal 0 0 1
    outer loop
      vertex 37.9074 -4.37233 4
      vertex 38.2097 -1.68931 4
      vertex 38.0217 -1.65738 4
    endloop
  endfacet
  facet normal 0 0 1
    outer loop
      vertex 38.2097 -1.68931 4
      vertex 37.9074 -4.37233 4
      vertex 38.4 -4.4 4
    endloop
  endfacet
  facet normal 0 0 1
    outer loop
      vertex 37.4209 -4.28968 4
      vertex 38.0217 -1.65738 4
      vertex 37.8385 -1.6046 4
    endloop
  endfacet
  facet normal 0 0 1
    outer loop
      vertex 36.9468 -4.15309 4
      vertex 37.8385 -1.6046 4
      vertex 37.6624 -1.53165 4
    endloop
  endfacet
  facet normal 0 0 1
    outer loop
      vertex 36.4909 -3.96426 4
      vertex 37.6624 -1.53165 4
      vertex 37.4955 -1.43943 4
    endloop
  endfacet
  facet normal 0 0 1
    outer loop
      vertex 38.0217 -1.65738 4
      vertex 37.4209 -4.28968 4
      vertex 37.9074 -4.37233 4
    endloop
  endfacet
  facet normal 0 0 1
    outer loop
      vertex 36.0591 -3.72559 4
      vertex 37.4955 -1.43943 4
      vertex 37.3401 -1.32911 4
    endloop
  endfacet
  facet normal 0 0 1
    outer loop
      vertex 35.6566 -3.44006 4
      vertex 37.3401 -1.32911 4
      vertex 37.1979 -1.20208 4
    endloop
  endfacet
  facet normal 0 0 1
    outer loop
      vertex 35.2887 -3.11127 4
      vertex 37.1979 -1.20208 4
      vertex 37.0709 -1.05993 4
    endloop
  endfacet
  facet normal 0 0 1
    outer loop
      vertex 34.9599 -2.74335 4
      vertex 37.0709 -1.05993 4
      vertex 36.9606 -0.904454 4
    endloop
  endfacet
  facet normal 0 0 1
    outer loop
      vertex 37.8385 -1.6046 4
      vertex 36.9468 -4.15309 4
      vertex 37.4209 -4.28968 4
    endloop
  endfacet
  facet normal 0 0 1
    outer loop
      vertex 34.6744 -2.34094 4
      vertex 36.9606 -0.904454 4
      vertex 36.8684 -0.737602 4
    endloop
  endfacet
  facet normal 0 0 1
    outer loop
      vertex 34.4357 -1.90909 4
      vertex 36.8684 -0.737602 4
      vertex 36.7954 -0.561474 4
    endloop
  endfacet
  facet normal 0 0 1
    outer loop
      vertex 34.2469 -1.45323 4
      vertex 36.7954 -0.561474 4
      vertex 36.7426 -0.378285 4
    endloop
  endfacet
  facet normal 0 0 1
    outer loop
      vertex 34.1103 -0.979092 4
      vertex 36.7426 -0.378285 4
      vertex 36.7107 -0.190339 4
    endloop
  endfacet
  facet normal 0 0 1
    outer loop
      vertex 37.6624 -1.53165 4
      vertex 36.4909 -3.96426 4
      vertex 36.9468 -4.15309 4
    endloop
  endfacet
  facet normal 0 0 1
    outer loop
      vertex 34.0277 -0.492643 4
      vertex 36.7107 -0.190339 4
      vertex 36.7 0 4
    endloop
  endfacet
  facet normal 0 0 1
    outer loop
      vertex 36.9606 0.904454 4
      vertex 34.6744 2.34094 4
      vertex 36.8684 0.737602 4
    endloop
  endfacet
  facet normal -0 0 1
    outer loop
      vertex 34.4357 1.90909 4
      vertex 36.8684 0.737602 4
      vertex 34.6744 2.34094 4
    endloop
  endfacet
  facet normal 0 0 1
    outer loop
      vertex 37.4955 -1.43943 4
      vertex 36.0591 -3.72559 4
      vertex 36.4909 -3.96426 4
    endloop
  endfacet
  facet normal 0 0 1
    outer loop
      vertex 36.8684 0.737602 4
      vertex 34.4357 1.90909 4
      vertex 36.7954 0.561474 4
    endloop
  endfacet
  facet normal 0 0 1
    outer loop
      vertex 37.3401 -1.32911 4
      vertex 35.6566 -3.44006 4
      vertex 36.0591 -3.72559 4
    endloop
  endfacet
  facet normal -0 0 1
    outer loop
      vertex 34.2469 1.45323 4
      vertex 36.7954 0.561474 4
      vertex 34.4357 1.90909 4
    endloop
  endfacet
  facet normal 0 0 1
    outer loop
      vertex 37.1979 -1.20208 4
      vertex 35.2887 -3.11127 4
      vertex 35.6566 -3.44006 4
    endloop
  endfacet
  facet normal 0 0 1
    outer loop
      vertex 36.7954 0.561474 4
      vertex 34.2469 1.45323 4
      vertex 36.7426 0.378285 4
    endloop
  endfacet
  facet normal 0 0 1
    outer loop
      vertex 37.0709 -1.05993 4
      vertex 34.9599 -2.74335 4
      vertex 35.2887 -3.11127 4
    endloop
  endfacet
  facet normal -0 0 1
    outer loop
      vertex 34.1103 0.979092 4
      vertex 36.7426 0.378285 4
      vertex 34.2469 1.45323 4
    endloop
  endfacet
  facet normal 0 0 1
    outer loop
      vertex 36.9606 -0.904454 4
      vertex 34.6744 -2.34094 4
      vertex 34.9599 -2.74335 4
    endloop
  endfacet
  facet normal 0 0 1
    outer loop
      vertex 36.7426 0.378285 4
      vertex 34.1103 0.979092 4
      vertex 36.7107 0.190339 4
    endloop
  endfacet
  facet normal 0 0 1
    outer loop
      vertex 36.8684 -0.737602 4
      vertex 34.4357 -1.90909 4
      vertex 34.6744 -2.34094 4
    endloop
  endfacet
  facet normal -0 0 1
    outer loop
      vertex 34.0277 0.492643 4
      vertex 36.7107 0.190339 4
      vertex 34.1103 0.979092 4
    endloop
  endfacet
  facet normal 0 0 1
    outer loop
      vertex 36.7954 -0.561474 4
      vertex 34.2469 -1.45323 4
      vertex 34.4357 -1.90909 4
    endloop
  endfacet
  facet normal 0 0 1
    outer loop
      vertex 36.7107 0.190339 4
      vertex 34.0277 0.492643 4
      vertex 36.7 0 4
    endloop
  endfacet
  facet normal 0 0 1
    outer loop
      vertex 36.7426 -0.378285 4
      vertex 34.1103 -0.979092 4
      vertex 34.2469 -1.45323 4
    endloop
  endfacet
  facet normal 0 0 1
    outer loop
      vertex 34 0 4
      vertex 36.7 0 4
      vertex 34.0277 0.492643 4
    endloop
  endfacet
  facet normal 0 0 1
    outer loop
      vertex 36.7107 -0.190339 4
      vertex 34.0277 -0.492643 4
      vertex 34.1103 -0.979092 4
    endloop
  endfacet
  facet normal 0 0 1
    outer loop
      vertex 36.7 0 4
      vertex 34 0 4
      vertex 34.0277 -0.492643 4
    endloop
  endfacet
  facet normal 0.666363 -0.745628 0
    outer loop
      vertex 41.1434 -3.44006 0
      vertex 41.5113 -3.11127 4
      vertex 41.1434 -3.44006 4
    endloop
  endfacet
  facet normal 0.666363 -0.745628 0
    outer loop
      vertex 41.5113 -3.11127 4
      vertex 41.1434 -3.44006 0
      vertex 41.5113 -3.11127 0
    endloop
  endfacet
  facet normal 0 0 -1
    outer loop
      vertex 41.5 0 0
      vertex 42.8 0 0
      vertex 42.7723 -0.492643 0
    endloop
  endfacet
  facet normal 0 0 -1
    outer loop
      vertex 41.4805 -0.34709 0
      vertex 42.7723 -0.492643 0
      vertex 42.6897 -0.979092 0
    endloop
  endfacet
  facet normal 0 0 -1
    outer loop
      vertex 42.8 0 0
      vertex 41.5 0 0
      vertex 42.7723 0.492643 0
    endloop
  endfacet
  facet normal 0 0 -1
    outer loop
      vertex 41.4223 -0.689815 0
      vertex 42.6897 -0.979092 0
      vertex 42.5531 -1.45323 0
    endloop
  endfacet
  facet normal 0 0 -1
    outer loop
      vertex 41.4805 0.34709 0
      vertex 42.7723 0.492643 0
      vertex 41.5 0 0
    endloop
  endfacet
  facet normal 0 0 -1
    outer loop
      vertex 41.326 -1.02386 0
      vertex 42.5531 -1.45323 0
      vertex 42.3643 -1.90909 0
    endloop
  endfacet
  facet normal -0 0 -1
    outer loop
      vertex 42.7723 0.492643 0
      vertex 41.4805 0.34709 0
      vertex 42.6897 0.979092 0
    endloop
  endfacet
  facet normal 0 0 -1
    outer loop
      vertex 41.193 -1.34504 0
      vertex 42.3643 -1.90909 0
      vertex 42.1256 -2.34094 0
    endloop
  endfacet
  facet normal 0 0 -1
    outer loop
      vertex 41.4223 0.689815 0
      vertex 42.6897 0.979092 0
      vertex 41.4805 0.34709 0
    endloop
  endfacet
  facet normal 0 0 -1
    outer loop
      vertex 41.0248 -1.6493 0
      vertex 42.1256 -2.34094 0
      vertex 41.8401 -2.74335 0
    endloop
  endfacet
  facet normal -0 0 -1
    outer loop
      vertex 42.6897 0.979092 0
      vertex 41.4223 0.689815 0
      vertex 42.5531 1.45323 0
    endloop
  endfacet
  facet normal 0 0 -1
    outer loop
      vertex 40.8237 -1.93282 0
      vertex 41.8401 -2.74335 0
      vertex 41.5113 -3.11127 0
    endloop
  endfacet
  facet normal 0 0 -1
    outer loop
      vertex 41.326 1.02386 0
      vertex 42.5531 1.45323 0
      vertex 41.4223 0.689815 0
    endloop
  endfacet
  facet normal -0 0 -1
    outer loop
      vertex 42.5531 1.45323 0
      vertex 41.326 1.02386 0
      vertex 42.3643 1.90909 0
    endloop
  endfacet
  facet normal 0 0 -1
    outer loop
      vertex 42.7723 -0.492643 0
      vertex 41.4805 -0.34709 0
      vertex 41.5 0 0
    endloop
  endfacet
  facet normal 0 0 -1
    outer loop
      vertex 42.6897 -0.979092 0
      vertex 41.4223 -0.689815 0
      vertex 41.4805 -0.34709 0
    endloop
  endfacet
  facet normal 0 0 -1
    outer loop
      vertex 42.5531 -1.45323 0
      vertex 41.326 -1.02386 0
      vertex 41.4223 -0.689815 0
    endloop
  endfacet
  facet normal 0 0 -1
    outer loop
      vertex 42.3643 -1.90909 0
      vertex 41.193 -1.34504 0
      vertex 41.326 -1.02386 0
    endloop
  endfacet
  facet normal 0 0 -1
    outer loop
      vertex 40.592 -2.19203 0
      vertex 41.5113 -3.11127 0
      vertex 41.1434 -3.44006 0
    endloop
  endfacet
  facet normal 0 0 -1
    outer loop
      vertex 42.1256 -2.34094 0
      vertex 41.0248 -1.6493 0
      vertex 41.193 -1.34504 0
    endloop
  endfacet
  facet normal 0 0 -1
    outer loop
      vertex 41.8401 -2.74335 0
      vertex 40.8237 -1.93282 0
      vertex 41.0248 -1.6493 0
    endloop
  endfacet
  facet normal 0 0 -1
    outer loop
      vertex 40.3328 -2.42368 0
      vertex 41.1434 -3.44006 0
      vertex 40.7409 -3.72559 0
    endloop
  endfacet
  facet normal 0 0 -1
    outer loop
      vertex 41.5113 -3.11127 0
      vertex 40.592 -2.19203 0
      vertex 40.8237 -1.93282 0
    endloop
  endfacet
  facet normal 0 0 -1
    outer loop
      vertex 41.1434 -3.44006 0
      vertex 40.3328 -2.42368 0
      vertex 40.592 -2.19203 0
    endloop
  endfacet
  facet normal 0 0 -1
    outer loop
      vertex 40.0493 -2.62484 0
      vertex 40.7409 -3.72559 0
      vertex 40.3091 -3.96426 0
    endloop
  endfacet
  facet normal 0 0 -1
    outer loop
      vertex 40.7409 -3.72559 0
      vertex 40.0493 -2.62484 0
      vertex 40.3328 -2.42368 0
    endloop
  endfacet
  facet normal 0 0 -1
    outer loop
      vertex 39.745 -2.793 0
      vertex 40.3091 -3.96426 0
      vertex 39.8532 -4.15309 0
    endloop
  endfacet
  facet normal 0 0 -1
    outer loop
      vertex 40.3091 -3.96426 0
      vertex 39.745 -2.793 0
      vertex 40.0493 -2.62484 0
    endloop
  endfacet
  facet normal 0 0 -1
    outer loop
      vertex 39.8532 -4.15309 0
      vertex 39.4239 -2.92604 0
      vertex 39.745 -2.793 0
    endloop
  endfacet
  facet normal 0 0 -1
    outer loop
      vertex 39.3791 -4.28968 0
      vertex 39.4239 -2.92604 0
      vertex 39.8532 -4.15309 0
    endloop
  endfacet
  facet normal 0 0 -1
    outer loop
      vertex 39.3791 -4.28968 0
      vertex 39.0898 -3.02228 0
      vertex 39.4239 -2.92604 0
    endloop
  endfacet
  facet normal 0 0 -1
    outer loop
      vertex 38.8926 -4.37233 0
      vertex 39.0898 -3.02228 0
      vertex 39.3791 -4.28968 0
    endloop
  endfacet
  facet normal 0 0 -1
    outer loop
      vertex 38.8926 -4.37233 0
      vertex 38.7471 -3.08051 0
      vertex 39.0898 -3.02228 0
    endloop
  endfacet
  facet normal 0 0 -1
    outer loop
      vertex 38.4 -4.4 0
      vertex 38.7471 -3.08051 0
      vertex 38.8926 -4.37233 0
    endloop
  endfacet
  facet normal 0 0 -1
    outer loop
      vertex 38.4 -4.4 0
      vertex 38.4 -3.1 0
      vertex 38.7471 -3.08051 0
    endloop
  endfacet
  facet normal 0 0 -1
    outer loop
      vertex 38.4 -4.4 0
      vertex 38.0529 -3.08051 0
      vertex 38.4 -3.1 0
    endloop
  endfacet
  facet normal 0 0 -1
    outer loop
      vertex 37.9074 -4.37233 0
      vertex 38.0529 -3.08051 0
      vertex 38.4 -4.4 0
    endloop
  endfacet
  facet normal 0 0 -1
    outer loop
      vertex 37.9074 -4.37233 0
      vertex 37.7102 -3.02228 0
      vertex 38.0529 -3.08051 0
    endloop
  endfacet
  facet normal 0 0 -1
    outer loop
      vertex 37.4209 -4.28968 0
      vertex 37.7102 -3.02228 0
      vertex 37.9074 -4.37233 0
    endloop
  endfacet
  facet normal 0 0 -1
    outer loop
      vertex 37.4209 -4.28968 0
      vertex 37.3761 -2.92604 0
      vertex 37.7102 -3.02228 0
    endloop
  endfacet
  facet normal 0 0 -1
    outer loop
      vertex 36.9468 -4.15309 0
      vertex 37.3761 -2.92604 0
      vertex 37.4209 -4.28968 0
    endloop
  endfacet
  facet normal -0 0 -1
    outer loop
      vertex 37.3761 -2.92604 0
      vertex 36.9468 -4.15309 0
      vertex 37.055 -2.793 0
    endloop
  endfacet
  facet normal 0 0 -1
    outer loop
      vertex 36.4909 -3.96426 0
      vertex 37.055 -2.793 0
      vertex 36.9468 -4.15309 0
    endloop
  endfacet
  facet normal -0 0 -1
    outer loop
      vertex 37.055 -2.793 0
      vertex 36.4909 -3.96426 0
      vertex 36.7507 -2.62484 0
    endloop
  endfacet
  facet normal 0 0 -1
    outer loop
      vertex 36.0591 -3.72559 0
      vertex 36.7507 -2.62484 0
      vertex 36.4909 -3.96426 0
    endloop
  endfacet
  facet normal -0 0 -1
    outer loop
      vertex 36.7507 -2.62484 0
      vertex 36.0591 -3.72559 0
      vertex 36.4672 -2.42368 0
    endloop
  endfacet
  facet normal 0 0 -1
    outer loop
      vertex 35.6566 -3.44006 0
      vertex 36.4672 -2.42368 0
      vertex 36.0591 -3.72559 0
    endloop
  endfacet
  facet normal -0 0 -1
    outer loop
      vertex 36.4672 -2.42368 0
      vertex 35.6566 -3.44006 0
      vertex 36.208 -2.19203 0
    endloop
  endfacet
  facet normal 0 0 -1
    outer loop
      vertex 35.2887 -3.11127 0
      vertex 36.208 -2.19203 0
      vertex 35.6566 -3.44006 0
    endloop
  endfacet
  facet normal -0 0 -1
    outer loop
      vertex 36.208 -2.19203 0
      vertex 35.2887 -3.11127 0
      vertex 35.9763 -1.93282 0
    endloop
  endfacet
  facet normal 0 0 -1
    outer loop
      vertex 34.9599 -2.74335 0
      vertex 35.9763 -1.93282 0
      vertex 35.2887 -3.11127 0
    endloop
  endfacet
  facet normal -0 0 -1
    outer loop
      vertex 35.9763 -1.93282 0
      vertex 34.9599 -2.74335 0
      vertex 35.7752 -1.6493 0
    endloop
  endfacet
  facet normal 0 0 -1
    outer loop
      vertex 34.6744 -2.34094 0
      vertex 35.7752 -1.6493 0
      vertex 34.9599 -2.74335 0
    endloop
  endfacet
  facet normal -0 0 -1
    outer loop
      vertex 35.7752 -1.6493 0
      vertex 34.6744 -2.34094 0
      vertex 35.607 -1.34504 0
    endloop
  endfacet
  facet normal -0 0 -1
    outer loop
      vertex 35.607 -1.34504 0
      vertex 34.4357 -1.90909 0
      vertex 35.474 -1.02386 0
    endloop
  endfacet
  facet normal 0 0 -1
    outer loop
      vertex 34.4357 -1.90909 0
      vertex 35.607 -1.34504 0
      vertex 34.6744 -2.34094 0
    endloop
  endfacet
  facet normal 0 0 -1
    outer loop
      vertex 41.193 1.34504 0
      vertex 42.3643 1.90909 0
      vertex 41.326 1.02386 0
    endloop
  endfacet
  facet normal -0 0 -1
    outer loop
      vertex 42.3643 1.90909 0
      vertex 41.193 1.34504 0
      vertex 42.1256 2.34094 0
    endloop
  endfacet
  facet normal 0 0 -1
    outer loop
      vertex 41.0248 1.6493 0
      vertex 42.1256 2.34094 0
      vertex 41.193 1.34504 0
    endloop
  endfacet
  facet normal -0 0 -1
    outer loop
      vertex 42.1256 2.34094 0
      vertex 41.0248 1.6493 0
      vertex 41.8401 2.74335 0
    endloop
  endfacet
  facet normal 0 0 -1
    outer loop
      vertex 40.8237 1.93282 0
      vertex 41.8401 2.74335 0
      vertex 41.0248 1.6493 0
    endloop
  endfacet
  facet normal -0 0 -1
    outer loop
      vertex 41.8401 2.74335 0
      vertex 40.8237 1.93282 0
      vertex 41.5113 3.11127 0
    endloop
  endfacet
  facet normal 0 0 -1
    outer loop
      vertex 40.592 2.19203 0
      vertex 41.5113 3.11127 0
      vertex 40.8237 1.93282 0
    endloop
  endfacet
  facet normal -0 0 -1
    outer loop
      vertex 41.5113 3.11127 0
      vertex 40.592 2.19203 0
      vertex 41.1434 3.44006 0
    endloop
  endfacet
  facet normal 0 0 -1
    outer loop
      vertex 40.3328 2.42368 0
      vertex 41.1434 3.44006 0
      vertex 40.592 2.19203 0
    endloop
  endfacet
  facet normal -0 0 -1
    outer loop
      vertex 41.1434 3.44006 0
      vertex 40.3328 2.42368 0
      vertex 40.7409 3.72559 0
    endloop
  endfacet
  facet normal 0 0 -1
    outer loop
      vertex 40.0493 2.62484 0
      vertex 40.7409 3.72559 0
      vertex 40.3328 2.42368 0
    endloop
  endfacet
  facet normal -0 0 -1
    outer loop
      vertex 40.7409 3.72559 0
      vertex 40.0493 2.62484 0
      vertex 40.3091 3.96426 0
    endloop
  endfacet
  facet normal 0 0 -1
    outer loop
      vertex 39.745 2.793 0
      vertex 40.3091 3.96426 0
      vertex 40.0493 2.62484 0
    endloop
  endfacet
  facet normal -0 0 -1
    outer loop
      vertex 40.3091 3.96426 0
      vertex 39.745 2.793 0
      vertex 39.8532 4.15309 0
    endloop
  endfacet
  facet normal 0 0 -1
    outer loop
      vertex 39.4239 2.92604 0
      vertex 39.8532 4.15309 0
      vertex 39.745 2.793 0
    endloop
  endfacet
  facet normal 0 0 -1
    outer loop
      vertex 39.4239 2.92604 0
      vertex 39.3791 4.28968 0
      vertex 39.8532 4.15309 0
    endloop
  endfacet
  facet normal 0 0 -1
    outer loop
      vertex 39.0898 3.02228 0
      vertex 39.3791 4.28968 0
      vertex 39.4239 2.92604 0
    endloop
  endfacet
  facet normal 0 0 -1
    outer loop
      vertex 39.0898 3.02228 0
      vertex 38.8926 4.37233 0
      vertex 39.3791 4.28968 0
    endloop
  endfacet
  facet normal 0 0 -1
    outer loop
      vertex 38.7471 3.08051 0
      vertex 38.8926 4.37233 0
      vertex 39.0898 3.02228 0
    endloop
  endfacet
  facet normal 0 0 -1
    outer loop
      vertex 38.4 3.1 0
      vertex 38.8926 4.37233 0
      vertex 38.7471 3.08051 0
    endloop
  endfacet
  facet normal 0 0 -1
    outer loop
      vertex 38.4 3.1 0
      vertex 38.4 4.4 0
      vertex 38.8926 4.37233 0
    endloop
  endfacet
  facet normal 0 0 -1
    outer loop
      vertex 38.0529 3.08051 0
      vertex 38.4 4.4 0
      vertex 38.4 3.1 0
    endloop
  endfacet
  facet normal 0 0 -1
    outer loop
      vertex 38.0529 3.08051 0
      vertex 37.9074 4.37233 0
      vertex 38.4 4.4 0
    endloop
  endfacet
  facet normal 0 0 -1
    outer loop
      vertex 37.7102 3.02228 0
      vertex 37.9074 4.37233 0
      vertex 38.0529 3.08051 0
    endloop
  endfacet
  facet normal 0 0 -1
    outer loop
      vertex 37.7102 3.02228 0
      vertex 37.4209 4.28968 0
      vertex 37.9074 4.37233 0
    endloop
  endfacet
  facet normal 0 0 -1
    outer loop
      vertex 37.3761 2.92604 0
      vertex 37.4209 4.28968 0
      vertex 37.7102 3.02228 0
    endloop
  endfacet
  facet normal 0 0 -1
    outer loop
      vertex 36.9468 4.15309 0
      vertex 37.3761 2.92604 0
      vertex 37.055 2.793 0
    endloop
  endfacet
  facet normal 0 0 -1
    outer loop
      vertex 37.3761 2.92604 0
      vertex 36.9468 4.15309 0
      vertex 37.4209 4.28968 0
    endloop
  endfacet
  facet normal 0 0 -1
    outer loop
      vertex 36.4909 3.96426 0
      vertex 37.055 2.793 0
      vertex 36.7507 2.62484 0
    endloop
  endfacet
  facet normal 0 0 -1
    outer loop
      vertex 37.055 2.793 0
      vertex 36.4909 3.96426 0
      vertex 36.9468 4.15309 0
    endloop
  endfacet
  facet normal 0 0 -1
    outer loop
      vertex 36.0591 3.72559 0
      vertex 36.7507 2.62484 0
      vertex 36.4672 2.42368 0
    endloop
  endfacet
  facet normal 0 0 -1
    outer loop
      vertex 35.6566 3.44006 0
      vertex 36.4672 2.42368 0
      vertex 36.208 2.19203 0
    endloop
  endfacet
  facet normal 0 0 -1
    outer loop
      vertex 36.7507 2.62484 0
      vertex 36.0591 3.72559 0
      vertex 36.4909 3.96426 0
    endloop
  endfacet
  facet normal 0 0 -1
    outer loop
      vertex 35.2887 3.11127 0
      vertex 36.208 2.19203 0
      vertex 35.9763 1.93282 0
    endloop
  endfacet
  facet normal 0 0 -1
    outer loop
      vertex 34.9599 2.74335 0
      vertex 35.9763 1.93282 0
      vertex 35.7752 1.6493 0
    endloop
  endfacet
  facet normal 0 0 -1
    outer loop
      vertex 36.4672 2.42368 0
      vertex 35.6566 3.44006 0
      vertex 36.0591 3.72559 0
    endloop
  endfacet
  facet normal 0 0 -1
    outer loop
      vertex 34.6744 2.34094 0
      vertex 35.7752 1.6493 0
      vertex 35.607 1.34504 0
    endloop
  endfacet
  facet normal 0 0 -1
    outer loop
      vertex 34.4357 1.90909 0
      vertex 35.607 1.34504 0
      vertex 35.474 1.02386 0
    endloop
  endfacet
  facet normal 0 0 -1
    outer loop
      vertex 34.2469 1.45323 0
      vertex 35.474 1.02386 0
      vertex 35.3777 0.689815 0
    endloop
  endfacet
  facet normal 0 0 -1
    outer loop
      vertex 34.1103 0.979092 0
      vertex 35.3777 0.689815 0
      vertex 35.3195 0.34709 0
    endloop
  endfacet
  facet normal 0 0 -1
    outer loop
      vertex 36.208 2.19203 0
      vertex 35.2887 3.11127 0
      vertex 35.6566 3.44006 0
    endloop
  endfacet
  facet normal 0 0 -1
    outer loop
      vertex 34.0277 0.492643 0
      vertex 35.3195 0.34709 0
      vertex 35.3 0 0
    endloop
  endfacet
  facet normal 0 0 -1
    outer loop
      vertex 34.2469 -1.45323 0
      vertex 35.474 -1.02386 0
      vertex 34.4357 -1.90909 0
    endloop
  endfacet
  facet normal -0 0 -1
    outer loop
      vertex 35.474 -1.02386 0
      vertex 34.2469 -1.45323 0
      vertex 35.3777 -0.689815 0
    endloop
  endfacet
  facet normal 0 0 -1
    outer loop
      vertex 35.9763 1.93282 0
      vertex 34.9599 2.74335 0
      vertex 35.2887 3.11127 0
    endloop
  endfacet
  facet normal 0 0 -1
    outer loop
      vertex 34.1103 -0.979092 0
      vertex 35.3777 -0.689815 0
      vertex 34.2469 -1.45323 0
    endloop
  endfacet
  facet normal 0 0 -1
    outer loop
      vertex 35.7752 1.6493 0
      vertex 34.6744 2.34094 0
      vertex 34.9599 2.74335 0
    endloop
  endfacet
  facet normal -0 0 -1
    outer loop
      vertex 35.3777 -0.689815 0
      vertex 34.1103 -0.979092 0
      vertex 35.3195 -0.34709 0
    endloop
  endfacet
  facet normal 0 0 -1
    outer loop
      vertex 35.607 1.34504 0
      vertex 34.4357 1.90909 0
      vertex 34.6744 2.34094 0
    endloop
  endfacet
  facet normal 0 0 -1
    outer loop
      vertex 34.0277 -0.492643 0
      vertex 35.3195 -0.34709 0
      vertex 34.1103 -0.979092 0
    endloop
  endfacet
  facet normal 0 0 -1
    outer loop
      vertex 35.474 1.02386 0
      vertex 34.2469 1.45323 0
      vertex 34.4357 1.90909 0
    endloop
  endfacet
  facet normal -0 0 -1
    outer loop
      vertex 35.3195 -0.34709 0
      vertex 34.0277 -0.492643 0
      vertex 35.3 0 0
    endloop
  endfacet
  facet normal 0 0 -1
    outer loop
      vertex 35.3777 0.689815 0
      vertex 34.1103 0.979092 0
      vertex 34.2469 1.45323 0
    endloop
  endfacet
  facet normal 0 0 -1
    outer loop
      vertex 34 0 0
      vertex 35.3 0 0
      vertex 34.0277 -0.492643 0
    endloop
  endfacet
  facet normal 0 0 -1
    outer loop
      vertex 35.3195 0.34709 0
      vertex 34.0277 0.492643 0
      vertex 34.1103 0.979092 0
    endloop
  endfacet
  facet normal 0 0 -1
    outer loop
      vertex 35.3 0 0
      vertex 34 0 0
      vertex 34.0277 0.492643 0
    endloop
  endfacet
  facet normal -0.276843 -0.960915 0
    outer loop
      vertex 36.9468 -4.15309 0
      vertex 37.4209 -4.28968 4
      vertex 36.9468 -4.15309 4
    endloop
  endfacet
  facet normal -0.276843 -0.960915 -0
    outer loop
      vertex 37.4209 -4.28968 4
      vertex 36.9468 -4.15309 0
      vertex 37.4209 -4.28968 0
    endloop
  endfacet
  facet normal -0.875202 0.483758 0
    outer loop
      vertex 34.4357 1.90909 0
      vertex 34.6744 2.34094 4
      vertex 34.6744 2.34094 0
    endloop
  endfacet
  facet normal -0.875202 0.483758 0
    outer loop
      vertex 34.6744 2.34094 4
      vertex 34.4357 1.90909 0
      vertex 34.4357 1.90909 4
    endloop
  endfacet
  facet normal -0.382715 0.923867 0
    outer loop
      vertex 39.1376 -1.53165 2.39
      vertex 38.9615 -1.6046 4
      vertex 39.1376 -1.53165 4
    endloop
  endfacet
  facet normal -0.382715 0.923867 0
    outer loop
      vertex 38.9615 -1.6046 4
      vertex 39.1376 -1.53165 2.39
      vertex 38.9615 -1.6046 2.39
    endloop
  endfacet
  facet normal -0.9859 -0.167336 0
    outer loop
      vertex 40.0893 0.190339 2.39
      vertex 40.0574 0.378285 4
      vertex 40.0574 0.378285 2.39
    endloop
  endfacet
  facet normal -0.9859 -0.167336 0
    outer loop
      vertex 40.0574 0.378285 4
      vertex 40.0893 0.190339 2.39
      vertex 40.0893 0.190339 4
    endloop
  endfacet
  facet normal -0.998424 -0.0561269 0
    outer loop
      vertex 40.1 0 2.39
      vertex 40.0893 0.190339 4
      vertex 40.0893 0.190339 2.39
    endloop
  endfacet
  facet normal -0.998424 -0.0561269 0
    outer loop
      vertex 40.0893 0.190339 4
      vertex 40.1 0 2.39
      vertex 40.1 0 4
    endloop
  endfacet
  facet normal -0.9859 0.167336 0
    outer loop
      vertex 40.0574 -0.378285 2.39
      vertex 40.0893 -0.190339 4
      vertex 40.0893 -0.190339 2.39
    endloop
  endfacet
  facet normal -0.9859 0.167336 0
    outer loop
      vertex 40.0893 -0.190339 4
      vertex 40.0574 -0.378285 2.39
      vertex 40.0574 -0.378285 4
    endloop
  endfacet
  facet normal 0.745728 0.66625 0
    outer loop
      vertex 37.1979 -1.20208 4
      vertex 37.0709 -1.05993 2.39
      vertex 37.0709 -1.05993 4
    endloop
  endfacet
  facet normal 0.745728 0.66625 0
    outer loop
      vertex 37.0709 -1.05993 2.39
      vertex 37.1979 -1.20208 4
      vertex 37.1979 -1.20208 2.39
    endloop
  endfacet
  facet normal 0.382715 0.923867 -0
    outer loop
      vertex 37.8385 -1.6046 2.39
      vertex 37.6624 -1.53165 4
      vertex 37.8385 -1.6046 4
    endloop
  endfacet
  facet normal 0.382715 0.923867 0
    outer loop
      vertex 37.6624 -1.53165 4
      vertex 37.8385 -1.6046 2.39
      vertex 37.6624 -1.53165 2.39
    endloop
  endfacet
  facet normal 0.666208 0.745766 -0
    outer loop
      vertex 37.3401 -1.32911 2.39
      vertex 37.1979 -1.20208 4
      vertex 37.3401 -1.32911 4
    endloop
  endfacet
  facet normal 0.666208 0.745766 0
    outer loop
      vertex 37.1979 -1.20208 4
      vertex 37.3401 -1.32911 2.39
      vertex 37.1979 -1.20208 2.39
    endloop
  endfacet
  facet normal -0.960884 0.276953 0
    outer loop
      vertex 40.0046 -0.561474 2.39
      vertex 40.0574 -0.378285 4
      vertex 40.0574 -0.378285 2.39
    endloop
  endfacet
  facet normal -0.960884 0.276953 0
    outer loop
      vertex 40.0574 -0.378285 4
      vertex 40.0046 -0.561474 2.39
      vertex 40.0046 -0.561474 4
    endloop
  endfacet
  facet normal -0.27684 0.960916 0
    outer loop
      vertex 38.9615 -1.6046 2.39
      vertex 38.7783 -1.65738 4
      vertex 38.9615 -1.6046 4
    endloop
  endfacet
  facet normal -0.27684 0.960916 0
    outer loop
      vertex 38.7783 -1.65738 4
      vertex 38.9615 -1.6046 2.39
      vertex 38.7783 -1.65738 2.39
    endloop
  endfacet
  facet normal -0.666208 -0.745766 0
    outer loop
      vertex 39.4599 1.32911 2.39
      vertex 39.6021 1.20208 4
      vertex 39.4599 1.32911 4
    endloop
  endfacet
  facet normal -0.666208 -0.745766 -0
    outer loop
      vertex 39.6021 1.20208 4
      vertex 39.4599 1.32911 2.39
      vertex 39.6021 1.20208 2.39
    endloop
  endfacet
  facet normal 0.745728 -0.66625 0
    outer loop
      vertex 37.0709 1.05993 4
      vertex 37.1979 1.20208 2.39
      vertex 37.1979 1.20208 4
    endloop
  endfacet
  facet normal 0.745728 -0.66625 0
    outer loop
      vertex 37.1979 1.20208 2.39
      vertex 37.0709 1.05993 4
      vertex 37.0709 1.05993 2.39
    endloop
  endfacet
  facet normal -0.056086 0.998426 0
    outer loop
      vertex 38.5903 -1.68931 2.39
      vertex 38.4 -1.7 4
      vertex 38.5903 -1.68931 4
    endloop
  endfacet
  facet normal -0.056086 0.998426 0
    outer loop
      vertex 38.4 -1.7 4
      vertex 38.5903 -1.68931 2.39
      vertex 38.4 -1.7 2.39
    endloop
  endfacet
  facet normal -0.815601 -0.578615 0
    outer loop
      vertex 39.8394 0.904454 2.39
      vertex 39.7291 1.05993 4
      vertex 39.7291 1.05993 2.39
    endloop
  endfacet
  facet normal -0.815601 -0.578615 0
    outer loop
      vertex 39.7291 1.05993 4
      vertex 39.8394 0.904454 2.39
      vertex 39.8394 0.904454 4
    endloop
  endfacet
  facet normal -0.578873 -0.815418 0
    outer loop
      vertex 39.3045 1.43943 2.39
      vertex 39.4599 1.32911 4
      vertex 39.3045 1.43943 4
    endloop
  endfacet
  facet normal -0.578873 -0.815418 -0
    outer loop
      vertex 39.4599 1.32911 4
      vertex 39.3045 1.43943 2.39
      vertex 39.4599 1.32911 2.39
    endloop
  endfacet
  facet normal -0.167443 0.985882 0
    outer loop
      vertex 38.7783 -1.65738 2.39
      vertex 38.5903 -1.68931 4
      vertex 38.7783 -1.65738 4
    endloop
  endfacet
  facet normal -0.167443 0.985882 0
    outer loop
      vertex 38.5903 -1.68931 4
      vertex 38.7783 -1.65738 2.39
      vertex 38.5903 -1.68931 2.39
    endloop
  endfacet
  facet normal -0.483629 -0.875273 0
    outer loop
      vertex 39.1376 1.53165 2.39
      vertex 39.3045 1.43943 4
      vertex 39.1376 1.53165 4
    endloop
  endfacet
  facet normal -0.483629 -0.875273 -0
    outer loop
      vertex 39.3045 1.43943 4
      vertex 39.1376 1.53165 2.39
      vertex 39.3045 1.43943 2.39
    endloop
  endfacet
  facet normal 0.27684 -0.960916 0
    outer loop
      vertex 37.8385 1.6046 2.39
      vertex 38.0217 1.65738 4
      vertex 37.8385 1.6046 4
    endloop
  endfacet
  facet normal 0.27684 -0.960916 0
    outer loop
      vertex 38.0217 1.65738 4
      vertex 37.8385 1.6046 2.39
      vertex 38.0217 1.65738 2.39
    endloop
  endfacet
  facet normal -0.998424 0.0561269 0
    outer loop
      vertex 40.0893 -0.190339 2.39
      vertex 40.1 0 4
      vertex 40.1 0 2.39
    endloop
  endfacet
  facet normal -0.998424 0.0561269 0
    outer loop
      vertex 40.1 0 4
      vertex 40.0893 -0.190339 2.39
      vertex 40.0893 -0.190339 4
    endloop
  endfacet
  facet normal 0.167443 0.985882 -0
    outer loop
      vertex 38.2097 -1.68931 2.39
      vertex 38.0217 -1.65738 4
      vertex 38.2097 -1.68931 4
    endloop
  endfacet
  facet normal 0.167443 0.985882 0
    outer loop
      vertex 38.0217 -1.65738 4
      vertex 38.2097 -1.68931 2.39
      vertex 38.0217 -1.65738 2.39
    endloop
  endfacet
  facet normal -0.483629 0.875273 0
    outer loop
      vertex 39.3045 -1.43943 2.39
      vertex 39.1376 -1.53165 4
      vertex 39.3045 -1.43943 4
    endloop
  endfacet
  facet normal -0.483629 0.875273 0
    outer loop
      vertex 39.1376 -1.53165 4
      vertex 39.3045 -1.43943 2.39
      vertex 39.1376 -1.53165 2.39
    endloop
  endfacet
  facet normal -0.745728 -0.66625 0
    outer loop
      vertex 39.7291 1.05993 2.39
      vertex 39.6021 1.20208 4
      vertex 39.6021 1.20208 2.39
    endloop
  endfacet
  facet normal -0.745728 -0.66625 0
    outer loop
      vertex 39.6021 1.20208 4
      vertex 39.7291 1.05993 2.39
      vertex 39.7291 1.05993 4
    endloop
  endfacet
  facet normal 0.666208 -0.745766 0
    outer loop
      vertex 37.1979 1.20208 2.39
      vertex 37.3401 1.32911 4
      vertex 37.1979 1.20208 4
    endloop
  endfacet
  facet normal 0.666208 -0.745766 0
    outer loop
      vertex 37.3401 1.32911 4
      vertex 37.1979 1.20208 2.39
      vertex 37.3401 1.32911 2.39
    endloop
  endfacet
  facet normal -0.578873 0.815418 0
    outer loop
      vertex 39.4599 -1.32911 2.39
      vertex 39.3045 -1.43943 4
      vertex 39.4599 -1.32911 4
    endloop
  endfacet
  facet normal -0.578873 0.815418 0
    outer loop
      vertex 39.3045 -1.43943 4
      vertex 39.4599 -1.32911 2.39
      vertex 39.3045 -1.43943 2.39
    endloop
  endfacet
  facet normal 0.167443 -0.985882 0
    outer loop
      vertex 38.0217 1.65738 2.39
      vertex 38.2097 1.68931 4
      vertex 38.0217 1.65738 4
    endloop
  endfacet
  facet normal 0.167443 -0.985882 0
    outer loop
      vertex 38.2097 1.68931 4
      vertex 38.0217 1.65738 2.39
      vertex 38.2097 1.68931 2.39
    endloop
  endfacet
  facet normal -0.382715 -0.923867 0
    outer loop
      vertex 38.9615 1.6046 2.39
      vertex 39.1376 1.53165 4
      vertex 38.9615 1.6046 4
    endloop
  endfacet
  facet normal -0.382715 -0.923867 -0
    outer loop
      vertex 39.1376 1.53165 4
      vertex 38.9615 1.6046 2.39
      vertex 39.1376 1.53165 2.39
    endloop
  endfacet
  facet normal -0.745728 0.66625 0
    outer loop
      vertex 39.6021 -1.20208 2.39
      vertex 39.7291 -1.05993 4
      vertex 39.7291 -1.05993 2.39
    endloop
  endfacet
  facet normal -0.745728 0.66625 0
    outer loop
      vertex 39.7291 -1.05993 4
      vertex 39.6021 -1.20208 2.39
      vertex 39.6021 -1.20208 4
    endloop
  endfacet
  facet normal 0.27684 0.960916 -0
    outer loop
      vertex 38.0217 -1.65738 2.39
      vertex 37.8385 -1.6046 4
      vertex 38.0217 -1.65738 4
    endloop
  endfacet
  facet normal 0.27684 0.960916 0
    outer loop
      vertex 37.8385 -1.6046 4
      vertex 38.0217 -1.65738 2.39
      vertex 37.8385 -1.6046 2.39
    endloop
  endfacet
  facet normal 0.923795 0.382887 0
    outer loop
      vertex 36.8684 -0.737602 4
      vertex 36.7954 -0.561474 2.39
      vertex 36.7954 -0.561474 4
    endloop
  endfacet
  facet normal 0.923795 0.382887 0
    outer loop
      vertex 36.7954 -0.561474 2.39
      vertex 36.8684 -0.737602 4
      vertex 36.8684 -0.737602 2.39
    endloop
  endfacet
  facet normal 0.056086 -0.998426 0
    outer loop
      vertex 38.2097 1.68931 2.39
      vertex 38.4 1.7 4
      vertex 38.2097 1.68931 4
    endloop
  endfacet
  facet normal 0.056086 -0.998426 0
    outer loop
      vertex 38.4 1.7 4
      vertex 38.2097 1.68931 2.39
      vertex 38.4 1.7 2.39
    endloop
  endfacet
  facet normal -0.875259 -0.483655 0
    outer loop
      vertex 39.9316 0.737602 2.39
      vertex 39.8394 0.904454 4
      vertex 39.8394 0.904454 2.39
    endloop
  endfacet
  facet normal -0.875259 -0.483655 0
    outer loop
      vertex 39.8394 0.904454 4
      vertex 39.9316 0.737602 2.39
      vertex 39.9316 0.737602 4
    endloop
  endfacet
  facet normal -0.167443 -0.985882 0
    outer loop
      vertex 38.5903 1.68931 2.39
      vertex 38.7783 1.65738 4
      vertex 38.5903 1.68931 4
    endloop
  endfacet
  facet normal -0.167443 -0.985882 -0
    outer loop
      vertex 38.7783 1.65738 4
      vertex 38.5903 1.68931 2.39
      vertex 38.7783 1.65738 2.39
    endloop
  endfacet
  facet normal 0.9859 -0.167336 0
    outer loop
      vertex 36.7107 0.190339 4
      vertex 36.7426 0.378285 2.39
      vertex 36.7426 0.378285 4
    endloop
  endfacet
  facet normal 0.9859 -0.167336 0
    outer loop
      vertex 36.7426 0.378285 2.39
      vertex 36.7107 0.190339 4
      vertex 36.7107 0.190339 2.39
    endloop
  endfacet
  facet normal 0.382715 -0.923867 0
    outer loop
      vertex 37.6624 1.53165 2.39
      vertex 37.8385 1.6046 4
      vertex 37.6624 1.53165 4
    endloop
  endfacet
  facet normal 0.382715 -0.923867 0
    outer loop
      vertex 37.8385 1.6046 4
      vertex 37.6624 1.53165 2.39
      vertex 37.8385 1.6046 2.39
    endloop
  endfacet
  facet normal 0.815601 0.578615 0
    outer loop
      vertex 37.0709 -1.05993 4
      vertex 36.9606 -0.904454 2.39
      vertex 36.9606 -0.904454 4
    endloop
  endfacet
  facet normal 0.815601 0.578615 0
    outer loop
      vertex 36.9606 -0.904454 2.39
      vertex 37.0709 -1.05993 4
      vertex 37.0709 -1.05993 2.39
    endloop
  endfacet
  facet normal -0.27684 -0.960916 0
    outer loop
      vertex 38.7783 1.65738 2.39
      vertex 38.9615 1.6046 4
      vertex 38.7783 1.65738 4
    endloop
  endfacet
  facet normal -0.27684 -0.960916 -0
    outer loop
      vertex 38.9615 1.6046 4
      vertex 38.7783 1.65738 2.39
      vertex 38.9615 1.6046 2.39
    endloop
  endfacet
  facet normal -0.923795 0.382887 0
    outer loop
      vertex 39.9316 -0.737602 2.39
      vertex 40.0046 -0.561474 4
      vertex 40.0046 -0.561474 2.39
    endloop
  endfacet
  facet normal -0.923795 0.382887 0
    outer loop
      vertex 40.0046 -0.561474 4
      vertex 39.9316 -0.737602 2.39
      vertex 39.9316 -0.737602 4
    endloop
  endfacet
  facet normal 0.056086 0.998426 -0
    outer loop
      vertex 38.4 -1.7 2.39
      vertex 38.2097 -1.68931 4
      vertex 38.4 -1.7 4
    endloop
  endfacet
  facet normal 0.056086 0.998426 0
    outer loop
      vertex 38.2097 -1.68931 4
      vertex 38.4 -1.7 2.39
      vertex 38.2097 -1.68931 2.39
    endloop
  endfacet
  facet normal -0.815601 0.578615 0
    outer loop
      vertex 39.7291 -1.05993 2.39
      vertex 39.8394 -0.904454 4
      vertex 39.8394 -0.904454 2.39
    endloop
  endfacet
  facet normal -0.815601 0.578615 0
    outer loop
      vertex 39.8394 -0.904454 4
      vertex 39.7291 -1.05993 2.39
      vertex 39.7291 -1.05993 4
    endloop
  endfacet
  facet normal -0.923795 -0.382887 0
    outer loop
      vertex 40.0046 0.561474 2.39
      vertex 39.9316 0.737602 4
      vertex 39.9316 0.737602 2.39
    endloop
  endfacet
  facet normal -0.923795 -0.382887 0
    outer loop
      vertex 39.9316 0.737602 4
      vertex 40.0046 0.561474 2.39
      vertex 40.0046 0.561474 4
    endloop
  endfacet
  facet normal 0.875259 -0.483655 0
    outer loop
      vertex 36.8684 0.737602 4
      vertex 36.9606 0.904454 2.39
      vertex 36.9606 0.904454 4
    endloop
  endfacet
  facet normal 0.875259 -0.483655 0
    outer loop
      vertex 36.9606 0.904454 2.39
      vertex 36.8684 0.737602 4
      vertex 36.8684 0.737602 2.39
    endloop
  endfacet
  facet normal -0.875259 0.483655 0
    outer loop
      vertex 39.8394 -0.904454 2.39
      vertex 39.9316 -0.737602 4
      vertex 39.9316 -0.737602 2.39
    endloop
  endfacet
  facet normal -0.875259 0.483655 0
    outer loop
      vertex 39.9316 -0.737602 4
      vertex 39.8394 -0.904454 2.39
      vertex 39.8394 -0.904454 4
    endloop
  endfacet
  facet normal -0.960884 -0.276953 0
    outer loop
      vertex 40.0574 0.378285 2.39
      vertex 40.0046 0.561474 4
      vertex 40.0046 0.561474 2.39
    endloop
  endfacet
  facet normal -0.960884 -0.276953 0
    outer loop
      vertex 40.0046 0.561474 4
      vertex 40.0574 0.378285 2.39
      vertex 40.0574 0.378285 4
    endloop
  endfacet
  facet normal 0.815601 -0.578615 0
    outer loop
      vertex 36.9606 0.904454 4
      vertex 37.0709 1.05993 2.39
      vertex 37.0709 1.05993 4
    endloop
  endfacet
  facet normal 0.815601 -0.578615 0
    outer loop
      vertex 37.0709 1.05993 2.39
      vertex 36.9606 0.904454 4
      vertex 36.9606 0.904454 2.39
    endloop
  endfacet
  facet normal 0.960884 0.276953 0
    outer loop
      vertex 36.7954 -0.561474 4
      vertex 36.7426 -0.378285 2.39
      vertex 36.7426 -0.378285 4
    endloop
  endfacet
  facet normal 0.960884 0.276953 0
    outer loop
      vertex 36.7426 -0.378285 2.39
      vertex 36.7954 -0.561474 4
      vertex 36.7954 -0.561474 2.39
    endloop
  endfacet
  facet normal -0.056086 -0.998426 0
    outer loop
      vertex 38.4 1.7 2.39
      vertex 38.5903 1.68931 4
      vertex 38.4 1.7 4
    endloop
  endfacet
  facet normal -0.056086 -0.998426 -0
    outer loop
      vertex 38.5903 1.68931 4
      vertex 38.4 1.7 2.39
      vertex 38.5903 1.68931 2.39
    endloop
  endfacet
  facet normal 0.9859 0.167336 0
    outer loop
      vertex 36.7426 -0.378285 4
      vertex 36.7107 -0.190339 2.39
      vertex 36.7107 -0.190339 4
    endloop
  endfacet
  facet normal 0.9859 0.167336 0
    outer loop
      vertex 36.7107 -0.190339 2.39
      vertex 36.7426 -0.378285 4
      vertex 36.7426 -0.378285 2.39
    endloop
  endfacet
  facet normal 0.483629 0.875273 -0
    outer loop
      vertex 37.6624 -1.53165 2.39
      vertex 37.4955 -1.43943 4
      vertex 37.6624 -1.53165 4
    endloop
  endfacet
  facet normal 0.483629 0.875273 0
    outer loop
      vertex 37.4955 -1.43943 4
      vertex 37.6624 -1.53165 2.39
      vertex 37.4955 -1.43943 2.39
    endloop
  endfacet
  facet normal 0.998424 0.0561269 0
    outer loop
      vertex 36.7107 -0.190339 4
      vertex 36.7 0 2.39
      vertex 36.7 0 4
    endloop
  endfacet
  facet normal 0.998424 0.0561269 0
    outer loop
      vertex 36.7 0 2.39
      vertex 36.7107 -0.190339 4
      vertex 36.7107 -0.190339 2.39
    endloop
  endfacet
  facet normal 0.923795 -0.382887 0
    outer loop
      vertex 36.7954 0.561474 4
      vertex 36.8684 0.737602 2.39
      vertex 36.8684 0.737602 4
    endloop
  endfacet
  facet normal 0.923795 -0.382887 0
    outer loop
      vertex 36.8684 0.737602 2.39
      vertex 36.7954 0.561474 4
      vertex 36.7954 0.561474 2.39
    endloop
  endfacet
  facet normal 0.960884 -0.276953 0
    outer loop
      vertex 36.7426 0.378285 4
      vertex 36.7954 0.561474 2.39
      vertex 36.7954 0.561474 4
    endloop
  endfacet
  facet normal 0.960884 -0.276953 0
    outer loop
      vertex 36.7954 0.561474 2.39
      vertex 36.7426 0.378285 4
      vertex 36.7426 0.378285 2.39
    endloop
  endfacet
  facet normal 0.578873 -0.815418 0
    outer loop
      vertex 37.3401 1.32911 2.39
      vertex 37.4955 1.43943 4
      vertex 37.3401 1.32911 4
    endloop
  endfacet
  facet normal 0.578873 -0.815418 0
    outer loop
      vertex 37.4955 1.43943 4
      vertex 37.3401 1.32911 2.39
      vertex 37.4955 1.43943 2.39
    endloop
  endfacet
  facet normal 0.483629 -0.875273 0
    outer loop
      vertex 37.4955 1.43943 2.39
      vertex 37.6624 1.53165 4
      vertex 37.4955 1.43943 4
    endloop
  endfacet
  facet normal 0.483629 -0.875273 0
    outer loop
      vertex 37.6624 1.53165 4
      vertex 37.4955 1.43943 2.39
      vertex 37.6624 1.53165 2.39
    endloop
  endfacet
  facet normal 0.875259 0.483655 0
    outer loop
      vertex 36.9606 -0.904454 4
      vertex 36.8684 -0.737602 2.39
      vertex 36.8684 -0.737602 4
    endloop
  endfacet
  facet normal 0.875259 0.483655 0
    outer loop
      vertex 36.8684 -0.737602 2.39
      vertex 36.9606 -0.904454 4
      vertex 36.9606 -0.904454 2.39
    endloop
  endfacet
  facet normal 0.998424 -0.0561269 0
    outer loop
      vertex 36.7 0 4
      vertex 36.7107 0.190339 2.39
      vertex 36.7107 0.190339 4
    endloop
  endfacet
  facet normal 0.998424 -0.0561269 0
    outer loop
      vertex 36.7107 0.190339 2.39
      vertex 36.7 0 4
      vertex 36.7 0 2.39
    endloop
  endfacet
  facet normal 0.578873 0.815418 -0
    outer loop
      vertex 37.4955 -1.43943 2.39
      vertex 37.3401 -1.32911 4
      vertex 37.4955 -1.43943 4
    endloop
  endfacet
  facet normal 0.578873 0.815418 0
    outer loop
      vertex 37.3401 -1.32911 4
      vertex 37.4955 -1.43943 2.39
      vertex 37.3401 -1.32911 2.39
    endloop
  endfacet
  facet normal -0.666208 0.745766 0
    outer loop
      vertex 39.6021 -1.20208 2.39
      vertex 39.4599 -1.32911 4
      vertex 39.6021 -1.20208 4
    endloop
  endfacet
  facet normal -0.666208 0.745766 0
    outer loop
      vertex 39.4599 -1.32911 4
      vertex 39.6021 -1.20208 2.39
      vertex 39.4599 -1.32911 2.39
    endloop
  endfacet
  facet normal 0.923917 -0.382592 0
    outer loop
      vertex 35.474 1.02386 2.39
      vertex 35.607 1.34504 0
      vertex 35.607 1.34504 2.39
    endloop
  endfacet
  facet normal 0.923917 -0.382592 0
    outer loop
      vertex 35.607 1.34504 0
      vertex 35.474 1.02386 2.39
      vertex 35.474 1.02386 0
    endloop
  endfacet
  facet normal -0.985886 -0.167419 0
    outer loop
      vertex 41.4805 0.34709 0
      vertex 41.4223 0.689815 2.39
      vertex 41.4223 0.689815 0
    endloop
  endfacet
  facet normal -0.985886 -0.167419 0
    outer loop
      vertex 41.4223 0.689815 2.39
      vertex 41.4805 0.34709 0
      vertex 41.4805 0.34709 2.39
    endloop
  endfacet
  facet normal -0.998426 -0.0560929 0
    outer loop
      vertex 41.5 0 0
      vertex 41.4805 0.34709 2.39
      vertex 41.4805 0.34709 0
    endloop
  endfacet
  facet normal -0.998426 -0.0560929 0
    outer loop
      vertex 41.4805 0.34709 2.39
      vertex 41.5 0 0
      vertex 41.5 0 2.39
    endloop
  endfacet
  facet normal -0.960869 -0.277004 0
    outer loop
      vertex 41.4223 0.689815 0
      vertex 41.326 1.02386 2.39
      vertex 41.326 1.02386 0
    endloop
  endfacet
  facet normal -0.960869 -0.277004 0
    outer loop
      vertex 41.326 1.02386 2.39
      vertex 41.4223 0.689815 0
      vertex 41.4223 0.689815 2.39
    endloop
  endfacet
  facet normal -0.167514 -0.98587 0
    outer loop
      vertex 38.7471 3.08051 0
      vertex 39.0898 3.02228 2.39
      vertex 38.7471 3.08051 2.39
    endloop
  endfacet
  facet normal -0.167514 -0.98587 -0
    outer loop
      vertex 39.0898 3.02228 2.39
      vertex 38.7471 3.08051 0
      vertex 39.0898 3.02228 0
    endloop
  endfacet
  facet normal 0.276802 0.960927 -0
    outer loop
      vertex 37.7102 -3.02228 0
      vertex 37.3761 -2.92604 2.39
      vertex 37.7102 -3.02228 2.39
    endloop
  endfacet
  facet normal 0.276802 0.960927 0
    outer loop
      vertex 37.3761 -2.92604 2.39
      vertex 37.7102 -3.02228 0
      vertex 37.3761 -2.92604 0
    endloop
  endfacet
  facet normal -0.875173 -0.48381 0
    outer loop
      vertex 41.193 1.34504 0
      vertex 41.0248 1.6493 2.39
      vertex 41.0248 1.6493 0
    endloop
  endfacet
  facet normal -0.875173 -0.48381 0
    outer loop
      vertex 41.0248 1.6493 2.39
      vertex 41.193 1.34504 0
      vertex 41.193 1.34504 2.39
    endloop
  endfacet
  facet normal 0.998426 0.0560929 0
    outer loop
      vertex 35.3195 -0.34709 2.39
      vertex 35.3 0 0
      vertex 35.3 0 2.39
    endloop
  endfacet
  facet normal 0.998426 0.0560929 0
    outer loop
      vertex 35.3 0 0
      vertex 35.3195 -0.34709 2.39
      vertex 35.3195 -0.34709 0
    endloop
  endfacet
  facet normal 0.167514 0.98587 -0
    outer loop
      vertex 38.0529 -3.08051 0
      vertex 37.7102 -3.02228 2.39
      vertex 38.0529 -3.08051 2.39
    endloop
  endfacet
  facet normal 0.167514 0.98587 0
    outer loop
      vertex 37.7102 -3.02228 2.39
      vertex 38.0529 -3.08051 0
      vertex 37.7102 -3.02228 0
    endloop
  endfacet
  facet normal 0.276802 -0.960927 0
    outer loop
      vertex 37.3761 2.92604 0
      vertex 37.7102 3.02228 2.39
      vertex 37.3761 2.92604 2.39
    endloop
  endfacet
  facet normal 0.276802 -0.960927 0
    outer loop
      vertex 37.7102 3.02228 2.39
      vertex 37.3761 2.92604 0
      vertex 37.7102 3.02228 0
    endloop
  endfacet
  facet normal -0.923917 -0.382592 0
    outer loop
      vertex 41.326 1.02386 0
      vertex 41.193 1.34504 2.39
      vertex 41.193 1.34504 0
    endloop
  endfacet
  facet normal -0.923917 -0.382592 0
    outer loop
      vertex 41.193 1.34504 2.39
      vertex 41.326 1.02386 0
      vertex 41.326 1.02386 2.39
    endloop
  endfacet
  facet normal -0.745562 -0.666436 0
    outer loop
      vertex 40.8237 1.93282 0
      vertex 40.592 2.19203 2.39
      vertex 40.592 2.19203 0
    endloop
  endfacet
  facet normal -0.745562 -0.666436 0
    outer loop
      vertex 40.592 2.19203 2.39
      vertex 40.8237 1.93282 0
      vertex 40.8237 1.93282 2.39
    endloop
  endfacet
  facet normal -0.382772 0.923843 0
    outer loop
      vertex 39.745 -2.793 0
      vertex 39.4239 -2.92604 2.39
      vertex 39.745 -2.793 2.39
    endloop
  endfacet
  facet normal -0.382772 0.923843 0
    outer loop
      vertex 39.4239 -2.92604 2.39
      vertex 39.745 -2.793 0
      vertex 39.4239 -2.92604 0
    endloop
  endfacet
  facet normal -0.998426 0.0560929 0
    outer loop
      vertex 41.4805 -0.34709 0
      vertex 41.5 0 2.39
      vertex 41.5 0 0
    endloop
  endfacet
  facet normal -0.998426 0.0560929 0
    outer loop
      vertex 41.5 0 2.39
      vertex 41.4805 -0.34709 0
      vertex 41.4805 -0.34709 2.39
    endloop
  endfacet
  facet normal -0.923917 0.382592 0
    outer loop
      vertex 41.193 -1.34504 0
      vertex 41.326 -1.02386 2.39
      vertex 41.326 -1.02386 0
    endloop
  endfacet
  facet normal -0.923917 0.382592 0
    outer loop
      vertex 41.326 -1.02386 2.39
      vertex 41.193 -1.34504 0
      vertex 41.193 -1.34504 2.39
    endloop
  endfacet
  facet normal 0.745562 0.666436 0
    outer loop
      vertex 36.208 -2.19203 2.39
      vertex 35.9763 -1.93282 0
      vertex 35.9763 -1.93282 2.39
    endloop
  endfacet
  facet normal 0.745562 0.666436 0
    outer loop
      vertex 35.9763 -1.93282 0
      vertex 36.208 -2.19203 2.39
      vertex 36.208 -2.19203 0
    endloop
  endfacet
  facet normal 0.66637 -0.745621 0
    outer loop
      vertex 36.208 2.19203 0
      vertex 36.4672 2.42368 2.39
      vertex 36.208 2.19203 2.39
    endloop
  endfacet
  facet normal 0.66637 -0.745621 0
    outer loop
      vertex 36.4672 2.42368 2.39
      vertex 36.208 2.19203 0
      vertex 36.4672 2.42368 0
    endloop
  endfacet
  facet normal -0.0560627 0.998427 0
    outer loop
      vertex 38.7471 -3.08051 0
      vertex 38.4 -3.1 2.39
      vertex 38.7471 -3.08051 2.39
    endloop
  endfacet
  facet normal -0.0560627 0.998427 0
    outer loop
      vertex 38.4 -3.1 2.39
      vertex 38.7471 -3.08051 0
      vertex 38.4 -3.1 0
    endloop
  endfacet
  facet normal 0.815653 -0.578541 0
    outer loop
      vertex 35.7752 1.6493 2.39
      vertex 35.9763 1.93282 0
      vertex 35.9763 1.93282 2.39
    endloop
  endfacet
  facet normal 0.815653 -0.578541 0
    outer loop
      vertex 35.9763 1.93282 0
      vertex 35.7752 1.6493 2.39
      vertex 35.7752 1.6493 0
    endloop
  endfacet
  facet normal 0.985886 0.167419 0
    outer loop
      vertex 35.3777 -0.689815 2.39
      vertex 35.3195 -0.34709 0
      vertex 35.3195 -0.34709 2.39
    endloop
  endfacet
  facet normal 0.985886 0.167419 0
    outer loop
      vertex 35.3195 -0.34709 0
      vertex 35.3777 -0.689815 2.39
      vertex 35.3777 -0.689815 0
    endloop
  endfacet
  facet normal -0.167514 0.98587 0
    outer loop
      vertex 39.0898 -3.02228 0
      vertex 38.7471 -3.08051 2.39
      vertex 39.0898 -3.02228 2.39
    endloop
  endfacet
  facet normal -0.167514 0.98587 0
    outer loop
      vertex 38.7471 -3.08051 2.39
      vertex 39.0898 -3.02228 0
      vertex 38.7471 -3.08051 0
    endloop
  endfacet
  facet normal -0.815653 0.578541 0
    outer loop
      vertex 40.8237 -1.93282 0
      vertex 41.0248 -1.6493 2.39
      vertex 41.0248 -1.6493 0
    endloop
  endfacet
  facet normal -0.815653 0.578541 0
    outer loop
      vertex 41.0248 -1.6493 2.39
      vertex 40.8237 -1.93282 0
      vertex 40.8237 -1.93282 2.39
    endloop
  endfacet
  facet normal 0.578683 -0.815553 0
    outer loop
      vertex 36.4672 2.42368 0
      vertex 36.7507 2.62484 2.39
      vertex 36.4672 2.42368 2.39
    endloop
  endfacet
  facet normal 0.578683 -0.815553 0
    outer loop
      vertex 36.7507 2.62484 2.39
      vertex 36.4672 2.42368 0
      vertex 36.7507 2.62484 0
    endloop
  endfacet
  facet normal 0.66637 0.745621 -0
    outer loop
      vertex 36.4672 -2.42368 0
      vertex 36.208 -2.19203 2.39
      vertex 36.4672 -2.42368 2.39
    endloop
  endfacet
  facet normal 0.66637 0.745621 0
    outer loop
      vertex 36.208 -2.19203 2.39
      vertex 36.4672 -2.42368 0
      vertex 36.208 -2.19203 0
    endloop
  endfacet
  facet normal 0.167514 -0.98587 0
    outer loop
      vertex 37.7102 3.02228 0
      vertex 38.0529 3.08051 2.39
      vertex 37.7102 3.02228 2.39
    endloop
  endfacet
  facet normal 0.167514 -0.98587 0
    outer loop
      vertex 38.0529 3.08051 2.39
      vertex 37.7102 3.02228 0
      vertex 38.0529 3.08051 0
    endloop
  endfacet
  facet normal 0.0560627 0.998427 -0
    outer loop
      vertex 38.4 -3.1 0
      vertex 38.0529 -3.08051 2.39
      vertex 38.4 -3.1 2.39
    endloop
  endfacet
  facet normal 0.0560627 0.998427 0
    outer loop
      vertex 38.0529 -3.08051 2.39
      vertex 38.4 -3.1 0
      vertex 38.0529 -3.08051 0
    endloop
  endfacet
  facet normal 0.875173 -0.48381 0
    outer loop
      vertex 35.607 1.34504 2.39
      vertex 35.7752 1.6493 0
      vertex 35.7752 1.6493 2.39
    endloop
  endfacet
  facet normal 0.875173 -0.48381 0
    outer loop
      vertex 35.7752 1.6493 0
      vertex 35.607 1.34504 2.39
      vertex 35.607 1.34504 0
    endloop
  endfacet
  facet normal -0.960869 0.277004 0
    outer loop
      vertex 41.326 -1.02386 0
      vertex 41.4223 -0.689815 2.39
      vertex 41.4223 -0.689815 0
    endloop
  endfacet
  facet normal -0.960869 0.277004 0
    outer loop
      vertex 41.4223 -0.689815 2.39
      vertex 41.326 -1.02386 0
      vertex 41.326 -1.02386 2.39
    endloop
  endfacet
  facet normal -0.578683 -0.815553 0
    outer loop
      vertex 40.0493 2.62484 0
      vertex 40.3328 2.42368 2.39
      vertex 40.0493 2.62484 2.39
    endloop
  endfacet
  facet normal -0.578683 -0.815553 -0
    outer loop
      vertex 40.3328 2.42368 2.39
      vertex 40.0493 2.62484 0
      vertex 40.3328 2.42368 0
    endloop
  endfacet
  facet normal -0.66637 -0.745621 0
    outer loop
      vertex 40.3328 2.42368 0
      vertex 40.592 2.19203 2.39
      vertex 40.3328 2.42368 2.39
    endloop
  endfacet
  facet normal -0.66637 -0.745621 -0
    outer loop
      vertex 40.592 2.19203 2.39
      vertex 40.3328 2.42368 0
      vertex 40.592 2.19203 0
    endloop
  endfacet
  facet normal -0.66637 0.745621 0
    outer loop
      vertex 40.592 -2.19203 0
      vertex 40.3328 -2.42368 2.39
      vertex 40.592 -2.19203 2.39
    endloop
  endfacet
  facet normal -0.66637 0.745621 0
    outer loop
      vertex 40.3328 -2.42368 2.39
      vertex 40.592 -2.19203 0
      vertex 40.3328 -2.42368 0
    endloop
  endfacet
  facet normal 0.483673 0.875249 -0
    outer loop
      vertex 37.055 -2.793 0
      vertex 36.7507 -2.62484 2.39
      vertex 37.055 -2.793 2.39
    endloop
  endfacet
  facet normal 0.483673 0.875249 0
    outer loop
      vertex 36.7507 -2.62484 2.39
      vertex 37.055 -2.793 0
      vertex 36.7507 -2.62484 0
    endloop
  endfacet
  facet normal -0.875173 0.48381 0
    outer loop
      vertex 41.0248 -1.6493 0
      vertex 41.193 -1.34504 2.39
      vertex 41.193 -1.34504 0
    endloop
  endfacet
  facet normal -0.875173 0.48381 0
    outer loop
      vertex 41.193 -1.34504 2.39
      vertex 41.0248 -1.6493 0
      vertex 41.0248 -1.6493 2.39
    endloop
  endfacet
  facet normal 0.815653 0.578541 0
    outer loop
      vertex 35.9763 -1.93282 2.39
      vertex 35.7752 -1.6493 0
      vertex 35.7752 -1.6493 2.39
    endloop
  endfacet
  facet normal 0.815653 0.578541 0
    outer loop
      vertex 35.7752 -1.6493 0
      vertex 35.9763 -1.93282 2.39
      vertex 35.9763 -1.93282 0
    endloop
  endfacet
  facet normal 0.483673 -0.875249 0
    outer loop
      vertex 36.7507 2.62484 0
      vertex 37.055 2.793 2.39
      vertex 36.7507 2.62484 2.39
    endloop
  endfacet
  facet normal 0.483673 -0.875249 0
    outer loop
      vertex 37.055 2.793 2.39
      vertex 36.7507 2.62484 0
      vertex 37.055 2.793 0
    endloop
  endfacet
  facet normal 0.923917 0.382592 0
    outer loop
      vertex 35.607 -1.34504 2.39
      vertex 35.474 -1.02386 0
      vertex 35.474 -1.02386 2.39
    endloop
  endfacet
  facet normal 0.923917 0.382592 0
    outer loop
      vertex 35.474 -1.02386 0
      vertex 35.607 -1.34504 2.39
      vertex 35.607 -1.34504 0
    endloop
  endfacet
  facet normal -0.745562 0.666436 0
    outer loop
      vertex 40.592 -2.19203 0
      vertex 40.8237 -1.93282 2.39
      vertex 40.8237 -1.93282 0
    endloop
  endfacet
  facet normal -0.745562 0.666436 0
    outer loop
      vertex 40.8237 -1.93282 2.39
      vertex 40.592 -2.19203 0
      vertex 40.592 -2.19203 2.39
    endloop
  endfacet
  facet normal -0.483673 0.875249 0
    outer loop
      vertex 40.0493 -2.62484 0
      vertex 39.745 -2.793 2.39
      vertex 40.0493 -2.62484 2.39
    endloop
  endfacet
  facet normal -0.483673 0.875249 0
    outer loop
      vertex 39.745 -2.793 2.39
      vertex 40.0493 -2.62484 0
      vertex 39.745 -2.793 0
    endloop
  endfacet
  facet normal -0.578683 0.815553 0
    outer loop
      vertex 40.3328 -2.42368 0
      vertex 40.0493 -2.62484 2.39
      vertex 40.3328 -2.42368 2.39
    endloop
  endfacet
  facet normal -0.578683 0.815553 0
    outer loop
      vertex 40.0493 -2.62484 2.39
      vertex 40.3328 -2.42368 0
      vertex 40.0493 -2.62484 0
    endloop
  endfacet
  facet normal 0.382772 -0.923843 0
    outer loop
      vertex 37.055 2.793 0
      vertex 37.3761 2.92604 2.39
      vertex 37.055 2.793 2.39
    endloop
  endfacet
  facet normal 0.382772 -0.923843 0
    outer loop
      vertex 37.3761 2.92604 2.39
      vertex 37.055 2.793 0
      vertex 37.3761 2.92604 0
    endloop
  endfacet
  facet normal 0.960869 0.277004 0
    outer loop
      vertex 35.474 -1.02386 2.39
      vertex 35.3777 -0.689815 0
      vertex 35.3777 -0.689815 2.39
    endloop
  endfacet
  facet normal 0.960869 0.277004 0
    outer loop
      vertex 35.3777 -0.689815 0
      vertex 35.474 -1.02386 2.39
      vertex 35.474 -1.02386 0
    endloop
  endfacet
  facet normal -0.483673 -0.875249 0
    outer loop
      vertex 39.745 2.793 0
      vertex 40.0493 2.62484 2.39
      vertex 39.745 2.793 2.39
    endloop
  endfacet
  facet normal -0.483673 -0.875249 -0
    outer loop
      vertex 40.0493 2.62484 2.39
      vertex 39.745 2.793 0
      vertex 40.0493 2.62484 0
    endloop
  endfacet
  facet normal -0.985886 0.167419 0
    outer loop
      vertex 41.4223 -0.689815 0
      vertex 41.4805 -0.34709 2.39
      vertex 41.4805 -0.34709 0
    endloop
  endfacet
  facet normal -0.985886 0.167419 0
    outer loop
      vertex 41.4805 -0.34709 2.39
      vertex 41.4223 -0.689815 0
      vertex 41.4223 -0.689815 2.39
    endloop
  endfacet
  facet normal -0.815653 -0.578541 0
    outer loop
      vertex 41.0248 1.6493 0
      vertex 40.8237 1.93282 2.39
      vertex 40.8237 1.93282 0
    endloop
  endfacet
  facet normal -0.815653 -0.578541 0
    outer loop
      vertex 40.8237 1.93282 2.39
      vertex 41.0248 1.6493 0
      vertex 41.0248 1.6493 2.39
    endloop
  endfacet
  facet normal 0.960869 -0.277004 0
    outer loop
      vertex 35.3777 0.689815 2.39
      vertex 35.474 1.02386 0
      vertex 35.474 1.02386 2.39
    endloop
  endfacet
  facet normal 0.960869 -0.277004 0
    outer loop
      vertex 35.474 1.02386 0
      vertex 35.3777 0.689815 2.39
      vertex 35.3777 0.689815 0
    endloop
  endfacet
  facet normal -0.276802 -0.960927 0
    outer loop
      vertex 39.0898 3.02228 0
      vertex 39.4239 2.92604 2.39
      vertex 39.0898 3.02228 2.39
    endloop
  endfacet
  facet normal -0.276802 -0.960927 -0
    outer loop
      vertex 39.4239 2.92604 2.39
      vertex 39.0898 3.02228 0
      vertex 39.4239 2.92604 0
    endloop
  endfacet
  facet normal 0.0560627 -0.998427 0
    outer loop
      vertex 38.0529 3.08051 0
      vertex 38.4 3.1 2.39
      vertex 38.0529 3.08051 2.39
    endloop
  endfacet
  facet normal 0.0560627 -0.998427 0
    outer loop
      vertex 38.4 3.1 2.39
      vertex 38.0529 3.08051 0
      vertex 38.4 3.1 0
    endloop
  endfacet
  facet normal -0.276802 0.960927 0
    outer loop
      vertex 39.4239 -2.92604 0
      vertex 39.0898 -3.02228 2.39
      vertex 39.4239 -2.92604 2.39
    endloop
  endfacet
  facet normal -0.276802 0.960927 0
    outer loop
      vertex 39.0898 -3.02228 2.39
      vertex 39.4239 -2.92604 0
      vertex 39.0898 -3.02228 0
    endloop
  endfacet
  facet normal 0.985886 -0.167419 0
    outer loop
      vertex 35.3195 0.34709 2.39
      vertex 35.3777 0.689815 0
      vertex 35.3777 0.689815 2.39
    endloop
  endfacet
  facet normal 0.985886 -0.167419 0
    outer loop
      vertex 35.3777 0.689815 0
      vertex 35.3195 0.34709 2.39
      vertex 35.3195 0.34709 0
    endloop
  endfacet
  facet normal 0.998426 -0.0560929 0
    outer loop
      vertex 35.3 0 2.39
      vertex 35.3195 0.34709 0
      vertex 35.3195 0.34709 2.39
    endloop
  endfacet
  facet normal 0.998426 -0.0560929 0
    outer loop
      vertex 35.3195 0.34709 0
      vertex 35.3 0 2.39
      vertex 35.3 0 0
    endloop
  endfacet
  facet normal -0.0560627 -0.998427 0
    outer loop
      vertex 38.4 3.1 0
      vertex 38.7471 3.08051 2.39
      vertex 38.4 3.1 2.39
    endloop
  endfacet
  facet normal -0.0560627 -0.998427 -0
    outer loop
      vertex 38.7471 3.08051 2.39
      vertex 38.4 3.1 0
      vertex 38.7471 3.08051 0
    endloop
  endfacet
  facet normal -0.382772 -0.923843 0
    outer loop
      vertex 39.4239 2.92604 0
      vertex 39.745 2.793 2.39
      vertex 39.4239 2.92604 2.39
    endloop
  endfacet
  facet normal -0.382772 -0.923843 -0
    outer loop
      vertex 39.745 2.793 2.39
      vertex 39.4239 2.92604 0
      vertex 39.745 2.793 0
    endloop
  endfacet
  facet normal 0.745562 -0.666436 0
    outer loop
      vertex 35.9763 1.93282 2.39
      vertex 36.208 2.19203 0
      vertex 36.208 2.19203 2.39
    endloop
  endfacet
  facet normal 0.745562 -0.666436 0
    outer loop
      vertex 36.208 2.19203 0
      vertex 35.9763 1.93282 2.39
      vertex 35.9763 1.93282 0
    endloop
  endfacet
  facet normal 0.578683 0.815553 -0
    outer loop
      vertex 36.7507 -2.62484 0
      vertex 36.4672 -2.42368 2.39
      vertex 36.7507 -2.62484 2.39
    endloop
  endfacet
  facet normal 0.578683 0.815553 0
    outer loop
      vertex 36.4672 -2.42368 2.39
      vertex 36.7507 -2.62484 0
      vertex 36.4672 -2.42368 0
    endloop
  endfacet
  facet normal 0.875173 0.48381 0
    outer loop
      vertex 35.7752 -1.6493 2.39
      vertex 35.607 -1.34504 0
      vertex 35.607 -1.34504 2.39
    endloop
  endfacet
  facet normal 0.875173 0.48381 0
    outer loop
      vertex 35.607 -1.34504 0
      vertex 35.7752 -1.6493 2.39
      vertex 35.7752 -1.6493 0
    endloop
  endfacet
  facet normal 0.382772 0.923843 -0
    outer loop
      vertex 37.3761 -2.92604 0
      vertex 37.055 -2.793 2.39
      vertex 37.3761 -2.92604 2.39
    endloop
  endfacet
  facet normal 0.382772 0.923843 0
    outer loop
      vertex 37.055 -2.793 2.39
      vertex 37.3761 -2.92604 0
      vertex 37.055 -2.793 0
    endloop
  endfacet
  facet normal 0 0 -1
    outer loop
      vertex 40.1 0 2.39
      vertex 41.5 0 2.39
      vertex 41.4805 -0.34709 2.39
    endloop
  endfacet
  facet normal 0 0 -1
    outer loop
      vertex 40.0893 -0.190339 2.39
      vertex 41.4805 -0.34709 2.39
      vertex 41.4223 -0.689815 2.39
    endloop
  endfacet
  facet normal 0 0 -1
    outer loop
      vertex 41.5 0 2.39
      vertex 40.1 0 2.39
      vertex 41.4805 0.34709 2.39
    endloop
  endfacet
  facet normal 0 0 -1
    outer loop
      vertex 40.0574 -0.378285 2.39
      vertex 41.4223 -0.689815 2.39
      vertex 41.326 -1.02386 2.39
    endloop
  endfacet
  facet normal 0 0 -1
    outer loop
      vertex 40.0893 0.190339 2.39
      vertex 41.4805 0.34709 2.39
      vertex 40.1 0 2.39
    endloop
  endfacet
  facet normal 0 0 -1
    outer loop
      vertex 40.0046 -0.561474 2.39
      vertex 41.326 -1.02386 2.39
      vertex 41.193 -1.34504 2.39
    endloop
  endfacet
  facet normal -0 0 -1
    outer loop
      vertex 41.4805 0.34709 2.39
      vertex 40.0893 0.190339 2.39
      vertex 41.4223 0.689815 2.39
    endloop
  endfacet
  facet normal 0 0 -1
    outer loop
      vertex 39.9316 -0.737602 2.39
      vertex 41.193 -1.34504 2.39
      vertex 41.0248 -1.6493 2.39
    endloop
  endfacet
  facet normal 0 0 -1
    outer loop
      vertex 40.0574 0.378285 2.39
      vertex 41.4223 0.689815 2.39
      vertex 40.0893 0.190339 2.39
    endloop
  endfacet
  facet normal 0 0 -1
    outer loop
      vertex 39.8394 -0.904454 2.39
      vertex 41.0248 -1.6493 2.39
      vertex 40.8237 -1.93282 2.39
    endloop
  endfacet
  facet normal -0 0 -1
    outer loop
      vertex 41.4223 0.689815 2.39
      vertex 40.0574 0.378285 2.39
      vertex 41.326 1.02386 2.39
    endloop
  endfacet
  facet normal 0 0 -1
    outer loop
      vertex 39.7291 -1.05993 2.39
      vertex 40.8237 -1.93282 2.39
      vertex 40.592 -2.19203 2.39
    endloop
  endfacet
  facet normal 0 0 -1
    outer loop
      vertex 40.0046 0.561474 2.39
      vertex 41.326 1.02386 2.39
      vertex 40.0574 0.378285 2.39
    endloop
  endfacet
  facet normal 0 0 -1
    outer loop
      vertex 39.6021 -1.20208 2.39
      vertex 40.592 -2.19203 2.39
      vertex 40.3328 -2.42368 2.39
    endloop
  endfacet
  facet normal -0 0 -1
    outer loop
      vertex 41.326 1.02386 2.39
      vertex 40.0046 0.561474 2.39
      vertex 41.193 1.34504 2.39
    endloop
  endfacet
  facet normal 0 0 -1
    outer loop
      vertex 39.9316 0.737602 2.39
      vertex 41.193 1.34504 2.39
      vertex 40.0046 0.561474 2.39
    endloop
  endfacet
  facet normal 0 0 -1
    outer loop
      vertex 41.4805 -0.34709 2.39
      vertex 40.0893 -0.190339 2.39
      vertex 40.1 0 2.39
    endloop
  endfacet
  facet normal 0 0 -1
    outer loop
      vertex 41.4223 -0.689815 2.39
      vertex 40.0574 -0.378285 2.39
      vertex 40.0893 -0.190339 2.39
    endloop
  endfacet
  facet normal 0 0 -1
    outer loop
      vertex 39.4599 -1.32911 2.39
      vertex 40.3328 -2.42368 2.39
      vertex 40.0493 -2.62484 2.39
    endloop
  endfacet
  facet normal 0 0 -1
    outer loop
      vertex 41.326 -1.02386 2.39
      vertex 40.0046 -0.561474 2.39
      vertex 40.0574 -0.378285 2.39
    endloop
  endfacet
  facet normal 0 0 -1
    outer loop
      vertex 41.193 -1.34504 2.39
      vertex 39.9316 -0.737602 2.39
      vertex 40.0046 -0.561474 2.39
    endloop
  endfacet
  facet normal 0 0 -1
    outer loop
      vertex 41.0248 -1.6493 2.39
      vertex 39.8394 -0.904454 2.39
      vertex 39.9316 -0.737602 2.39
    endloop
  endfacet
  facet normal 0 0 -1
    outer loop
      vertex 39.3045 -1.43943 2.39
      vertex 40.0493 -2.62484 2.39
      vertex 39.745 -2.793 2.39
    endloop
  endfacet
  facet normal 0 0 -1
    outer loop
      vertex 40.8237 -1.93282 2.39
      vertex 39.7291 -1.05993 2.39
      vertex 39.8394 -0.904454 2.39
    endloop
  endfacet
  facet normal 0 0 -1
    outer loop
      vertex 40.592 -2.19203 2.39
      vertex 39.6021 -1.20208 2.39
      vertex 39.7291 -1.05993 2.39
    endloop
  endfacet
  facet normal 0 0 -1
    outer loop
      vertex 40.3328 -2.42368 2.39
      vertex 39.4599 -1.32911 2.39
      vertex 39.6021 -1.20208 2.39
    endloop
  endfacet
  facet normal 0 0 -1
    outer loop
      vertex 39.1376 -1.53165 2.39
      vertex 39.745 -2.793 2.39
      vertex 39.4239 -2.92604 2.39
    endloop
  endfacet
  facet normal 0 0 -1
    outer loop
      vertex 40.0493 -2.62484 2.39
      vertex 39.3045 -1.43943 2.39
      vertex 39.4599 -1.32911 2.39
    endloop
  endfacet
  facet normal 0 0 -1
    outer loop
      vertex 39.745 -2.793 2.39
      vertex 39.1376 -1.53165 2.39
      vertex 39.3045 -1.43943 2.39
    endloop
  endfacet
  facet normal 0 0 -1
    outer loop
      vertex 38.9615 -1.6046 2.39
      vertex 39.4239 -2.92604 2.39
      vertex 39.0898 -3.02228 2.39
    endloop
  endfacet
  facet normal 0 0 -1
    outer loop
      vertex 39.4239 -2.92604 2.39
      vertex 38.9615 -1.6046 2.39
      vertex 39.1376 -1.53165 2.39
    endloop
  endfacet
  facet normal 0 0 -1
    outer loop
      vertex 39.0898 -3.02228 2.39
      vertex 38.7783 -1.65738 2.39
      vertex 38.9615 -1.6046 2.39
    endloop
  endfacet
  facet normal 0 0 -1
    outer loop
      vertex 38.7471 -3.08051 2.39
      vertex 38.7783 -1.65738 2.39
      vertex 39.0898 -3.02228 2.39
    endloop
  endfacet
  facet normal 0 0 -1
    outer loop
      vertex 38.7471 -3.08051 2.39
      vertex 38.5903 -1.68931 2.39
      vertex 38.7783 -1.65738 2.39
    endloop
  endfacet
  facet normal 0 0 -1
    outer loop
      vertex 38.4 -3.1 2.39
      vertex 38.5903 -1.68931 2.39
      vertex 38.7471 -3.08051 2.39
    endloop
  endfacet
  facet normal 0 0 -1
    outer loop
      vertex 38.4 -3.1 2.39
      vertex 38.4 -1.7 2.39
      vertex 38.5903 -1.68931 2.39
    endloop
  endfacet
  facet normal 0 0 -1
    outer loop
      vertex 38.4 -3.1 2.39
      vertex 38.2097 -1.68931 2.39
      vertex 38.4 -1.7 2.39
    endloop
  endfacet
  facet normal 0 0 -1
    outer loop
      vertex 38.0529 -3.08051 2.39
      vertex 38.2097 -1.68931 2.39
      vertex 38.4 -3.1 2.39
    endloop
  endfacet
  facet normal 0 0 -1
    outer loop
      vertex 38.0529 -3.08051 2.39
      vertex 38.0217 -1.65738 2.39
      vertex 38.2097 -1.68931 2.39
    endloop
  endfacet
  facet normal 0 0 -1
    outer loop
      vertex 37.7102 -3.02228 2.39
      vertex 38.0217 -1.65738 2.39
      vertex 38.0529 -3.08051 2.39
    endloop
  endfacet
  facet normal -0 0 -1
    outer loop
      vertex 38.0217 -1.65738 2.39
      vertex 37.7102 -3.02228 2.39
      vertex 37.8385 -1.6046 2.39
    endloop
  endfacet
  facet normal 0 0 -1
    outer loop
      vertex 37.3761 -2.92604 2.39
      vertex 37.8385 -1.6046 2.39
      vertex 37.7102 -3.02228 2.39
    endloop
  endfacet
  facet normal -0 0 -1
    outer loop
      vertex 37.8385 -1.6046 2.39
      vertex 37.3761 -2.92604 2.39
      vertex 37.6624 -1.53165 2.39
    endloop
  endfacet
  facet normal 0 0 -1
    outer loop
      vertex 37.055 -2.793 2.39
      vertex 37.6624 -1.53165 2.39
      vertex 37.3761 -2.92604 2.39
    endloop
  endfacet
  facet normal -0 0 -1
    outer loop
      vertex 37.6624 -1.53165 2.39
      vertex 37.055 -2.793 2.39
      vertex 37.4955 -1.43943 2.39
    endloop
  endfacet
  facet normal 0 0 -1
    outer loop
      vertex 36.7507 -2.62484 2.39
      vertex 37.4955 -1.43943 2.39
      vertex 37.055 -2.793 2.39
    endloop
  endfacet
  facet normal -0 0 -1
    outer loop
      vertex 37.4955 -1.43943 2.39
      vertex 36.7507 -2.62484 2.39
      vertex 37.3401 -1.32911 2.39
    endloop
  endfacet
  facet normal 0 0 -1
    outer loop
      vertex 36.4672 -2.42368 2.39
      vertex 37.3401 -1.32911 2.39
      vertex 36.7507 -2.62484 2.39
    endloop
  endfacet
  facet normal -0 0 -1
    outer loop
      vertex 37.3401 -1.32911 2.39
      vertex 36.4672 -2.42368 2.39
      vertex 37.1979 -1.20208 2.39
    endloop
  endfacet
  facet normal 0 0 -1
    outer loop
      vertex 36.208 -2.19203 2.39
      vertex 37.1979 -1.20208 2.39
      vertex 36.4672 -2.42368 2.39
    endloop
  endfacet
  facet normal -0 0 -1
    outer loop
      vertex 37.1979 -1.20208 2.39
      vertex 36.208 -2.19203 2.39
      vertex 37.0709 -1.05993 2.39
    endloop
  endfacet
  facet normal 0 0 -1
    outer loop
      vertex 35.9763 -1.93282 2.39
      vertex 37.0709 -1.05993 2.39
      vertex 36.208 -2.19203 2.39
    endloop
  endfacet
  facet normal -0 0 -1
    outer loop
      vertex 37.0709 -1.05993 2.39
      vertex 35.9763 -1.93282 2.39
      vertex 36.9606 -0.904454 2.39
    endloop
  endfacet
  facet normal 0 0 -1
    outer loop
      vertex 35.7752 -1.6493 2.39
      vertex 36.9606 -0.904454 2.39
      vertex 35.9763 -1.93282 2.39
    endloop
  endfacet
  facet normal -0 0 -1
    outer loop
      vertex 36.9606 -0.904454 2.39
      vertex 35.7752 -1.6493 2.39
      vertex 36.8684 -0.737602 2.39
    endloop
  endfacet
  facet normal 0 0 -1
    outer loop
      vertex 35.607 -1.34504 2.39
      vertex 36.8684 -0.737602 2.39
      vertex 35.7752 -1.6493 2.39
    endloop
  endfacet
  facet normal -0 0 -1
    outer loop
      vertex 41.193 1.34504 2.39
      vertex 39.9316 0.737602 2.39
      vertex 41.0248 1.6493 2.39
    endloop
  endfacet
  facet normal 0 0 -1
    outer loop
      vertex 39.8394 0.904454 2.39
      vertex 41.0248 1.6493 2.39
      vertex 39.9316 0.737602 2.39
    endloop
  endfacet
  facet normal -0 0 -1
    outer loop
      vertex 41.0248 1.6493 2.39
      vertex 39.8394 0.904454 2.39
      vertex 40.8237 1.93282 2.39
    endloop
  endfacet
  facet normal 0 0 -1
    outer loop
      vertex 39.7291 1.05993 2.39
      vertex 40.8237 1.93282 2.39
      vertex 39.8394 0.904454 2.39
    endloop
  endfacet
  facet normal -0 0 -1
    outer loop
      vertex 40.8237 1.93282 2.39
      vertex 39.7291 1.05993 2.39
      vertex 40.592 2.19203 2.39
    endloop
  endfacet
  facet normal 0 0 -1
    outer loop
      vertex 39.6021 1.20208 2.39
      vertex 40.592 2.19203 2.39
      vertex 39.7291 1.05993 2.39
    endloop
  endfacet
  facet normal -0 0 -1
    outer loop
      vertex 40.592 2.19203 2.39
      vertex 39.6021 1.20208 2.39
      vertex 40.3328 2.42368 2.39
    endloop
  endfacet
  facet normal 0 0 -1
    outer loop
      vertex 39.4599 1.32911 2.39
      vertex 40.3328 2.42368 2.39
      vertex 39.6021 1.20208 2.39
    endloop
  endfacet
  facet normal -0 0 -1
    outer loop
      vertex 40.3328 2.42368 2.39
      vertex 39.4599 1.32911 2.39
      vertex 40.0493 2.62484 2.39
    endloop
  endfacet
  facet normal 0 0 -1
    outer loop
      vertex 39.3045 1.43943 2.39
      vertex 40.0493 2.62484 2.39
      vertex 39.4599 1.32911 2.39
    endloop
  endfacet
  facet normal -0 0 -1
    outer loop
      vertex 40.0493 2.62484 2.39
      vertex 39.3045 1.43943 2.39
      vertex 39.745 2.793 2.39
    endloop
  endfacet
  facet normal 0 0 -1
    outer loop
      vertex 39.1376 1.53165 2.39
      vertex 39.745 2.793 2.39
      vertex 39.3045 1.43943 2.39
    endloop
  endfacet
  facet normal -0 0 -1
    outer loop
      vertex 39.745 2.793 2.39
      vertex 39.1376 1.53165 2.39
      vertex 39.4239 2.92604 2.39
    endloop
  endfacet
  facet normal 0 0 -1
    outer loop
      vertex 38.9615 1.6046 2.39
      vertex 39.4239 2.92604 2.39
      vertex 39.1376 1.53165 2.39
    endloop
  endfacet
  facet normal -0 0 -1
    outer loop
      vertex 39.4239 2.92604 2.39
      vertex 38.9615 1.6046 2.39
      vertex 39.0898 3.02228 2.39
    endloop
  endfacet
  facet normal 0 0 -1
    outer loop
      vertex 38.7783 1.65738 2.39
      vertex 39.0898 3.02228 2.39
      vertex 38.9615 1.6046 2.39
    endloop
  endfacet
  facet normal 0 0 -1
    outer loop
      vertex 38.7783 1.65738 2.39
      vertex 38.7471 3.08051 2.39
      vertex 39.0898 3.02228 2.39
    endloop
  endfacet
  facet normal 0 0 -1
    outer loop
      vertex 38.5903 1.68931 2.39
      vertex 38.7471 3.08051 2.39
      vertex 38.7783 1.65738 2.39
    endloop
  endfacet
  facet normal 0 0 -1
    outer loop
      vertex 38.4 1.7 2.39
      vertex 38.7471 3.08051 2.39
      vertex 38.5903 1.68931 2.39
    endloop
  endfacet
  facet normal 0 0 -1
    outer loop
      vertex 38.4 1.7 2.39
      vertex 38.4 3.1 2.39
      vertex 38.7471 3.08051 2.39
    endloop
  endfacet
  facet normal 0 0 -1
    outer loop
      vertex 38.2097 1.68931 2.39
      vertex 38.4 3.1 2.39
      vertex 38.4 1.7 2.39
    endloop
  endfacet
  facet normal 0 0 -1
    outer loop
      vertex 38.2097 1.68931 2.39
      vertex 38.0529 3.08051 2.39
      vertex 38.4 3.1 2.39
    endloop
  endfacet
  facet normal 0 0 -1
    outer loop
      vertex 38.0217 1.65738 2.39
      vertex 38.0529 3.08051 2.39
      vertex 38.2097 1.68931 2.39
    endloop
  endfacet
  facet normal 0 0 -1
    outer loop
      vertex 37.7102 3.02228 2.39
      vertex 38.0217 1.65738 2.39
      vertex 37.8385 1.6046 2.39
    endloop
  endfacet
  facet normal 0 0 -1
    outer loop
      vertex 38.0217 1.65738 2.39
      vertex 37.7102 3.02228 2.39
      vertex 38.0529 3.08051 2.39
    endloop
  endfacet
  facet normal 0 0 -1
    outer loop
      vertex 37.3761 2.92604 2.39
      vertex 37.8385 1.6046 2.39
      vertex 37.6624 1.53165 2.39
    endloop
  endfacet
  facet normal 0 0 -1
    outer loop
      vertex 37.055 2.793 2.39
      vertex 37.6624 1.53165 2.39
      vertex 37.4955 1.43943 2.39
    endloop
  endfacet
  facet normal 0 0 -1
    outer loop
      vertex 37.8385 1.6046 2.39
      vertex 37.3761 2.92604 2.39
      vertex 37.7102 3.02228 2.39
    endloop
  endfacet
  facet normal 0 0 -1
    outer loop
      vertex 36.7507 2.62484 2.39
      vertex 37.4955 1.43943 2.39
      vertex 37.3401 1.32911 2.39
    endloop
  endfacet
  facet normal 0 0 -1
    outer loop
      vertex 36.4672 2.42368 2.39
      vertex 37.3401 1.32911 2.39
      vertex 37.1979 1.20208 2.39
    endloop
  endfacet
  facet normal 0 0 -1
    outer loop
      vertex 36.208 2.19203 2.39
      vertex 37.1979 1.20208 2.39
      vertex 37.0709 1.05993 2.39
    endloop
  endfacet
  facet normal 0 0 -1
    outer loop
      vertex 37.6624 1.53165 2.39
      vertex 37.055 2.793 2.39
      vertex 37.3761 2.92604 2.39
    endloop
  endfacet
  facet normal 0 0 -1
    outer loop
      vertex 35.9763 1.93282 2.39
      vertex 37.0709 1.05993 2.39
      vertex 36.9606 0.904454 2.39
    endloop
  endfacet
  facet normal 0 0 -1
    outer loop
      vertex 35.7752 1.6493 2.39
      vertex 36.9606 0.904454 2.39
      vertex 36.8684 0.737602 2.39
    endloop
  endfacet
  facet normal 0 0 -1
    outer loop
      vertex 35.607 1.34504 2.39
      vertex 36.8684 0.737602 2.39
      vertex 36.7954 0.561474 2.39
    endloop
  endfacet
  facet normal 0 0 -1
    outer loop
      vertex 37.4955 1.43943 2.39
      vertex 36.7507 2.62484 2.39
      vertex 37.055 2.793 2.39
    endloop
  endfacet
  facet normal 0 0 -1
    outer loop
      vertex 35.474 1.02386 2.39
      vertex 36.7954 0.561474 2.39
      vertex 36.7426 0.378285 2.39
    endloop
  endfacet
  facet normal 0 0 -1
    outer loop
      vertex 35.3777 0.689815 2.39
      vertex 36.7426 0.378285 2.39
      vertex 36.7107 0.190339 2.39
    endloop
  endfacet
  facet normal 0 0 -1
    outer loop
      vertex 35.3195 0.34709 2.39
      vertex 36.7107 0.190339 2.39
      vertex 36.7 0 2.39
    endloop
  endfacet
  facet normal -0 0 -1
    outer loop
      vertex 36.8684 -0.737602 2.39
      vertex 35.607 -1.34504 2.39
      vertex 36.7954 -0.561474 2.39
    endloop
  endfacet
  facet normal 0 0 -1
    outer loop
      vertex 37.3401 1.32911 2.39
      vertex 36.4672 2.42368 2.39
      vertex 36.7507 2.62484 2.39
    endloop
  endfacet
  facet normal 0 0 -1
    outer loop
      vertex 35.474 -1.02386 2.39
      vertex 36.7954 -0.561474 2.39
      vertex 35.607 -1.34504 2.39
    endloop
  endfacet
  facet normal 0 0 -1
    outer loop
      vertex 37.1979 1.20208 2.39
      vertex 36.208 2.19203 2.39
      vertex 36.4672 2.42368 2.39
    endloop
  endfacet
  facet normal -0 0 -1
    outer loop
      vertex 36.7954 -0.561474 2.39
      vertex 35.474 -1.02386 2.39
      vertex 36.7426 -0.378285 2.39
    endloop
  endfacet
  facet normal 0 0 -1
    outer loop
      vertex 37.0709 1.05993 2.39
      vertex 35.9763 1.93282 2.39
      vertex 36.208 2.19203 2.39
    endloop
  endfacet
  facet normal 0 0 -1
    outer loop
      vertex 35.3777 -0.689815 2.39
      vertex 36.7426 -0.378285 2.39
      vertex 35.474 -1.02386 2.39
    endloop
  endfacet
  facet normal 0 0 -1
    outer loop
      vertex 36.9606 0.904454 2.39
      vertex 35.7752 1.6493 2.39
      vertex 35.9763 1.93282 2.39
    endloop
  endfacet
  facet normal -0 0 -1
    outer loop
      vertex 36.7426 -0.378285 2.39
      vertex 35.3777 -0.689815 2.39
      vertex 36.7107 -0.190339 2.39
    endloop
  endfacet
  facet normal 0 0 -1
    outer loop
      vertex 36.8684 0.737602 2.39
      vertex 35.607 1.34504 2.39
      vertex 35.7752 1.6493 2.39
    endloop
  endfacet
  facet normal 0 0 -1
    outer loop
      vertex 35.3195 -0.34709 2.39
      vertex 36.7107 -0.190339 2.39
      vertex 35.3777 -0.689815 2.39
    endloop
  endfacet
  facet normal 0 0 -1
    outer loop
      vertex 36.7954 0.561474 2.39
      vertex 35.474 1.02386 2.39
      vertex 35.607 1.34504 2.39
    endloop
  endfacet
  facet normal -0 0 -1
    outer loop
      vertex 36.7107 -0.190339 2.39
      vertex 35.3195 -0.34709 2.39
      vertex 36.7 0 2.39
    endloop
  endfacet
  facet normal 0 0 -1
    outer loop
      vertex 36.7426 0.378285 2.39
      vertex 35.3777 0.689815 2.39
      vertex 35.474 1.02386 2.39
    endloop
  endfacet
  facet normal 0 0 -1
    outer loop
      vertex 35.3 0 2.39
      vertex 36.7 0 2.39
      vertex 35.3195 -0.34709 2.39
    endloop
  endfacet
  facet normal 0 0 -1
    outer loop
      vertex 36.7107 0.190339 2.39
      vertex 35.3195 0.34709 2.39
      vertex 35.3777 0.689815 2.39
    endloop
  endfacet
  facet normal 0 0 -1
    outer loop
      vertex 36.7 0 2.39
      vertex 35.3 0 2.39
      vertex 35.3195 0.34709 2.39
    endloop
  endfacet
endsolid OpenSCAD_Model
