solid OpenSCAD_Model
  facet normal 0.659478 0.751724 -0
    outer loop
      vertex 58.7613 95.2213 15
      vertex 58.4663 95.4801 28.05
      vertex 58.7613 95.2213 28.05
    endloop
  endfacet
  facet normal 0.659478 0.751724 0
    outer loop
      vertex 58.4663 95.4801 28.05
      vertex 58.7613 95.2213 15
      vertex 58.4663 95.4801 15
    endloop
  endfacet
  facet normal 0.195079 -0.980788 0
    outer loop
      vertex 57.4165 0.102222 15
      vertex 57.0316 0.0256653 23.5757
      vertex 57.0316 0.0256653 15
    endloop
  endfacet
  facet normal 0.195079 -0.980788 0
    outer loop
      vertex 57.0316 0.0256653 23.5757
      vertex 57.4165 0.102222 15
      vertex 57.4165 0.102222 23.6522
    endloop
  endfacet
  facet normal 0.831501 0.555523 0
    outer loop
      vertex 59.2381 94.6 28.05
      vertex 59.0201 94.9263 15
      vertex 59.0201 94.9263 28.05
    endloop
  endfacet
  facet normal 0.831501 0.555523 0
    outer loop
      vertex 59.0201 94.9263 15
      vertex 59.2381 94.6 28.05
      vertex 59.2381 94.6 15
    endloop
  endfacet
  facet normal -0.555577 -0.831465 0
    outer loop
      vertex 1.17372 0.61994 15
      vertex 1.5 0.401923 23.9519
      vertex 1.17372 0.61994 24.1699
    endloop
  endfacet
  facet normal -0.555577 -0.831465 -0
    outer loop
      vertex 1.5 0.401923 23.9519
      vertex 1.17372 0.61994 15
      vertex 1.5 0.401923 15
    endloop
  endfacet
  facet normal 0.896961 0.44211 0
    outer loop
      vertex 59.4116 94.248 28.05
      vertex 59.2381 94.6 15
      vertex 59.2381 94.6 28.05
    endloop
  endfacet
  facet normal 0.896961 0.44211 0
    outer loop
      vertex 59.2381 94.6 15
      vertex 59.4116 94.248 28.05
      vertex 59.4116 94.248 15
    endloop
  endfacet
  facet normal -1 0 0
    outer loop
      vertex 0 4 15
      vertex 0 3 15
      vertex 0 4 20.275
    endloop
  endfacet
  facet normal -1 0 0
    outer loop
      vertex 0 93.1 15
      vertex 0 87.7 19.5
      vertex 0 93.1 28.05
    endloop
  endfacet
  facet normal -1 0 0
    outer loop
      vertex 0 93.1 15
      vertex 0 85.9 19.5
      vertex 0 87.7 19.5
    endloop
  endfacet
  facet normal -1 0 0
    outer loop
      vertex 0 85.9 19.5
      vertex 0 83.3 19.5
      vertex 0 85.9 26
    endloop
  endfacet
  facet normal -1 0 0
    outer loop
      vertex 0 93.1 15
      vertex 0 83.3 19.5
      vertex 0 85.9 19.5
    endloop
  endfacet
  facet normal -1 0 0
    outer loop
      vertex 0 93.1 15
      vertex 0 81.5 19.5
      vertex 0 83.3 19.5
    endloop
  endfacet
  facet normal -1 0 0
    outer loop
      vertex 0 81.5 19.5
      vertex 0 78.9 19.5
      vertex 0 81.5 26
    endloop
  endfacet
  facet normal -1 0 0
    outer loop
      vertex 0 93.1 15
      vertex 0 78.9 19.5
      vertex 0 81.5 19.5
    endloop
  endfacet
  facet normal -1 0 0
    outer loop
      vertex 0 93.1 15
      vertex 0 77.1 19.5
      vertex 0 78.9 19.5
    endloop
  endfacet
  facet normal -1 0 0
    outer loop
      vertex 0 77.1 19.5
      vertex 0 74.5 19.5
      vertex 0 77.1 26
    endloop
  endfacet
  facet normal -1 0 0
    outer loop
      vertex 0 93.1 15
      vertex 0 74.5 19.5
      vertex 0 77.1 19.5
    endloop
  endfacet
  facet normal -1 0 0
    outer loop
      vertex 0 93.1 15
      vertex 0 72.7 19.5
      vertex 0 74.5 19.5
    endloop
  endfacet
  facet normal -1 0 0
    outer loop
      vertex 0 72.7 19.5
      vertex 0 70.1 19.5
      vertex 0 72.7 26
    endloop
  endfacet
  facet normal -1 0 0
    outer loop
      vertex 0 93.1 15
      vertex 0 70.1 19.5
      vertex 0 72.7 19.5
    endloop
  endfacet
  facet normal -1 0 0
    outer loop
      vertex 0 93.1 15
      vertex 0 68.3 19.5
      vertex 0 70.1 19.5
    endloop
  endfacet
  facet normal -1 0 0
    outer loop
      vertex 0 68.3 19.5
      vertex 0 65.7 19.5
      vertex 0 68.3 26
    endloop
  endfacet
  facet normal -1 0 0
    outer loop
      vertex 0 93.1 15
      vertex 0 65.7 19.5
      vertex 0 68.3 19.5
    endloop
  endfacet
  facet normal -1 0 0
    outer loop
      vertex 0 93.1 15
      vertex 0 63.9 19.5
      vertex 0 65.7 19.5
    endloop
  endfacet
  facet normal -1 0 0
    outer loop
      vertex 0 63.9 19.5
      vertex 0 61.3 19.5
      vertex 0 63.9 26
    endloop
  endfacet
  facet normal -1 0 0
    outer loop
      vertex 0 93.1 15
      vertex 0 61.3 19.5
      vertex 0 63.9 19.5
    endloop
  endfacet
  facet normal -1 0 0
    outer loop
      vertex 0 93.1 15
      vertex 0 59.5 19.5
      vertex 0 61.3 19.5
    endloop
  endfacet
  facet normal -1 0 0
    outer loop
      vertex 0 59.5 19.5
      vertex 0 56.9 19.5
      vertex 0 59.5 26
    endloop
  endfacet
  facet normal -1 0 0
    outer loop
      vertex 0 93.1 15
      vertex 0 56.9 19.5
      vertex 0 59.5 19.5
    endloop
  endfacet
  facet normal -1 0 0
    outer loop
      vertex 0 93.1 15
      vertex 0 55.1 19.5
      vertex 0 56.9 19.5
    endloop
  endfacet
  facet normal -1 0 0
    outer loop
      vertex 0 55.1 19.5
      vertex 0 52.5 19.5
      vertex 0 55.1 26
    endloop
  endfacet
  facet normal -1 0 0
    outer loop
      vertex 0 93.1 15
      vertex 0 52.5 19.5
      vertex 0 55.1 19.5
    endloop
  endfacet
  facet normal -1 0 0
    outer loop
      vertex 0 14 15
      vertex 0 52.5 19.5
      vertex 0 93.1 15
    endloop
  endfacet
  facet normal -1 0 0
    outer loop
      vertex 0 14 20.275
      vertex 0 50.7 19.5
      vertex 0 14 15
    endloop
  endfacet
  facet normal -1 -0 0
    outer loop
      vertex 0 52.5 19.5
      vertex 0 14 15
      vertex 0 50.7 19.5
    endloop
  endfacet
  facet normal -1 0 0
    outer loop
      vertex 0 87.7 26
      vertex 0 93.1 28.05
      vertex 0 87.7 19.5
    endloop
  endfacet
  facet normal -1 0 0
    outer loop
      vertex 0 85.9 26
      vertex 0 93.1 28.05
      vertex 0 87.7 26
    endloop
  endfacet
  facet normal -1 0 0
    outer loop
      vertex 0 83.3 26
      vertex 0 85.9 26
      vertex 0 83.3 19.5
    endloop
  endfacet
  facet normal -1 0 0
    outer loop
      vertex 0 83.3 26
      vertex 0 93.1 28.05
      vertex 0 85.9 26
    endloop
  endfacet
  facet normal -1 0 0
    outer loop
      vertex 0 81.5 26
      vertex 0 93.1 28.05
      vertex 0 83.3 26
    endloop
  endfacet
  facet normal -1 0 0
    outer loop
      vertex 0 78.9 26
      vertex 0 81.5 26
      vertex 0 78.9 19.5
    endloop
  endfacet
  facet normal -1 0 0
    outer loop
      vertex 0 78.9 26
      vertex 0 93.1 28.05
      vertex 0 81.5 26
    endloop
  endfacet
  facet normal -1 0 0
    outer loop
      vertex 0 77.1 26
      vertex 0 93.1 28.05
      vertex 0 78.9 26
    endloop
  endfacet
  facet normal -1 0 0
    outer loop
      vertex 0 74.5 26
      vertex 0 77.1 26
      vertex 0 74.5 19.5
    endloop
  endfacet
  facet normal -1 0 0
    outer loop
      vertex 0 74.5 26
      vertex 0 93.1 28.05
      vertex 0 77.1 26
    endloop
  endfacet
  facet normal -1 0 0
    outer loop
      vertex 0 72.7 26
      vertex 0 93.1 28.05
      vertex 0 74.5 26
    endloop
  endfacet
  facet normal -1 0 0
    outer loop
      vertex 0 70.1 26
      vertex 0 72.7 26
      vertex 0 70.1 19.5
    endloop
  endfacet
  facet normal -1 0 0
    outer loop
      vertex 0 70.1 26
      vertex 0 93.1 28.05
      vertex 0 72.7 26
    endloop
  endfacet
  facet normal -1 0 0
    outer loop
      vertex 0 68.3 26
      vertex 0 93.1 28.05
      vertex 0 70.1 26
    endloop
  endfacet
  facet normal -1 0 0
    outer loop
      vertex 0 65.7 26
      vertex 0 68.3 26
      vertex 0 65.7 19.5
    endloop
  endfacet
  facet normal -1 0 0
    outer loop
      vertex 0 65.7 26
      vertex 0 93.1 28.05
      vertex 0 68.3 26
    endloop
  endfacet
  facet normal -1 0 0
    outer loop
      vertex 0 63.9 26
      vertex 0 93.1 28.05
      vertex 0 65.7 26
    endloop
  endfacet
  facet normal -1 0 0
    outer loop
      vertex 0 61.3 26
      vertex 0 63.9 26
      vertex 0 61.3 19.5
    endloop
  endfacet
  facet normal -1 0 0
    outer loop
      vertex 0 61.3 26
      vertex 0 93.1 28.05
      vertex 0 63.9 26
    endloop
  endfacet
  facet normal -1 0 0
    outer loop
      vertex 0 59.5 26
      vertex 0 93.1 28.05
      vertex 0 61.3 26
    endloop
  endfacet
  facet normal -1 0 0
    outer loop
      vertex 0 56.9 26
      vertex 0 59.5 26
      vertex 0 56.9 19.5
    endloop
  endfacet
  facet normal -1 0 0
    outer loop
      vertex 0 56.9 26
      vertex 0 93.1 28.05
      vertex 0 59.5 26
    endloop
  endfacet
  facet normal -1 0 0
    outer loop
      vertex 0 55.1 26
      vertex 0 93.1 28.05
      vertex 0 56.9 26
    endloop
  endfacet
  facet normal -1 0 0
    outer loop
      vertex 0 52.5 26
      vertex 0 55.1 26
      vertex 0 52.5 19.5
    endloop
  endfacet
  facet normal -1 0 0
    outer loop
      vertex 0 52.5 26
      vertex 0 93.1 28.05
      vertex 0 55.1 26
    endloop
  endfacet
  facet normal -1 0 0
    outer loop
      vertex 0 50.7 26
      vertex 0 93.1 28.05
      vertex 0 52.5 26
    endloop
  endfacet
  facet normal -1 0 0
    outer loop
      vertex 0 50.7 19.5
      vertex 0 14 20.275
      vertex 0 50.7 26
    endloop
  endfacet
  facet normal -1 0 0
    outer loop
      vertex 0 50.7 26
      vertex 0 4.5 28.05
      vertex 0 93.1 28.05
    endloop
  endfacet
  facet normal -1 0 0
    outer loop
      vertex 0 14 20.275
      vertex 0 4.5 28.05
      vertex 0 50.7 26
    endloop
  endfacet
  facet normal -1 0 0
    outer loop
      vertex 0 4 20.275
      vertex 0 4.5 28.05
      vertex 0 14 20.275
    endloop
  endfacet
  facet normal -1 0 0
    outer loop
      vertex 0 3 26.55
      vertex 0 4 20.275
      vertex 0 3 15
    endloop
  endfacet
  facet normal -1 0 0
    outer loop
      vertex 0 4 20.275
      vertex 0 3 26.55
      vertex 0 4.5 28.05
    endloop
  endfacet
  facet normal 1 0 0
    outer loop
      vertex 59.64 87.7 19.5
      vertex 59.64 93.1 28.05
      vertex 59.64 87.7 26
    endloop
  endfacet
  facet normal 1 0 0
    outer loop
      vertex 59.64 93.1 28.05
      vertex 59.64 85.9 26
      vertex 59.64 87.7 26
    endloop
  endfacet
  facet normal 1 0 0
    outer loop
      vertex 59.64 85.9 26
      vertex 59.64 83.3 26
      vertex 59.64 85.9 19.5
    endloop
  endfacet
  facet normal 1 0 0
    outer loop
      vertex 59.64 93.1 28.05
      vertex 59.64 83.3 26
      vertex 59.64 85.9 26
    endloop
  endfacet
  facet normal 1 0 0
    outer loop
      vertex 59.64 93.1 28.05
      vertex 59.64 81.5 26
      vertex 59.64 83.3 26
    endloop
  endfacet
  facet normal 1 0 0
    outer loop
      vertex 59.64 81.5 26
      vertex 59.64 78.9 26
      vertex 59.64 81.5 19.5
    endloop
  endfacet
  facet normal 1 0 0
    outer loop
      vertex 59.64 93.1 28.05
      vertex 59.64 78.9 26
      vertex 59.64 81.5 26
    endloop
  endfacet
  facet normal 1 0 0
    outer loop
      vertex 59.64 93.1 28.05
      vertex 59.64 77.1 26
      vertex 59.64 78.9 26
    endloop
  endfacet
  facet normal 1 0 0
    outer loop
      vertex 59.64 77.1 26
      vertex 59.64 74.5 26
      vertex 59.64 77.1 19.5
    endloop
  endfacet
  facet normal 1 0 0
    outer loop
      vertex 59.64 93.1 28.05
      vertex 59.64 74.5 26
      vertex 59.64 77.1 26
    endloop
  endfacet
  facet normal 1 0 0
    outer loop
      vertex 59.64 93.1 28.05
      vertex 59.64 72.7 26
      vertex 59.64 74.5 26
    endloop
  endfacet
  facet normal 1 0 0
    outer loop
      vertex 59.64 72.7 26
      vertex 59.64 70.1 26
      vertex 59.64 72.7 19.5
    endloop
  endfacet
  facet normal 1 0 0
    outer loop
      vertex 59.64 93.1 28.05
      vertex 59.64 70.1 26
      vertex 59.64 72.7 26
    endloop
  endfacet
  facet normal 1 0 0
    outer loop
      vertex 59.64 93.1 28.05
      vertex 59.64 68.3 26
      vertex 59.64 70.1 26
    endloop
  endfacet
  facet normal 1 0 0
    outer loop
      vertex 59.64 68.3 26
      vertex 59.64 65.7 26
      vertex 59.64 68.3 19.5
    endloop
  endfacet
  facet normal 1 0 0
    outer loop
      vertex 59.64 93.1 28.05
      vertex 59.64 65.7 26
      vertex 59.64 68.3 26
    endloop
  endfacet
  facet normal 1 0 0
    outer loop
      vertex 59.64 93.1 28.05
      vertex 59.64 63.9 26
      vertex 59.64 65.7 26
    endloop
  endfacet
  facet normal 1 0 0
    outer loop
      vertex 59.64 63.9 26
      vertex 59.64 61.3 26
      vertex 59.64 63.9 19.5
    endloop
  endfacet
  facet normal 1 0 0
    outer loop
      vertex 59.64 93.1 28.05
      vertex 59.64 61.3 26
      vertex 59.64 63.9 26
    endloop
  endfacet
  facet normal 1 0 0
    outer loop
      vertex 59.64 93.1 28.05
      vertex 59.64 59.5 26
      vertex 59.64 61.3 26
    endloop
  endfacet
  facet normal 1 0 0
    outer loop
      vertex 59.64 59.5 26
      vertex 59.64 56.9 26
      vertex 59.64 59.5 19.5
    endloop
  endfacet
  facet normal 1 0 0
    outer loop
      vertex 59.64 93.1 28.05
      vertex 59.64 56.9 26
      vertex 59.64 59.5 26
    endloop
  endfacet
  facet normal 1 0 0
    outer loop
      vertex 59.64 93.1 28.05
      vertex 59.64 55.1 26
      vertex 59.64 56.9 26
    endloop
  endfacet
  facet normal 1 0 0
    outer loop
      vertex 59.64 55.1 26
      vertex 59.64 52.5 26
      vertex 59.64 55.1 23.6
    endloop
  endfacet
  facet normal 1 0 0
    outer loop
      vertex 59.64 93.1 28.05
      vertex 59.64 52.5 26
      vertex 59.64 55.1 26
    endloop
  endfacet
  facet normal 1 0 0
    outer loop
      vertex 59.64 93.1 28.05
      vertex 59.64 50.7 26
      vertex 59.64 52.5 26
    endloop
  endfacet
  facet normal 1 0 0
    outer loop
      vertex 59.64 50.7 26
      vertex 59.64 40.45 23.6
      vertex 59.64 50.7 23.6
    endloop
  endfacet
  facet normal 1 0 0
    outer loop
      vertex 59.64 40.45 23.6
      vertex 59.64 15.3 19.775
      vertex 59.64 40.45 15
    endloop
  endfacet
  facet normal 1 0 0
    outer loop
      vertex 59.64 4.5 28.05
      vertex 59.64 40.45 23.6
      vertex 59.64 50.7 26
    endloop
  endfacet
  facet normal 1 0 0
    outer loop
      vertex 59.64 40.45 23.6
      vertex 59.64 4.5 28.05
      vertex 59.64 15.3 19.775
    endloop
  endfacet
  facet normal 1 0 0
    outer loop
      vertex 59.64 10 19.775
      vertex 59.64 7.5 18.775
      vertex 59.64 10 18.775
    endloop
  endfacet
  facet normal 1 -0 0
    outer loop
      vertex 59.64 4.5 28.05
      vertex 59.64 50.7 26
      vertex 59.64 93.1 28.05
    endloop
  endfacet
  facet normal 1 0 0
    outer loop
      vertex 59.64 15.3 19.775
      vertex 59.64 4.5 28.05
      vertex 59.64 10 19.775
    endloop
  endfacet
  facet normal 1 -0 0
    outer loop
      vertex 59.64 3 26.55
      vertex 59.64 10 19.775
      vertex 59.64 4.5 28.05
    endloop
  endfacet
  facet normal 1 0 0
    outer loop
      vertex 59.64 10 19.775
      vertex 59.64 3 26.55
      vertex 59.64 7.5 18.775
    endloop
  endfacet
  facet normal 1 0 0
    outer loop
      vertex 59.64 3 15
      vertex 59.64 7.5 18.775
      vertex 59.64 3 26.55
    endloop
  endfacet
  facet normal 1 0 0
    outer loop
      vertex 59.64 7.5 18.775
      vertex 59.64 3 15
      vertex 59.64 7.5 15
    endloop
  endfacet
  facet normal 1 0 0
    outer loop
      vertex 59.64 93.1 28.05
      vertex 59.64 87.7 19.5
      vertex 59.64 93.1 15
    endloop
  endfacet
  facet normal 1 -0 0
    outer loop
      vertex 59.64 85.9 19.5
      vertex 59.64 93.1 15
      vertex 59.64 87.7 19.5
    endloop
  endfacet
  facet normal 1 0 0
    outer loop
      vertex 59.64 83.3 19.5
      vertex 59.64 85.9 19.5
      vertex 59.64 83.3 26
    endloop
  endfacet
  facet normal 1 -0 0
    outer loop
      vertex 59.64 83.3 19.5
      vertex 59.64 93.1 15
      vertex 59.64 85.9 19.5
    endloop
  endfacet
  facet normal 1 -0 0
    outer loop
      vertex 59.64 81.5 19.5
      vertex 59.64 93.1 15
      vertex 59.64 83.3 19.5
    endloop
  endfacet
  facet normal 1 0 0
    outer loop
      vertex 59.64 78.9 19.5
      vertex 59.64 81.5 19.5
      vertex 59.64 78.9 26
    endloop
  endfacet
  facet normal 1 -0 0
    outer loop
      vertex 59.64 78.9 19.5
      vertex 59.64 93.1 15
      vertex 59.64 81.5 19.5
    endloop
  endfacet
  facet normal 1 -0 0
    outer loop
      vertex 59.64 77.1 19.5
      vertex 59.64 93.1 15
      vertex 59.64 78.9 19.5
    endloop
  endfacet
  facet normal 1 0 0
    outer loop
      vertex 59.64 74.5 19.5
      vertex 59.64 77.1 19.5
      vertex 59.64 74.5 26
    endloop
  endfacet
  facet normal 1 -0 0
    outer loop
      vertex 59.64 74.5 19.5
      vertex 59.64 93.1 15
      vertex 59.64 77.1 19.5
    endloop
  endfacet
  facet normal 1 0 0
    outer loop
      vertex 59.64 56.45 15
      vertex 59.64 74.5 19.5
      vertex 59.64 72.7 19.5
    endloop
  endfacet
  facet normal 1 0 0
    outer loop
      vertex 59.64 70.1 19.5
      vertex 59.64 72.7 19.5
      vertex 59.64 70.1 26
    endloop
  endfacet
  facet normal 1 0 0
    outer loop
      vertex 59.64 56.45 15
      vertex 59.64 72.7 19.5
      vertex 59.64 70.1 19.5
    endloop
  endfacet
  facet normal 1 0 0
    outer loop
      vertex 59.64 56.45 15
      vertex 59.64 70.1 19.5
      vertex 59.64 68.3 19.5
    endloop
  endfacet
  facet normal 1 0 0
    outer loop
      vertex 59.64 65.7 19.5
      vertex 59.64 68.3 19.5
      vertex 59.64 65.7 26
    endloop
  endfacet
  facet normal 1 0 0
    outer loop
      vertex 59.64 56.45 15
      vertex 59.64 68.3 19.5
      vertex 59.64 65.7 19.5
    endloop
  endfacet
  facet normal 1 0 0
    outer loop
      vertex 59.64 56.45 15
      vertex 59.64 65.7 19.5
      vertex 59.64 63.9 19.5
    endloop
  endfacet
  facet normal 1 0 0
    outer loop
      vertex 59.64 61.3 19.5
      vertex 59.64 63.9 19.5
      vertex 59.64 61.3 26
    endloop
  endfacet
  facet normal 1 0 0
    outer loop
      vertex 59.64 56.45 15
      vertex 59.64 63.9 19.5
      vertex 59.64 61.3 19.5
    endloop
  endfacet
  facet normal 1 0 0
    outer loop
      vertex 59.64 56.45 15
      vertex 59.64 61.3 19.5
      vertex 59.64 59.5 19.5
    endloop
  endfacet
  facet normal 1 0 0
    outer loop
      vertex 59.64 56.9 19.5
      vertex 59.64 59.5 19.5
      vertex 59.64 56.9 26
    endloop
  endfacet
  facet normal 1 0 0
    outer loop
      vertex 59.64 56.45 15
      vertex 59.64 59.5 19.5
      vertex 59.64 56.9 19.5
    endloop
  endfacet
  facet normal 1 0 0
    outer loop
      vertex 59.64 56.45 15
      vertex 59.64 56.9 19.5
      vertex 59.64 56.45 19.5
    endloop
  endfacet
  facet normal 1 0 0
    outer loop
      vertex 59.64 74.5 19.5
      vertex 59.64 56.45 15
      vertex 59.64 93.1 15
    endloop
  endfacet
  facet normal 1 0 0
    outer loop
      vertex 59.64 55.1 23.6
      vertex 59.64 52.5 26
      vertex 59.64 52.5 23.6
    endloop
  endfacet
  facet normal 1 0 0
    outer loop
      vertex 59.64 40.45 15
      vertex 59.64 15.3 19.775
      vertex 59.64 15.3 15
    endloop
  endfacet
  facet normal 0.751724 0.659478 0
    outer loop
      vertex 59.0201 94.9263 28.05
      vertex 58.7613 95.2213 15
      vertex 58.7613 95.2213 28.05
    endloop
  endfacet
  facet normal 0.751724 0.659478 0
    outer loop
      vertex 58.7613 95.2213 15
      vertex 59.0201 94.9263 28.05
      vertex 59.0201 94.9263 15
    endloop
  endfacet
  facet normal -0.321582 0.946882 0
    outer loop
      vertex 2.22354 95.9978 15
      vertex 1.85195 95.8716 28.05
      vertex 2.22354 95.9978 28.05
    endloop
  endfacet
  facet normal -0.321582 0.946882 0
    outer loop
      vertex 1.85195 95.8716 28.05
      vertex 2.22354 95.9978 15
      vertex 1.85195 95.8716 15
    endloop
  endfacet
  facet normal 0.65939 -0.751801 0
    outer loop
      vertex 58.7613 0.878679 15
      vertex 58.4663 0.61994 24.1699
      vertex 58.4663 0.61994 15
    endloop
  endfacet
  facet normal 0.65939 -0.751801 0
    outer loop
      vertex 58.4663 0.61994 24.1699
      vertex 58.7613 0.878679 15
      vertex 58.7613 0.878679 24.4287
    endloop
  endfacet
  facet normal -0.896873 -0.442288 -0
    outer loop
      vertex 0.401923 1.5 25.05
      vertex 0.228361 1.85195 15
      vertex 0.401923 1.5 15
    endloop
  endfacet
  facet normal -0.896873 -0.442288 0
    outer loop
      vertex 0.228361 1.85195 15
      vertex 0.401923 1.5 25.05
      vertex 0.228361 1.85195 25.4019
    endloop
  endfacet
  facet normal 0.0653993 -0.997859 0
    outer loop
      vertex 56.64 0 20.327
      vertex 57.0316 0.0256653 23.5757
      vertex 56.64 0 23.55
    endloop
  endfacet
  facet normal 0.0654593 -0.997855 -7.26889e-06
    outer loop
      vertex 56.6567 0.00109617 20.2378
      vertex 57.0316 0.0256653 23.5757
      vertex 56.64 0 20.327
    endloop
  endfacet
  facet normal 0.0652072 -0.997872 2.11734e-05
    outer loop
      vertex 56.6656 0.00167675 20.1906
      vertex 57.0316 0.0256653 23.5757
      vertex 56.6567 0.00109617 20.2378
    endloop
  endfacet
  facet normal 0.0653433 -0.997863 6.38789e-06
    outer loop
      vertex 56.6686 0.00187289 20.1422
      vertex 57.0316 0.0256653 23.5757
      vertex 56.6656 0.00167675 20.1906
    endloop
  endfacet
  facet normal 0.0654236 -0.997858 -2.13297e-06
    outer loop
      vertex 56.7052 0.0042738 19.55
      vertex 57.0316 0.0256653 23.5757
      vertex 56.6686 0.00187289 20.1422
    endloop
  endfacet
  facet normal 0.0654254 -0.997857 2.01922e-06
    outer loop
      vertex 57.0316 0.0256653 15
      vertex 56.7052 0.0042738 19.55
      vertex 56.6686 0.00187289 18.9578
    endloop
  endfacet
  facet normal 0.0653378 -0.997863 -6.04664e-06
    outer loop
      vertex 57.0316 0.0256653 15
      vertex 56.6686 0.00187289 18.9578
      vertex 56.6656 0.00167675 18.9094
    endloop
  endfacet
  facet normal 0.0654628 -0.997855 6.61905e-06
    outer loop
      vertex 57.0316 0.0256653 15
      vertex 56.6567 0.00109617 18.8622
      vertex 56.64 0 18.773
    endloop
  endfacet
  facet normal 0.0653993 -0.997859 0
    outer loop
      vertex 57.0316 0.0256653 15
      vertex 56.64 0 18.773
      vertex 56.64 0 15
    endloop
  endfacet
  facet normal 0.0651971 -0.997872 -1.92759e-05
    outer loop
      vertex 56.6567 0.00109617 18.8622
      vertex 57.0316 0.0256653 15
      vertex 56.6656 0.00167675 18.9094
    endloop
  endfacet
  facet normal 0.0653974 -0.997859 0
    outer loop
      vertex 56.7052 0.0042738 19.55
      vertex 57.0316 0.0256653 15
      vertex 57.0316 0.0256653 23.5757
    endloop
  endfacet
  facet normal 0.980815 0.19494 0
    outer loop
      vertex 59.6143 93.4916 28.05
      vertex 59.5378 93.8765 15
      vertex 59.5378 93.8765 28.05
    endloop
  endfacet
  facet normal 0.980815 0.19494 0
    outer loop
      vertex 59.5378 93.8765 15
      vertex 59.6143 93.4916 28.05
      vertex 59.6143 93.4916 15
    endloop
  endfacet
  facet normal 0 1 -0
    outer loop
      vertex 12.4 96.1 19.5
      vertex 9.8 96.1 26
      vertex 12.4 96.1 26
    endloop
  endfacet
  facet normal 0 1 0
    outer loop
      vertex 9.8 96.1 26
      vertex 12.4 96.1 19.5
      vertex 9.8 96.1 19.5
    endloop
  endfacet
  facet normal 0 1 -0
    outer loop
      vertex 16.8 96.1 19.5
      vertex 14.2 96.1 26
      vertex 16.8 96.1 26
    endloop
  endfacet
  facet normal 0 1 0
    outer loop
      vertex 14.2 96.1 26
      vertex 16.8 96.1 19.5
      vertex 14.2 96.1 19.5
    endloop
  endfacet
  facet normal 0 1 -0
    outer loop
      vertex 21.2 96.1 19.5
      vertex 18.6 96.1 26
      vertex 21.2 96.1 26
    endloop
  endfacet
  facet normal 0 1 0
    outer loop
      vertex 18.6 96.1 26
      vertex 21.2 96.1 19.5
      vertex 18.6 96.1 19.5
    endloop
  endfacet
  facet normal 0 1 -0
    outer loop
      vertex 25.6 96.1 19.5
      vertex 23 96.1 26
      vertex 25.6 96.1 26
    endloop
  endfacet
  facet normal 0 1 0
    outer loop
      vertex 23 96.1 26
      vertex 25.6 96.1 19.5
      vertex 23 96.1 19.5
    endloop
  endfacet
  facet normal 0 1 -0
    outer loop
      vertex 30 96.1 19.5
      vertex 27.4 96.1 26
      vertex 30 96.1 26
    endloop
  endfacet
  facet normal 0 1 0
    outer loop
      vertex 27.4 96.1 26
      vertex 30 96.1 19.5
      vertex 27.4 96.1 19.5
    endloop
  endfacet
  facet normal 0 1 -0
    outer loop
      vertex 34.4 96.1 19.5
      vertex 31.8 96.1 26
      vertex 34.4 96.1 26
    endloop
  endfacet
  facet normal 0 1 0
    outer loop
      vertex 31.8 96.1 26
      vertex 34.4 96.1 19.5
      vertex 31.8 96.1 19.5
    endloop
  endfacet
  facet normal 0 1 -0
    outer loop
      vertex 38.8 96.1 19.5
      vertex 36.2 96.1 26
      vertex 38.8 96.1 26
    endloop
  endfacet
  facet normal 0 1 0
    outer loop
      vertex 36.2 96.1 26
      vertex 38.8 96.1 19.5
      vertex 36.2 96.1 19.5
    endloop
  endfacet
  facet normal 0 1 -0
    outer loop
      vertex 43.2 96.1 19.5
      vertex 40.6 96.1 26
      vertex 43.2 96.1 26
    endloop
  endfacet
  facet normal 0 1 0
    outer loop
      vertex 40.6 96.1 26
      vertex 43.2 96.1 19.5
      vertex 40.6 96.1 19.5
    endloop
  endfacet
  facet normal 0 1 -0
    outer loop
      vertex 47.6 96.1 19.5
      vertex 45 96.1 26
      vertex 47.6 96.1 26
    endloop
  endfacet
  facet normal 0 1 0
    outer loop
      vertex 45 96.1 26
      vertex 47.6 96.1 19.5
      vertex 45 96.1 19.5
    endloop
  endfacet
  facet normal 0 1 0
    outer loop
      vertex 47.6 96.1 26
      vertex 56.64 96.1 28.05
      vertex 49.4 96.1 26
    endloop
  endfacet
  facet normal 0 1 0
    outer loop
      vertex 56.64 96.1 28.05
      vertex 49.4 96.1 19.5
      vertex 49.4 96.1 26
    endloop
  endfacet
  facet normal 0 1 0
    outer loop
      vertex 56.64 96.1 15
      vertex 47.6 96.1 19.5
      vertex 49.4 96.1 19.5
    endloop
  endfacet
  facet normal 0 1 0
    outer loop
      vertex 47.6 96.1 19.5
      vertex 56.64 96.1 15
      vertex 45 96.1 19.5
    endloop
  endfacet
  facet normal 0 1 0
    outer loop
      vertex 45 96.1 19.5
      vertex 56.64 96.1 15
      vertex 43.2 96.1 19.5
    endloop
  endfacet
  facet normal 0 1 0
    outer loop
      vertex 43.2 96.1 19.5
      vertex 56.64 96.1 15
      vertex 40.6 96.1 19.5
    endloop
  endfacet
  facet normal 0 1 0
    outer loop
      vertex 40.6 96.1 19.5
      vertex 56.64 96.1 15
      vertex 38.8 96.1 19.5
    endloop
  endfacet
  facet normal 0 1 0
    outer loop
      vertex 38.8 96.1 19.5
      vertex 56.64 96.1 15
      vertex 36.2 96.1 19.5
    endloop
  endfacet
  facet normal 0 1 0
    outer loop
      vertex 36.2 96.1 19.5
      vertex 56.64 96.1 15
      vertex 34.4 96.1 19.5
    endloop
  endfacet
  facet normal 0 1 0
    outer loop
      vertex 34.4 96.1 19.5
      vertex 56.64 96.1 15
      vertex 31.8 96.1 19.5
    endloop
  endfacet
  facet normal 0 1 0
    outer loop
      vertex 31.8 96.1 19.5
      vertex 56.64 96.1 15
      vertex 30 96.1 19.5
    endloop
  endfacet
  facet normal 0 1 0
    outer loop
      vertex 3 96.1 15
      vertex 30 96.1 19.5
      vertex 56.64 96.1 15
    endloop
  endfacet
  facet normal 0 1 0
    outer loop
      vertex 30 96.1 19.5
      vertex 3 96.1 15
      vertex 27.4 96.1 19.5
    endloop
  endfacet
  facet normal 0 1 0
    outer loop
      vertex 27.4 96.1 19.5
      vertex 3 96.1 15
      vertex 25.6 96.1 19.5
    endloop
  endfacet
  facet normal 0 1 0
    outer loop
      vertex 25.6 96.1 19.5
      vertex 3 96.1 15
      vertex 23 96.1 19.5
    endloop
  endfacet
  facet normal 0 1 0
    outer loop
      vertex 23 96.1 19.5
      vertex 3 96.1 15
      vertex 21.2 96.1 19.5
    endloop
  endfacet
  facet normal 0 1 0
    outer loop
      vertex 21.2 96.1 19.5
      vertex 3 96.1 15
      vertex 18.6 96.1 19.5
    endloop
  endfacet
  facet normal 0 1 0
    outer loop
      vertex 18.6 96.1 19.5
      vertex 3 96.1 15
      vertex 16.8 96.1 19.5
    endloop
  endfacet
  facet normal 0 1 0
    outer loop
      vertex 16.8 96.1 19.5
      vertex 3 96.1 15
      vertex 14.2 96.1 19.5
    endloop
  endfacet
  facet normal 0 1 0
    outer loop
      vertex 12.4 96.1 19.5
      vertex 3 96.1 15
      vertex 9.8 96.1 19.5
    endloop
  endfacet
  facet normal 0 1 0
    outer loop
      vertex 14.2 96.1 19.5
      vertex 3 96.1 15
      vertex 12.4 96.1 19.5
    endloop
  endfacet
  facet normal 0 1 -0
    outer loop
      vertex 56.64 96.1 15
      vertex 49.4 96.1 19.5
      vertex 56.64 96.1 28.05
    endloop
  endfacet
  facet normal 0 1 0
    outer loop
      vertex 45 96.1 26
      vertex 56.64 96.1 28.05
      vertex 47.6 96.1 26
    endloop
  endfacet
  facet normal 0 1 0
    outer loop
      vertex 43.2 96.1 26
      vertex 56.64 96.1 28.05
      vertex 45 96.1 26
    endloop
  endfacet
  facet normal 0 1 0
    outer loop
      vertex 40.6 96.1 26
      vertex 56.64 96.1 28.05
      vertex 43.2 96.1 26
    endloop
  endfacet
  facet normal 0 1 0
    outer loop
      vertex 38.8 96.1 26
      vertex 56.64 96.1 28.05
      vertex 40.6 96.1 26
    endloop
  endfacet
  facet normal 0 1 0
    outer loop
      vertex 36.2 96.1 26
      vertex 56.64 96.1 28.05
      vertex 38.8 96.1 26
    endloop
  endfacet
  facet normal 0 1 0
    outer loop
      vertex 34.4 96.1 26
      vertex 56.64 96.1 28.05
      vertex 36.2 96.1 26
    endloop
  endfacet
  facet normal 0 1 0
    outer loop
      vertex 31.8 96.1 26
      vertex 56.64 96.1 28.05
      vertex 34.4 96.1 26
    endloop
  endfacet
  facet normal 0 1 0
    outer loop
      vertex 56.64 96.1 28.05
      vertex 31.8 96.1 26
      vertex 3 96.1 28.05
    endloop
  endfacet
  facet normal 0 1 -0
    outer loop
      vertex 30 96.1 26
      vertex 3 96.1 28.05
      vertex 31.8 96.1 26
    endloop
  endfacet
  facet normal 0 1 -0
    outer loop
      vertex 27.4 96.1 26
      vertex 3 96.1 28.05
      vertex 30 96.1 26
    endloop
  endfacet
  facet normal 0 1 -0
    outer loop
      vertex 25.6 96.1 26
      vertex 3 96.1 28.05
      vertex 27.4 96.1 26
    endloop
  endfacet
  facet normal 0 1 -0
    outer loop
      vertex 23 96.1 26
      vertex 3 96.1 28.05
      vertex 25.6 96.1 26
    endloop
  endfacet
  facet normal 0 1 -0
    outer loop
      vertex 21.2 96.1 26
      vertex 3 96.1 28.05
      vertex 23 96.1 26
    endloop
  endfacet
  facet normal 0 1 -0
    outer loop
      vertex 18.6 96.1 26
      vertex 3 96.1 28.05
      vertex 21.2 96.1 26
    endloop
  endfacet
  facet normal 0 1 -0
    outer loop
      vertex 16.8 96.1 26
      vertex 3 96.1 28.05
      vertex 18.6 96.1 26
    endloop
  endfacet
  facet normal 0 1 -0
    outer loop
      vertex 14.2 96.1 26
      vertex 3 96.1 28.05
      vertex 16.8 96.1 26
    endloop
  endfacet
  facet normal 0 1 -0
    outer loop
      vertex 12.4 96.1 26
      vertex 3 96.1 28.05
      vertex 14.2 96.1 26
    endloop
  endfacet
  facet normal 0 1 -0
    outer loop
      vertex 9.8 96.1 26
      vertex 3 96.1 28.05
      vertex 12.4 96.1 26
    endloop
  endfacet
  facet normal 0 1 -0
    outer loop
      vertex 8 96.1 26
      vertex 3 96.1 28.05
      vertex 9.8 96.1 26
    endloop
  endfacet
  facet normal 0 1 -0
    outer loop
      vertex 8 96.1 19.5
      vertex 3 96.1 28.05
      vertex 8 96.1 26
    endloop
  endfacet
  facet normal 0 1 0
    outer loop
      vertex 8 96.1 19.5
      vertex 3 96.1 15
      vertex 3 96.1 28.05
    endloop
  endfacet
  facet normal 0 1 0
    outer loop
      vertex 9.8 96.1 19.5
      vertex 3 96.1 15
      vertex 8 96.1 19.5
    endloop
  endfacet
  facet normal 0.0654873 0.997853 -0
    outer loop
      vertex 57.0316 96.0743 15
      vertex 56.64 96.1 28.05
      vertex 57.0316 96.0743 28.05
    endloop
  endfacet
  facet normal 0.0654873 0.997853 0
    outer loop
      vertex 56.64 96.1 28.05
      vertex 57.0316 96.0743 15
      vertex 56.64 96.1 15
    endloop
  endfacet
  facet normal 0.321651 0.946858 -0
    outer loop
      vertex 57.788 95.8716 15
      vertex 57.4165 95.9978 28.05
      vertex 57.788 95.8716 28.05
    endloop
  endfacet
  facet normal 0.321651 0.946858 0
    outer loop
      vertex 57.4165 95.9978 28.05
      vertex 57.788 95.8716 15
      vertex 57.4165 95.9978 15
    endloop
  endfacet
  facet normal 0.321512 -0.946905 0
    outer loop
      vertex 57.788 0.228361 15
      vertex 57.4165 0.102222 23.6522
      vertex 57.4165 0.102222 15
    endloop
  endfacet
  facet normal 0.321512 -0.946905 0
    outer loop
      vertex 57.4165 0.102222 23.6522
      vertex 57.788 0.228361 15
      vertex 57.788 0.228361 23.7784
    endloop
  endfacet
  facet normal -0.19495 0.980813 0
    outer loop
      vertex 2.60842 96.0743 15
      vertex 2.22354 95.9978 28.05
      vertex 2.60842 96.0743 28.05
    endloop
  endfacet
  facet normal -0.19495 0.980813 0
    outer loop
      vertex 2.22354 95.9978 28.05
      vertex 2.60842 96.0743 15
      vertex 2.22354 95.9978 15
    endloop
  endfacet
  facet normal -0.997859 -0.0654026 -0
    outer loop
      vertex 0.0256653 2.60842 26.1584
      vertex 0 3 15
      vertex 0.0256653 2.60842 15
    endloop
  endfacet
  facet normal -0.997859 -0.0654026 0
    outer loop
      vertex 0 3 15
      vertex 0.0256653 2.60842 26.1584
      vertex 0 3 26.55
    endloop
  endfacet
  facet normal -0.946905 0.321512 0
    outer loop
      vertex 0.102222 93.8765 15
      vertex 0.228361 94.248 28.05
      vertex 0.228361 94.248 15
    endloop
  endfacet
  facet normal -0.946905 0.321512 0
    outer loop
      vertex 0.228361 94.248 28.05
      vertex 0.102222 93.8765 15
      vertex 0.102222 93.8765 28.05
    endloop
  endfacet
  facet normal -0.980786 -0.195089 -0
    outer loop
      vertex 0.102222 2.22354 25.7735
      vertex 0.0256653 2.60842 15
      vertex 0.102222 2.22354 15
    endloop
  endfacet
  facet normal -0.980786 -0.195089 0
    outer loop
      vertex 0.0256653 2.60842 15
      vertex 0.102222 2.22354 25.7735
      vertex 0.0256653 2.60842 26.1584
    endloop
  endfacet
  facet normal 0.980813 -0.19495 0
    outer loop
      vertex 59.5378 2.22354 25.7735
      vertex 59.6143 2.60842 15
      vertex 59.6143 2.60842 26.1584
    endloop
  endfacet
  facet normal 0.980813 -0.19495 0
    outer loop
      vertex 59.6143 2.60842 15
      vertex 59.5378 2.22354 25.7735
      vertex 59.5378 2.22354 15
    endloop
  endfacet
  facet normal -0.831481 0.555553 0
    outer loop
      vertex 0.401923 94.6 15
      vertex 0.61994 94.9263 28.05
      vertex 0.61994 94.9263 15
    endloop
  endfacet
  facet normal -0.831481 0.555553 0
    outer loop
      vertex 0.61994 94.9263 28.05
      vertex 0.401923 94.6 15
      vertex 0.401923 94.6 28.05
    endloop
  endfacet
  facet normal 0.19494 0.980815 -0
    outer loop
      vertex 57.4165 95.9978 15
      vertex 57.0316 96.0743 28.05
      vertex 57.4165 95.9978 28.05
    endloop
  endfacet
  facet normal 0.19494 0.980815 0
    outer loop
      vertex 57.0316 96.0743 28.05
      vertex 57.4165 95.9978 15
      vertex 57.0316 96.0743 15
    endloop
  endfacet
  facet normal 0 -1 0
    outer loop
      vertex 3 0 23.55
      vertex 7.04238 0 22.15
      vertex 7.7252 0 23.55
    endloop
  endfacet
  facet normal 0 -1 0
    outer loop
      vertex 46.8909 0 19.55
      vertex 46.8424 0 22.15
      vertex 7.04238 0 22.15
    endloop
  endfacet
  facet normal 0 -1 0
    outer loop
      vertex 46.8424 0 22.15
      vertex 47.5486 0 22.0045
      vertex 47.575 0 22.0441
    endloop
  endfacet
  facet normal 0 -1 0
    outer loop
      vertex 46.8424 0 22.15
      vertex 47.2856 0 21.4713
      vertex 47.5486 0 22.0045
    endloop
  endfacet
  facet normal 0 -1 0
    outer loop
      vertex 46.8424 0 22.15
      vertex 47.2646 0 21.4286
      vertex 47.2856 0 21.4713
    endloop
  endfacet
  facet normal 0 -1 0
    outer loop
      vertex 46.8424 0 22.15
      vertex 47.2493 0 21.3836
      vertex 47.2646 0 21.4286
    endloop
  endfacet
  facet normal 0 -1 0
    outer loop
      vertex 46.8424 0 22.15
      vertex 47.0582 0 20.8206
      vertex 47.2493 0 21.3836
    endloop
  endfacet
  facet normal 0 -1 0
    outer loop
      vertex 46.8424 0 22.15
      vertex 47.0489 0 20.7739
      vertex 47.0582 0 20.8206
    endloop
  endfacet
  facet normal 0 -1 0
    outer loop
      vertex 46.8424 0 22.15
      vertex 46.9329 0 20.1908
      vertex 47.0489 0 20.7739
    endloop
  endfacet
  facet normal 0 -1 0
    outer loop
      vertex 46.8424 0 22.15
      vertex 46.894 0 19.5975
      vertex 46.9329 0 20.1908
    endloop
  endfacet
  facet normal 0 -1 0
    outer loop
      vertex 46.8424 0 22.15
      vertex 46.8909 0 19.55
      vertex 46.894 0 19.5975
    endloop
  endfacet
  facet normal 0 -1 0
    outer loop
      vertex 7.04238 0 22.15
      vertex 46.894 0 19.5025
      vertex 46.8909 0 19.55
    endloop
  endfacet
  facet normal 0 -1 0
    outer loop
      vertex 7.04238 0 22.15
      vertex 46.9329 0 18.9092
      vertex 46.894 0 19.5025
    endloop
  endfacet
  facet normal 0 -1 0
    outer loop
      vertex 7.04238 0 22.15
      vertex 47.0489 0 18.3261
      vertex 46.9329 0 18.9092
    endloop
  endfacet
  facet normal 0 -1 0
    outer loop
      vertex 7.04238 0 22.15
      vertex 47.0582 0 18.2794
      vertex 47.0489 0 18.3261
    endloop
  endfacet
  facet normal 0 -1 0
    outer loop
      vertex 7.04238 0 22.15
      vertex 47.0735 0 18.2344
      vertex 47.0582 0 18.2794
    endloop
  endfacet
  facet normal 0 -1 0
    outer loop
      vertex 7.04238 0 22.15
      vertex 47.2646 0 17.6714
      vertex 47.0735 0 18.2344
    endloop
  endfacet
  facet normal 0 -1 0
    outer loop
      vertex 7.04238 0 22.15
      vertex 47.2856 0 17.6287
      vertex 47.2646 0 17.6714
    endloop
  endfacet
  facet normal 0 -1 0
    outer loop
      vertex 7.04238 0 22.15
      vertex 47.5486 0 17.0955
      vertex 47.2856 0 17.6287
    endloop
  endfacet
  facet normal 0 -1 0
    outer loop
      vertex 3 0 15
      vertex 47.5486 0 17.0955
      vertex 7.04238 0 22.15
    endloop
  endfacet
  facet normal 0 -1 -0
    outer loop
      vertex 47.5486 0 17.0955
      vertex 3 0 15
      vertex 47.8789 0 16.6011
    endloop
  endfacet
  facet normal 0 -1 -0
    outer loop
      vertex 47.8789 0 16.6011
      vertex 3 0 15
      vertex 47.9054 0 16.5615
    endloop
  endfacet
  facet normal 0 -1 -0
    outer loop
      vertex 47.9054 0 16.5615
      vertex 3 0 15
      vertex 47.9367 0 16.5258
    endloop
  endfacet
  facet normal 0 -1 -0
    outer loop
      vertex 47.9367 0 16.5258
      vertex 3 0 15
      vertex 48.3287 0 16.0787
    endloop
  endfacet
  facet normal 0 -1 -0
    outer loop
      vertex 48.3287 0 16.0787
      vertex 3 0 15
      vertex 48.7758 0 15.6867
    endloop
  endfacet
  facet normal 0 -1 -0
    outer loop
      vertex 48.7758 0 15.6867
      vertex 3 0 15
      vertex 48.8115 0 15.6554
    endloop
  endfacet
  facet normal 0 -1 -0
    outer loop
      vertex 48.8115 0 15.6554
      vertex 3 0 15
      vertex 48.8511 0 15.6289
    endloop
  endfacet
  facet normal 0 -1 -0
    outer loop
      vertex 48.8511 0 15.6289
      vertex 3 0 15
      vertex 49.3455 0 15.2986
    endloop
  endfacet
  facet normal 0 -1 -0
    outer loop
      vertex 49.3455 0 15.2986
      vertex 3 0 15
      vertex 49.8787 0 15.0356
    endloop
  endfacet
  facet normal 0 -1 0
    outer loop
      vertex 3 0 15
      vertex 7.04238 0 22.15
      vertex 3 0 23.55
    endloop
  endfacet
  facet normal 0 -1 -0
    outer loop
      vertex 49.8787 0 15.0356
      vertex 3 0 15
      vertex 49.9214 0 15.0146
    endloop
  endfacet
  facet normal 0 -1 -0
    outer loop
      vertex 49.9214 0 15.0146
      vertex 3 0 15
      vertex 49.9644 0 15
    endloop
  endfacet
  facet normal 0 -1 0
    outer loop
      vertex 47.5252 0 23.55
      vertex 48.8511 0 23.4711
      vertex 48.9692 0 23.55
    endloop
  endfacet
  facet normal 0 -1 0
    outer loop
      vertex 47.5252 0 23.55
      vertex 48.8115 0 23.4446
      vertex 48.8511 0 23.4711
    endloop
  endfacet
  facet normal 0 -1 0
    outer loop
      vertex 47.5252 0 23.55
      vertex 48.7758 0 23.4133
      vertex 48.8115 0 23.4446
    endloop
  endfacet
  facet normal 0 -1 0
    outer loop
      vertex 47.5252 0 23.55
      vertex 48.3287 0 23.0213
      vertex 48.7758 0 23.4133
    endloop
  endfacet
  facet normal 0 -1 0
    outer loop
      vertex 47.5252 0 23.55
      vertex 48.2974 0 22.9855
      vertex 48.3287 0 23.0213
    endloop
  endfacet
  facet normal 0 -1 0
    outer loop
      vertex 47.5252 0 23.55
      vertex 47.9054 0 22.5385
      vertex 48.2974 0 22.9855
    endloop
  endfacet
  facet normal 0 -1 0
    outer loop
      vertex 46.8424 0 22.15
      vertex 47.9054 0 22.5385
      vertex 47.5252 0 23.55
    endloop
  endfacet
  facet normal 0 -1 0
    outer loop
      vertex 47.9054 0 22.5385
      vertex 46.8424 0 22.15
      vertex 47.575 0 22.0441
    endloop
  endfacet
  facet normal 0 -1 0
    outer loop
      vertex 54.7885 0 23.4446
      vertex 56.64 0 23.55
      vertex 54.6308 0 23.55
    endloop
  endfacet
  facet normal 0 -1 0
    outer loop
      vertex 54.8242 0 23.4133
      vertex 56.64 0 23.55
      vertex 54.7885 0 23.4446
    endloop
  endfacet
  facet normal 0 -1 0
    outer loop
      vertex 55.2713 0 23.0213
      vertex 56.64 0 23.55
      vertex 54.8242 0 23.4133
    endloop
  endfacet
  facet normal 0 -1 0
    outer loop
      vertex 55.6633 0 22.5742
      vertex 56.64 0 23.55
      vertex 55.2713 0 23.0213
    endloop
  endfacet
  facet normal 0 -1 0
    outer loop
      vertex 55.6946 0 22.5385
      vertex 56.64 0 23.55
      vertex 55.6633 0 22.5742
    endloop
  endfacet
  facet normal 0 -1 0
    outer loop
      vertex 56.025 0 22.0441
      vertex 56.64 0 23.55
      vertex 55.6946 0 22.5385
    endloop
  endfacet
  facet normal 0 -1 0
    outer loop
      vertex 56.0514 0 22.0045
      vertex 56.64 0 23.55
      vertex 56.025 0 22.0441
    endloop
  endfacet
  facet normal 0 -1 0
    outer loop
      vertex 56.0724 0 21.9619
      vertex 56.64 0 23.55
      vertex 56.0514 0 22.0045
    endloop
  endfacet
  facet normal 0 -1 0
    outer loop
      vertex 56.3354 0 21.4286
      vertex 56.64 0 23.55
      vertex 56.0724 0 21.9619
    endloop
  endfacet
  facet normal 0 -1 0
    outer loop
      vertex 56.3507 0 21.3836
      vertex 56.64 0 23.55
      vertex 56.3354 0 21.4286
    endloop
  endfacet
  facet normal 0 -1 0
    outer loop
      vertex 56.5418 0 20.8206
      vertex 56.64 0 23.55
      vertex 56.3507 0 21.3836
    endloop
  endfacet
  facet normal 0 -1 -0
    outer loop
      vertex 56.64 0 23.55
      vertex 56.5418 0 20.8206
      vertex 56.64 0 20.327
    endloop
  endfacet
  facet normal 0 -1 0
    outer loop
      vertex 56.64 0 15
      vertex 56.3507 0 17.7164
      vertex 56.3354 0 17.6714
    endloop
  endfacet
  facet normal 0 -1 0
    outer loop
      vertex 56.64 0 15
      vertex 55.7211 0 16.6011
      vertex 55.6946 0 16.5615
    endloop
  endfacet
  facet normal 0 -1 0
    outer loop
      vertex 56.64 0 15
      vertex 55.6633 0 16.5258
      vertex 55.2713 0 16.0787
    endloop
  endfacet
  facet normal 0 -1 0
    outer loop
      vertex 56.64 0 15
      vertex 55.2355 0 16.0474
      vertex 54.7885 0 15.6554
    endloop
  endfacet
  facet normal 0 -1 0
    outer loop
      vertex 56.64 0 15
      vertex 53.7213 0 15.0356
      vertex 53.6786 0 15.0146
    endloop
  endfacet
  facet normal 0 -1 0
    outer loop
      vertex 56.5418 0 18.2794
      vertex 56.64 0 15
      vertex 56.64 0 18.773
    endloop
  endfacet
  facet normal 0 -1 0
    outer loop
      vertex 56.3507 0 17.7164
      vertex 56.64 0 15
      vertex 56.5418 0 18.2794
    endloop
  endfacet
  facet normal 0 -1 0
    outer loop
      vertex 56.0724 0 17.1381
      vertex 56.64 0 15
      vertex 56.3354 0 17.6714
    endloop
  endfacet
  facet normal 0 -1 0
    outer loop
      vertex 56.0514 0 17.0955
      vertex 56.64 0 15
      vertex 56.0724 0 17.1381
    endloop
  endfacet
  facet normal 0 -1 0
    outer loop
      vertex 55.7211 0 16.6011
      vertex 56.64 0 15
      vertex 56.0514 0 17.0955
    endloop
  endfacet
  facet normal 0 -1 0
    outer loop
      vertex 55.6633 0 16.5258
      vertex 56.64 0 15
      vertex 55.6946 0 16.5615
    endloop
  endfacet
  facet normal 0 -1 0
    outer loop
      vertex 55.2355 0 16.0474
      vertex 56.64 0 15
      vertex 55.2713 0 16.0787
    endloop
  endfacet
  facet normal 0 -1 0
    outer loop
      vertex 54.2941 0 15.325
      vertex 56.64 0 15
      vertex 54.7885 0 15.6554
    endloop
  endfacet
  facet normal 0 -1 0
    outer loop
      vertex 54.2545 0 15.2986
      vertex 56.64 0 15
      vertex 54.2941 0 15.325
    endloop
  endfacet
  facet normal 0 -1 0
    outer loop
      vertex 53.7213 0 15.0356
      vertex 56.64 0 15
      vertex 54.2545 0 15.2986
    endloop
  endfacet
  facet normal 0 -1 0
    outer loop
      vertex 56.64 0 15
      vertex 53.6786 0 15.0146
      vertex 53.6356 0 15
    endloop
  endfacet
  facet normal -0.321442 -0.946929 0
    outer loop
      vertex 1.85195 0.228361 15
      vertex 2.22354 0.102222 23.6522
      vertex 1.85195 0.228361 23.7784
    endloop
  endfacet
  facet normal -0.321442 -0.946929 -0
    outer loop
      vertex 2.22354 0.102222 23.6522
      vertex 1.85195 0.228361 15
      vertex 2.22354 0.102222 15
    endloop
  endfacet
  facet normal -0.946929 -0.321442 -0
    outer loop
      vertex 0.228361 1.85195 25.4019
      vertex 0.102222 2.22354 15
      vertex 0.228361 1.85195 15
    endloop
  endfacet
  facet normal -0.946929 -0.321442 0
    outer loop
      vertex 0.102222 2.22354 15
      vertex 0.228361 1.85195 25.4019
      vertex 0.102222 2.22354 25.7735
    endloop
  endfacet
  facet normal 0.555553 -0.831481 0
    outer loop
      vertex 58.4663 0.61994 15
      vertex 58.14 0.401923 23.9519
      vertex 58.14 0.401923 15
    endloop
  endfacet
  facet normal 0.555553 -0.831481 0
    outer loop
      vertex 58.14 0.401923 23.9519
      vertex 58.4663 0.61994 15
      vertex 58.4663 0.61994 24.1699
    endloop
  endfacet
  facet normal 0.946858 0.321651 0
    outer loop
      vertex 59.5378 93.8765 28.05
      vertex 59.4116 94.248 15
      vertex 59.4116 94.248 28.05
    endloop
  endfacet
  facet normal 0.946858 0.321651 0
    outer loop
      vertex 59.4116 94.248 15
      vertex 59.5378 93.8765 28.05
      vertex 59.5378 93.8765 15
    endloop
  endfacet
  facet normal 0.896936 -0.44216 0
    outer loop
      vertex 59.2381 1.5 25.05
      vertex 59.4116 1.85195 15
      vertex 59.4116 1.85195 25.4019
    endloop
  endfacet
  facet normal 0.896936 -0.44216 0
    outer loop
      vertex 59.4116 1.85195 15
      vertex 59.2381 1.5 25.05
      vertex 59.2381 1.5 15
    endloop
  endfacet
  facet normal 0.751769 -0.659426 0
    outer loop
      vertex 58.7613 0.878679 24.4287
      vertex 59.0201 1.17372 15
      vertex 59.0201 1.17372 24.7237
    endloop
  endfacet
  facet normal 0.751769 -0.659426 0
    outer loop
      vertex 59.0201 1.17372 15
      vertex 58.7613 0.878679 24.4287
      vertex 58.7613 0.878679 15
    endloop
  endfacet
  facet normal 0.997853 -0.0654906 0
    outer loop
      vertex 59.6143 2.60842 26.1584
      vertex 59.64 3 15
      vertex 59.64 3 26.55
    endloop
  endfacet
  facet normal 0.997853 -0.0654906 0
    outer loop
      vertex 59.64 3 15
      vertex 59.6143 2.60842 26.1584
      vertex 59.6143 2.60842 15
    endloop
  endfacet
  facet normal -0.0654026 -0.997859 0
    outer loop
      vertex 2.60842 0.0256653 15
      vertex 3 0 23.55
      vertex 2.60842 0.0256653 23.5757
    endloop
  endfacet
  facet normal -0.0654026 -0.997859 -0
    outer loop
      vertex 3 0 23.55
      vertex 2.60842 0.0256653 15
      vertex 3 0 15
    endloop
  endfacet
  facet normal 0.946882 -0.321582 0
    outer loop
      vertex 59.4116 1.85195 25.4019
      vertex 59.5378 2.22354 15
      vertex 59.5378 2.22354 25.7735
    endloop
  endfacet
  facet normal 0.946882 -0.321582 0
    outer loop
      vertex 59.5378 2.22354 15
      vertex 59.4116 1.85195 25.4019
      vertex 59.4116 1.85195 15
    endloop
  endfacet
  facet normal 0.555523 0.831501 -0
    outer loop
      vertex 58.4663 95.4801 15
      vertex 58.14 95.6981 28.05
      vertex 58.4663 95.4801 28.05
    endloop
  endfacet
  facet normal 0.555523 0.831501 0
    outer loop
      vertex 58.14 95.6981 28.05
      vertex 58.4663 95.4801 15
      vertex 58.14 95.6981 15
    endloop
  endfacet
  facet normal 0.997853 0.0654873 0
    outer loop
      vertex 59.64 93.1 28.05
      vertex 59.6143 93.4916 15
      vertex 59.6143 93.4916 28.05
    endloop
  endfacet
  facet normal 0.997853 0.0654873 0
    outer loop
      vertex 59.6143 93.4916 15
      vertex 59.64 93.1 28.05
      vertex 59.64 93.1 15
    endloop
  endfacet
  facet normal -0.980788 0.195079 0
    outer loop
      vertex 0.0256653 93.4916 15
      vertex 0.102222 93.8765 28.05
      vertex 0.102222 93.8765 15
    endloop
  endfacet
  facet normal -0.980788 0.195079 0
    outer loop
      vertex 0.102222 93.8765 28.05
      vertex 0.0256653 93.4916 15
      vertex 0.0256653 93.4916 28.05
    endloop
  endfacet
  facet normal 0.44211 0.896961 -0
    outer loop
      vertex 58.14 95.6981 15
      vertex 57.788 95.8716 28.05
      vertex 58.14 95.6981 28.05
    endloop
  endfacet
  facet normal 0.44211 0.896961 0
    outer loop
      vertex 57.788 95.8716 28.05
      vertex 58.14 95.6981 15
      vertex 57.788 95.8716 15
    endloop
  endfacet
  facet normal -0.997859 0.0653993 0
    outer loop
      vertex 0 93.1 15
      vertex 0.0256653 93.4916 28.05
      vertex 0.0256653 93.4916 15
    endloop
  endfacet
  facet normal -0.997859 0.0653993 0
    outer loop
      vertex 0.0256653 93.4916 28.05
      vertex 0 93.1 15
      vertex 0 93.1 28.05
    endloop
  endfacet
  facet normal -0.751801 0.65939 0
    outer loop
      vertex 0.61994 94.9263 15
      vertex 0.878679 95.2213 28.05
      vertex 0.878679 95.2213 15
    endloop
  endfacet
  facet normal -0.751801 0.65939 0
    outer loop
      vertex 0.878679 95.2213 28.05
      vertex 0.61994 94.9263 15
      vertex 0.61994 94.9263 28.05
    endloop
  endfacet
  facet normal 0.831485 -0.555547 0
    outer loop
      vertex 59.0201 1.17372 24.7237
      vertex 59.2381 1.5 15
      vertex 59.2381 1.5 25.05
    endloop
  endfacet
  facet normal 0.831485 -0.555547 0
    outer loop
      vertex 59.2381 1.5 15
      vertex 59.0201 1.17372 24.7237
      vertex 59.0201 1.17372 15
    endloop
  endfacet
  facet normal -0.896898 0.442237 0
    outer loop
      vertex 0.228361 94.248 15
      vertex 0.401923 94.6 28.05
      vertex 0.401923 94.6 15
    endloop
  endfacet
  facet normal -0.896898 0.442237 0
    outer loop
      vertex 0.401923 94.6 28.05
      vertex 0.228361 94.248 15
      vertex 0.228361 94.248 28.05
    endloop
  endfacet
  facet normal -0.751846 -0.659339 -0
    outer loop
      vertex 0.878679 0.878679 24.4287
      vertex 0.61994 1.17372 15
      vertex 0.878679 0.878679 15
    endloop
  endfacet
  facet normal -0.751846 -0.659339 0
    outer loop
      vertex 0.61994 1.17372 15
      vertex 0.878679 0.878679 24.4287
      vertex 0.61994 1.17372 24.7237
    endloop
  endfacet
  facet normal -0.442288 -0.896873 0
    outer loop
      vertex 1.5 0.401923 15
      vertex 1.85195 0.228361 23.7784
      vertex 1.5 0.401923 23.9519
    endloop
  endfacet
  facet normal -0.442288 -0.896873 -0
    outer loop
      vertex 1.85195 0.228361 23.7784
      vertex 1.5 0.401923 15
      vertex 1.85195 0.228361 15
    endloop
  endfacet
  facet normal -0.659426 0.751769 0
    outer loop
      vertex 1.17372 95.4801 15
      vertex 0.878679 95.2213 28.05
      vertex 1.17372 95.4801 28.05
    endloop
  endfacet
  facet normal -0.659426 0.751769 0
    outer loop
      vertex 0.878679 95.2213 28.05
      vertex 1.17372 95.4801 15
      vertex 0.878679 95.2213 15
    endloop
  endfacet
  facet normal -0.555547 0.831485 0
    outer loop
      vertex 1.5 95.6981 15
      vertex 1.17372 95.4801 28.05
      vertex 1.5 95.6981 28.05
    endloop
  endfacet
  facet normal -0.555547 0.831485 0
    outer loop
      vertex 1.17372 95.4801 28.05
      vertex 1.5 95.6981 15
      vertex 1.17372 95.4801 15
    endloop
  endfacet
  facet normal 0.442237 -0.896898 0
    outer loop
      vertex 58.14 0.401923 15
      vertex 57.788 0.228361 23.7784
      vertex 57.788 0.228361 15
    endloop
  endfacet
  facet normal 0.442237 -0.896898 0
    outer loop
      vertex 57.788 0.228361 23.7784
      vertex 58.14 0.401923 15
      vertex 58.14 0.401923 23.9519
    endloop
  endfacet
  facet normal -0.44216 0.896936 0
    outer loop
      vertex 1.85195 95.8716 15
      vertex 1.5 95.6981 28.05
      vertex 1.85195 95.8716 28.05
    endloop
  endfacet
  facet normal -0.44216 0.896936 0
    outer loop
      vertex 1.5 95.6981 28.05
      vertex 1.85195 95.8716 15
      vertex 1.5 95.6981 15
    endloop
  endfacet
  facet normal -0.831465 -0.555577 -0
    outer loop
      vertex 0.61994 1.17372 24.7237
      vertex 0.401923 1.5 15
      vertex 0.61994 1.17372 15
    endloop
  endfacet
  facet normal -0.831465 -0.555577 0
    outer loop
      vertex 0.401923 1.5 15
      vertex 0.61994 1.17372 24.7237
      vertex 0.401923 1.5 25.05
    endloop
  endfacet
  facet normal 0 0 1
    outer loop
      vertex 51.62 49.589 28.05
      vertex 48.527 12.078 28.05
      vertex 49.84 12.078 28.05
    endloop
  endfacet
  facet normal 0 0 1
    outer loop
      vertex 48.527 12.078 28.05
      vertex 46.527 12.078 28.05
      vertex 48.527 11.978 28.05
    endloop
  endfacet
  facet normal 0 0 1
    outer loop
      vertex 51.62 49.589 28.05
      vertex 46.527 12.078 28.05
      vertex 48.527 12.078 28.05
    endloop
  endfacet
  facet normal 0 0 1
    outer loop
      vertex 51.62 49.589 28.05
      vertex 44.527 12.078 28.05
      vertex 46.527 12.078 28.05
    endloop
  endfacet
  facet normal 0 0 1
    outer loop
      vertex 44.527 12.078 28.05
      vertex 42.527 12.078 28.05
      vertex 44.527 11.978 28.05
    endloop
  endfacet
  facet normal 0 0 1
    outer loop
      vertex 51.62 49.589 28.05
      vertex 42.527 12.078 28.05
      vertex 44.527 12.078 28.05
    endloop
  endfacet
  facet normal 0 0 1
    outer loop
      vertex 51.62 49.589 28.05
      vertex 40.527 12.078 28.05
      vertex 42.527 12.078 28.05
    endloop
  endfacet
  facet normal 0 0 1
    outer loop
      vertex 40.527 12.078 28.05
      vertex 38.527 12.078 28.05
      vertex 40.527 11.978 28.05
    endloop
  endfacet
  facet normal 0 0 1
    outer loop
      vertex 51.62 49.589 28.05
      vertex 38.527 12.078 28.05
      vertex 40.527 12.078 28.05
    endloop
  endfacet
  facet normal 0 0 1
    outer loop
      vertex 51.62 49.589 28.05
      vertex 36.527 12.078 28.05
      vertex 38.527 12.078 28.05
    endloop
  endfacet
  facet normal 0 0 1
    outer loop
      vertex 36.527 12.078 28.05
      vertex 34.527 12.078 28.05
      vertex 36.527 11.978 28.05
    endloop
  endfacet
  facet normal 0 0 1
    outer loop
      vertex 51.62 49.589 28.05
      vertex 34.527 12.078 28.05
      vertex 36.527 12.078 28.05
    endloop
  endfacet
  facet normal 0 0 1
    outer loop
      vertex 51.62 49.589 28.05
      vertex 32.527 12.078 28.05
      vertex 34.527 12.078 28.05
    endloop
  endfacet
  facet normal 0 0 1
    outer loop
      vertex 32.527 12.078 28.05
      vertex 30.527 12.078 28.05
      vertex 32.527 11.978 28.05
    endloop
  endfacet
  facet normal 0 0 1
    outer loop
      vertex 51.62 49.589 28.05
      vertex 30.527 12.078 28.05
      vertex 32.527 12.078 28.05
    endloop
  endfacet
  facet normal -0 0 1
    outer loop
      vertex 8.02001 49.589 28.05
      vertex 30.527 12.078 28.05
      vertex 51.62 49.589 28.05
    endloop
  endfacet
  facet normal 0 0 1
    outer loop
      vertex 28.527 12.078 28.05
      vertex 26.527 12.078 28.05
      vertex 28.527 11.978 28.05
    endloop
  endfacet
  facet normal 0 0 1
    outer loop
      vertex 30.527 12.078 28.05
      vertex 8.02001 49.589 28.05
      vertex 28.527 12.078 28.05
    endloop
  endfacet
  facet normal 0 0 1
    outer loop
      vertex 28.527 12.078 28.05
      vertex 8.02001 49.589 28.05
      vertex 26.527 12.078 28.05
    endloop
  endfacet
  facet normal 0 0 1
    outer loop
      vertex 24.527 12.078 28.05
      vertex 22.527 12.078 28.05
      vertex 24.527 11.978 28.05
    endloop
  endfacet
  facet normal 0 0 1
    outer loop
      vertex 26.527 12.078 28.05
      vertex 8.02001 49.589 28.05
      vertex 24.527 12.078 28.05
    endloop
  endfacet
  facet normal 0 0 1
    outer loop
      vertex 24.527 12.078 28.05
      vertex 8.02001 49.589 28.05
      vertex 22.527 12.078 28.05
    endloop
  endfacet
  facet normal 0 0 1
    outer loop
      vertex 20.527 12.078 28.05
      vertex 18.527 12.078 28.05
      vertex 20.527 11.978 28.05
    endloop
  endfacet
  facet normal 0 0 1
    outer loop
      vertex 22.527 12.078 28.05
      vertex 8.02001 49.589 28.05
      vertex 20.527 12.078 28.05
    endloop
  endfacet
  facet normal 0 0 1
    outer loop
      vertex 20.527 12.078 28.05
      vertex 8.02001 49.589 28.05
      vertex 18.527 12.078 28.05
    endloop
  endfacet
  facet normal 0 0 1
    outer loop
      vertex 16.527 12.078 28.05
      vertex 14.527 12.078 28.05
      vertex 16.527 11.978 28.05
    endloop
  endfacet
  facet normal 0 0 1
    outer loop
      vertex 18.527 12.078 28.05
      vertex 8.02001 49.589 28.05
      vertex 16.527 12.078 28.05
    endloop
  endfacet
  facet normal 0 0 1
    outer loop
      vertex 16.527 12.078 28.05
      vertex 8.02001 49.589 28.05
      vertex 14.527 12.078 28.05
    endloop
  endfacet
  facet normal 0 0 1
    outer loop
      vertex 12.527 12.078 28.05
      vertex 10.527 12.078 28.05
      vertex 12.527 11.978 28.05
    endloop
  endfacet
  facet normal 0 0 1
    outer loop
      vertex 14.527 12.078 28.05
      vertex 8.02001 49.589 28.05
      vertex 12.527 12.078 28.05
    endloop
  endfacet
  facet normal 0 0 1
    outer loop
      vertex 12.527 12.078 28.05
      vertex 8.02001 49.589 28.05
      vertex 10.527 12.078 28.05
    endloop
  endfacet
  facet normal 0 0 1
    outer loop
      vertex 10.527 12.078 28.05
      vertex 8.02001 49.589 28.05
      vertex 9.82 12.078 28.05
    endloop
  endfacet
  facet normal 0 0 1
    outer loop
      vertex 7.86338 49.5993 28.05
      vertex 9.82 12.078 28.05
      vertex 8.02001 49.589 28.05
    endloop
  endfacet
  facet normal 0 0 1
    outer loop
      vertex 7.70943 49.6299 28.05
      vertex 9.82 12.078 28.05
      vertex 7.86338 49.5993 28.05
    endloop
  endfacet
  facet normal 0 0 1
    outer loop
      vertex 7.5608 49.6804 28.05
      vertex 9.82 12.078 28.05
      vertex 7.70943 49.6299 28.05
    endloop
  endfacet
  facet normal 0 0 1
    outer loop
      vertex 7.42001 49.7498 28.05
      vertex 9.82 12.078 28.05
      vertex 7.5608 49.6804 28.05
    endloop
  endfacet
  facet normal 0 0 1
    outer loop
      vertex 7.2895 49.837 28.05
      vertex 9.82 12.078 28.05
      vertex 7.42001 49.7498 28.05
    endloop
  endfacet
  facet normal 0 0 1
    outer loop
      vertex 7.17149 49.9405 28.05
      vertex 9.82 12.078 28.05
      vertex 7.2895 49.837 28.05
    endloop
  endfacet
  facet normal 0 0 1
    outer loop
      vertex 9.82 12.078 28.05
      vertex 7.17149 49.9405 28.05
      vertex 0 4.5 28.05
    endloop
  endfacet
  facet normal 0 0 1
    outer loop
      vertex 0 4.5 28.05
      vertex 7.17149 49.9405 28.05
      vertex 7.06799 50.0585 28.05
    endloop
  endfacet
  facet normal 0 0 1
    outer loop
      vertex 0 4.5 28.05
      vertex 7.06799 50.0585 28.05
      vertex 6.98078 50.189 28.05
    endloop
  endfacet
  facet normal 0 0 1
    outer loop
      vertex 0 4.5 28.05
      vertex 6.98078 50.189 28.05
      vertex 6.91135 50.3298 28.05
    endloop
  endfacet
  facet normal 0 0 1
    outer loop
      vertex 0 4.5 28.05
      vertex 6.91135 50.3298 28.05
      vertex 6.86091 50.4784 28.05
    endloop
  endfacet
  facet normal 0 0 1
    outer loop
      vertex 0 4.5 28.05
      vertex 6.86091 50.4784 28.05
      vertex 6.83028 50.6324 28.05
    endloop
  endfacet
  facet normal 0 0 1
    outer loop
      vertex 0 4.5 28.05
      vertex 6.83028 50.6324 28.05
      vertex 6.82001 50.789 28.05
    endloop
  endfacet
  facet normal 0 0 1
    outer loop
      vertex 6.82001 57.389 28.05
      vertex 0 93.1 28.05
      vertex 6.82001 50.789 28.05
    endloop
  endfacet
  facet normal 0 0 1
    outer loop
      vertex 0 93.1 28.05
      vertex 3 96.1 28.05
      vertex 2.60842 96.0743 28.05
    endloop
  endfacet
  facet normal 0 0 1
    outer loop
      vertex 0 93.1 28.05
      vertex 2.60842 96.0743 28.05
      vertex 2.22354 95.9978 28.05
    endloop
  endfacet
  facet normal 0 0 1
    outer loop
      vertex 0 93.1 28.05
      vertex 2.22354 95.9978 28.05
      vertex 1.85195 95.8716 28.05
    endloop
  endfacet
  facet normal 0 0 1
    outer loop
      vertex 0 93.1 28.05
      vertex 1.85195 95.8716 28.05
      vertex 1.5 95.6981 28.05
    endloop
  endfacet
  facet normal 0 0 1
    outer loop
      vertex 0 93.1 28.05
      vertex 1.5 95.6981 28.05
      vertex 1.17372 95.4801 28.05
    endloop
  endfacet
  facet normal 0 0 1
    outer loop
      vertex 0 93.1 28.05
      vertex 1.17372 95.4801 28.05
      vertex 0.878679 95.2213 28.05
    endloop
  endfacet
  facet normal 0 0 1
    outer loop
      vertex 0 93.1 28.05
      vertex 0.878679 95.2213 28.05
      vertex 0.61994 94.9263 28.05
    endloop
  endfacet
  facet normal 0 0 1
    outer loop
      vertex 0 93.1 28.05
      vertex 0.61994 94.9263 28.05
      vertex 0.401923 94.6 28.05
    endloop
  endfacet
  facet normal 0 0 1
    outer loop
      vertex 0 93.1 28.05
      vertex 0.401923 94.6 28.05
      vertex 0.228361 94.248 28.05
    endloop
  endfacet
  facet normal 0 0 1
    outer loop
      vertex 0 93.1 28.05
      vertex 0.228361 94.248 28.05
      vertex 0.102222 93.8765 28.05
    endloop
  endfacet
  facet normal 0 0 1
    outer loop
      vertex 0 93.1 28.05
      vertex 0.102222 93.8765 28.05
      vertex 0.0256653 93.4916 28.05
    endloop
  endfacet
  facet normal 0 0 1
    outer loop
      vertex 0 4.5 28.05
      vertex 6.82001 50.789 28.05
      vertex 0 93.1 28.05
    endloop
  endfacet
  facet normal 0 0 1
    outer loop
      vertex 9.82 12.078 28.05
      vertex 0 4.5 28.05
      vertex 9.82 4.5 28.05
    endloop
  endfacet
  facet normal 0 0 1
    outer loop
      vertex 59.64 93.1 28.05
      vertex 52.8097 57.5456 28.05
      vertex 52.82 57.389 28.05
    endloop
  endfacet
  facet normal 0 0 1
    outer loop
      vertex 59.64 93.1 28.05
      vertex 52.7791 57.6996 28.05
      vertex 52.8097 57.5456 28.05
    endloop
  endfacet
  facet normal 0 0 1
    outer loop
      vertex 59.64 93.1 28.05
      vertex 52.7286 57.8482 28.05
      vertex 52.7791 57.6996 28.05
    endloop
  endfacet
  facet normal 0 0 1
    outer loop
      vertex 59.64 93.1 28.05
      vertex 52.6592 57.989 28.05
      vertex 52.7286 57.8482 28.05
    endloop
  endfacet
  facet normal 0 0 1
    outer loop
      vertex 59.64 93.1 28.05
      vertex 52.572 58.1195 28.05
      vertex 52.6592 57.989 28.05
    endloop
  endfacet
  facet normal 0 0 1
    outer loop
      vertex 59.64 93.1 28.05
      vertex 52.4685 58.2375 28.05
      vertex 52.572 58.1195 28.05
    endloop
  endfacet
  facet normal 0 0 1
    outer loop
      vertex 59.64 93.1 28.05
      vertex 52.3505 58.341 28.05
      vertex 52.4685 58.2375 28.05
    endloop
  endfacet
  facet normal 0 0 1
    outer loop
      vertex 59.64 93.1 28.05
      vertex 52.22 58.4282 28.05
      vertex 52.3505 58.341 28.05
    endloop
  endfacet
  facet normal 0 0 1
    outer loop
      vertex 59.64 93.1 28.05
      vertex 52.0792 58.4976 28.05
      vertex 52.22 58.4282 28.05
    endloop
  endfacet
  facet normal 0 0 1
    outer loop
      vertex 59.64 93.1 28.05
      vertex 51.9306 58.5481 28.05
      vertex 52.0792 58.4976 28.05
    endloop
  endfacet
  facet normal 0 0 1
    outer loop
      vertex 59.64 93.1 28.05
      vertex 51.7766 58.5787 28.05
      vertex 51.9306 58.5481 28.05
    endloop
  endfacet
  facet normal 0 0 1
    outer loop
      vertex 59.64 93.1 28.05
      vertex 51.62 58.589 28.05
      vertex 51.7766 58.5787 28.05
    endloop
  endfacet
  facet normal 0 0 1
    outer loop
      vertex 56.64 96.1 28.05
      vertex 8.02001 58.589 28.05
      vertex 51.62 58.589 28.05
    endloop
  endfacet
  facet normal -0 0 1
    outer loop
      vertex 3 96.1 28.05
      vertex 8.02001 58.589 28.05
      vertex 56.64 96.1 28.05
    endloop
  endfacet
  facet normal -0 0 1
    outer loop
      vertex 0 93.1 28.05
      vertex 8.02001 58.589 28.05
      vertex 3 96.1 28.05
    endloop
  endfacet
  facet normal 0 0 1
    outer loop
      vertex 8.02001 58.589 28.05
      vertex 0 93.1 28.05
      vertex 7.86338 58.5787 28.05
    endloop
  endfacet
  facet normal 0 0 1
    outer loop
      vertex 7.86338 58.5787 28.05
      vertex 0 93.1 28.05
      vertex 7.70943 58.5481 28.05
    endloop
  endfacet
  facet normal 0 0 1
    outer loop
      vertex 7.70943 58.5481 28.05
      vertex 0 93.1 28.05
      vertex 7.5608 58.4976 28.05
    endloop
  endfacet
  facet normal 0 0 1
    outer loop
      vertex 6.83028 57.5456 28.05
      vertex 0 93.1 28.05
      vertex 6.82001 57.389 28.05
    endloop
  endfacet
  facet normal 0 0 1
    outer loop
      vertex 6.86091 57.6996 28.05
      vertex 0 93.1 28.05
      vertex 6.83028 57.5456 28.05
    endloop
  endfacet
  facet normal 0 0 1
    outer loop
      vertex 6.91135 57.8482 28.05
      vertex 0 93.1 28.05
      vertex 6.86091 57.6996 28.05
    endloop
  endfacet
  facet normal 0 0 1
    outer loop
      vertex 6.98078 57.989 28.05
      vertex 0 93.1 28.05
      vertex 6.91135 57.8482 28.05
    endloop
  endfacet
  facet normal 0 0 1
    outer loop
      vertex 7.06799 58.1195 28.05
      vertex 0 93.1 28.05
      vertex 6.98078 57.989 28.05
    endloop
  endfacet
  facet normal 0 0 1
    outer loop
      vertex 7.17149 58.2375 28.05
      vertex 0 93.1 28.05
      vertex 7.06799 58.1195 28.05
    endloop
  endfacet
  facet normal 0 0 1
    outer loop
      vertex 7.2895 58.341 28.05
      vertex 0 93.1 28.05
      vertex 7.17149 58.2375 28.05
    endloop
  endfacet
  facet normal 0 0 1
    outer loop
      vertex 7.42001 58.4282 28.05
      vertex 0 93.1 28.05
      vertex 7.2895 58.341 28.05
    endloop
  endfacet
  facet normal 0 0 1
    outer loop
      vertex 7.5608 58.4976 28.05
      vertex 0 93.1 28.05
      vertex 7.42001 58.4282 28.05
    endloop
  endfacet
  facet normal 0 0 1
    outer loop
      vertex 56.64 96.1 28.05
      vertex 59.64 93.1 28.05
      vertex 59.6143 93.4916 28.05
    endloop
  endfacet
  facet normal 0 0 1
    outer loop
      vertex 56.64 96.1 28.05
      vertex 59.6143 93.4916 28.05
      vertex 59.5378 93.8765 28.05
    endloop
  endfacet
  facet normal 0 0 1
    outer loop
      vertex 56.64 96.1 28.05
      vertex 59.5378 93.8765 28.05
      vertex 59.4116 94.248 28.05
    endloop
  endfacet
  facet normal 0 0 1
    outer loop
      vertex 56.64 96.1 28.05
      vertex 59.4116 94.248 28.05
      vertex 59.2381 94.6 28.05
    endloop
  endfacet
  facet normal 0 0 1
    outer loop
      vertex 56.64 96.1 28.05
      vertex 59.2381 94.6 28.05
      vertex 59.0201 94.9263 28.05
    endloop
  endfacet
  facet normal 0 0 1
    outer loop
      vertex 56.64 96.1 28.05
      vertex 59.0201 94.9263 28.05
      vertex 58.7613 95.2213 28.05
    endloop
  endfacet
  facet normal 0 0 1
    outer loop
      vertex 56.64 96.1 28.05
      vertex 58.7613 95.2213 28.05
      vertex 58.4663 95.4801 28.05
    endloop
  endfacet
  facet normal 0 0 1
    outer loop
      vertex 56.64 96.1 28.05
      vertex 58.4663 95.4801 28.05
      vertex 58.14 95.6981 28.05
    endloop
  endfacet
  facet normal 0 0 1
    outer loop
      vertex 56.64 96.1 28.05
      vertex 58.14 95.6981 28.05
      vertex 57.788 95.8716 28.05
    endloop
  endfacet
  facet normal 0 0 1
    outer loop
      vertex 56.64 96.1 28.05
      vertex 57.788 95.8716 28.05
      vertex 57.4165 95.9978 28.05
    endloop
  endfacet
  facet normal 0 0 1
    outer loop
      vertex 56.64 96.1 28.05
      vertex 57.4165 95.9978 28.05
      vertex 57.0316 96.0743 28.05
    endloop
  endfacet
  facet normal 0 0 1
    outer loop
      vertex 51.62 58.589 28.05
      vertex 59.64 93.1 28.05
      vertex 56.64 96.1 28.05
    endloop
  endfacet
  facet normal 0 0 1
    outer loop
      vertex 59.64 93.1 28.05
      vertex 52.82 57.389 28.05
      vertex 52.82 50.789 28.05
    endloop
  endfacet
  facet normal 0 0 1
    outer loop
      vertex 59.64 93.1 28.05
      vertex 52.82 50.789 28.05
      vertex 59.64 4.5 28.05
    endloop
  endfacet
  facet normal -0 0 1
    outer loop
      vertex 52.8097 50.6324 28.05
      vertex 59.64 4.5 28.05
      vertex 52.82 50.789 28.05
    endloop
  endfacet
  facet normal -0 0 1
    outer loop
      vertex 52.7791 50.4784 28.05
      vertex 59.64 4.5 28.05
      vertex 52.8097 50.6324 28.05
    endloop
  endfacet
  facet normal -0 0 1
    outer loop
      vertex 52.7286 50.3298 28.05
      vertex 59.64 4.5 28.05
      vertex 52.7791 50.4784 28.05
    endloop
  endfacet
  facet normal -0 0 1
    outer loop
      vertex 52.6592 50.189 28.05
      vertex 59.64 4.5 28.05
      vertex 52.7286 50.3298 28.05
    endloop
  endfacet
  facet normal -0 0 1
    outer loop
      vertex 52.572 50.0585 28.05
      vertex 59.64 4.5 28.05
      vertex 52.6592 50.189 28.05
    endloop
  endfacet
  facet normal -0 0 1
    outer loop
      vertex 52.4685 49.9405 28.05
      vertex 59.64 4.5 28.05
      vertex 52.572 50.0585 28.05
    endloop
  endfacet
  facet normal 0 0 1
    outer loop
      vertex 49.84 12.078 28.05
      vertex 52.4685 49.9405 28.05
      vertex 52.3505 49.837 28.05
    endloop
  endfacet
  facet normal 0 0 1
    outer loop
      vertex 49.84 12.078 28.05
      vertex 52.3505 49.837 28.05
      vertex 52.22 49.7498 28.05
    endloop
  endfacet
  facet normal 0 0 1
    outer loop
      vertex 49.84 12.078 28.05
      vertex 52.22 49.7498 28.05
      vertex 52.0792 49.6804 28.05
    endloop
  endfacet
  facet normal 0 0 1
    outer loop
      vertex 49.84 12.078 28.05
      vertex 52.0792 49.6804 28.05
      vertex 51.9306 49.6299 28.05
    endloop
  endfacet
  facet normal 0 0 1
    outer loop
      vertex 49.84 12.078 28.05
      vertex 51.9306 49.6299 28.05
      vertex 51.7766 49.5993 28.05
    endloop
  endfacet
  facet normal 0 0 1
    outer loop
      vertex 49.84 12.078 28.05
      vertex 51.7766 49.5993 28.05
      vertex 51.62 49.589 28.05
    endloop
  endfacet
  facet normal 0 0 1
    outer loop
      vertex 52.4685 49.9405 28.05
      vertex 49.84 12.078 28.05
      vertex 59.64 4.5 28.05
    endloop
  endfacet
  facet normal 0 0 1
    outer loop
      vertex 59.64 4.5 28.05
      vertex 49.84 12.078 28.05
      vertex 49.84 4.5 28.05
    endloop
  endfacet
  facet normal 0 0 1
    outer loop
      vertex 48.527 11.978 28.05
      vertex 46.527 12.078 28.05
      vertex 46.527 11.978 28.05
    endloop
  endfacet
  facet normal 0 0 1
    outer loop
      vertex 44.527 11.978 28.05
      vertex 42.527 12.078 28.05
      vertex 42.527 11.978 28.05
    endloop
  endfacet
  facet normal 0 0 1
    outer loop
      vertex 40.527 11.978 28.05
      vertex 38.527 12.078 28.05
      vertex 38.527 11.978 28.05
    endloop
  endfacet
  facet normal 0 0 1
    outer loop
      vertex 36.527 11.978 28.05
      vertex 34.527 12.078 28.05
      vertex 34.527 11.978 28.05
    endloop
  endfacet
  facet normal 0 0 1
    outer loop
      vertex 32.527 11.978 28.05
      vertex 30.527 12.078 28.05
      vertex 30.527 11.978 28.05
    endloop
  endfacet
  facet normal 0 0 1
    outer loop
      vertex 28.527 11.978 28.05
      vertex 26.527 12.078 28.05
      vertex 26.527 11.978 28.05
    endloop
  endfacet
  facet normal 0 0 1
    outer loop
      vertex 24.527 11.978 28.05
      vertex 22.527 12.078 28.05
      vertex 22.527 11.978 28.05
    endloop
  endfacet
  facet normal 0 0 1
    outer loop
      vertex 20.527 11.978 28.05
      vertex 18.527 12.078 28.05
      vertex 18.527 11.978 28.05
    endloop
  endfacet
  facet normal 0 0 1
    outer loop
      vertex 16.527 11.978 28.05
      vertex 14.527 12.078 28.05
      vertex 14.527 11.978 28.05
    endloop
  endfacet
  facet normal 0 0 1
    outer loop
      vertex 12.527 11.978 28.05
      vertex 10.527 12.078 28.05
      vertex 10.527 11.978 28.05
    endloop
  endfacet
  facet normal -0.659339 -0.751846 0
    outer loop
      vertex 0.878679 0.878679 15
      vertex 1.17372 0.61994 24.1699
      vertex 0.878679 0.878679 24.4287
    endloop
  endfacet
  facet normal -0.659339 -0.751846 -0
    outer loop
      vertex 1.17372 0.61994 24.1699
      vertex 0.878679 0.878679 15
      vertex 1.17372 0.61994 15
    endloop
  endfacet
  facet normal -0.0654906 0.997853 0
    outer loop
      vertex 3 96.1 15
      vertex 2.60842 96.0743 28.05
      vertex 3 96.1 28.05
    endloop
  endfacet
  facet normal -0.0654906 0.997853 0
    outer loop
      vertex 2.60842 96.0743 28.05
      vertex 3 96.1 15
      vertex 2.60842 96.0743 15
    endloop
  endfacet
  facet normal -0.195089 -0.980786 0
    outer loop
      vertex 2.22354 0.102222 15
      vertex 2.60842 0.0256653 23.5757
      vertex 2.22354 0.102222 23.6522
    endloop
  endfacet
  facet normal -0.195089 -0.980786 -0
    outer loop
      vertex 2.60842 0.0256653 23.5757
      vertex 2.22354 0.102222 15
      vertex 2.60842 0.0256653 15
    endloop
  endfacet
  facet normal 0 -0.707107 0.707107
    outer loop
      vertex 3 0 23.55
      vertex 0 4.5 28.05
      vertex 0 3 26.55
    endloop
  endfacet
  facet normal -3.86477e-05 -0.707126 0.707087
    outer loop
      vertex 3 0 23.55
      vertex 0 3 26.55
      vertex 0.0256653 2.60842 26.1584
    endloop
  endfacet
  facet normal -4.47906e-05 -0.70713 0.707084
    outer loop
      vertex 3 0 23.55
      vertex 0.0256653 2.60842 26.1584
      vertex 0.102222 2.22354 25.7735
    endloop
  endfacet
  facet normal -3.29424e-05 -0.707122 0.707092
    outer loop
      vertex 3 0 23.55
      vertex 0.102222 2.22354 25.7735
      vertex 0.228361 1.85195 25.4019
    endloop
  endfacet
  facet normal 8.10921e-05 -0.707037 0.707177
    outer loop
      vertex 3 0 23.55
      vertex 0.228361 1.85195 25.4019
      vertex 0.401923 1.5 25.05
    endloop
  endfacet
  facet normal -4.07397e-05 -0.707142 0.707071
    outer loop
      vertex 3 0 23.55
      vertex 0.401923 1.5 25.05
      vertex 0.61994 1.17372 24.7237
    endloop
  endfacet
  facet normal 7.49225e-05 -0.707025 0.707189
    outer loop
      vertex 3 0 23.55
      vertex 0.61994 1.17372 24.7237
      vertex 0.878679 0.878679 24.4287
    endloop
  endfacet
  facet normal -0.000117571 -0.707257 0.706956
    outer loop
      vertex 3 0 23.55
      vertex 0.878679 0.878679 24.4287
      vertex 1.17372 0.61994 24.1699
    endloop
  endfacet
  facet normal 0 -0.707107 0.707107
    outer loop
      vertex 0 4.5 28.05
      vertex 3 0 23.55
      vertex 9.82 4.5 28.05
    endloop
  endfacet
  facet normal 6.56398e-06 -0.707074 0.707139
    outer loop
      vertex 3 0 23.55
      vertex 1.17372 0.61994 24.1699
      vertex 1.5 0.401923 23.9519
    endloop
  endfacet
  facet normal -5.56019e-06 -0.707103 0.707111
    outer loop
      vertex 9.82 4.5 28.05
      vertex 3 0 23.55
      vertex 7.82852 0.416867 23.9669
    endloop
  endfacet
  facet normal 0.000124515 -0.706854 0.707359
    outer loop
      vertex 3 0 23.55
      vertex 1.5 0.401923 23.9519
      vertex 1.85195 0.228361 23.7784
    endloop
  endfacet
  facet normal -0.000106218 -0.707434 0.706779
    outer loop
      vertex 3 0 23.55
      vertex 1.85195 0.228361 23.7784
      vertex 2.22354 0.102222 23.6522
    endloop
  endfacet
  facet normal 0.000144777 -0.70648 0.707733
    outer loop
      vertex 3 0 23.55
      vertex 2.22354 0.102222 23.6522
      vertex 2.60842 0.0256653 23.5757
    endloop
  endfacet
  facet normal 0 -0.707135 0.707079
    outer loop
      vertex 7.7252 0 23.55
      vertex 7.82852 0.416867 23.9669
      vertex 3 0 23.55
    endloop
  endfacet
  facet normal 0 -0.707135 0.707079
    outer loop
      vertex 7.82852 0.416867 23.9669
      vertex 7.7252 0 23.55
      vertex 7.92852 0.416867 23.9669
    endloop
  endfacet
  facet normal -1.17856e-05 -0.707137 0.707077
    outer loop
      vertex 47.5252 0 23.55
      vertex 47.8485 0.416859 23.9669
      vertex 47.7285 0.416861 23.9669
    endloop
  endfacet
  facet normal 6.05896e-07 -0.707408 0.706806
    outer loop
      vertex 47.8485 0.416859 23.9669
      vertex 50.227 0.326438 23.8764
      vertex 50.6224 0.39498 23.945
    endloop
  endfacet
  facet normal 4.22964e-05 -0.706859 0.707354
    outer loop
      vertex 47.8485 0.416859 23.9669
      vertex 50.0226 0.291001 23.841
      vertex 50.227 0.326438 23.8764
    endloop
  endfacet
  facet normal 2.11351e-05 -0.707042 0.707171
    outer loop
      vertex 47.8485 0.416859 23.9669
      vertex 49.5403 0.172765 23.7228
      vertex 50.0226 0.291001 23.841
    endloop
  endfacet
  facet normal 1.35841e-05 -0.707068 0.707145
    outer loop
      vertex 47.8485 0.416859 23.9669
      vertex 49.4094 0.140659 23.6907
      vertex 49.5403 0.172765 23.7228
    endloop
  endfacet
  facet normal 0 -0.707142 0.707072
    outer loop
      vertex 47.8485 0.416859 23.9669
      vertex 47.5252 0 23.55
      vertex 48.9692 0 23.55
    endloop
  endfacet
  facet normal -2.34705e-05 -0.707173 0.70704
    outer loop
      vertex 47.8485 0.416859 23.9669
      vertex 48.9692 0 23.55
      vertex 49.4094 0.140659 23.6907
    endloop
  endfacet
  facet normal 0 -0.707107 0.707107
    outer loop
      vertex 53.5774 0.291001 23.841
      vertex 59.64 4.5 28.05
      vertex 49.84 4.5 28.05
    endloop
  endfacet
  facet normal -3.90384e-05 -0.707079 0.707135
    outer loop
      vertex 54.0597 0.172765 23.7228
      vertex 59.64 4.5 28.05
      vertex 53.5774 0.291001 23.841
    endloop
  endfacet
  facet normal 1.51868e-06 -0.707104 0.707109
    outer loop
      vertex 54.2876 0.109659 23.6597
      vertex 59.64 4.5 28.05
      vertex 54.1906 0.140659 23.6907
    endloop
  endfacet
  facet normal 1.19526e-05 -0.707111 0.707103
    outer loop
      vertex 56.64 0 23.55
      vertex 59.64 4.5 28.05
      vertex 54.2876 0.109659 23.6597
    endloop
  endfacet
  facet normal 0 -0.707107 0.707107
    outer loop
      vertex 59.64 4.5 28.05
      vertex 56.64 0 23.55
      vertex 59.64 3 26.55
    endloop
  endfacet
  facet normal 3.86513e-05 -0.707126 0.707087
    outer loop
      vertex 59.64 3 26.55
      vertex 56.64 0 23.55
      vertex 59.6143 2.60842 26.1584
    endloop
  endfacet
  facet normal -8.10795e-05 -0.707037 0.707177
    outer loop
      vertex 59.4116 1.85195 25.4019
      vertex 56.64 0 23.55
      vertex 59.2381 1.5 25.05
    endloop
  endfacet
  facet normal 4.07371e-05 -0.707142 0.707072
    outer loop
      vertex 59.2381 1.5 25.05
      vertex 56.64 0 23.55
      vertex 59.0201 1.17372 24.7237
    endloop
  endfacet
  facet normal 1.81924e-05 -0.707102 0.707112
    outer loop
      vertex 52.1172 0.465299 24.0153
      vertex 49.84 4.5 28.05
      vertex 51.8 0.476191 24.0262
    endloop
  endfacet
  facet normal -1.75937e-05 -0.70711 0.707103
    outer loop
      vertex 49.84 4.5 28.05
      vertex 51.4828 0.465299 24.0153
      vertex 51.8 0.476191 24.0262
    endloop
  endfacet
  facet normal -0.000131969 -0.707134 0.70708
    outer loop
      vertex 49.84 4.5 28.05
      vertex 51.2133 0.45605 24.006
      vertex 51.4828 0.465299 24.0153
    endloop
  endfacet
  facet normal 0.000208223 -0.707076 0.707138
    outer loop
      vertex 49.84 4.5 28.05
      vertex 50.9629 0.430174 23.9802
      vertex 51.2133 0.45605 24.006
    endloop
  endfacet
  facet normal 5.38849e-06 -0.707105 0.707109
    outer loop
      vertex 50.6224 0.39498 23.945
      vertex 49.84 4.5 28.05
      vertex 47.8485 0.416859 23.9669
    endloop
  endfacet
  facet normal -1.25685e-05 -0.707106 0.707107
    outer loop
      vertex 49.84 4.5 28.05
      vertex 50.6224 0.39498 23.945
      vertex 50.9629 0.430174 23.9802
    endloop
  endfacet
  facet normal 0.000136469 -0.707068 0.707145
    outer loop
      vertex 52.3867 0.45605 24.006
      vertex 49.84 4.5 28.05
      vertex 52.1172 0.465299 24.0153
    endloop
  endfacet
  facet normal -0.000230497 -0.707184 0.70703
    outer loop
      vertex 52.6371 0.430174 23.9802
      vertex 49.84 4.5 28.05
      vertex 52.3867 0.45605 24.006
    endloop
  endfacet
  facet normal 1.39156e-05 -0.7071 0.707114
    outer loop
      vertex 52.9776 0.39498 23.945
      vertex 49.84 4.5 28.05
      vertex 52.6371 0.430174 23.9802
    endloop
  endfacet
  facet normal 0.000120262 -0.707059 0.707154
    outer loop
      vertex 53.373 0.326438 23.8764
      vertex 49.84 4.5 28.05
      vertex 52.9776 0.39498 23.945
    endloop
  endfacet
  facet normal -0.000151309 -0.707174 0.70704
    outer loop
      vertex 53.5774 0.291001 23.841
      vertex 49.84 4.5 28.05
      vertex 53.373 0.326438 23.8764
    endloop
  endfacet
  facet normal -2.3558e-05 -0.707089 0.707125
    outer loop
      vertex 54.1906 0.140659 23.6907
      vertex 59.64 4.5 28.05
      vertex 54.0597 0.172765 23.7228
    endloop
  endfacet
  facet normal 3.29477e-05 -0.707122 0.707092
    outer loop
      vertex 59.5378 2.22354 25.7735
      vertex 56.64 0 23.55
      vertex 59.4116 1.85195 25.4019
    endloop
  endfacet
  facet normal -7.49337e-05 -0.707025 0.707189
    outer loop
      vertex 59.0201 1.17372 24.7237
      vertex 56.64 0 23.55
      vertex 58.7613 0.878679 24.4287
    endloop
  endfacet
  facet normal 0.000117559 -0.707257 0.706956
    outer loop
      vertex 58.7613 0.878679 24.4287
      vertex 56.64 0 23.55
      vertex 58.4663 0.61994 24.1699
    endloop
  endfacet
  facet normal -6.56424e-06 -0.707074 0.707139
    outer loop
      vertex 58.4663 0.61994 24.1699
      vertex 56.64 0 23.55
      vertex 58.14 0.401923 23.9519
    endloop
  endfacet
  facet normal 4.47843e-05 -0.70713 0.707084
    outer loop
      vertex 59.6143 2.60842 26.1584
      vertex 56.64 0 23.55
      vertex 59.5378 2.22354 25.7735
    endloop
  endfacet
  facet normal -0.000124536 -0.706854 0.707359
    outer loop
      vertex 58.14 0.401923 23.9519
      vertex 56.64 0 23.55
      vertex 57.788 0.228361 23.7784
    endloop
  endfacet
  facet normal 0.000106192 -0.707434 0.706779
    outer loop
      vertex 57.788 0.228361 23.7784
      vertex 56.64 0 23.55
      vertex 57.4165 0.102222 23.6522
    endloop
  endfacet
  facet normal 0 -0.707239 0.706975
    outer loop
      vertex 56.64 0 23.55
      vertex 54.2876 0.109659 23.6597
      vertex 54.6308 0 23.55
    endloop
  endfacet
  facet normal -0.000144769 -0.70648 0.707733
    outer loop
      vertex 57.4165 0.102222 23.6522
      vertex 56.64 0 23.55
      vertex 57.0316 0.0256653 23.5757
    endloop
  endfacet
  facet normal 0 0 -1
    outer loop
      vertex 0 93.1 15
      vertex 2.4 93.7 15
      vertex 2.4 14 15
    endloop
  endfacet
  facet normal 0 -0 -1
    outer loop
      vertex 0.0256653 93.4916 15
      vertex 2.4 93.7 15
      vertex 0 93.1 15
    endloop
  endfacet
  facet normal 0 0 -1
    outer loop
      vertex 2.4 93.7 15
      vertex 1.85195 95.8716 15
      vertex 2.22354 95.9978 15
    endloop
  endfacet
  facet normal 0 0 -1
    outer loop
      vertex 2.4 93.7 15
      vertex 1.5 95.6981 15
      vertex 1.85195 95.8716 15
    endloop
  endfacet
  facet normal 0 0 -1
    outer loop
      vertex 2.4 93.7 15
      vertex 1.17372 95.4801 15
      vertex 1.5 95.6981 15
    endloop
  endfacet
  facet normal 0 0 -1
    outer loop
      vertex 2.4 93.7 15
      vertex 0.878679 95.2213 15
      vertex 1.17372 95.4801 15
    endloop
  endfacet
  facet normal 0 0 -1
    outer loop
      vertex 2.4 93.7 15
      vertex 0.61994 94.9263 15
      vertex 0.878679 95.2213 15
    endloop
  endfacet
  facet normal 0 0 -1
    outer loop
      vertex 2.4 93.7 15
      vertex 0.401923 94.6 15
      vertex 0.61994 94.9263 15
    endloop
  endfacet
  facet normal 0 0 -1
    outer loop
      vertex 2.4 93.7 15
      vertex 0.228361 94.248 15
      vertex 0.401923 94.6 15
    endloop
  endfacet
  facet normal 0 0 -1
    outer loop
      vertex 2.4 93.7 15
      vertex 0.102222 93.8765 15
      vertex 0.228361 94.248 15
    endloop
  endfacet
  facet normal 0 0 -1
    outer loop
      vertex 0 93.1 15
      vertex 2.4 14 15
      vertex 0 14 15
    endloop
  endfacet
  facet normal -0 0 -1
    outer loop
      vertex 2.4 93.7 15
      vertex 0.0256653 93.4916 15
      vertex 0.102222 93.8765 15
    endloop
  endfacet
  facet normal 0 0 -1
    outer loop
      vertex 2.4 93.7 15
      vertex 7.4 94.3 15
      vertex 7.4 93.7 15
    endloop
  endfacet
  facet normal -0 0 -1
    outer loop
      vertex 7.4 94.3 15
      vertex 2.4 93.7 15
      vertex 3 96.1 15
    endloop
  endfacet
  facet normal 0 0 -1
    outer loop
      vertex 3 96.1 15
      vertex 2.4 93.7 15
      vertex 2.60842 96.0743 15
    endloop
  endfacet
  facet normal 0 0 -1
    outer loop
      vertex 2.60842 96.0743 15
      vertex 2.4 93.7 15
      vertex 2.22354 95.9978 15
    endloop
  endfacet
  facet normal 0 0 -1
    outer loop
      vertex 57.24 56.45 15
      vertex 59.64 93.1 15
      vertex 59.64 56.45 15
    endloop
  endfacet
  facet normal 0 0 -1
    outer loop
      vertex 57.24 93.7 15
      vertex 59.64 93.1 15
      vertex 57.24 56.45 15
    endloop
  endfacet
  facet normal 0 0 -1
    outer loop
      vertex 59.6143 93.4916 15
      vertex 57.24 93.7 15
      vertex 59.5378 93.8765 15
    endloop
  endfacet
  facet normal -0 0 -1
    outer loop
      vertex 59.5378 93.8765 15
      vertex 57.24 93.7 15
      vertex 59.4116 94.248 15
    endloop
  endfacet
  facet normal -0 0 -1
    outer loop
      vertex 59.4116 94.248 15
      vertex 57.24 93.7 15
      vertex 59.2381 94.6 15
    endloop
  endfacet
  facet normal -0 0 -1
    outer loop
      vertex 59.2381 94.6 15
      vertex 57.24 93.7 15
      vertex 59.0201 94.9263 15
    endloop
  endfacet
  facet normal -0 0 -1
    outer loop
      vertex 59.0201 94.9263 15
      vertex 57.24 93.7 15
      vertex 58.7613 95.2213 15
    endloop
  endfacet
  facet normal -0 0 -1
    outer loop
      vertex 58.7613 95.2213 15
      vertex 57.24 93.7 15
      vertex 58.4663 95.4801 15
    endloop
  endfacet
  facet normal -0 0 -1
    outer loop
      vertex 58.4663 95.4801 15
      vertex 57.24 93.7 15
      vertex 58.14 95.6981 15
    endloop
  endfacet
  facet normal -0 0 -1
    outer loop
      vertex 58.14 95.6981 15
      vertex 57.24 93.7 15
      vertex 57.788 95.8716 15
    endloop
  endfacet
  facet normal 0 0 -1
    outer loop
      vertex 59.64 93.1 15
      vertex 57.24 93.7 15
      vertex 59.6143 93.4916 15
    endloop
  endfacet
  facet normal -0 0 -1
    outer loop
      vertex 57.788 95.8716 15
      vertex 57.24 93.7 15
      vertex 57.4165 95.9978 15
    endloop
  endfacet
  facet normal 0 0 -1
    outer loop
      vertex 57.24 93.7 15
      vertex 57.0316 96.0743 15
      vertex 57.4165 95.9978 15
    endloop
  endfacet
  facet normal 0 0 -1
    outer loop
      vertex 57.24 93.7 15
      vertex 56.64 96.1 15
      vertex 57.0316 96.0743 15
    endloop
  endfacet
  facet normal 0 0 -1
    outer loop
      vertex 52.24 94.3 15
      vertex 57.24 93.7 15
      vertex 52.24 93.7 15
    endloop
  endfacet
  facet normal 0 0 -1
    outer loop
      vertex 57.24 93.7 15
      vertex 52.24 94.3 15
      vertex 56.64 96.1 15
    endloop
  endfacet
  facet normal 0 0 -1
    outer loop
      vertex 7.4 94.3 15
      vertex 56.64 96.1 15
      vertex 52.24 94.3 15
    endloop
  endfacet
  facet normal -0 0 -1
    outer loop
      vertex 56.64 96.1 15
      vertex 7.4 94.3 15
      vertex 3 96.1 15
    endloop
  endfacet
  facet normal 0 0 -1
    outer loop
      vertex 52.0272 0.378622 15
      vertex 52.24 3.4 15
      vertex 52.399 0.351813 15
    endloop
  endfacet
  facet normal 0 0 -1
    outer loop
      vertex 51.8 0.395001 15
      vertex 52.24 3.4 15
      vertex 52.0272 0.378622 15
    endloop
  endfacet
  facet normal 0 0 -1
    outer loop
      vertex 51.5728 0.378622 15
      vertex 52.24 3.4 15
      vertex 51.8 0.395001 15
    endloop
  endfacet
  facet normal 0 0 -1
    outer loop
      vertex 51.201 0.351813 15
      vertex 52.24 3.4 15
      vertex 51.5728 0.378622 15
    endloop
  endfacet
  facet normal 0 0 -1
    outer loop
      vertex 50.7558 0.256072 15
      vertex 52.24 3.4 15
      vertex 51.201 0.351813 15
    endloop
  endfacet
  facet normal 0 0 -1
    outer loop
      vertex 50.5808 0.218444 15
      vertex 52.24 3.4 15
      vertex 50.7558 0.256072 15
    endloop
  endfacet
  facet normal 0 0 -1
    outer loop
      vertex 50.4476 0.17122 15
      vertex 52.24 3.4 15
      vertex 50.5808 0.218444 15
    endloop
  endfacet
  facet normal 0 0 -1
    outer loop
      vertex 49.9644 0 15
      vertex 52.24 3.4 15
      vertex 50.4476 0.17122 15
    endloop
  endfacet
  facet normal 0 0 -1
    outer loop
      vertex 49.9644 0 15
      vertex 7.4 3.4 15
      vertex 52.24 3.4 15
    endloop
  endfacet
  facet normal 0 0 -1
    outer loop
      vertex 7.4 3.4 15
      vertex 3.4 4 15
      vertex 7.4 4 15
    endloop
  endfacet
  facet normal 0 0 -1
    outer loop
      vertex 3 0 15
      vertex 7.4 3.4 15
      vertex 49.9644 0 15
    endloop
  endfacet
  facet normal 0 0 -1
    outer loop
      vertex 3 0 15
      vertex 3.4 4 15
      vertex 7.4 3.4 15
    endloop
  endfacet
  facet normal 0 0 -1
    outer loop
      vertex 2.60842 0.0256653 15
      vertex 3.4 4 15
      vertex 3 0 15
    endloop
  endfacet
  facet normal 0 0 -1
    outer loop
      vertex 2.22354 0.102222 15
      vertex 3.4 4 15
      vertex 2.60842 0.0256653 15
    endloop
  endfacet
  facet normal 0 0 -1
    outer loop
      vertex 1.85195 0.228361 15
      vertex 3.4 4 15
      vertex 2.22354 0.102222 15
    endloop
  endfacet
  facet normal 0 0 -1
    outer loop
      vertex 1.5 0.401923 15
      vertex 3.4 4 15
      vertex 1.85195 0.228361 15
    endloop
  endfacet
  facet normal 0 0 -1
    outer loop
      vertex 1.17372 0.61994 15
      vertex 3.4 4 15
      vertex 1.5 0.401923 15
    endloop
  endfacet
  facet normal 0 0 -1
    outer loop
      vertex 0.878679 0.878679 15
      vertex 3.4 4 15
      vertex 1.17372 0.61994 15
    endloop
  endfacet
  facet normal 0 0 -1
    outer loop
      vertex 0.61994 1.17372 15
      vertex 3.4 4 15
      vertex 0.878679 0.878679 15
    endloop
  endfacet
  facet normal 0 0 -1
    outer loop
      vertex 0.401923 1.5 15
      vertex 3.4 4 15
      vertex 0.61994 1.17372 15
    endloop
  endfacet
  facet normal 0 0 -1
    outer loop
      vertex 0.228361 1.85195 15
      vertex 3.4 4 15
      vertex 0.401923 1.5 15
    endloop
  endfacet
  facet normal 0 0 -1
    outer loop
      vertex 0.102222 2.22354 15
      vertex 3.4 4 15
      vertex 0.228361 1.85195 15
    endloop
  endfacet
  facet normal 0 0 -1
    outer loop
      vertex 0.0256653 2.60842 15
      vertex 3.4 4 15
      vertex 0.102222 2.22354 15
    endloop
  endfacet
  facet normal 0 0 -1
    outer loop
      vertex 0 3 15
      vertex 3.4 4 15
      vertex 0.0256653 2.60842 15
    endloop
  endfacet
  facet normal -0 0 -1
    outer loop
      vertex 3.4 4 15
      vertex 0 3 15
      vertex 0 4 15
    endloop
  endfacet
  facet normal 0 0 -1
    outer loop
      vertex 57.0316 0.0256653 15
      vertex 57.24 4 15
      vertex 57.4165 0.102222 15
    endloop
  endfacet
  facet normal 0 0 -1
    outer loop
      vertex 56.64 0 15
      vertex 57.24 4 15
      vertex 57.0316 0.0256653 15
    endloop
  endfacet
  facet normal 0 0 -1
    outer loop
      vertex 53.6356 0 15
      vertex 57.24 4 15
      vertex 56.64 0 15
    endloop
  endfacet
  facet normal 0 0 -1
    outer loop
      vertex 52.24 3.4 15
      vertex 53.6356 0 15
      vertex 53.6328 0.00101717 15
    endloop
  endfacet
  facet normal 0 0 -1
    outer loop
      vertex 52.24 3.4 15
      vertex 53.6328 0.00101717 15
      vertex 53.0192 0.218444 15
    endloop
  endfacet
  facet normal 0 0 -1
    outer loop
      vertex 52.24 3.4 15
      vertex 53.0192 0.218444 15
      vertex 52.8442 0.256072 15
    endloop
  endfacet
  facet normal 0 0 -1
    outer loop
      vertex 52.24 3.4 15
      vertex 52.8442 0.256072 15
      vertex 52.399 0.351813 15
    endloop
  endfacet
  facet normal 0 0 -1
    outer loop
      vertex 53.6356 0 15
      vertex 52.24 3.4 15
      vertex 57.24 4 15
    endloop
  endfacet
  facet normal -0 0 -1
    outer loop
      vertex 57.24 4 15
      vertex 52.24 3.4 15
      vertex 52.24 4 15
    endloop
  endfacet
  facet normal 0 0 -1
    outer loop
      vertex 57.24 4 15
      vertex 59.64 3 15
      vertex 59.6143 2.60842 15
    endloop
  endfacet
  facet normal 0 0 -1
    outer loop
      vertex 57.24 4 15
      vertex 59.6143 2.60842 15
      vertex 59.5378 2.22354 15
    endloop
  endfacet
  facet normal 0 0 -1
    outer loop
      vertex 57.24 4 15
      vertex 59.5378 2.22354 15
      vertex 59.4116 1.85195 15
    endloop
  endfacet
  facet normal 0 0 -1
    outer loop
      vertex 57.24 4 15
      vertex 59.4116 1.85195 15
      vertex 59.2381 1.5 15
    endloop
  endfacet
  facet normal 0 0 -1
    outer loop
      vertex 57.24 4 15
      vertex 59.2381 1.5 15
      vertex 59.0201 1.17372 15
    endloop
  endfacet
  facet normal 0 0 -1
    outer loop
      vertex 57.24 4 15
      vertex 59.0201 1.17372 15
      vertex 58.7613 0.878679 15
    endloop
  endfacet
  facet normal 0 0 -1
    outer loop
      vertex 57.24 4 15
      vertex 58.7613 0.878679 15
      vertex 58.4663 0.61994 15
    endloop
  endfacet
  facet normal 0 0 -1
    outer loop
      vertex 57.24 4 15
      vertex 58.4663 0.61994 15
      vertex 58.14 0.401923 15
    endloop
  endfacet
  facet normal 0 0 -1
    outer loop
      vertex 57.24 4 15
      vertex 58.14 0.401923 15
      vertex 57.788 0.228361 15
    endloop
  endfacet
  facet normal 0 0 -1
    outer loop
      vertex 57.24 4 15
      vertex 57.788 0.228361 15
      vertex 57.4165 0.102222 15
    endloop
  endfacet
  facet normal 0 0 -1
    outer loop
      vertex 59.64 3 15
      vertex 57.24 4 15
      vertex 59.64 7.5 15
    endloop
  endfacet
  facet normal -0 0 -1
    outer loop
      vertex 59.64 7.5 15
      vertex 57.24 4 15
      vertex 57.24 7.5 15
    endloop
  endfacet
  facet normal 0 0 -1
    outer loop
      vertex 57.24 15.3 15
      vertex 59.64 40.45 15
      vertex 59.64 15.3 15
    endloop
  endfacet
  facet normal -0 0 -1
    outer loop
      vertex 59.64 40.45 15
      vertex 57.24 15.3 15
      vertex 57.24 40.45 15
    endloop
  endfacet
  facet normal -0.0653148 0 0.997865
    outer loop
      vertex 52.24 5 15.5788
      vertex 51.8 5 15.55
      vertex 52.24 4 15.5788
    endloop
  endfacet
  facet normal -0.0656316 0 0.997844
    outer loop
      vertex 52.24 4 15.5788
      vertex 52.3221 1 15.5842
      vertex 52.3221 4 15.5842
    endloop
  endfacet
  facet normal -0.0653148 0 0.997865
    outer loop
      vertex 51.8 4 15.55
      vertex 52.24 4 15.5788
      vertex 51.8 5 15.55
    endloop
  endfacet
  facet normal -0.0653148 0 0.997865
    outer loop
      vertex 51.8 1 15.55
      vertex 52.24 4 15.5788
      vertex 51.8 4 15.55
    endloop
  endfacet
  facet normal -0.0653646 7.33918e-06 0.997861
    outer loop
      vertex 52.24 4 15.5788
      vertex 51.8 1 15.55
      vertex 52.3221 1 15.5842
    endloop
  endfacet
  facet normal -0.980779 0 -0.195124
    outer loop
      vertex 55.7658 1 20.0721
      vertex 55.6637 4 20.5853
      vertex 55.7658 4 20.0721
    endloop
  endfacet
  facet normal -0.980779 -0 -0.195124
    outer loop
      vertex 55.6637 4 20.5853
      vertex 55.7658 1 20.0721
      vertex 55.6637 1 20.5853
    endloop
  endfacet
  facet normal -0.997861 0 -0.0653646
    outer loop
      vertex 55.8 1 19.55
      vertex 55.7658 4 20.0721
      vertex 55.8 4 19.55
    endloop
  endfacet
  facet normal -0.997861 -0 -0.0653646
    outer loop
      vertex 55.7658 4 20.0721
      vertex 55.8 1 19.55
      vertex 55.7658 1 20.0721
    endloop
  endfacet
  facet normal 0.659343 0 -0.751842
    outer loop
      vertex 48.9716 1 22.3784
      vertex 49.365 4 22.7234
      vertex 49.365 1 22.7234
    endloop
  endfacet
  facet normal 0.659343 0 -0.751842
    outer loop
      vertex 49.365 4 22.7234
      vertex 48.9716 1 22.3784
      vertex 48.9716 4 22.3784
    endloop
  endfacet
  facet normal -0.555626 0 -0.831432
    outer loop
      vertex 53.8 1 23.0141
      vertex 54.235 4 22.7234
      vertex 54.235 1 22.7234
    endloop
  endfacet
  facet normal -0.555626 0 -0.831432
    outer loop
      vertex 54.235 4 22.7234
      vertex 53.8 1 23.0141
      vertex 53.8 4 23.0141
    endloop
  endfacet
  facet normal -0.751842 0 -0.659343
    outer loop
      vertex 54.9734 1 21.985
      vertex 54.6284 4 22.3784
      vertex 54.9734 4 21.985
    endloop
  endfacet
  facet normal -0.751842 -0 -0.659343
    outer loop
      vertex 54.6284 4 22.3784
      vertex 54.9734 1 21.985
      vertex 54.6284 1 22.3784
    endloop
  endfacet
  facet normal -0.442238 0 0.896898
    outer loop
      vertex 53.3307 4 15.8545
      vertex 53.8 1 16.0859
      vertex 53.8 4 16.0859
    endloop
  endfacet
  facet normal -0.442238 0 0.896898
    outer loop
      vertex 53.8 1 16.0859
      vertex 53.3307 4 15.8545
      vertex 53.3307 1 15.8545
    endloop
  endfacet
  facet normal 0.195124 0 0.980779
    outer loop
      vertex 50.7647 4 15.6863
      vertex 51.2779 4 15.5842
      vertex 51.2779 5 15.5842
    endloop
  endfacet
  facet normal 0.195124 -0 0.980779
    outer loop
      vertex 50.7647 4 15.6863
      vertex 51.2779 5 15.5842
      vertex 50.7647 5 15.6863
    endloop
  endfacet
  facet normal 0.195124 0 0.980779
    outer loop
      vertex 51.2779 4 15.5842
      vertex 50.7647 4 15.6863
      vertex 51.2779 1 15.5842
    endloop
  endfacet
  facet normal 0.195124 0 0.980779
    outer loop
      vertex 51.2779 1 15.5842
      vertex 50.7647 4 15.6863
      vertex 50.7647 1 15.6863
    endloop
  endfacet
  facet normal 0.997861 0 -0.0653646
    outer loop
      vertex 47.8342 1 20.0721
      vertex 47.8 4 19.55
      vertex 47.8342 4 20.0721
    endloop
  endfacet
  facet normal 0.997861 0 -0.0653646
    outer loop
      vertex 47.8 4 19.55
      vertex 47.8342 1 20.0721
      vertex 47.8 1 19.55
    endloop
  endfacet
  facet normal 0.980779 -0 0.195124
    outer loop
      vertex 47.8342 1 19.0279
      vertex 47.9363 4 18.5147
      vertex 47.8342 4 19.0279
    endloop
  endfacet
  facet normal 0.980779 0 0.195124
    outer loop
      vertex 47.9363 4 18.5147
      vertex 47.8342 1 19.0279
      vertex 47.9363 1 18.5147
    endloop
  endfacet
  facet normal -0.751842 0 0.659343
    outer loop
      vertex 54.6284 1 16.7216
      vertex 54.9734 4 17.115
      vertex 54.6284 4 16.7216
    endloop
  endfacet
  facet normal -0.751842 0 0.659343
    outer loop
      vertex 54.9734 4 17.115
      vertex 54.6284 1 16.7216
      vertex 54.9734 1 17.115
    endloop
  endfacet
  facet normal 0.896898 -0 0.442238
    outer loop
      vertex 48.1045 1 18.0193
      vertex 48.3359 4 17.55
      vertex 48.1045 4 18.0193
    endloop
  endfacet
  facet normal 0.896898 0 0.442238
    outer loop
      vertex 48.3359 4 17.55
      vertex 48.1045 1 18.0193
      vertex 48.3359 1 17.55
    endloop
  endfacet
  facet normal 0.442222 0 0.896906
    outer loop
      vertex 49.9742 4 16
      vertex 50.2693 4 15.8545
      vertex 50.2693 5 15.8545
    endloop
  endfacet
  facet normal 0.442222 -0 0.896906
    outer loop
      vertex 49.9742 4 16
      vertex 50.2693 5 15.8545
      vertex 49.9742 5 16
    endloop
  endfacet
  facet normal 0.442222 0 0.896906
    outer loop
      vertex 50.2693 4 15.8545
      vertex 49.9742 4 16
      vertex 50.2693 1 15.8545
    endloop
  endfacet
  facet normal 0.442264 -0 0.896885
    outer loop
      vertex 49.8 1 16.0859
      vertex 49.9742 4 16
      vertex 49.8 4 16.0859
    endloop
  endfacet
  facet normal 0.442238 1.90477e-06 0.896898
    outer loop
      vertex 49.9742 4 16
      vertex 49.8 1 16.0859
      vertex 50.2693 1 15.8545
    endloop
  endfacet
  facet normal -0.94691 0 -0.321498
    outer loop
      vertex 55.6637 1 20.5853
      vertex 55.4955 4 21.0807
      vertex 55.6637 4 20.5853
    endloop
  endfacet
  facet normal -0.94691 -0 -0.321498
    outer loop
      vertex 55.4955 4 21.0807
      vertex 55.6637 1 20.5853
      vertex 55.4955 1 21.0807
    endloop
  endfacet
  facet normal -0.659343 0 -0.751842
    outer loop
      vertex 54.235 1 22.7234
      vertex 54.6284 4 22.3784
      vertex 54.6284 1 22.3784
    endloop
  endfacet
  facet normal -0.659343 0 -0.751842
    outer loop
      vertex 54.6284 4 22.3784
      vertex 54.235 1 22.7234
      vertex 54.235 4 22.7234
    endloop
  endfacet
  facet normal -0.321498 0 0.94691
    outer loop
      vertex 52.8353 4 15.6863
      vertex 53.3307 1 15.8545
      vertex 53.3307 4 15.8545
    endloop
  endfacet
  facet normal -0.321498 0 0.94691
    outer loop
      vertex 53.3307 1 15.8545
      vertex 52.8353 4 15.6863
      vertex 52.8353 1 15.6863
    endloop
  endfacet
  facet normal -0.896898 0 0.442238
    outer loop
      vertex 55.2641 1 17.55
      vertex 55.4955 4 18.0193
      vertex 55.2641 4 17.55
    endloop
  endfacet
  facet normal -0.896898 0 0.442238
    outer loop
      vertex 55.4955 4 18.0193
      vertex 55.2641 1 17.55
      vertex 55.4955 1 18.0193
    endloop
  endfacet
  facet normal -0.659343 0 0.751842
    outer loop
      vertex 54.235 4 16.3766
      vertex 54.6284 1 16.7216
      vertex 54.6284 4 16.7216
    endloop
  endfacet
  facet normal -0.659343 0 0.751842
    outer loop
      vertex 54.6284 1 16.7216
      vertex 54.235 4 16.3766
      vertex 54.235 1 16.3766
    endloop
  endfacet
  facet normal 0.195124 0 -0.980779
    outer loop
      vertex 50.7647 1 23.4137
      vertex 51.2779 4 23.5158
      vertex 51.2779 1 23.5158
    endloop
  endfacet
  facet normal 0.195124 0 -0.980779
    outer loop
      vertex 51.2779 4 23.5158
      vertex 50.7647 1 23.4137
      vertex 50.7647 4 23.4137
    endloop
  endfacet
  facet normal -0.321498 0 -0.94691
    outer loop
      vertex 52.8353 1 23.4137
      vertex 53.3307 4 23.2455
      vertex 53.3307 1 23.2455
    endloop
  endfacet
  facet normal -0.321498 0 -0.94691
    outer loop
      vertex 53.3307 4 23.2455
      vertex 52.8353 1 23.4137
      vertex 52.8353 4 23.4137
    endloop
  endfacet
  facet normal 0.659343 0 0.751842
    outer loop
      vertex 48.9716 4 16.7216
      vertex 49.365 1 16.3766
      vertex 49.365 4 16.3766
    endloop
  endfacet
  facet normal 0.659343 0 0.751842
    outer loop
      vertex 49.365 1 16.3766
      vertex 48.9716 4 16.7216
      vertex 48.9716 1 16.7216
    endloop
  endfacet
  facet normal -0.831432 0 -0.555626
    outer loop
      vertex 55.2641 1 21.55
      vertex 54.9734 4 21.985
      vertex 55.2641 4 21.55
    endloop
  endfacet
  facet normal -0.831432 -0 -0.555626
    outer loop
      vertex 54.9734 4 21.985
      vertex 55.2641 1 21.55
      vertex 54.9734 1 21.985
    endloop
  endfacet
  facet normal -0.980779 0 0.195124
    outer loop
      vertex 55.6637 1 18.5147
      vertex 55.7658 4 19.0279
      vertex 55.6637 4 18.5147
    endloop
  endfacet
  facet normal -0.980779 0 0.195124
    outer loop
      vertex 55.7658 4 19.0279
      vertex 55.6637 1 18.5147
      vertex 55.7658 1 19.0279
    endloop
  endfacet
  facet normal 0.555626 0 -0.831432
    outer loop
      vertex 49.365 1 22.7234
      vertex 49.8 4 23.0141
      vertex 49.8 1 23.0141
    endloop
  endfacet
  facet normal 0.555626 0 -0.831432
    outer loop
      vertex 49.8 4 23.0141
      vertex 49.365 1 22.7234
      vertex 49.365 4 22.7234
    endloop
  endfacet
  facet normal -0.555626 0 0.831432
    outer loop
      vertex 53.8 4 16.0859
      vertex 54.235 1 16.3766
      vertex 54.235 4 16.3766
    endloop
  endfacet
  facet normal -0.555626 0 0.831432
    outer loop
      vertex 54.235 1 16.3766
      vertex 53.8 4 16.0859
      vertex 53.8 1 16.0859
    endloop
  endfacet
  facet normal -0.997861 0 0.0653646
    outer loop
      vertex 55.7658 1 19.0279
      vertex 55.8 4 19.55
      vertex 55.7658 4 19.0279
    endloop
  endfacet
  facet normal -0.997861 0 0.0653646
    outer loop
      vertex 55.8 4 19.55
      vertex 55.7658 1 19.0279
      vertex 55.8 1 19.55
    endloop
  endfacet
  facet normal 0.442238 0 -0.896898
    outer loop
      vertex 49.8 1 23.0141
      vertex 50.2693 4 23.2455
      vertex 50.2693 1 23.2455
    endloop
  endfacet
  facet normal 0.442238 0 -0.896898
    outer loop
      vertex 50.2693 4 23.2455
      vertex 49.8 1 23.0141
      vertex 49.8 4 23.0141
    endloop
  endfacet
  facet normal -0.831432 0 0.555626
    outer loop
      vertex 54.9734 1 17.115
      vertex 55.2641 4 17.55
      vertex 54.9734 4 17.115
    endloop
  endfacet
  facet normal -0.831432 0 0.555626
    outer loop
      vertex 55.2641 4 17.55
      vertex 54.9734 1 17.115
      vertex 55.2641 1 17.55
    endloop
  endfacet
  facet normal 0.0653646 0 -0.997861
    outer loop
      vertex 51.2779 1 23.5158
      vertex 51.8 4 23.55
      vertex 51.8 1 23.55
    endloop
  endfacet
  facet normal 0.0653646 0 -0.997861
    outer loop
      vertex 51.8 4 23.55
      vertex 51.2779 1 23.5158
      vertex 51.2779 4 23.5158
    endloop
  endfacet
  facet normal 0.980779 0 -0.195124
    outer loop
      vertex 47.9363 1 20.5853
      vertex 47.8342 4 20.0721
      vertex 47.9363 4 20.5853
    endloop
  endfacet
  facet normal 0.980779 0 -0.195124
    outer loop
      vertex 47.8342 4 20.0721
      vertex 47.9363 1 20.5853
      vertex 47.8342 1 20.0721
    endloop
  endfacet
  facet normal 0.555626 0 0.831432
    outer loop
      vertex 49.365 4 16.3766
      vertex 49.8 1 16.0859
      vertex 49.8 4 16.0859
    endloop
  endfacet
  facet normal 0.555626 0 0.831432
    outer loop
      vertex 49.8 1 16.0859
      vertex 49.365 4 16.3766
      vertex 49.365 1 16.3766
    endloop
  endfacet
  facet normal 0.321498 0 -0.94691
    outer loop
      vertex 50.2693 1 23.2455
      vertex 50.7647 4 23.4137
      vertex 50.7647 1 23.4137
    endloop
  endfacet
  facet normal 0.321498 0 -0.94691
    outer loop
      vertex 50.7647 4 23.4137
      vertex 50.2693 1 23.2455
      vertex 50.2693 4 23.2455
    endloop
  endfacet
  facet normal -0.442238 0 -0.896898
    outer loop
      vertex 53.3307 1 23.2455
      vertex 53.8 4 23.0141
      vertex 53.8 1 23.0141
    endloop
  endfacet
  facet normal -0.442238 0 -0.896898
    outer loop
      vertex 53.8 4 23.0141
      vertex 53.3307 1 23.2455
      vertex 53.3307 4 23.2455
    endloop
  endfacet
  facet normal 0.997861 -0 0.0653646
    outer loop
      vertex 47.8 1 19.55
      vertex 47.8342 4 19.0279
      vertex 47.8 4 19.55
    endloop
  endfacet
  facet normal 0.997861 0 0.0653646
    outer loop
      vertex 47.8342 4 19.0279
      vertex 47.8 1 19.55
      vertex 47.8342 1 19.0279
    endloop
  endfacet
  facet normal 0 -1 0
    outer loop
      vertex 50.2693 5 15.8545
      vertex 52.24 5 16
      vertex 49.9742 5 16
    endloop
  endfacet
  facet normal 0 -1 0
    outer loop
      vertex 50.7647 5 15.6863
      vertex 52.24 5 16
      vertex 50.2693 5 15.8545
    endloop
  endfacet
  facet normal 0 -1 0
    outer loop
      vertex 51.2779 5 15.5842
      vertex 52.24 5 16
      vertex 50.7647 5 15.6863
    endloop
  endfacet
  facet normal 0 -1 0
    outer loop
      vertex 51.8 5 15.55
      vertex 52.24 5 16
      vertex 51.2779 5 15.5842
    endloop
  endfacet
  facet normal 0 -1 -0
    outer loop
      vertex 52.24 5 16
      vertex 51.8 5 15.55
      vertex 52.24 5 15.5788
    endloop
  endfacet
  facet normal 0.94691 -0 0.321498
    outer loop
      vertex 47.9363 1 18.5147
      vertex 48.1045 4 18.0193
      vertex 47.9363 4 18.5147
    endloop
  endfacet
  facet normal 0.94691 0 0.321498
    outer loop
      vertex 48.1045 4 18.0193
      vertex 47.9363 1 18.5147
      vertex 48.1045 1 18.0193
    endloop
  endfacet
  facet normal 0.896898 0 -0.442238
    outer loop
      vertex 48.3359 1 21.55
      vertex 48.1045 4 21.0807
      vertex 48.3359 4 21.55
    endloop
  endfacet
  facet normal 0.896898 0 -0.442238
    outer loop
      vertex 48.1045 4 21.0807
      vertex 48.3359 1 21.55
      vertex 48.1045 1 21.0807
    endloop
  endfacet
  facet normal -0.896898 0 -0.442238
    outer loop
      vertex 55.4955 1 21.0807
      vertex 55.2641 4 21.55
      vertex 55.4955 4 21.0807
    endloop
  endfacet
  facet normal -0.896898 -0 -0.442238
    outer loop
      vertex 55.2641 4 21.55
      vertex 55.4955 1 21.0807
      vertex 55.2641 1 21.55
    endloop
  endfacet
  facet normal -0.0653646 0 -0.997861
    outer loop
      vertex 51.8 1 23.55
      vertex 52.3221 4 23.5158
      vertex 52.3221 1 23.5158
    endloop
  endfacet
  facet normal -0.0653646 0 -0.997861
    outer loop
      vertex 52.3221 4 23.5158
      vertex 51.8 1 23.55
      vertex 51.8 4 23.55
    endloop
  endfacet
  facet normal -0.195124 0 -0.980779
    outer loop
      vertex 52.3221 1 23.5158
      vertex 52.8353 4 23.4137
      vertex 52.8353 1 23.4137
    endloop
  endfacet
  facet normal -0.195124 0 -0.980779
    outer loop
      vertex 52.8353 4 23.4137
      vertex 52.3221 1 23.5158
      vertex 52.3221 4 23.5158
    endloop
  endfacet
  facet normal 0.0653646 0 0.997861
    outer loop
      vertex 51.2779 4 15.5842
      vertex 51.8 4 15.55
      vertex 51.8 5 15.55
    endloop
  endfacet
  facet normal 0.0653646 -0 0.997861
    outer loop
      vertex 51.2779 4 15.5842
      vertex 51.8 5 15.55
      vertex 51.2779 5 15.5842
    endloop
  endfacet
  facet normal 0.0653646 0 0.997861
    outer loop
      vertex 51.8 4 15.55
      vertex 51.2779 4 15.5842
      vertex 51.8 1 15.55
    endloop
  endfacet
  facet normal 0.0653646 0 0.997861
    outer loop
      vertex 51.8 1 15.55
      vertex 51.2779 4 15.5842
      vertex 51.2779 1 15.5842
    endloop
  endfacet
  facet normal -0.94691 0 0.321498
    outer loop
      vertex 55.4955 1 18.0193
      vertex 55.6637 4 18.5147
      vertex 55.4955 4 18.0193
    endloop
  endfacet
  facet normal -0.94691 0 0.321498
    outer loop
      vertex 55.6637 4 18.5147
      vertex 55.4955 1 18.0193
      vertex 55.6637 1 18.5147
    endloop
  endfacet
  facet normal 0.831432 -0 0.555626
    outer loop
      vertex 48.3359 1 17.55
      vertex 48.6266 4 17.115
      vertex 48.3359 4 17.55
    endloop
  endfacet
  facet normal 0.831432 0 0.555626
    outer loop
      vertex 48.6266 4 17.115
      vertex 48.3359 1 17.55
      vertex 48.6266 1 17.115
    endloop
  endfacet
  facet normal 0.751842 -0 0.659343
    outer loop
      vertex 48.6266 1 17.115
      vertex 48.9716 4 16.7216
      vertex 48.6266 4 17.115
    endloop
  endfacet
  facet normal 0.751842 0 0.659343
    outer loop
      vertex 48.9716 4 16.7216
      vertex 48.6266 1 17.115
      vertex 48.9716 1 16.7216
    endloop
  endfacet
  facet normal 0.321498 0 0.94691
    outer loop
      vertex 50.2693 4 15.8545
      vertex 50.7647 4 15.6863
      vertex 50.7647 5 15.6863
    endloop
  endfacet
  facet normal 0.321498 -0 0.94691
    outer loop
      vertex 50.2693 4 15.8545
      vertex 50.7647 5 15.6863
      vertex 50.2693 5 15.8545
    endloop
  endfacet
  facet normal 0.321498 0 0.94691
    outer loop
      vertex 50.7647 4 15.6863
      vertex 50.2693 4 15.8545
      vertex 50.7647 1 15.6863
    endloop
  endfacet
  facet normal 0.321498 0 0.94691
    outer loop
      vertex 50.7647 1 15.6863
      vertex 50.2693 4 15.8545
      vertex 50.2693 1 15.8545
    endloop
  endfacet
  facet normal -0.195124 0 0.980779
    outer loop
      vertex 52.3221 4 15.5842
      vertex 52.8353 1 15.6863
      vertex 52.8353 4 15.6863
    endloop
  endfacet
  facet normal -0.195124 0 0.980779
    outer loop
      vertex 52.8353 1 15.6863
      vertex 52.3221 4 15.5842
      vertex 52.3221 1 15.5842
    endloop
  endfacet
  facet normal 0.94691 0 -0.321498
    outer loop
      vertex 48.1045 1 21.0807
      vertex 47.9363 4 20.5853
      vertex 48.1045 4 21.0807
    endloop
  endfacet
  facet normal 0.94691 0 -0.321498
    outer loop
      vertex 47.9363 4 20.5853
      vertex 48.1045 1 21.0807
      vertex 47.9363 1 20.5853
    endloop
  endfacet
  facet normal 0.831432 0 -0.555626
    outer loop
      vertex 48.6266 1 21.985
      vertex 48.3359 4 21.55
      vertex 48.6266 4 21.985
    endloop
  endfacet
  facet normal 0.831432 0 -0.555626
    outer loop
      vertex 48.3359 4 21.55
      vertex 48.6266 1 21.985
      vertex 48.3359 1 21.55
    endloop
  endfacet
  facet normal 0.751842 0 -0.659343
    outer loop
      vertex 48.9716 1 22.3784
      vertex 48.6266 4 21.985
      vertex 48.9716 4 22.3784
    endloop
  endfacet
  facet normal 0.751842 0 -0.659343
    outer loop
      vertex 48.6266 4 21.985
      vertex 48.9716 1 22.3784
      vertex 48.6266 1 21.985
    endloop
  endfacet
  facet normal -0.70122 -0.671899 0.238415
    outer loop
      vertex 56.3507 0 17.7164
      vertex 55.4955 1 18.0193
      vertex 56.3354 0 17.6714
    endloop
  endfacet
  facet normal -0.701324 -0.671897 0.238116
    outer loop
      vertex 55.4955 1 18.0193
      vertex 56.3507 0 17.7164
      vertex 55.6637 1 18.5147
    endloop
  endfacet
  facet normal 0.664252 -0.671878 -0.327641
    outer loop
      vertex 48.3359 1 21.55
      vertex 47.5486 0 22.0045
      vertex 47.2856 0 21.4713
    endloop
  endfacet
  facet normal 0.701359 -0.671879 -0.238063
    outer loop
      vertex 47.9363 1 20.5853
      vertex 47.2493 0 21.3836
      vertex 47.0582 0 20.8206
    endloop
  endfacet
  facet normal -0.739075 -0.671882 -0.0484013
    outer loop
      vertex 56.7052 0.0042738 19.55
      vertex 56.6686 0.00187289 20.1422
      vertex 55.8 1 19.55
    endloop
  endfacet
  facet normal -0.739071 -0.671885 -0.0484126
    outer loop
      vertex 56.6686 0.00187289 20.1422
      vertex 55.7658 1 20.0721
      vertex 55.8 1 19.55
    endloop
  endfacet
  facet normal -0.739063 -0.671886 -0.0485325
    outer loop
      vertex 55.7658 1 20.0721
      vertex 56.6686 0.00187289 20.1422
      vertex 56.6656 0.00167675 20.1906
    endloop
  endfacet
  facet normal 0.238147 -0.671884 -0.701326
    outer loop
      vertex 50.7647 1 23.4137
      vertex 50.6224 0.39498 23.945
      vertex 50.227 0.326438 23.8764
    endloop
  endfacet
  facet normal -0.556847 -0.671898 0.488338
    outer loop
      vertex 55.6633 0 16.5258
      vertex 54.9734 1 17.115
      vertex 54.6284 1 16.7216
    endloop
  endfacet
  facet normal -0.556907 -0.671898 0.488269
    outer loop
      vertex 54.9734 1 17.115
      vertex 55.6633 0 16.5258
      vertex 55.6946 0 16.5615
    endloop
  endfacet
  facet normal 0.144541 -0.671893 -0.726408
    outer loop
      vertex 50.7647 1 23.4137
      vertex 50.9629 0.430174 23.9802
      vertex 50.6224 0.39498 23.945
    endloop
  endfacet
  facet normal 0.411448 -0.671875 -0.615869
    outer loop
      vertex 49.8 1 23.0141
      vertex 48.9692 0 23.55
      vertex 48.8511 0 23.4711
    endloop
  endfacet
  facet normal 0.41152 -0.671897 -0.615798
    outer loop
      vertex 48.9692 0 23.55
      vertex 49.8 1 23.0141
      vertex 49.4094 0.140659 23.6907
    endloop
  endfacet
  facet normal 0.701352 -0.671887 0.238061
    outer loop
      vertex 47.2646 0 17.6714
      vertex 48.1045 1 18.0193
      vertex 47.0735 0 18.2344
    endloop
  endfacet
  facet normal 0.488257 -0.671924 0.556887
    outer loop
      vertex 48.7758 0 15.6867
      vertex 48.9716 1 16.7216
      vertex 48.3287 0 16.0787
    endloop
  endfacet
  facet normal -0.488336 -0.671896 0.556852
    outer loop
      vertex 54.7885 0 15.6554
      vertex 55.2355 0 16.0474
      vertex 54.235 1 16.3766
    endloop
  endfacet
  facet normal -0.0484459 -0.67187 0.739083
    outer loop
      vertex 52.399 0.351813 15
      vertex 52.3221 1 15.5842
      vertex 52.0272 0.378622 15
    endloop
  endfacet
  facet normal -0.664269 -0.671887 0.327588
    outer loop
      vertex 56.0724 0 17.1381
      vertex 56.3354 0 17.6714
      vertex 55.4955 1 18.0193
    endloop
  endfacet
  facet normal 0.488269 -0.671898 -0.556907
    outer loop
      vertex 48.7758 0 23.4133
      vertex 49.365 1 22.7234
      vertex 48.8115 0 23.4446
    endloop
  endfacet
  facet normal 0.488338 -0.671898 -0.556847
    outer loop
      vertex 49.365 1 22.7234
      vertex 48.7758 0 23.4133
      vertex 48.9716 1 22.3784
    endloop
  endfacet
  facet normal 0.739074 -0.671879 -0.0484577
    outer loop
      vertex 47.8342 1 20.0721
      vertex 46.9329 0 20.1908
      vertex 46.894 0 19.5975
    endloop
  endfacet
  facet normal 0.23812 -0.671885 0.701334
    outer loop
      vertex 50.2693 1 15.8545
      vertex 50.5808 0.218444 15
      vertex 50.7647 1 15.6863
    endloop
  endfacet
  facet normal 0.238196 -0.671856 0.701336
    outer loop
      vertex 50.5808 0.218444 15
      vertex 50.2693 1 15.8545
      vertex 50.4476 0.17122 15
    endloop
  endfacet
  facet normal 0.55759 -0.671889 -0.487502
    outer loop
      vertex 48.2974 0 22.9855
      vertex 48.9716 1 22.3784
      vertex 48.3287 0 23.0213
    endloop
  endfacet
  facet normal 0.556848 -0.671897 -0.488339
    outer loop
      vertex 48.9716 1 22.3784
      vertex 48.2974 0 22.9855
      vertex 48.6266 1 21.985
    endloop
  endfacet
  facet normal -0.701359 -0.671879 0.238063
    outer loop
      vertex 56.3507 0 17.7164
      vertex 56.5418 0 18.2794
      vertex 55.6637 1 18.5147
    endloop
  endfacet
  facet normal 0.488338 -0.671898 0.556847
    outer loop
      vertex 48.7758 0 15.6867
      vertex 49.365 1 16.3766
      vertex 48.9716 1 16.7216
    endloop
  endfacet
  facet normal 0.488269 -0.671898 0.556907
    outer loop
      vertex 49.365 1 16.3766
      vertex 48.7758 0 15.6867
      vertex 48.8115 0 15.6554
    endloop
  endfacet
  facet normal 0.41145 -0.671876 0.615867
    outer loop
      vertex 49.3455 0 15.2986
      vertex 49.8 1 16.0859
      vertex 48.8511 0 15.6289
    endloop
  endfacet
  facet normal 0.144283 -0.671847 -0.726501
    outer loop
      vertex 50.9629 0.430174 23.9802
      vertex 51.2779 1 23.5158
      vertex 51.2133 0.45605 24.006
    endloop
  endfacet
  facet normal 0.144517 -0.6719 -0.726406
    outer loop
      vertex 51.2779 1 23.5158
      vertex 50.9629 0.430174 23.9802
      vertex 50.7647 1 23.4137
    endloop
  endfacet
  facet normal -0.739075 -0.671882 0.0484013
    outer loop
      vertex 56.6686 0.00187289 18.9578
      vertex 56.7052 0.0042738 19.55
      vertex 55.8 1 19.55
    endloop
  endfacet
  facet normal -0.240759 -0.662746 0.709085
    outer loop
      vertex 53.6786 0 15.0146
      vertex 53.6328 0.00101717 15
      vertex 53.6356 0 15
    endloop
  endfacet
  facet normal -0.238451 -0.671901 0.701207
    outer loop
      vertex 53.3307 1 15.8545
      vertex 53.6328 0.00101717 15
      vertex 53.6786 0 15.0146
    endloop
  endfacet
  facet normal -0.238116 -0.671898 0.701323
    outer loop
      vertex 53.6328 0.00101717 15
      vertex 53.3307 1 15.8545
      vertex 52.8353 1 15.6863
    endloop
  endfacet
  facet normal 0.144487 -0.67187 0.72644
    outer loop
      vertex 51.201 0.351813 15
      vertex 51.2779 1 15.5842
      vertex 50.7558 0.256072 15
    endloop
  endfacet
  facet normal -0.556887 -0.671924 0.488257
    outer loop
      vertex 55.2713 0 16.0787
      vertex 55.6633 0 16.5258
      vertex 54.6284 1 16.7216
    endloop
  endfacet
  facet normal -0.144467 -0.671885 0.726429
    outer loop
      vertex 52.8353 1 15.6863
      vertex 52.8442 0.256072 15
      vertex 53.0192 0.218444 15
    endloop
  endfacet
  facet normal -0.14452 -0.67188 0.726423
    outer loop
      vertex 52.8442 0.256072 15
      vertex 52.8353 1 15.6863
      vertex 52.3221 1 15.5842
    endloop
  endfacet
  facet normal 0.0484133 -0.671874 -0.739082
    outer loop
      vertex 51.4828 0.465299 24.0153
      vertex 51.2779 1 23.5158
      vertex 51.8 1 23.55
    endloop
  endfacet
  facet normal 0.0485622 -0.671838 -0.739105
    outer loop
      vertex 51.2779 1 23.5158
      vertex 51.4828 0.465299 24.0153
      vertex 51.2133 0.45605 24.006
    endloop
  endfacet
  facet normal 0.616252 -0.671899 -0.410835
    outer loop
      vertex 48.3359 1 21.55
      vertex 47.575 0 22.0441
      vertex 47.5486 0 22.0045
    endloop
  endfacet
  facet normal 0.615798 -0.671894 -0.411523
    outer loop
      vertex 47.575 0 22.0441
      vertex 48.3359 1 21.55
      vertex 48.6266 1 21.985
    endloop
  endfacet
  facet normal -0.664302 -0.671873 0.327551
    outer loop
      vertex 55.2641 1 17.55
      vertex 56.0724 0 17.1381
      vertex 55.4955 1 18.0193
    endloop
  endfacet
  facet normal -0.664333 -0.671873 0.327488
    outer loop
      vertex 56.0724 0 17.1381
      vertex 55.2641 1 17.55
      vertex 56.0514 0 17.0955
    endloop
  endfacet
  facet normal 0.238081 -0.671889 0.701343
    outer loop
      vertex 50.2693 1 15.8545
      vertex 49.9644 0 15
      vertex 50.4476 0.17122 15
    endloop
  endfacet
  facet normal 0.238125 -0.671889 0.701328
    outer loop
      vertex 49.9644 0 15
      vertex 50.2693 1 15.8545
      vertex 49.9214 0 15.0146
    endloop
  endfacet
  facet normal -0.61579 -0.671905 0.411517
    outer loop
      vertex 54.9734 1 17.115
      vertex 55.7211 0 16.6011
      vertex 55.2641 1 17.55
    endloop
  endfacet
  facet normal -0.615527 -0.671908 0.411906
    outer loop
      vertex 55.7211 0 16.6011
      vertex 54.9734 1 17.115
      vertex 55.6946 0 16.5615
    endloop
  endfacet
  facet normal -0.739071 -0.671885 0.0484126
    outer loop
      vertex 55.7658 1 19.0279
      vertex 56.6686 0.00187289 18.9578
      vertex 55.8 1 19.55
    endloop
  endfacet
  facet normal -0.739063 -0.671886 0.0485325
    outer loop
      vertex 56.6686 0.00187289 18.9578
      vertex 55.7658 1 19.0279
      vertex 56.6656 0.00167675 18.9094
    endloop
  endfacet
  facet normal 0.488257 -0.671924 -0.556887
    outer loop
      vertex 48.9716 1 22.3784
      vertex 48.7758 0 23.4133
      vertex 48.3287 0 23.0213
    endloop
  endfacet
  facet normal -0.23808 -0.671886 0.701346
    outer loop
      vertex 53.0192 0.218444 15
      vertex 53.6328 0.00101717 15
      vertex 52.8353 1 15.6863
    endloop
  endfacet
  facet normal 0.327641 -0.671878 0.664252
    outer loop
      vertex 49.8787 0 15.0356
      vertex 49.8 1 16.0859
      vertex 49.3455 0 15.2986
    endloop
  endfacet
  facet normal -0.615867 -0.671876 0.41145
    outer loop
      vertex 55.7211 0 16.6011
      vertex 56.0514 0 17.0955
      vertex 55.2641 1 17.55
    endloop
  endfacet
  facet normal 0.664604 -0.671914 0.326854
    outer loop
      vertex 47.2856 0 17.6287
      vertex 48.1045 1 18.0193
      vertex 47.2646 0 17.6714
    endloop
  endfacet
  facet normal 0.664273 -0.671909 0.327536
    outer loop
      vertex 48.1045 1 18.0193
      vertex 47.2856 0 17.6287
      vertex 48.3359 1 17.55
    endloop
  endfacet
  facet normal -0.327536 -0.671909 0.664273
    outer loop
      vertex 53.3307 1 15.8545
      vertex 53.7213 0 15.0356
      vertex 53.8 1 16.0859
    endloop
  endfacet
  facet normal -0.326854 -0.671914 0.664604
    outer loop
      vertex 53.7213 0 15.0356
      vertex 53.3307 1 15.8545
      vertex 53.6786 0 15.0146
    endloop
  endfacet
  facet normal -0.327641 -0.671878 0.664252
    outer loop
      vertex 54.2545 0 15.2986
      vertex 53.8 1 16.0859
      vertex 53.7213 0 15.0356
    endloop
  endfacet
  facet normal -0.726436 -0.671866 0.144523
    outer loop
      vertex 56.6567 0.00109617 18.8622
      vertex 55.7658 1 19.0279
      vertex 55.6637 1 18.5147
    endloop
  endfacet
  facet normal -0.726302 -0.671861 0.145215
    outer loop
      vertex 55.7658 1 19.0279
      vertex 56.6567 0.00109617 18.8622
      vertex 56.6656 0.00167675 18.9094
    endloop
  endfacet
  facet normal -0.556887 -0.671924 -0.488257
    outer loop
      vertex 55.6633 0 22.5742
      vertex 55.2713 0 23.0213
      vertex 54.6284 1 22.3784
    endloop
  endfacet
  facet normal -0.327518 -0.671906 -0.664285
    outer loop
      vertex 54.0597 0.172765 23.7228
      vertex 53.5774 0.291001 23.841
      vertex 53.3307 1 23.2455
    endloop
  endfacet
  facet normal -0.237959 -0.671897 -0.701377
    outer loop
      vertex 53.373 0.326438 23.8764
      vertex 53.3307 1 23.2455
      vertex 53.5774 0.291001 23.841
    endloop
  endfacet
  facet normal -0.238122 -0.671875 -0.701343
    outer loop
      vertex 53.3307 1 23.2455
      vertex 53.373 0.326438 23.8764
      vertex 52.8353 1 23.4137
    endloop
  endfacet
  facet normal -0.411527 -0.671893 0.615796
    outer loop
      vertex 54.2941 0 15.325
      vertex 54.7885 0 15.6554
      vertex 54.235 1 16.3766
    endloop
  endfacet
  facet normal -0.238147 -0.671884 -0.701326
    outer loop
      vertex 53.373 0.326438 23.8764
      vertex 52.9776 0.39498 23.945
      vertex 52.8353 1 23.4137
    endloop
  endfacet
  facet normal -0.488269 -0.671898 -0.556907
    outer loop
      vertex 54.235 1 22.7234
      vertex 54.8242 0 23.4133
      vertex 54.7885 0 23.4446
    endloop
  endfacet
  facet normal -0.488338 -0.671898 -0.556847
    outer loop
      vertex 54.8242 0 23.4133
      vertex 54.235 1 22.7234
      vertex 54.6284 1 22.3784
    endloop
  endfacet
  facet normal 0.726393 -0.671884 -0.144656
    outer loop
      vertex 47.0489 0 20.7739
      vertex 47.9363 1 20.5853
      vertex 47.0582 0 20.8206
    endloop
  endfacet
  facet normal 0.726421 -0.671883 -0.14452
    outer loop
      vertex 47.9363 1 20.5853
      vertex 47.0489 0 20.7739
      vertex 47.8342 1 20.0721
    endloop
  endfacet
  facet normal 0.664252 -0.671878 0.327641
    outer loop
      vertex 47.5486 0 17.0955
      vertex 48.3359 1 17.55
      vertex 47.2856 0 17.6287
    endloop
  endfacet
  facet normal -0.664333 -0.671873 -0.327488
    outer loop
      vertex 55.2641 1 21.55
      vertex 56.0724 0 21.9619
      vertex 56.0514 0 22.0045
    endloop
  endfacet
  facet normal -0.664302 -0.671873 -0.327551
    outer loop
      vertex 56.0724 0 21.9619
      vertex 55.2641 1 21.55
      vertex 55.4955 1 21.0807
    endloop
  endfacet
  facet normal 0.0484679 -0.67189 -0.739063
    outer loop
      vertex 51.8 1 23.55
      vertex 51.8 0.476191 24.0262
      vertex 51.4828 0.465299 24.0153
    endloop
  endfacet
  facet normal 0.556887 -0.671924 0.488257
    outer loop
      vertex 48.3287 0 16.0787
      vertex 48.9716 1 16.7216
      vertex 47.9367 0 16.5258
    endloop
  endfacet
  facet normal 0.70122 -0.671899 -0.238415
    outer loop
      vertex 47.2493 0 21.3836
      vertex 48.1045 1 21.0807
      vertex 47.2646 0 21.4286
    endloop
  endfacet
  facet normal 0.701324 -0.671897 -0.238116
    outer loop
      vertex 48.1045 1 21.0807
      vertex 47.2493 0 21.3836
      vertex 47.9363 1 20.5853
    endloop
  endfacet
  facet normal -0.0485622 -0.671838 -0.739105
    outer loop
      vertex 52.1172 0.465299 24.0153
      vertex 52.3221 1 23.5158
      vertex 52.3867 0.45605 24.006
    endloop
  endfacet
  facet normal -0.0484133 -0.671874 -0.739082
    outer loop
      vertex 52.3221 1 23.5158
      vertex 52.1172 0.465299 24.0153
      vertex 51.8 1 23.55
    endloop
  endfacet
  facet normal 0.327679 -0.671904 -0.664208
    outer loop
      vertex 49.8 1 23.0141
      vertex 49.5403 0.172765 23.7228
      vertex 49.4094 0.140659 23.6907
    endloop
  endfacet
  facet normal 0.327535 -0.671912 -0.66427
    outer loop
      vertex 49.5403 0.172765 23.7228
      vertex 49.8 1 23.0141
      vertex 50.2693 1 23.2455
    endloop
  endfacet
  facet normal 0.739065 -0.671892 -0.0484122
    outer loop
      vertex 46.894 0 19.5975
      vertex 47.8 1 19.55
      vertex 47.8342 1 20.0721
    endloop
  endfacet
  facet normal 0.739075 -0.671894 -0.0482344
    outer loop
      vertex 47.8 1 19.55
      vertex 46.894 0 19.5975
      vertex 46.8909 0 19.55
    endloop
  endfacet
  facet normal 0.0484366 -0.671884 0.739071
    outer loop
      vertex 51.8 1 15.55
      vertex 51.5728 0.378622 15
      vertex 51.8 0.395001 15
    endloop
  endfacet
  facet normal 0.048413 -0.67188 0.739076
    outer loop
      vertex 51.5728 0.378622 15
      vertex 51.8 1 15.55
      vertex 51.2779 1 15.5842
    endloop
  endfacet
  facet normal -0.0484679 -0.67189 -0.739063
    outer loop
      vertex 51.8 1 23.55
      vertex 52.1172 0.465299 24.0153
      vertex 51.8 0.476191 24.0262
    endloop
  endfacet
  facet normal 0.726425 -0.67188 -0.144513
    outer loop
      vertex 47.8342 1 20.0721
      vertex 47.0489 0 20.7739
      vertex 46.9329 0 20.1908
    endloop
  endfacet
  facet normal 0.701341 -0.671877 0.238122
    outer loop
      vertex 47.0582 0 18.2794
      vertex 48.1045 1 18.0193
      vertex 47.9363 1 18.5147
    endloop
  endfacet
  facet normal 0.701326 -0.671776 0.238451
    outer loop
      vertex 48.1045 1 18.0193
      vertex 47.0582 0 18.2794
      vertex 47.0735 0 18.2344
    endloop
  endfacet
  facet normal 0.411906 -0.671908 0.615527
    outer loop
      vertex 48.8511 0 15.6289
      vertex 49.365 1 16.3766
      vertex 48.8115 0 15.6554
    endloop
  endfacet
  facet normal 0.411517 -0.671905 0.61579
    outer loop
      vertex 49.365 1 16.3766
      vertex 48.8511 0 15.6289
      vertex 49.8 1 16.0859
    endloop
  endfacet
  facet normal -0.726425 -0.671879 0.14452
    outer loop
      vertex 56.64 0 18.773
      vertex 55.6637 1 18.5147
      vertex 56.5418 0 18.2794
    endloop
  endfacet
  facet normal -0.726419 -0.671941 0.144257
    outer loop
      vertex 55.6637 1 18.5147
      vertex 56.64 0 18.773
      vertex 56.6567 0.00109617 18.8622
    endloop
  endfacet
  facet normal -0.411517 -0.671897 -0.615798
    outer loop
      vertex 54.235 1 22.7234
      vertex 54.6308 0 23.55
      vertex 54.2876 0.109659 23.6597
    endloop
  endfacet
  facet normal -0.411558 -0.671894 -0.615775
    outer loop
      vertex 54.6308 0 23.55
      vertex 54.235 1 22.7234
      vertex 54.7885 0 23.4446
    endloop
  endfacet
  facet normal 0.238122 -0.671875 -0.701343
    outer loop
      vertex 50.227 0.326438 23.8764
      vertex 50.2693 1 23.2455
      vertex 50.7647 1 23.4137
    endloop
  endfacet
  facet normal 0.237959 -0.671897 -0.701377
    outer loop
      vertex 50.2693 1 23.2455
      vertex 50.227 0.326438 23.8764
      vertex 50.0226 0.291001 23.841
    endloop
  endfacet
  facet normal 0.327518 -0.671906 -0.664285
    outer loop
      vertex 50.2693 1 23.2455
      vertex 50.0226 0.291001 23.841
      vertex 49.5403 0.172765 23.7228
    endloop
  endfacet
  facet normal 0.726421 -0.671883 0.14452
    outer loop
      vertex 47.0489 0 18.3261
      vertex 47.9363 1 18.5147
      vertex 47.8342 1 19.0279
    endloop
  endfacet
  facet normal 0.726393 -0.671884 0.144656
    outer loop
      vertex 47.9363 1 18.5147
      vertex 47.0489 0 18.3261
      vertex 47.0582 0 18.2794
    endloop
  endfacet
  facet normal -0.488257 -0.671924 -0.556887
    outer loop
      vertex 55.2713 0 23.0213
      vertex 54.8242 0 23.4133
      vertex 54.6284 1 22.3784
    endloop
  endfacet
  facet normal -0.726419 -0.671941 -0.144257
    outer loop
      vertex 56.64 0 20.327
      vertex 55.6637 1 20.5853
      vertex 56.6567 0.00109617 20.2378
    endloop
  endfacet
  facet normal -0.726425 -0.671879 -0.14452
    outer loop
      vertex 55.6637 1 20.5853
      vertex 56.64 0 20.327
      vertex 56.5418 0 20.8206
    endloop
  endfacet
  facet normal 0.615867 -0.671876 0.41145
    outer loop
      vertex 47.8789 0 16.6011
      vertex 48.3359 1 17.55
      vertex 47.5486 0 17.0955
    endloop
  endfacet
  facet normal 0.556907 -0.671898 0.488269
    outer loop
      vertex 47.9367 0 16.5258
      vertex 48.6266 1 17.115
      vertex 47.9054 0 16.5615
    endloop
  endfacet
  facet normal 0.556847 -0.671898 0.488338
    outer loop
      vertex 48.6266 1 17.115
      vertex 47.9367 0 16.5258
      vertex 48.9716 1 16.7216
    endloop
  endfacet
  facet normal 0.61579 -0.671905 0.411517
    outer loop
      vertex 47.8789 0 16.6011
      vertex 48.6266 1 17.115
      vertex 48.3359 1 17.55
    endloop
  endfacet
  facet normal 0.615527 -0.671908 0.411906
    outer loop
      vertex 48.6266 1 17.115
      vertex 47.8789 0 16.6011
      vertex 47.9054 0 16.5615
    endloop
  endfacet
  facet normal 0.327536 -0.671909 0.664273
    outer loop
      vertex 49.8787 0 15.0356
      vertex 50.2693 1 15.8545
      vertex 49.8 1 16.0859
    endloop
  endfacet
  facet normal 0.326854 -0.671914 0.664604
    outer loop
      vertex 50.2693 1 15.8545
      vertex 49.8787 0 15.0356
      vertex 49.9214 0 15.0146
    endloop
  endfacet
  facet normal -0.701359 -0.671879 -0.238063
    outer loop
      vertex 56.5418 0 20.8206
      vertex 56.3507 0 21.3836
      vertex 55.6637 1 20.5853
    endloop
  endfacet
  facet normal 0.726425 -0.67188 0.144513
    outer loop
      vertex 47.0489 0 18.3261
      vertex 47.8342 1 19.0279
      vertex 46.9329 0 18.9092
    endloop
  endfacet
  facet normal -0.144541 -0.671893 -0.726408
    outer loop
      vertex 52.8353 1 23.4137
      vertex 52.9776 0.39498 23.945
      vertex 52.6371 0.430174 23.9802
    endloop
  endfacet
  facet normal -0.144283 -0.671847 -0.726501
    outer loop
      vertex 52.3221 1 23.5158
      vertex 52.6371 0.430174 23.9802
      vertex 52.3867 0.45605 24.006
    endloop
  endfacet
  facet normal -0.144517 -0.6719 -0.726406
    outer loop
      vertex 52.6371 0.430174 23.9802
      vertex 52.3221 1 23.5158
      vertex 52.8353 1 23.4137
    endloop
  endfacet
  facet normal -0.411529 -0.671896 -0.615792
    outer loop
      vertex 53.8 1 23.0141
      vertex 54.2876 0.109659 23.6597
      vertex 54.1906 0.140659 23.6907
    endloop
  endfacet
  facet normal -0.411522 -0.671896 -0.615797
    outer loop
      vertex 54.2876 0.109659 23.6597
      vertex 53.8 1 23.0141
      vertex 54.235 1 22.7234
    endloop
  endfacet
  facet normal -0.488339 -0.671897 0.556848
    outer loop
      vertex 55.2355 0 16.0474
      vertex 54.6284 1 16.7216
      vertex 54.235 1 16.3766
    endloop
  endfacet
  facet normal -0.487502 -0.671889 0.55759
    outer loop
      vertex 54.6284 1 16.7216
      vertex 55.2355 0 16.0474
      vertex 55.2713 0 16.0787
    endloop
  endfacet
  facet normal -0.615796 -0.671893 -0.411527
    outer loop
      vertex 56.025 0 22.0441
      vertex 55.6946 0 22.5385
      vertex 54.9734 1 21.985
    endloop
  endfacet
  facet normal 0.556852 -0.671896 -0.488336
    outer loop
      vertex 48.6266 1 21.985
      vertex 48.2974 0 22.9855
      vertex 47.9054 0 22.5385
    endloop
  endfacet
  facet normal 0.615796 -0.671893 -0.411527
    outer loop
      vertex 48.6266 1 21.985
      vertex 47.9054 0 22.5385
      vertex 47.575 0 22.0441
    endloop
  endfacet
  facet normal -0.048413 -0.67188 0.739076
    outer loop
      vertex 51.8 1 15.55
      vertex 52.0272 0.378622 15
      vertex 52.3221 1 15.5842
    endloop
  endfacet
  facet normal -0.0484366 -0.671884 0.739071
    outer loop
      vertex 52.0272 0.378622 15
      vertex 51.8 1 15.55
      vertex 51.8 0.395001 15
    endloop
  endfacet
  facet normal -0.144487 -0.67187 0.72644
    outer loop
      vertex 52.399 0.351813 15
      vertex 52.8442 0.256072 15
      vertex 52.3221 1 15.5842
    endloop
  endfacet
  facet normal -0.411523 -0.671894 0.615798
    outer loop
      vertex 53.8 1 16.0859
      vertex 54.2941 0 15.325
      vertex 54.235 1 16.3766
    endloop
  endfacet
  facet normal -0.410835 -0.671899 0.616252
    outer loop
      vertex 54.2941 0 15.325
      vertex 53.8 1 16.0859
      vertex 54.2545 0 15.2986
    endloop
  endfacet
  facet normal 0.739074 -0.671879 0.0484577
    outer loop
      vertex 46.9329 0 18.9092
      vertex 47.8342 1 19.0279
      vertex 46.894 0 19.5025
    endloop
  endfacet
  facet normal 0.739075 -0.671894 0.0482344
    outer loop
      vertex 46.894 0 19.5025
      vertex 47.8 1 19.55
      vertex 46.8909 0 19.55
    endloop
  endfacet
  facet normal 0.739065 -0.671892 0.0484122
    outer loop
      vertex 47.8 1 19.55
      vertex 46.894 0 19.5025
      vertex 47.8342 1 19.0279
    endloop
  endfacet
  facet normal 0.0484459 -0.67187 0.739083
    outer loop
      vertex 51.5728 0.378622 15
      vertex 51.2779 1 15.5842
      vertex 51.201 0.351813 15
    endloop
  endfacet
  facet normal 0.664604 -0.671914 -0.326854
    outer loop
      vertex 48.1045 1 21.0807
      vertex 47.2856 0 21.4713
      vertex 47.2646 0 21.4286
    endloop
  endfacet
  facet normal 0.664273 -0.671909 -0.327536
    outer loop
      vertex 47.2856 0 21.4713
      vertex 48.1045 1 21.0807
      vertex 48.3359 1 21.55
    endloop
  endfacet
  facet normal 0.14452 -0.67188 0.726423
    outer loop
      vertex 50.7647 1 15.6863
      vertex 50.7558 0.256072 15
      vertex 51.2779 1 15.5842
    endloop
  endfacet
  facet normal 0.144467 -0.671885 0.726429
    outer loop
      vertex 50.7558 0.256072 15
      vertex 50.7647 1 15.6863
      vertex 50.5808 0.218444 15
    endloop
  endfacet
  facet normal -0.615798 -0.671894 -0.411523
    outer loop
      vertex 55.2641 1 21.55
      vertex 56.025 0 22.0441
      vertex 54.9734 1 21.985
    endloop
  endfacet
  facet normal -0.616252 -0.671899 -0.410835
    outer loop
      vertex 56.025 0 22.0441
      vertex 55.2641 1 21.55
      vertex 56.0514 0 22.0045
    endloop
  endfacet
  facet normal -0.726302 -0.671861 -0.145215
    outer loop
      vertex 56.6567 0.00109617 20.2378
      vertex 55.7658 1 20.0721
      vertex 56.6656 0.00167675 20.1906
    endloop
  endfacet
  facet normal -0.726436 -0.671866 -0.144523
    outer loop
      vertex 55.7658 1 20.0721
      vertex 56.6567 0.00109617 20.2378
      vertex 55.6637 1 20.5853
    endloop
  endfacet
  facet normal 0.411906 -0.671908 -0.615527
    outer loop
      vertex 49.365 1 22.7234
      vertex 48.8511 0 23.4711
      vertex 48.8115 0 23.4446
    endloop
  endfacet
  facet normal 0.411517 -0.671905 -0.61579
    outer loop
      vertex 48.8511 0 23.4711
      vertex 49.365 1 22.7234
      vertex 49.8 1 23.0141
    endloop
  endfacet
  facet normal -0.556847 -0.671898 -0.488338
    outer loop
      vertex 54.9734 1 21.985
      vertex 55.6633 0 22.5742
      vertex 54.6284 1 22.3784
    endloop
  endfacet
  facet normal -0.556907 -0.671898 -0.488269
    outer loop
      vertex 55.6633 0 22.5742
      vertex 54.9734 1 21.985
      vertex 55.6946 0 22.5385
    endloop
  endfacet
  facet normal -0.664269 -0.671887 -0.327588
    outer loop
      vertex 56.3354 0 21.4286
      vertex 56.0724 0 21.9619
      vertex 55.4955 1 21.0807
    endloop
  endfacet
  facet normal -0.327535 -0.671912 -0.66427
    outer loop
      vertex 53.8 1 23.0141
      vertex 54.0597 0.172765 23.7228
      vertex 53.3307 1 23.2455
    endloop
  endfacet
  facet normal -0.327679 -0.671904 -0.664208
    outer loop
      vertex 54.0597 0.172765 23.7228
      vertex 53.8 1 23.0141
      vertex 54.1906 0.140659 23.6907
    endloop
  endfacet
  facet normal -0.701324 -0.671897 -0.238116
    outer loop
      vertex 56.3507 0 21.3836
      vertex 55.4955 1 21.0807
      vertex 55.6637 1 20.5853
    endloop
  endfacet
  facet normal -0.70122 -0.671899 -0.238415
    outer loop
      vertex 55.4955 1 21.0807
      vertex 56.3507 0 21.3836
      vertex 56.3354 0 21.4286
    endloop
  endfacet
  facet normal 0 0 0
    outer loop
      vertex 0 4 20.275
      vertex 2.4 4 20.275
      vertex 3.4 4 20.275
    endloop
  endfacet
  facet normal 0 0 -1
    outer loop
      vertex 0 4 20.275
      vertex 2.4 14 20.275
      vertex 2.4 4 20.275
    endloop
  endfacet
  facet normal -0 0 -1
    outer loop
      vertex 2.4 14 20.275
      vertex 0 4 20.275
      vertex 0 14 20.275
    endloop
  endfacet
  facet normal 0 -1 0
    outer loop
      vertex 0 14 15
      vertex 2.4 14 20.275
      vertex 0 14 20.275
    endloop
  endfacet
  facet normal 0 -1 -0
    outer loop
      vertex 2.4 14 20.275
      vertex 0 14 15
      vertex 2.4 14 15
    endloop
  endfacet
  facet normal 0 1 -0
    outer loop
      vertex 3.4 4 15
      vertex 0 4 20.275
      vertex 3.4 4 20.275
    endloop
  endfacet
  facet normal 0 1 0
    outer loop
      vertex 0 4 20.275
      vertex 3.4 4 15
      vertex 0 4 15
    endloop
  endfacet
  facet normal 0 0 -1
    outer loop
      vertex 57.24 7.5 18.775
      vertex 59.64 10 18.775
      vertex 59.64 7.5 18.775
    endloop
  endfacet
  facet normal -0 0 -1
    outer loop
      vertex 59.64 10 18.775
      vertex 57.24 7.5 18.775
      vertex 57.24 10 18.775
    endloop
  endfacet
  facet normal 0 1 -0
    outer loop
      vertex 59.64 7.5 15
      vertex 57.24 7.5 18.775
      vertex 59.64 7.5 18.775
    endloop
  endfacet
  facet normal 0 1 0
    outer loop
      vertex 57.24 7.5 18.775
      vertex 59.64 7.5 15
      vertex 57.24 7.5 15
    endloop
  endfacet
  facet normal 0 0 -1
    outer loop
      vertex 57.24 10 19.775
      vertex 59.64 15.3 19.775
      vertex 59.64 10 19.775
    endloop
  endfacet
  facet normal -0 0 -1
    outer loop
      vertex 59.64 15.3 19.775
      vertex 57.24 10 19.775
      vertex 57.24 15.3 19.775
    endloop
  endfacet
  facet normal 0 -1 0
    outer loop
      vertex 57.24 15.3 15
      vertex 59.64 15.3 19.775
      vertex 57.24 15.3 19.775
    endloop
  endfacet
  facet normal 0 -1 -0
    outer loop
      vertex 59.64 15.3 19.775
      vertex 57.24 15.3 15
      vertex 59.64 15.3 15
    endloop
  endfacet
  facet normal 0 1 -0
    outer loop
      vertex 59.64 10 18.775
      vertex 57.24 10 19.775
      vertex 59.64 10 19.775
    endloop
  endfacet
  facet normal 0 1 0
    outer loop
      vertex 57.24 10 19.775
      vertex 59.64 10 18.775
      vertex 57.24 10 18.775
    endloop
  endfacet
  facet normal 0 0 -1
    outer loop
      vertex 57.24 40.45 23.6
      vertex 59.64 50.7 23.6
      vertex 59.64 40.45 23.6
    endloop
  endfacet
  facet normal -0 0 -1
    outer loop
      vertex 59.64 50.7 23.6
      vertex 57.24 40.45 23.6
      vertex 57.24 50.7 23.6
    endloop
  endfacet
  facet normal 0 0 -1
    outer loop
      vertex 57.24 52.5 23.6
      vertex 59.64 55.1 23.6
      vertex 59.64 52.5 23.6
    endloop
  endfacet
  facet normal -0 0 -1
    outer loop
      vertex 59.64 55.1 23.6
      vertex 57.24 52.5 23.6
      vertex 57.24 55.1 23.6
    endloop
  endfacet
  facet normal 0 -1 0
    outer loop
      vertex 57.24 56.45 15
      vertex 59.64 56.45 19.5
      vertex 57.24 56.45 19.5
    endloop
  endfacet
  facet normal 0 -1 -0
    outer loop
      vertex 59.64 56.45 19.5
      vertex 57.24 56.45 15
      vertex 59.64 56.45 15
    endloop
  endfacet
  facet normal 0 1 -0
    outer loop
      vertex 59.64 40.45 15
      vertex 57.24 40.45 23.6
      vertex 59.64 40.45 23.6
    endloop
  endfacet
  facet normal 0 1 0
    outer loop
      vertex 57.24 40.45 23.6
      vertex 59.64 40.45 15
      vertex 57.24 40.45 15
    endloop
  endfacet
  facet normal 0 0 -1
    outer loop
      vertex 0 50.7 26
      vertex 2.4 52.5 26
      vertex 2.4 50.7 26
    endloop
  endfacet
  facet normal -0 0 -1
    outer loop
      vertex 2.4 52.5 26
      vertex 0 50.7 26
      vertex 0 52.5 26
    endloop
  endfacet
  facet normal -0 0 1
    outer loop
      vertex 0 52.5 19.5
      vertex 2.4 50.7 19.5
      vertex 2.4 52.5 19.5
    endloop
  endfacet
  facet normal 0 0 1
    outer loop
      vertex 2.4 50.7 19.5
      vertex 0 52.5 19.5
      vertex 0 50.7 19.5
    endloop
  endfacet
  facet normal 0 -1 0
    outer loop
      vertex 0 52.5 19.5
      vertex 2.4 52.5 26
      vertex 0 52.5 26
    endloop
  endfacet
  facet normal 0 -1 -0
    outer loop
      vertex 2.4 52.5 26
      vertex 0 52.5 19.5
      vertex 2.4 52.5 19.5
    endloop
  endfacet
  facet normal 0 1 -0
    outer loop
      vertex 2.4 50.7 19.5
      vertex 0 50.7 26
      vertex 2.4 50.7 26
    endloop
  endfacet
  facet normal 0 1 0
    outer loop
      vertex 0 50.7 26
      vertex 2.4 50.7 19.5
      vertex 0 50.7 19.5
    endloop
  endfacet
  facet normal 0 0 -1
    outer loop
      vertex 57.24 50.7 26
      vertex 59.64 52.5 26
      vertex 59.64 50.7 26
    endloop
  endfacet
  facet normal -0 0 -1
    outer loop
      vertex 59.64 52.5 26
      vertex 57.24 50.7 26
      vertex 57.24 52.5 26
    endloop
  endfacet
  facet normal 0 -1 0
    outer loop
      vertex 57.24 52.5 23.6
      vertex 59.64 52.5 26
      vertex 57.24 52.5 26
    endloop
  endfacet
  facet normal 0 -1 -0
    outer loop
      vertex 59.64 52.5 26
      vertex 57.24 52.5 23.6
      vertex 59.64 52.5 23.6
    endloop
  endfacet
  facet normal 0 1 -0
    outer loop
      vertex 59.64 50.7 23.6
      vertex 57.24 50.7 26
      vertex 59.64 50.7 26
    endloop
  endfacet
  facet normal 0 1 0
    outer loop
      vertex 57.24 50.7 26
      vertex 59.64 50.7 23.6
      vertex 57.24 50.7 23.6
    endloop
  endfacet
  facet normal 0 0 -1
    outer loop
      vertex 0 55.1 26
      vertex 2.4 56.9 26
      vertex 2.4 55.1 26
    endloop
  endfacet
  facet normal -0 0 -1
    outer loop
      vertex 2.4 56.9 26
      vertex 0 55.1 26
      vertex 0 56.9 26
    endloop
  endfacet
  facet normal -0 0 1
    outer loop
      vertex 0 56.9 19.5
      vertex 2.4 55.1 19.5
      vertex 2.4 56.9 19.5
    endloop
  endfacet
  facet normal 0 0 1
    outer loop
      vertex 2.4 55.1 19.5
      vertex 0 56.9 19.5
      vertex 0 55.1 19.5
    endloop
  endfacet
  facet normal 0 -1 0
    outer loop
      vertex 0 56.9 19.5
      vertex 2.4 56.9 26
      vertex 0 56.9 26
    endloop
  endfacet
  facet normal 0 -1 -0
    outer loop
      vertex 2.4 56.9 26
      vertex 0 56.9 19.5
      vertex 2.4 56.9 19.5
    endloop
  endfacet
  facet normal 0 1 -0
    outer loop
      vertex 2.4 55.1 19.5
      vertex 0 55.1 26
      vertex 2.4 55.1 26
    endloop
  endfacet
  facet normal 0 1 0
    outer loop
      vertex 0 55.1 26
      vertex 2.4 55.1 19.5
      vertex 0 55.1 19.5
    endloop
  endfacet
  facet normal 0 0 -1
    outer loop
      vertex 57.24 55.1 26
      vertex 59.64 56.9 26
      vertex 59.64 55.1 26
    endloop
  endfacet
  facet normal -0 0 -1
    outer loop
      vertex 59.64 56.9 26
      vertex 57.24 55.1 26
      vertex 57.24 56.9 26
    endloop
  endfacet
  facet normal -0 0 1
    outer loop
      vertex 57.24 56.9 19.5
      vertex 59.64 56.45 19.5
      vertex 59.64 56.9 19.5
    endloop
  endfacet
  facet normal 0 0 1
    outer loop
      vertex 59.64 56.45 19.5
      vertex 57.24 56.9 19.5
      vertex 57.24 56.45 19.5
    endloop
  endfacet
  facet normal 0 -1 0
    outer loop
      vertex 57.24 56.9 19.5
      vertex 59.64 56.9 26
      vertex 57.24 56.9 26
    endloop
  endfacet
  facet normal 0 -1 -0
    outer loop
      vertex 59.64 56.9 26
      vertex 57.24 56.9 19.5
      vertex 59.64 56.9 19.5
    endloop
  endfacet
  facet normal 0 1 -0
    outer loop
      vertex 59.64 55.1 23.6
      vertex 57.24 55.1 26
      vertex 59.64 55.1 26
    endloop
  endfacet
  facet normal 0 1 0
    outer loop
      vertex 57.24 55.1 26
      vertex 59.64 55.1 23.6
      vertex 57.24 55.1 23.6
    endloop
  endfacet
  facet normal 0 0 -1
    outer loop
      vertex 0 59.5 26
      vertex 2.4 61.3 26
      vertex 2.4 59.5 26
    endloop
  endfacet
  facet normal -0 0 -1
    outer loop
      vertex 2.4 61.3 26
      vertex 0 59.5 26
      vertex 0 61.3 26
    endloop
  endfacet
  facet normal -0 0 1
    outer loop
      vertex 0 61.3 19.5
      vertex 2.4 59.5 19.5
      vertex 2.4 61.3 19.5
    endloop
  endfacet
  facet normal 0 0 1
    outer loop
      vertex 2.4 59.5 19.5
      vertex 0 61.3 19.5
      vertex 0 59.5 19.5
    endloop
  endfacet
  facet normal 0 -1 0
    outer loop
      vertex 0 61.3 19.5
      vertex 2.4 61.3 26
      vertex 0 61.3 26
    endloop
  endfacet
  facet normal 0 -1 -0
    outer loop
      vertex 2.4 61.3 26
      vertex 0 61.3 19.5
      vertex 2.4 61.3 19.5
    endloop
  endfacet
  facet normal 0 1 -0
    outer loop
      vertex 2.4 59.5 19.5
      vertex 0 59.5 26
      vertex 2.4 59.5 26
    endloop
  endfacet
  facet normal 0 1 0
    outer loop
      vertex 0 59.5 26
      vertex 2.4 59.5 19.5
      vertex 0 59.5 19.5
    endloop
  endfacet
  facet normal 0 0 -1
    outer loop
      vertex 57.24 59.5 26
      vertex 59.64 61.3 26
      vertex 59.64 59.5 26
    endloop
  endfacet
  facet normal -0 0 -1
    outer loop
      vertex 59.64 61.3 26
      vertex 57.24 59.5 26
      vertex 57.24 61.3 26
    endloop
  endfacet
  facet normal -0 0 1
    outer loop
      vertex 57.24 61.3 19.5
      vertex 59.64 59.5 19.5
      vertex 59.64 61.3 19.5
    endloop
  endfacet
  facet normal 0 0 1
    outer loop
      vertex 59.64 59.5 19.5
      vertex 57.24 61.3 19.5
      vertex 57.24 59.5 19.5
    endloop
  endfacet
  facet normal 0 -1 0
    outer loop
      vertex 57.24 61.3 19.5
      vertex 59.64 61.3 26
      vertex 57.24 61.3 26
    endloop
  endfacet
  facet normal 0 -1 -0
    outer loop
      vertex 59.64 61.3 26
      vertex 57.24 61.3 19.5
      vertex 59.64 61.3 19.5
    endloop
  endfacet
  facet normal 0 1 -0
    outer loop
      vertex 59.64 59.5 19.5
      vertex 57.24 59.5 26
      vertex 59.64 59.5 26
    endloop
  endfacet
  facet normal 0 1 0
    outer loop
      vertex 57.24 59.5 26
      vertex 59.64 59.5 19.5
      vertex 57.24 59.5 19.5
    endloop
  endfacet
  facet normal 0 0 -1
    outer loop
      vertex 0 63.9 26
      vertex 2.4 65.7 26
      vertex 2.4 63.9 26
    endloop
  endfacet
  facet normal -0 0 -1
    outer loop
      vertex 2.4 65.7 26
      vertex 0 63.9 26
      vertex 0 65.7 26
    endloop
  endfacet
  facet normal -0 0 1
    outer loop
      vertex 0 65.7 19.5
      vertex 2.4 63.9 19.5
      vertex 2.4 65.7 19.5
    endloop
  endfacet
  facet normal 0 0 1
    outer loop
      vertex 2.4 63.9 19.5
      vertex 0 65.7 19.5
      vertex 0 63.9 19.5
    endloop
  endfacet
  facet normal 0 -1 0
    outer loop
      vertex 0 65.7 19.5
      vertex 2.4 65.7 26
      vertex 0 65.7 26
    endloop
  endfacet
  facet normal 0 -1 -0
    outer loop
      vertex 2.4 65.7 26
      vertex 0 65.7 19.5
      vertex 2.4 65.7 19.5
    endloop
  endfacet
  facet normal 0 1 -0
    outer loop
      vertex 2.4 63.9 19.5
      vertex 0 63.9 26
      vertex 2.4 63.9 26
    endloop
  endfacet
  facet normal 0 1 0
    outer loop
      vertex 0 63.9 26
      vertex 2.4 63.9 19.5
      vertex 0 63.9 19.5
    endloop
  endfacet
  facet normal 0 0 -1
    outer loop
      vertex 57.24 63.9 26
      vertex 59.64 65.7 26
      vertex 59.64 63.9 26
    endloop
  endfacet
  facet normal -0 0 -1
    outer loop
      vertex 59.64 65.7 26
      vertex 57.24 63.9 26
      vertex 57.24 65.7 26
    endloop
  endfacet
  facet normal -0 0 1
    outer loop
      vertex 57.24 65.7 19.5
      vertex 59.64 63.9 19.5
      vertex 59.64 65.7 19.5
    endloop
  endfacet
  facet normal 0 0 1
    outer loop
      vertex 59.64 63.9 19.5
      vertex 57.24 65.7 19.5
      vertex 57.24 63.9 19.5
    endloop
  endfacet
  facet normal 0 -1 0
    outer loop
      vertex 57.24 65.7 19.5
      vertex 59.64 65.7 26
      vertex 57.24 65.7 26
    endloop
  endfacet
  facet normal 0 -1 -0
    outer loop
      vertex 59.64 65.7 26
      vertex 57.24 65.7 19.5
      vertex 59.64 65.7 19.5
    endloop
  endfacet
  facet normal 0 1 -0
    outer loop
      vertex 59.64 63.9 19.5
      vertex 57.24 63.9 26
      vertex 59.64 63.9 26
    endloop
  endfacet
  facet normal 0 1 0
    outer loop
      vertex 57.24 63.9 26
      vertex 59.64 63.9 19.5
      vertex 57.24 63.9 19.5
    endloop
  endfacet
  facet normal 0 0 -1
    outer loop
      vertex 0 68.3 26
      vertex 2.4 70.1 26
      vertex 2.4 68.3 26
    endloop
  endfacet
  facet normal -0 0 -1
    outer loop
      vertex 2.4 70.1 26
      vertex 0 68.3 26
      vertex 0 70.1 26
    endloop
  endfacet
  facet normal -0 0 1
    outer loop
      vertex 0 70.1 19.5
      vertex 2.4 68.3 19.5
      vertex 2.4 70.1 19.5
    endloop
  endfacet
  facet normal 0 0 1
    outer loop
      vertex 2.4 68.3 19.5
      vertex 0 70.1 19.5
      vertex 0 68.3 19.5
    endloop
  endfacet
  facet normal 0 -1 0
    outer loop
      vertex 0 70.1 19.5
      vertex 2.4 70.1 26
      vertex 0 70.1 26
    endloop
  endfacet
  facet normal 0 -1 -0
    outer loop
      vertex 2.4 70.1 26
      vertex 0 70.1 19.5
      vertex 2.4 70.1 19.5
    endloop
  endfacet
  facet normal 0 1 -0
    outer loop
      vertex 2.4 68.3 19.5
      vertex 0 68.3 26
      vertex 2.4 68.3 26
    endloop
  endfacet
  facet normal 0 1 0
    outer loop
      vertex 0 68.3 26
      vertex 2.4 68.3 19.5
      vertex 0 68.3 19.5
    endloop
  endfacet
  facet normal 0 0 -1
    outer loop
      vertex 57.24 68.3 26
      vertex 59.64 70.1 26
      vertex 59.64 68.3 26
    endloop
  endfacet
  facet normal -0 0 -1
    outer loop
      vertex 59.64 70.1 26
      vertex 57.24 68.3 26
      vertex 57.24 70.1 26
    endloop
  endfacet
  facet normal -0 0 1
    outer loop
      vertex 57.24 70.1 19.5
      vertex 59.64 68.3 19.5
      vertex 59.64 70.1 19.5
    endloop
  endfacet
  facet normal 0 0 1
    outer loop
      vertex 59.64 68.3 19.5
      vertex 57.24 70.1 19.5
      vertex 57.24 68.3 19.5
    endloop
  endfacet
  facet normal 0 -1 0
    outer loop
      vertex 57.24 70.1 19.5
      vertex 59.64 70.1 26
      vertex 57.24 70.1 26
    endloop
  endfacet
  facet normal 0 -1 -0
    outer loop
      vertex 59.64 70.1 26
      vertex 57.24 70.1 19.5
      vertex 59.64 70.1 19.5
    endloop
  endfacet
  facet normal 0 1 -0
    outer loop
      vertex 59.64 68.3 19.5
      vertex 57.24 68.3 26
      vertex 59.64 68.3 26
    endloop
  endfacet
  facet normal 0 1 0
    outer loop
      vertex 57.24 68.3 26
      vertex 59.64 68.3 19.5
      vertex 57.24 68.3 19.5
    endloop
  endfacet
  facet normal 0 0 -1
    outer loop
      vertex 0 72.7 26
      vertex 2.4 74.5 26
      vertex 2.4 72.7 26
    endloop
  endfacet
  facet normal -0 0 -1
    outer loop
      vertex 2.4 74.5 26
      vertex 0 72.7 26
      vertex 0 74.5 26
    endloop
  endfacet
  facet normal -0 0 1
    outer loop
      vertex 0 74.5 19.5
      vertex 2.4 72.7 19.5
      vertex 2.4 74.5 19.5
    endloop
  endfacet
  facet normal 0 0 1
    outer loop
      vertex 2.4 72.7 19.5
      vertex 0 74.5 19.5
      vertex 0 72.7 19.5
    endloop
  endfacet
  facet normal 0 -1 0
    outer loop
      vertex 0 74.5 19.5
      vertex 2.4 74.5 26
      vertex 0 74.5 26
    endloop
  endfacet
  facet normal 0 -1 -0
    outer loop
      vertex 2.4 74.5 26
      vertex 0 74.5 19.5
      vertex 2.4 74.5 19.5
    endloop
  endfacet
  facet normal 0 1 -0
    outer loop
      vertex 2.4 72.7 19.5
      vertex 0 72.7 26
      vertex 2.4 72.7 26
    endloop
  endfacet
  facet normal 0 1 0
    outer loop
      vertex 0 72.7 26
      vertex 2.4 72.7 19.5
      vertex 0 72.7 19.5
    endloop
  endfacet
  facet normal 0 0 -1
    outer loop
      vertex 57.24 72.7 26
      vertex 59.64 74.5 26
      vertex 59.64 72.7 26
    endloop
  endfacet
  facet normal -0 0 -1
    outer loop
      vertex 59.64 74.5 26
      vertex 57.24 72.7 26
      vertex 57.24 74.5 26
    endloop
  endfacet
  facet normal -0 0 1
    outer loop
      vertex 57.24 74.5 19.5
      vertex 59.64 72.7 19.5
      vertex 59.64 74.5 19.5
    endloop
  endfacet
  facet normal 0 0 1
    outer loop
      vertex 59.64 72.7 19.5
      vertex 57.24 74.5 19.5
      vertex 57.24 72.7 19.5
    endloop
  endfacet
  facet normal 0 -1 0
    outer loop
      vertex 57.24 74.5 19.5
      vertex 59.64 74.5 26
      vertex 57.24 74.5 26
    endloop
  endfacet
  facet normal 0 -1 -0
    outer loop
      vertex 59.64 74.5 26
      vertex 57.24 74.5 19.5
      vertex 59.64 74.5 19.5
    endloop
  endfacet
  facet normal 0 1 -0
    outer loop
      vertex 59.64 72.7 19.5
      vertex 57.24 72.7 26
      vertex 59.64 72.7 26
    endloop
  endfacet
  facet normal 0 1 0
    outer loop
      vertex 57.24 72.7 26
      vertex 59.64 72.7 19.5
      vertex 57.24 72.7 19.5
    endloop
  endfacet
  facet normal 0 0 -1
    outer loop
      vertex 0 77.1 26
      vertex 2.4 78.9 26
      vertex 2.4 77.1 26
    endloop
  endfacet
  facet normal -0 0 -1
    outer loop
      vertex 2.4 78.9 26
      vertex 0 77.1 26
      vertex 0 78.9 26
    endloop
  endfacet
  facet normal -0 0 1
    outer loop
      vertex 0 78.9 19.5
      vertex 2.4 77.1 19.5
      vertex 2.4 78.9 19.5
    endloop
  endfacet
  facet normal 0 0 1
    outer loop
      vertex 2.4 77.1 19.5
      vertex 0 78.9 19.5
      vertex 0 77.1 19.5
    endloop
  endfacet
  facet normal 0 -1 0
    outer loop
      vertex 0 78.9 19.5
      vertex 2.4 78.9 26
      vertex 0 78.9 26
    endloop
  endfacet
  facet normal 0 -1 -0
    outer loop
      vertex 2.4 78.9 26
      vertex 0 78.9 19.5
      vertex 2.4 78.9 19.5
    endloop
  endfacet
  facet normal 0 1 -0
    outer loop
      vertex 2.4 77.1 19.5
      vertex 0 77.1 26
      vertex 2.4 77.1 26
    endloop
  endfacet
  facet normal 0 1 0
    outer loop
      vertex 0 77.1 26
      vertex 2.4 77.1 19.5
      vertex 0 77.1 19.5
    endloop
  endfacet
  facet normal 0 0 -1
    outer loop
      vertex 57.24 77.1 26
      vertex 59.64 78.9 26
      vertex 59.64 77.1 26
    endloop
  endfacet
  facet normal -0 0 -1
    outer loop
      vertex 59.64 78.9 26
      vertex 57.24 77.1 26
      vertex 57.24 78.9 26
    endloop
  endfacet
  facet normal -0 0 1
    outer loop
      vertex 57.24 78.9 19.5
      vertex 59.64 77.1 19.5
      vertex 59.64 78.9 19.5
    endloop
  endfacet
  facet normal 0 0 1
    outer loop
      vertex 59.64 77.1 19.5
      vertex 57.24 78.9 19.5
      vertex 57.24 77.1 19.5
    endloop
  endfacet
  facet normal 0 -1 0
    outer loop
      vertex 57.24 78.9 19.5
      vertex 59.64 78.9 26
      vertex 57.24 78.9 26
    endloop
  endfacet
  facet normal 0 -1 -0
    outer loop
      vertex 59.64 78.9 26
      vertex 57.24 78.9 19.5
      vertex 59.64 78.9 19.5
    endloop
  endfacet
  facet normal 0 1 -0
    outer loop
      vertex 59.64 77.1 19.5
      vertex 57.24 77.1 26
      vertex 59.64 77.1 26
    endloop
  endfacet
  facet normal 0 1 0
    outer loop
      vertex 57.24 77.1 26
      vertex 59.64 77.1 19.5
      vertex 57.24 77.1 19.5
    endloop
  endfacet
  facet normal 0 0 -1
    outer loop
      vertex 0 81.5 26
      vertex 2.4 83.3 26
      vertex 2.4 81.5 26
    endloop
  endfacet
  facet normal -0 0 -1
    outer loop
      vertex 2.4 83.3 26
      vertex 0 81.5 26
      vertex 0 83.3 26
    endloop
  endfacet
  facet normal -0 0 1
    outer loop
      vertex 0 83.3 19.5
      vertex 2.4 81.5 19.5
      vertex 2.4 83.3 19.5
    endloop
  endfacet
  facet normal 0 0 1
    outer loop
      vertex 2.4 81.5 19.5
      vertex 0 83.3 19.5
      vertex 0 81.5 19.5
    endloop
  endfacet
  facet normal 0 -1 0
    outer loop
      vertex 0 83.3 19.5
      vertex 2.4 83.3 26
      vertex 0 83.3 26
    endloop
  endfacet
  facet normal 0 -1 -0
    outer loop
      vertex 2.4 83.3 26
      vertex 0 83.3 19.5
      vertex 2.4 83.3 19.5
    endloop
  endfacet
  facet normal 0 1 -0
    outer loop
      vertex 2.4 81.5 19.5
      vertex 0 81.5 26
      vertex 2.4 81.5 26
    endloop
  endfacet
  facet normal 0 1 0
    outer loop
      vertex 0 81.5 26
      vertex 2.4 81.5 19.5
      vertex 0 81.5 19.5
    endloop
  endfacet
  facet normal 0 0 -1
    outer loop
      vertex 57.24 81.5 26
      vertex 59.64 83.3 26
      vertex 59.64 81.5 26
    endloop
  endfacet
  facet normal -0 0 -1
    outer loop
      vertex 59.64 83.3 26
      vertex 57.24 81.5 26
      vertex 57.24 83.3 26
    endloop
  endfacet
  facet normal -0 0 1
    outer loop
      vertex 57.24 83.3 19.5
      vertex 59.64 81.5 19.5
      vertex 59.64 83.3 19.5
    endloop
  endfacet
  facet normal 0 0 1
    outer loop
      vertex 59.64 81.5 19.5
      vertex 57.24 83.3 19.5
      vertex 57.24 81.5 19.5
    endloop
  endfacet
  facet normal 0 -1 0
    outer loop
      vertex 57.24 83.3 19.5
      vertex 59.64 83.3 26
      vertex 57.24 83.3 26
    endloop
  endfacet
  facet normal 0 -1 -0
    outer loop
      vertex 59.64 83.3 26
      vertex 57.24 83.3 19.5
      vertex 59.64 83.3 19.5
    endloop
  endfacet
  facet normal 0 1 -0
    outer loop
      vertex 59.64 81.5 19.5
      vertex 57.24 81.5 26
      vertex 59.64 81.5 26
    endloop
  endfacet
  facet normal 0 1 0
    outer loop
      vertex 57.24 81.5 26
      vertex 59.64 81.5 19.5
      vertex 57.24 81.5 19.5
    endloop
  endfacet
  facet normal 0 0 -1
    outer loop
      vertex 0 85.9 26
      vertex 2.4 87.7 26
      vertex 2.4 85.9 26
    endloop
  endfacet
  facet normal -0 0 -1
    outer loop
      vertex 2.4 87.7 26
      vertex 0 85.9 26
      vertex 0 87.7 26
    endloop
  endfacet
  facet normal -0 0 1
    outer loop
      vertex 0 87.7 19.5
      vertex 2.4 85.9 19.5
      vertex 2.4 87.7 19.5
    endloop
  endfacet
  facet normal 0 0 1
    outer loop
      vertex 2.4 85.9 19.5
      vertex 0 87.7 19.5
      vertex 0 85.9 19.5
    endloop
  endfacet
  facet normal 0 -1 0
    outer loop
      vertex 0 87.7 19.5
      vertex 2.4 87.7 26
      vertex 0 87.7 26
    endloop
  endfacet
  facet normal 0 -1 -0
    outer loop
      vertex 2.4 87.7 26
      vertex 0 87.7 19.5
      vertex 2.4 87.7 19.5
    endloop
  endfacet
  facet normal 0 1 -0
    outer loop
      vertex 2.4 85.9 19.5
      vertex 0 85.9 26
      vertex 2.4 85.9 26
    endloop
  endfacet
  facet normal 0 1 0
    outer loop
      vertex 0 85.9 26
      vertex 2.4 85.9 19.5
      vertex 0 85.9 19.5
    endloop
  endfacet
  facet normal 0 0 -1
    outer loop
      vertex 57.24 85.9 26
      vertex 59.64 87.7 26
      vertex 59.64 85.9 26
    endloop
  endfacet
  facet normal -0 0 -1
    outer loop
      vertex 59.64 87.7 26
      vertex 57.24 85.9 26
      vertex 57.24 87.7 26
    endloop
  endfacet
  facet normal -0 0 1
    outer loop
      vertex 57.24 87.7 19.5
      vertex 59.64 85.9 19.5
      vertex 59.64 87.7 19.5
    endloop
  endfacet
  facet normal 0 0 1
    outer loop
      vertex 59.64 85.9 19.5
      vertex 57.24 87.7 19.5
      vertex 57.24 85.9 19.5
    endloop
  endfacet
  facet normal 0 -1 0
    outer loop
      vertex 57.24 87.7 19.5
      vertex 59.64 87.7 26
      vertex 57.24 87.7 26
    endloop
  endfacet
  facet normal 0 -1 -0
    outer loop
      vertex 59.64 87.7 26
      vertex 57.24 87.7 19.5
      vertex 59.64 87.7 19.5
    endloop
  endfacet
  facet normal 0 1 -0
    outer loop
      vertex 59.64 85.9 19.5
      vertex 57.24 85.9 26
      vertex 59.64 85.9 26
    endloop
  endfacet
  facet normal 0 1 0
    outer loop
      vertex 57.24 85.9 26
      vertex 59.64 85.9 19.5
      vertex 57.24 85.9 19.5
    endloop
  endfacet
  facet normal -1 0 0
    outer loop
      vertex 9.8 93.7 19.5
      vertex 9.8 96.1 26
      vertex 9.8 96.1 19.5
    endloop
  endfacet
  facet normal -1 -0 0
    outer loop
      vertex 9.8 96.1 26
      vertex 9.8 93.7 19.5
      vertex 9.8 93.7 26
    endloop
  endfacet
  facet normal 0 0 -1
    outer loop
      vertex 8 93.7 26
      vertex 9.8 96.1 26
      vertex 9.8 93.7 26
    endloop
  endfacet
  facet normal -0 0 -1
    outer loop
      vertex 9.8 96.1 26
      vertex 8 93.7 26
      vertex 8 96.1 26
    endloop
  endfacet
  facet normal -0 0 1
    outer loop
      vertex 8 96.1 19.5
      vertex 9.8 93.7 19.5
      vertex 9.8 96.1 19.5
    endloop
  endfacet
  facet normal 0 0 1
    outer loop
      vertex 9.8 93.7 19.5
      vertex 8 96.1 19.5
      vertex 8 93.7 19.5
    endloop
  endfacet
  facet normal 1 -0 0
    outer loop
      vertex 8 93.7 26
      vertex 8 96.1 19.5
      vertex 8 96.1 26
    endloop
  endfacet
  facet normal 1 0 0
    outer loop
      vertex 8 96.1 19.5
      vertex 8 93.7 26
      vertex 8 93.7 19.5
    endloop
  endfacet
  facet normal -1 0 0
    outer loop
      vertex 14.2 93.7 19.5
      vertex 14.2 96.1 26
      vertex 14.2 96.1 19.5
    endloop
  endfacet
  facet normal -1 -0 0
    outer loop
      vertex 14.2 96.1 26
      vertex 14.2 93.7 19.5
      vertex 14.2 93.7 26
    endloop
  endfacet
  facet normal 0 0 -1
    outer loop
      vertex 12.4 93.7 26
      vertex 14.2 96.1 26
      vertex 14.2 93.7 26
    endloop
  endfacet
  facet normal -0 0 -1
    outer loop
      vertex 14.2 96.1 26
      vertex 12.4 93.7 26
      vertex 12.4 96.1 26
    endloop
  endfacet
  facet normal -0 0 1
    outer loop
      vertex 12.4 96.1 19.5
      vertex 14.2 93.7 19.5
      vertex 14.2 96.1 19.5
    endloop
  endfacet
  facet normal 0 0 1
    outer loop
      vertex 14.2 93.7 19.5
      vertex 12.4 96.1 19.5
      vertex 12.4 93.7 19.5
    endloop
  endfacet
  facet normal 1 -0 0
    outer loop
      vertex 12.4 93.7 26
      vertex 12.4 96.1 19.5
      vertex 12.4 96.1 26
    endloop
  endfacet
  facet normal 1 0 0
    outer loop
      vertex 12.4 96.1 19.5
      vertex 12.4 93.7 26
      vertex 12.4 93.7 19.5
    endloop
  endfacet
  facet normal -1 0 0
    outer loop
      vertex 18.6 93.7 19.5
      vertex 18.6 96.1 26
      vertex 18.6 96.1 19.5
    endloop
  endfacet
  facet normal -1 -0 0
    outer loop
      vertex 18.6 96.1 26
      vertex 18.6 93.7 19.5
      vertex 18.6 93.7 26
    endloop
  endfacet
  facet normal 0 0 -1
    outer loop
      vertex 16.8 93.7 26
      vertex 18.6 96.1 26
      vertex 18.6 93.7 26
    endloop
  endfacet
  facet normal -0 0 -1
    outer loop
      vertex 18.6 96.1 26
      vertex 16.8 93.7 26
      vertex 16.8 96.1 26
    endloop
  endfacet
  facet normal -0 0 1
    outer loop
      vertex 16.8 96.1 19.5
      vertex 18.6 93.7 19.5
      vertex 18.6 96.1 19.5
    endloop
  endfacet
  facet normal 0 0 1
    outer loop
      vertex 18.6 93.7 19.5
      vertex 16.8 96.1 19.5
      vertex 16.8 93.7 19.5
    endloop
  endfacet
  facet normal 1 -0 0
    outer loop
      vertex 16.8 93.7 26
      vertex 16.8 96.1 19.5
      vertex 16.8 96.1 26
    endloop
  endfacet
  facet normal 1 0 0
    outer loop
      vertex 16.8 96.1 19.5
      vertex 16.8 93.7 26
      vertex 16.8 93.7 19.5
    endloop
  endfacet
  facet normal -1 0 0
    outer loop
      vertex 23 93.7 19.5
      vertex 23 96.1 26
      vertex 23 96.1 19.5
    endloop
  endfacet
  facet normal -1 -0 0
    outer loop
      vertex 23 96.1 26
      vertex 23 93.7 19.5
      vertex 23 93.7 26
    endloop
  endfacet
  facet normal 0 0 -1
    outer loop
      vertex 21.2 93.7 26
      vertex 23 96.1 26
      vertex 23 93.7 26
    endloop
  endfacet
  facet normal -0 0 -1
    outer loop
      vertex 23 96.1 26
      vertex 21.2 93.7 26
      vertex 21.2 96.1 26
    endloop
  endfacet
  facet normal -0 0 1
    outer loop
      vertex 21.2 96.1 19.5
      vertex 23 93.7 19.5
      vertex 23 96.1 19.5
    endloop
  endfacet
  facet normal 0 0 1
    outer loop
      vertex 23 93.7 19.5
      vertex 21.2 96.1 19.5
      vertex 21.2 93.7 19.5
    endloop
  endfacet
  facet normal 1 -0 0
    outer loop
      vertex 21.2 93.7 26
      vertex 21.2 96.1 19.5
      vertex 21.2 96.1 26
    endloop
  endfacet
  facet normal 1 0 0
    outer loop
      vertex 21.2 96.1 19.5
      vertex 21.2 93.7 26
      vertex 21.2 93.7 19.5
    endloop
  endfacet
  facet normal -1 0 0
    outer loop
      vertex 27.4 93.7 19.5
      vertex 27.4 96.1 26
      vertex 27.4 96.1 19.5
    endloop
  endfacet
  facet normal -1 -0 0
    outer loop
      vertex 27.4 96.1 26
      vertex 27.4 93.7 19.5
      vertex 27.4 93.7 26
    endloop
  endfacet
  facet normal 0 0 -1
    outer loop
      vertex 25.6 93.7 26
      vertex 27.4 96.1 26
      vertex 27.4 93.7 26
    endloop
  endfacet
  facet normal -0 0 -1
    outer loop
      vertex 27.4 96.1 26
      vertex 25.6 93.7 26
      vertex 25.6 96.1 26
    endloop
  endfacet
  facet normal -0 0 1
    outer loop
      vertex 25.6 96.1 19.5
      vertex 27.4 93.7 19.5
      vertex 27.4 96.1 19.5
    endloop
  endfacet
  facet normal 0 0 1
    outer loop
      vertex 27.4 93.7 19.5
      vertex 25.6 96.1 19.5
      vertex 25.6 93.7 19.5
    endloop
  endfacet
  facet normal 1 -0 0
    outer loop
      vertex 25.6 93.7 26
      vertex 25.6 96.1 19.5
      vertex 25.6 96.1 26
    endloop
  endfacet
  facet normal 1 0 0
    outer loop
      vertex 25.6 96.1 19.5
      vertex 25.6 93.7 26
      vertex 25.6 93.7 19.5
    endloop
  endfacet
  facet normal -1 0 0
    outer loop
      vertex 31.8 93.7 19.5
      vertex 31.8 96.1 26
      vertex 31.8 96.1 19.5
    endloop
  endfacet
  facet normal -1 -0 0
    outer loop
      vertex 31.8 96.1 26
      vertex 31.8 93.7 19.5
      vertex 31.8 93.7 26
    endloop
  endfacet
  facet normal 0 0 -1
    outer loop
      vertex 30 93.7 26
      vertex 31.8 96.1 26
      vertex 31.8 93.7 26
    endloop
  endfacet
  facet normal -0 0 -1
    outer loop
      vertex 31.8 96.1 26
      vertex 30 93.7 26
      vertex 30 96.1 26
    endloop
  endfacet
  facet normal -0 0 1
    outer loop
      vertex 30 96.1 19.5
      vertex 31.8 93.7 19.5
      vertex 31.8 96.1 19.5
    endloop
  endfacet
  facet normal 0 0 1
    outer loop
      vertex 31.8 93.7 19.5
      vertex 30 96.1 19.5
      vertex 30 93.7 19.5
    endloop
  endfacet
  facet normal 1 -0 0
    outer loop
      vertex 30 93.7 26
      vertex 30 96.1 19.5
      vertex 30 96.1 26
    endloop
  endfacet
  facet normal 1 0 0
    outer loop
      vertex 30 96.1 19.5
      vertex 30 93.7 26
      vertex 30 93.7 19.5
    endloop
  endfacet
  facet normal -1 0 0
    outer loop
      vertex 36.2 93.7 19.5
      vertex 36.2 96.1 26
      vertex 36.2 96.1 19.5
    endloop
  endfacet
  facet normal -1 -0 0
    outer loop
      vertex 36.2 96.1 26
      vertex 36.2 93.7 19.5
      vertex 36.2 93.7 26
    endloop
  endfacet
  facet normal 0 0 -1
    outer loop
      vertex 34.4 93.7 26
      vertex 36.2 96.1 26
      vertex 36.2 93.7 26
    endloop
  endfacet
  facet normal -0 0 -1
    outer loop
      vertex 36.2 96.1 26
      vertex 34.4 93.7 26
      vertex 34.4 96.1 26
    endloop
  endfacet
  facet normal -0 0 1
    outer loop
      vertex 34.4 96.1 19.5
      vertex 36.2 93.7 19.5
      vertex 36.2 96.1 19.5
    endloop
  endfacet
  facet normal 0 0 1
    outer loop
      vertex 36.2 93.7 19.5
      vertex 34.4 96.1 19.5
      vertex 34.4 93.7 19.5
    endloop
  endfacet
  facet normal 1 -0 0
    outer loop
      vertex 34.4 93.7 26
      vertex 34.4 96.1 19.5
      vertex 34.4 96.1 26
    endloop
  endfacet
  facet normal 1 0 0
    outer loop
      vertex 34.4 96.1 19.5
      vertex 34.4 93.7 26
      vertex 34.4 93.7 19.5
    endloop
  endfacet
  facet normal -1 0 0
    outer loop
      vertex 40.6 93.7 19.5
      vertex 40.6 96.1 26
      vertex 40.6 96.1 19.5
    endloop
  endfacet
  facet normal -1 -0 0
    outer loop
      vertex 40.6 96.1 26
      vertex 40.6 93.7 19.5
      vertex 40.6 93.7 26
    endloop
  endfacet
  facet normal 0 0 -1
    outer loop
      vertex 38.8 93.7 26
      vertex 40.6 96.1 26
      vertex 40.6 93.7 26
    endloop
  endfacet
  facet normal -0 0 -1
    outer loop
      vertex 40.6 96.1 26
      vertex 38.8 93.7 26
      vertex 38.8 96.1 26
    endloop
  endfacet
  facet normal -0 0 1
    outer loop
      vertex 38.8 96.1 19.5
      vertex 40.6 93.7 19.5
      vertex 40.6 96.1 19.5
    endloop
  endfacet
  facet normal 0 0 1
    outer loop
      vertex 40.6 93.7 19.5
      vertex 38.8 96.1 19.5
      vertex 38.8 93.7 19.5
    endloop
  endfacet
  facet normal 1 -0 0
    outer loop
      vertex 38.8 93.7 26
      vertex 38.8 96.1 19.5
      vertex 38.8 96.1 26
    endloop
  endfacet
  facet normal 1 0 0
    outer loop
      vertex 38.8 96.1 19.5
      vertex 38.8 93.7 26
      vertex 38.8 93.7 19.5
    endloop
  endfacet
  facet normal -1 0 0
    outer loop
      vertex 45 93.7 19.5
      vertex 45 96.1 26
      vertex 45 96.1 19.5
    endloop
  endfacet
  facet normal -1 -0 0
    outer loop
      vertex 45 96.1 26
      vertex 45 93.7 19.5
      vertex 45 93.7 26
    endloop
  endfacet
  facet normal 0 0 -1
    outer loop
      vertex 43.2 93.7 26
      vertex 45 96.1 26
      vertex 45 93.7 26
    endloop
  endfacet
  facet normal -0 0 -1
    outer loop
      vertex 45 96.1 26
      vertex 43.2 93.7 26
      vertex 43.2 96.1 26
    endloop
  endfacet
  facet normal -0 0 1
    outer loop
      vertex 43.2 96.1 19.5
      vertex 45 93.7 19.5
      vertex 45 96.1 19.5
    endloop
  endfacet
  facet normal 0 0 1
    outer loop
      vertex 45 93.7 19.5
      vertex 43.2 96.1 19.5
      vertex 43.2 93.7 19.5
    endloop
  endfacet
  facet normal 1 -0 0
    outer loop
      vertex 43.2 93.7 26
      vertex 43.2 96.1 19.5
      vertex 43.2 96.1 26
    endloop
  endfacet
  facet normal 1 0 0
    outer loop
      vertex 43.2 96.1 19.5
      vertex 43.2 93.7 26
      vertex 43.2 93.7 19.5
    endloop
  endfacet
  facet normal -1 0 0
    outer loop
      vertex 49.4 93.7 19.5
      vertex 49.4 96.1 26
      vertex 49.4 96.1 19.5
    endloop
  endfacet
  facet normal -1 -0 0
    outer loop
      vertex 49.4 96.1 26
      vertex 49.4 93.7 19.5
      vertex 49.4 93.7 26
    endloop
  endfacet
  facet normal 0 0 -1
    outer loop
      vertex 47.6 93.7 26
      vertex 49.4 96.1 26
      vertex 49.4 93.7 26
    endloop
  endfacet
  facet normal -0 0 -1
    outer loop
      vertex 49.4 96.1 26
      vertex 47.6 93.7 26
      vertex 47.6 96.1 26
    endloop
  endfacet
  facet normal -0 0 1
    outer loop
      vertex 47.6 96.1 19.5
      vertex 49.4 93.7 19.5
      vertex 49.4 96.1 19.5
    endloop
  endfacet
  facet normal 0 0 1
    outer loop
      vertex 49.4 93.7 19.5
      vertex 47.6 96.1 19.5
      vertex 47.6 93.7 19.5
    endloop
  endfacet
  facet normal 1 -0 0
    outer loop
      vertex 47.6 93.7 26
      vertex 47.6 96.1 19.5
      vertex 47.6 96.1 26
    endloop
  endfacet
  facet normal 1 0 0
    outer loop
      vertex 47.6 96.1 19.5
      vertex 47.6 93.7 26
      vertex 47.6 93.7 19.5
    endloop
  endfacet
  facet normal 0.442135 -0.896948 0
    outer loop
      vertex 7.42001 58.4282 27.25
      vertex 7.5608 58.4976 28.05
      vertex 7.42001 58.4282 28.05
    endloop
  endfacet
  facet normal 0.442135 -0.896948 0
    outer loop
      vertex 7.5608 58.4976 28.05
      vertex 7.42001 58.4282 27.25
      vertex 7.5608 58.4976 27.25
    endloop
  endfacet
  facet normal -0.0656309 0.997844 0
    outer loop
      vertex 51.7766 49.5993 27.25
      vertex 51.62 49.589 28.05
      vertex 51.7766 49.5993 28.05
    endloop
  endfacet
  facet normal -0.0656309 0.997844 0
    outer loop
      vertex 51.62 49.589 28.05
      vertex 51.7766 49.5993 27.25
      vertex 51.62 49.589 27.25
    endloop
  endfacet
  facet normal 0.194952 0.980813 -0
    outer loop
      vertex 7.86338 49.5993 27.25
      vertex 7.70943 49.6299 28.05
      vertex 7.86338 49.5993 28.05
    endloop
  endfacet
  facet normal 0.194952 0.980813 0
    outer loop
      vertex 7.70943 49.6299 28.05
      vertex 7.86338 49.5993 27.25
      vertex 7.70943 49.6299 27.25
    endloop
  endfacet
  facet normal 0.0656183 0.997845 -0
    outer loop
      vertex 8.02001 49.589 27.25
      vertex 7.86338 49.5993 28.05
      vertex 8.02001 49.589 28.05
    endloop
  endfacet
  facet normal 0.0656183 0.997845 0
    outer loop
      vertex 7.86338 49.5993 28.05
      vertex 8.02001 49.589 27.25
      vertex 7.86338 49.5993 27.25
    endloop
  endfacet
  facet normal -0.555582 0.831462 0
    outer loop
      vertex 52.3505 49.837 27.25
      vertex 52.22 49.7498 28.05
      vertex 52.3505 49.837 28.05
    endloop
  endfacet
  facet normal -0.555582 0.831462 0
    outer loop
      vertex 52.22 49.7498 28.05
      vertex 52.3505 49.837 27.25
      vertex 52.22 49.7498 27.25
    endloop
  endfacet
  facet normal 0.442135 0.896948 -0
    outer loop
      vertex 7.5608 49.6804 27.25
      vertex 7.42001 49.7498 28.05
      vertex 7.5608 49.6804 28.05
    endloop
  endfacet
  facet normal 0.442135 0.896948 0
    outer loop
      vertex 7.42001 49.7498 28.05
      vertex 7.5608 49.6804 27.25
      vertex 7.42001 49.7498 27.25
    endloop
  endfacet
  facet normal -0.194891 -0.980825 0
    outer loop
      vertex 51.7766 58.5787 27.25
      vertex 51.9306 58.5481 28.05
      vertex 51.7766 58.5787 28.05
    endloop
  endfacet
  facet normal -0.194891 -0.980825 -0
    outer loop
      vertex 51.9306 58.5481 28.05
      vertex 51.7766 58.5787 27.25
      vertex 51.9306 58.5481 27.25
    endloop
  endfacet
  facet normal 0.194952 -0.980813 0
    outer loop
      vertex 7.70943 58.5481 27.25
      vertex 7.86338 58.5787 28.05
      vertex 7.70943 58.5481 28.05
    endloop
  endfacet
  facet normal 0.194952 -0.980813 0
    outer loop
      vertex 7.86338 58.5787 28.05
      vertex 7.70943 58.5481 27.25
      vertex 7.86338 58.5787 27.25
    endloop
  endfacet
  facet normal 0.997856 0.0654405 0
    outer loop
      vertex 6.83028 50.6324 28.05
      vertex 6.82001 50.789 27.25
      vertex 6.82001 50.789 28.05
    endloop
  endfacet
  facet normal 0.997856 0.0654405 0
    outer loop
      vertex 6.82001 50.789 27.25
      vertex 6.83028 50.6324 28.05
      vertex 6.83028 50.6324 27.25
    endloop
  endfacet
  facet normal 1 -0 0
    outer loop
      vertex 6.82001 50.789 28.05
      vertex 6.82001 57.389 27.25
      vertex 6.82001 57.389 28.05
    endloop
  endfacet
  facet normal 1 0 0
    outer loop
      vertex 6.82001 57.389 27.25
      vertex 6.82001 50.789 28.05
      vertex 6.82001 50.789 27.25
    endloop
  endfacet
  facet normal 0 1 -0
    outer loop
      vertex 51.62 49.589 27.25
      vertex 8.02001 49.589 28.05
      vertex 51.62 49.589 28.05
    endloop
  endfacet
  facet normal 0 1 0
    outer loop
      vertex 8.02001 49.589 28.05
      vertex 51.62 49.589 27.25
      vertex 8.02001 49.589 27.25
    endloop
  endfacet
  facet normal -0.44211 0.896961 0
    outer loop
      vertex 52.22 49.7498 27.25
      vertex 52.0792 49.6804 28.05
      vertex 52.22 49.7498 28.05
    endloop
  endfacet
  facet normal -0.44211 0.896961 0
    outer loop
      vertex 52.0792 49.6804 28.05
      vertex 52.22 49.7498 27.25
      vertex 52.0792 49.6804 27.25
    endloop
  endfacet
  facet normal 0 -1 0
    outer loop
      vertex 8.02001 58.589 27.25
      vertex 51.62 58.589 28.05
      vertex 8.02001 58.589 28.05
    endloop
  endfacet
  facet normal 0 -1 -0
    outer loop
      vertex 51.62 58.589 28.05
      vertex 8.02001 58.589 27.25
      vertex 51.62 58.589 27.25
    endloop
  endfacet
  facet normal -0.0656309 -0.997844 0
    outer loop
      vertex 51.62 58.589 27.25
      vertex 51.7766 58.5787 28.05
      vertex 51.62 58.589 28.05
    endloop
  endfacet
  facet normal -0.0656309 -0.997844 -0
    outer loop
      vertex 51.7766 58.5787 28.05
      vertex 51.62 58.589 27.25
      vertex 51.7766 58.5787 27.25
    endloop
  endfacet
  facet normal 0.0656183 -0.997845 0
    outer loop
      vertex 7.86338 58.5787 27.25
      vertex 8.02001 58.589 28.05
      vertex 7.86338 58.5787 28.05
    endloop
  endfacet
  facet normal 0.0656183 -0.997845 0
    outer loop
      vertex 8.02001 58.589 28.05
      vertex 7.86338 58.5787 27.25
      vertex 8.02001 58.589 27.25
    endloop
  endfacet
  facet normal -0.751787 0.659406 0
    outer loop
      vertex 52.4685 49.9405 27.25
      vertex 52.572 50.0585 28.05
      vertex 52.572 50.0585 27.25
    endloop
  endfacet
  facet normal -0.751787 0.659406 0
    outer loop
      vertex 52.572 50.0585 28.05
      vertex 52.4685 49.9405 27.25
      vertex 52.4685 49.9405 28.05
    endloop
  endfacet
  facet normal 0.997856 -0.0654405 0
    outer loop
      vertex 6.82001 57.389 28.05
      vertex 6.83028 57.5456 27.25
      vertex 6.83028 57.5456 28.05
    endloop
  endfacet
  facet normal 0.997856 -0.0654405 0
    outer loop
      vertex 6.83028 57.5456 27.25
      vertex 6.82001 57.389 28.05
      vertex 6.82001 57.389 27.25
    endloop
  endfacet
  facet normal 0.659375 0.751815 -0
    outer loop
      vertex 7.2895 49.837 27.25
      vertex 7.17149 49.9405 28.05
      vertex 7.2895 49.837 28.05
    endloop
  endfacet
  facet normal 0.659375 0.751815 0
    outer loop
      vertex 7.17149 49.9405 28.05
      vertex 7.2895 49.837 27.25
      vertex 7.17149 49.9405 27.25
    endloop
  endfacet
  facet normal 0.831432 0.555626 0
    outer loop
      vertex 7.06799 50.0585 28.05
      vertex 6.98078 50.189 27.25
      vertex 6.98078 50.189 28.05
    endloop
  endfacet
  facet normal 0.831432 0.555626 0
    outer loop
      vertex 6.98078 50.189 27.25
      vertex 7.06799 50.0585 28.05
      vertex 7.06799 50.0585 27.25
    endloop
  endfacet
  facet normal -0.980825 -0.194891 0
    outer loop
      vertex 52.8097 57.5456 27.25
      vertex 52.7791 57.6996 28.05
      vertex 52.7791 57.6996 27.25
    endloop
  endfacet
  facet normal -0.980825 -0.194891 0
    outer loop
      vertex 52.7791 57.6996 28.05
      vertex 52.8097 57.5456 27.25
      vertex 52.8097 57.5456 28.05
    endloop
  endfacet
  facet normal 0.555553 -0.831481 0
    outer loop
      vertex 7.2895 58.341 27.25
      vertex 7.42001 58.4282 28.05
      vertex 7.2895 58.341 28.05
    endloop
  endfacet
  facet normal 0.555553 -0.831481 0
    outer loop
      vertex 7.42001 58.4282 28.05
      vertex 7.2895 58.341 27.25
      vertex 7.42001 58.4282 27.25
    endloop
  endfacet
  facet normal 0.751787 -0.659406 0
    outer loop
      vertex 7.06799 58.1195 28.05
      vertex 7.17149 58.2375 27.25
      vertex 7.17149 58.2375 28.05
    endloop
  endfacet
  facet normal 0.751787 -0.659406 0
    outer loop
      vertex 7.17149 58.2375 27.25
      vertex 7.06799 58.1195 28.05
      vertex 7.06799 58.1195 27.25
    endloop
  endfacet
  facet normal 0.321707 0.946839 -0
    outer loop
      vertex 7.70943 49.6299 27.25
      vertex 7.5608 49.6804 28.05
      vertex 7.70943 49.6299 28.05
    endloop
  endfacet
  facet normal 0.321707 0.946839 0
    outer loop
      vertex 7.5608 49.6804 28.05
      vertex 7.70943 49.6299 27.25
      vertex 7.5608 49.6804 27.25
    endloop
  endfacet
  facet normal 0.555553 0.831481 -0
    outer loop
      vertex 7.42001 49.7498 27.25
      vertex 7.2895 49.837 28.05
      vertex 7.42001 49.7498 28.05
    endloop
  endfacet
  facet normal 0.555553 0.831481 0
    outer loop
      vertex 7.2895 49.837 28.05
      vertex 7.42001 49.7498 27.25
      vertex 7.2895 49.837 27.25
    endloop
  endfacet
  facet normal 0.751787 0.659406 0
    outer loop
      vertex 7.17149 49.9405 28.05
      vertex 7.06799 50.0585 27.25
      vertex 7.06799 50.0585 28.05
    endloop
  endfacet
  facet normal 0.751787 0.659406 0
    outer loop
      vertex 7.06799 50.0585 27.25
      vertex 7.17149 49.9405 28.05
      vertex 7.17149 49.9405 27.25
    endloop
  endfacet
  facet normal -0.946819 0.321766 0
    outer loop
      vertex 52.7286 50.3298 27.25
      vertex 52.7791 50.4784 28.05
      vertex 52.7791 50.4784 27.25
    endloop
  endfacet
  facet normal -0.946819 0.321766 0
    outer loop
      vertex 52.7791 50.4784 28.05
      vertex 52.7286 50.3298 27.25
      vertex 52.7286 50.3298 28.05
    endloop
  endfacet
  facet normal 0.946936 -0.321423 0
    outer loop
      vertex 6.86091 57.6996 28.05
      vertex 6.91135 57.8482 27.25
      vertex 6.91135 57.8482 28.05
    endloop
  endfacet
  facet normal 0.946936 -0.321423 0
    outer loop
      vertex 6.91135 57.8482 27.25
      vertex 6.86091 57.6996 28.05
      vertex 6.86091 57.6996 27.25
    endloop
  endfacet
  facet normal 0.659375 -0.751815 0
    outer loop
      vertex 7.17149 58.2375 27.25
      vertex 7.2895 58.341 28.05
      vertex 7.17149 58.2375 28.05
    endloop
  endfacet
  facet normal 0.659375 -0.751815 0
    outer loop
      vertex 7.2895 58.341 28.05
      vertex 7.17149 58.2375 27.25
      vertex 7.2895 58.341 27.25
    endloop
  endfacet
  facet normal 0.980788 -0.195075 0
    outer loop
      vertex 6.83028 57.5456 28.05
      vertex 6.86091 57.6996 27.25
      vertex 6.86091 57.6996 28.05
    endloop
  endfacet
  facet normal 0.980788 -0.195075 0
    outer loop
      vertex 6.86091 57.6996 27.25
      vertex 6.83028 57.5456 28.05
      vertex 6.83028 57.5456 27.25
    endloop
  endfacet
  facet normal 0.321707 -0.946839 0
    outer loop
      vertex 7.5608 58.4976 27.25
      vertex 7.70943 58.5481 28.05
      vertex 7.5608 58.4976 28.05
    endloop
  endfacet
  facet normal 0.321707 -0.946839 0
    outer loop
      vertex 7.70943 58.5481 28.05
      vertex 7.5608 58.4976 27.25
      vertex 7.70943 58.5481 27.25
    endloop
  endfacet
  facet normal 0 0 1
    outer loop
      vertex 18.1262 55.9594 27.25
      vertex 16.8009 51.4745 27.25
      vertex 18.1262 51.4745 27.25
    endloop
  endfacet
  facet normal -0 0 1
    outer loop
      vertex 16.3983 55.9594 27.25
      vertex 16.8009 51.4745 27.25
      vertex 18.1262 55.9594 27.25
    endloop
  endfacet
  facet normal 0 0 1
    outer loop
      vertex 16.8009 51.4745 27.25
      vertex 16.3983 55.9594 27.25
      vertex 14.8566 56.8252 27.25
    endloop
  endfacet
  facet normal 0 0 1
    outer loop
      vertex 51.62 58.589 27.25
      vertex 52.82 57.389 27.25
      vertex 52.8097 57.5456 27.25
    endloop
  endfacet
  facet normal 0 0 1
    outer loop
      vertex 52.82 57.389 27.25
      vertex 48.0326 54.1517 27.25
      vertex 52.82 50.789 27.25
    endloop
  endfacet
  facet normal 0 0 1
    outer loop
      vertex 51.62 58.589 27.25
      vertex 52.8097 57.5456 27.25
      vertex 52.7791 57.6996 27.25
    endloop
  endfacet
  facet normal -0 0 1
    outer loop
      vertex 48.0232 53.7778 27.25
      vertex 52.82 50.789 27.25
      vertex 48.0326 54.1517 27.25
    endloop
  endfacet
  facet normal 0 0 1
    outer loop
      vertex 51.62 58.589 27.25
      vertex 52.7791 57.6996 27.25
      vertex 52.7286 57.8482 27.25
    endloop
  endfacet
  facet normal -0 0 1
    outer loop
      vertex 47.9947 53.4307 27.25
      vertex 52.82 50.789 27.25
      vertex 48.0232 53.7778 27.25
    endloop
  endfacet
  facet normal 0 0 1
    outer loop
      vertex 51.62 58.589 27.25
      vertex 52.7286 57.8482 27.25
      vertex 52.6592 57.989 27.25
    endloop
  endfacet
  facet normal -0 0 1
    outer loop
      vertex 47.9472 53.1104 27.25
      vertex 52.82 50.789 27.25
      vertex 47.9947 53.4307 27.25
    endloop
  endfacet
  facet normal 0 0 1
    outer loop
      vertex 51.62 58.589 27.25
      vertex 52.6592 57.989 27.25
      vertex 52.572 58.1195 27.25
    endloop
  endfacet
  facet normal -0 0 1
    outer loop
      vertex 47.8808 52.8169 27.25
      vertex 52.82 50.789 27.25
      vertex 47.9472 53.1104 27.25
    endloop
  endfacet
  facet normal 0 0 1
    outer loop
      vertex 51.62 58.589 27.25
      vertex 52.572 58.1195 27.25
      vertex 52.4685 58.2375 27.25
    endloop
  endfacet
  facet normal 0 -0 1
    outer loop
      vertex 51.62 49.589 27.25
      vertex 52.82 50.789 27.25
      vertex 47.8808 52.8169 27.25
    endloop
  endfacet
  facet normal 0 0 1
    outer loop
      vertex 51.62 58.589 27.25
      vertex 52.4685 58.2375 27.25
      vertex 52.3505 58.341 27.25
    endloop
  endfacet
  facet normal 0 0 1
    outer loop
      vertex 52.82 50.789 27.25
      vertex 51.62 49.589 27.25
      vertex 52.8097 50.6324 27.25
    endloop
  endfacet
  facet normal 0 0 1
    outer loop
      vertex 51.62 58.589 27.25
      vertex 52.3505 58.341 27.25
      vertex 52.22 58.4282 27.25
    endloop
  endfacet
  facet normal 0 0 1
    outer loop
      vertex 52.8097 50.6324 27.25
      vertex 51.62 49.589 27.25
      vertex 52.7791 50.4784 27.25
    endloop
  endfacet
  facet normal 0 0 1
    outer loop
      vertex 51.62 58.589 27.25
      vertex 52.22 58.4282 27.25
      vertex 52.0792 58.4976 27.25
    endloop
  endfacet
  facet normal 0 0 1
    outer loop
      vertex 52.7286 50.3298 27.25
      vertex 51.62 49.589 27.25
      vertex 52.6592 50.189 27.25
    endloop
  endfacet
  facet normal 0 0 1
    outer loop
      vertex 51.62 58.589 27.25
      vertex 52.0792 58.4976 27.25
      vertex 51.9306 58.5481 27.25
    endloop
  endfacet
  facet normal 0 0 1
    outer loop
      vertex 52.6592 50.189 27.25
      vertex 51.62 49.589 27.25
      vertex 52.572 50.0585 27.25
    endloop
  endfacet
  facet normal 0 0 1
    outer loop
      vertex 51.62 58.589 27.25
      vertex 51.9306 58.5481 27.25
      vertex 51.7766 58.5787 27.25
    endloop
  endfacet
  facet normal 0 0 1
    outer loop
      vertex 52.572 50.0585 27.25
      vertex 51.62 49.589 27.25
      vertex 52.4685 49.9405 27.25
    endloop
  endfacet
  facet normal 0 0 1
    outer loop
      vertex 52.82 57.389 27.25
      vertex 51.62 58.589 27.25
      vertex 47.8888 55.5015 27.25
    endloop
  endfacet
  facet normal 0 0 1
    outer loop
      vertex 52.4685 49.9405 27.25
      vertex 51.62 49.589 27.25
      vertex 52.3505 49.837 27.25
    endloop
  endfacet
  facet normal 0 0 1
    outer loop
      vertex 52.22 49.7498 27.25
      vertex 51.62 49.589 27.25
      vertex 52.0792 49.6804 27.25
    endloop
  endfacet
  facet normal 0 0 1
    outer loop
      vertex 52.82 57.389 27.25
      vertex 48.0237 54.5315 27.25
      vertex 48.0326 54.1517 27.25
    endloop
  endfacet
  facet normal 0 0 1
    outer loop
      vertex 52.82 57.389 27.25
      vertex 47.9967 54.883 27.25
      vertex 48.0237 54.5315 27.25
    endloop
  endfacet
  facet normal 0 0 1
    outer loop
      vertex 52.82 57.389 27.25
      vertex 47.9517 55.2064 27.25
      vertex 47.9967 54.883 27.25
    endloop
  endfacet
  facet normal 0 0 1
    outer loop
      vertex 52.82 57.389 27.25
      vertex 47.8888 55.5015 27.25
      vertex 47.9517 55.2064 27.25
    endloop
  endfacet
  facet normal 0 0 1
    outer loop
      vertex 51.62 58.589 27.25
      vertex 47.8079 55.7684 27.25
      vertex 47.8888 55.5015 27.25
    endloop
  endfacet
  facet normal 0 0 1
    outer loop
      vertex 51.62 58.589 27.25
      vertex 47.709 56.0071 27.25
      vertex 47.8079 55.7684 27.25
    endloop
  endfacet
  facet normal 0 0 1
    outer loop
      vertex 51.62 58.589 27.25
      vertex 47.5922 56.2176 27.25
      vertex 47.709 56.0071 27.25
    endloop
  endfacet
  facet normal 0 0 1
    outer loop
      vertex 51.62 58.589 27.25
      vertex 47.4559 56.3999 27.25
      vertex 47.5922 56.2176 27.25
    endloop
  endfacet
  facet normal 0 0 1
    outer loop
      vertex 51.62 58.589 27.25
      vertex 47.2989 56.5542 27.25
      vertex 47.4559 56.3999 27.25
    endloop
  endfacet
  facet normal 0 0 1
    outer loop
      vertex 51.62 58.589 27.25
      vertex 47.1211 56.6805 27.25
      vertex 47.2989 56.5542 27.25
    endloop
  endfacet
  facet normal 0 0 1
    outer loop
      vertex 51.62 58.589 27.25
      vertex 46.9226 56.7787 27.25
      vertex 47.1211 56.6805 27.25
    endloop
  endfacet
  facet normal 0 0 1
    outer loop
      vertex 51.62 58.589 27.25
      vertex 46.7033 56.8488 27.25
      vertex 46.9226 56.7787 27.25
    endloop
  endfacet
  facet normal 0 0 1
    outer loop
      vertex 51.62 58.589 27.25
      vertex 46.4632 56.8909 27.25
      vertex 46.7033 56.8488 27.25
    endloop
  endfacet
  facet normal 0 0 1
    outer loop
      vertex 51.62 58.589 27.25
      vertex 46.2023 56.9049 27.25
      vertex 46.4632 56.8909 27.25
    endloop
  endfacet
  facet normal 0 0 1
    outer loop
      vertex 51.62 58.589 27.25
      vertex 46.0188 56.899 27.25
      vertex 46.2023 56.9049 27.25
    endloop
  endfacet
  facet normal 0 0 1
    outer loop
      vertex 51.62 58.589 27.25
      vertex 45.8458 56.8814 27.25
      vertex 46.0188 56.899 27.25
    endloop
  endfacet
  facet normal -0 0 1
    outer loop
      vertex 42.2389 56.8909 27.25
      vertex 45.8458 56.8814 27.25
      vertex 51.62 58.589 27.25
    endloop
  endfacet
  facet normal 0 0 1
    outer loop
      vertex 45.8458 56.8814 27.25
      vertex 42.2389 56.8909 27.25
      vertex 45.6833 56.8519 27.25
    endloop
  endfacet
  facet normal 0 0 1
    outer loop
      vertex 44.338 54.419 27.25
      vertex 43.8084 54.1517 27.25
      vertex 44.3339 54.1517 27.25
    endloop
  endfacet
  facet normal -0 0 1
    outer loop
      vertex 43.7994 54.5315 27.25
      vertex 44.338 54.419 27.25
      vertex 44.3503 54.6719 27.25
    endloop
  endfacet
  facet normal -0 0 1
    outer loop
      vertex 43.7725 54.883 27.25
      vertex 44.3503 54.6719 27.25
      vertex 44.3709 54.9104 27.25
    endloop
  endfacet
  facet normal 0 0 1
    outer loop
      vertex 43.7725 54.883 27.25
      vertex 44.3709 54.9104 27.25
      vertex 44.3996 55.1344 27.25
    endloop
  endfacet
  facet normal -0 0 1
    outer loop
      vertex 43.7275 55.2064 27.25
      vertex 44.3996 55.1344 27.25
      vertex 44.4366 55.3441 27.25
    endloop
  endfacet
  facet normal -0 0 1
    outer loop
      vertex 43.6646 55.5015 27.25
      vertex 44.4366 55.3441 27.25
      vertex 44.4818 55.5393 27.25
    endloop
  endfacet
  facet normal 0 0 1
    outer loop
      vertex 43.6646 55.5015 27.25
      vertex 44.4818 55.5393 27.25
      vertex 44.5352 55.7201 27.25
    endloop
  endfacet
  facet normal -0 0 1
    outer loop
      vertex 43.5837 55.7684 27.25
      vertex 44.5352 55.7201 27.25
      vertex 44.5968 55.8872 27.25
    endloop
  endfacet
  facet normal -0 0 1
    outer loop
      vertex 43.4848 56.0071 27.25
      vertex 44.5968 55.8872 27.25
      vertex 44.6666 56.0412 27.25
    endloop
  endfacet
  facet normal 0 0 1
    outer loop
      vertex 44.338 54.419 27.25
      vertex 43.7994 54.5315 27.25
      vertex 43.8084 54.1517 27.25
    endloop
  endfacet
  facet normal 0 0 1
    outer loop
      vertex 43.4848 56.0071 27.25
      vertex 44.6666 56.0412 27.25
      vertex 44.7447 56.1823 27.25
    endloop
  endfacet
  facet normal 0 0 1
    outer loop
      vertex 44.3503 54.6719 27.25
      vertex 43.7725 54.883 27.25
      vertex 43.7994 54.5315 27.25
    endloop
  endfacet
  facet normal -0 0 1
    outer loop
      vertex 43.3679 56.2176 27.25
      vertex 44.7447 56.1823 27.25
      vertex 44.8309 56.3103 27.25
    endloop
  endfacet
  facet normal 0 0 1
    outer loop
      vertex 44.3996 55.1344 27.25
      vertex 43.7275 55.2064 27.25
      vertex 43.7725 54.883 27.25
    endloop
  endfacet
  facet normal -0 0 1
    outer loop
      vertex 43.2317 56.3999 27.25
      vertex 44.8309 56.3103 27.25
      vertex 44.9254 56.4253 27.25
    endloop
  endfacet
  facet normal 0 0 1
    outer loop
      vertex 44.4366 55.3441 27.25
      vertex 43.6646 55.5015 27.25
      vertex 43.7275 55.2064 27.25
    endloop
  endfacet
  facet normal 0 0 1
    outer loop
      vertex 43.2317 56.3999 27.25
      vertex 44.9254 56.4253 27.25
      vertex 45.0281 56.5273 27.25
    endloop
  endfacet
  facet normal -0 0 1
    outer loop
      vertex 43.0747 56.5542 27.25
      vertex 45.0281 56.5273 27.25
      vertex 45.139 56.6163 27.25
    endloop
  endfacet
  facet normal 0 0 1
    outer loop
      vertex 44.5352 55.7201 27.25
      vertex 43.5837 55.7684 27.25
      vertex 43.6646 55.5015 27.25
    endloop
  endfacet
  facet normal -0 0 1
    outer loop
      vertex 42.8969 56.6805 27.25
      vertex 45.139 56.6163 27.25
      vertex 45.2592 56.6929 27.25
    endloop
  endfacet
  facet normal 0 0 1
    outer loop
      vertex 44.5968 55.8872 27.25
      vertex 43.4848 56.0071 27.25
      vertex 43.5837 55.7684 27.25
    endloop
  endfacet
  facet normal 0 0 1
    outer loop
      vertex 42.8969 56.6805 27.25
      vertex 45.2592 56.6929 27.25
      vertex 45.3901 56.7577 27.25
    endloop
  endfacet
  facet normal 0 0 1
    outer loop
      vertex 44.7447 56.1823 27.25
      vertex 43.3679 56.2176 27.25
      vertex 43.4848 56.0071 27.25
    endloop
  endfacet
  facet normal -0 0 1
    outer loop
      vertex 42.6983 56.7787 27.25
      vertex 45.3901 56.7577 27.25
      vertex 45.5314 56.8107 27.25
    endloop
  endfacet
  facet normal 0 -0 1
    outer loop
      vertex 42.479 56.8488 27.25
      vertex 45.6833 56.8519 27.25
      vertex 42.2389 56.8909 27.25
    endloop
  endfacet
  facet normal 0 0 1
    outer loop
      vertex 44.8309 56.3103 27.25
      vertex 43.2317 56.3999 27.25
      vertex 43.3679 56.2176 27.25
    endloop
  endfacet
  facet normal 0 0 1
    outer loop
      vertex 45.0281 56.5273 27.25
      vertex 43.0747 56.5542 27.25
      vertex 43.2317 56.3999 27.25
    endloop
  endfacet
  facet normal 0 0 1
    outer loop
      vertex 45.139 56.6163 27.25
      vertex 42.8969 56.6805 27.25
      vertex 43.0747 56.5542 27.25
    endloop
  endfacet
  facet normal 0 0 1
    outer loop
      vertex 45.3901 56.7577 27.25
      vertex 42.6983 56.7787 27.25
      vertex 42.8969 56.6805 27.25
    endloop
  endfacet
  facet normal 0 0 1
    outer loop
      vertex 45.5314 56.8107 27.25
      vertex 42.479 56.8488 27.25
      vertex 42.6983 56.7787 27.25
    endloop
  endfacet
  facet normal 0 0 1
    outer loop
      vertex 45.6833 56.8519 27.25
      vertex 42.479 56.8488 27.25
      vertex 45.5314 56.8107 27.25
    endloop
  endfacet
  facet normal 0 0 1
    outer loop
      vertex 51.62 58.589 27.25
      vertex 41.9781 56.9049 27.25
      vertex 42.2389 56.8909 27.25
    endloop
  endfacet
  facet normal 0 0 1
    outer loop
      vertex 51.62 58.589 27.25
      vertex 41.7945 56.899 27.25
      vertex 41.9781 56.9049 27.25
    endloop
  endfacet
  facet normal 0 0 1
    outer loop
      vertex 37.9713 56.8974 27.25
      vertex 41.7945 56.899 27.25
      vertex 51.62 58.589 27.25
    endloop
  endfacet
  facet normal 0 0 1
    outer loop
      vertex 39.281 53.9493 27.25
      vertex 40.1097 54.1517 27.25
      vertex 40.1138 54.419 27.25
    endloop
  endfacet
  facet normal 0 0 1
    outer loop
      vertex 39.3372 54.8103 27.25
      vertex 40.1138 54.419 27.25
      vertex 40.1261 54.6719 27.25
    endloop
  endfacet
  facet normal 0 0 1
    outer loop
      vertex 39.4449 55.0165 27.25
      vertex 40.1261 54.6719 27.25
      vertex 40.1466 54.9104 27.25
    endloop
  endfacet
  facet normal -0 0 1
    outer loop
      vertex 39.4826 55.1261 27.25
      vertex 40.1466 54.9104 27.25
      vertex 40.1754 55.1344 27.25
    endloop
  endfacet
  facet normal 0 0 1
    outer loop
      vertex 39.5257 55.3582 27.25
      vertex 40.1754 55.1344 27.25
      vertex 40.2124 55.3441 27.25
    endloop
  endfacet
  facet normal -0 0 1
    outer loop
      vertex 39.5311 55.4808 27.25
      vertex 40.2124 55.3441 27.25
      vertex 40.2575 55.5393 27.25
    endloop
  endfacet
  facet normal 0 0 1
    outer loop
      vertex 40.1097 54.1517 27.25
      vertex 39.6579 53.1311 27.25
      vertex 39.6639 52.9821 27.25
    endloop
  endfacet
  facet normal 0 0 1
    outer loop
      vertex 40.1097 54.1517 27.25
      vertex 39.6399 53.2721 27.25
      vertex 39.6579 53.1311 27.25
    endloop
  endfacet
  facet normal 0 0 1
    outer loop
      vertex 40.1097 54.1517 27.25
      vertex 39.6099 53.4051 27.25
      vertex 39.6399 53.2721 27.25
    endloop
  endfacet
  facet normal -0 0 1
    outer loop
      vertex 39.5216 55.6698 27.25
      vertex 40.2575 55.5393 27.25
      vertex 40.311 55.7201 27.25
    endloop
  endfacet
  facet normal 0 0 1
    outer loop
      vertex 40.1097 54.1517 27.25
      vertex 39.5678 53.5302 27.25
      vertex 39.6099 53.4051 27.25
    endloop
  endfacet
  facet normal 0 0 1
    outer loop
      vertex 40.2124 55.3441 27.25
      vertex 39.5311 55.4808 27.25
      vertex 39.5257 55.3582 27.25
    endloop
  endfacet
  facet normal -0 0 1
    outer loop
      vertex 39.4931 55.8459 27.25
      vertex 40.311 55.7201 27.25
      vertex 40.3726 55.8872 27.25
    endloop
  endfacet
  facet normal -0 0 1
    outer loop
      vertex 39.4456 56.0092 27.25
      vertex 40.3726 55.8872 27.25
      vertex 40.4424 56.0412 27.25
    endloop
  endfacet
  facet normal -0 0 1
    outer loop
      vertex 39.3792 56.1597 27.25
      vertex 40.4424 56.0412 27.25
      vertex 40.5204 56.1823 27.25
    endloop
  endfacet
  facet normal -0 0 1
    outer loop
      vertex 39.2937 56.2975 27.25
      vertex 40.5204 56.1823 27.25
      vertex 40.6067 56.3103 27.25
    endloop
  endfacet
  facet normal 0 0 1
    outer loop
      vertex 39.2937 56.2975 27.25
      vertex 40.6067 56.3103 27.25
      vertex 40.7011 56.4253 27.25
    endloop
  endfacet
  facet normal 0 0 1
    outer loop
      vertex 39.1893 56.4225 27.25
      vertex 40.7011 56.4253 27.25
      vertex 40.8038 56.5273 27.25
    endloop
  endfacet
  facet normal 0 0 1
    outer loop
      vertex 40.2575 55.5393 27.25
      vertex 39.5216 55.6698 27.25
      vertex 39.5311 55.4808 27.25
    endloop
  endfacet
  facet normal -0 0 1
    outer loop
      vertex 39.0659 56.5346 27.25
      vertex 40.8038 56.5273 27.25
      vertex 40.9147 56.6163 27.25
    endloop
  endfacet
  facet normal 0 0 1
    outer loop
      vertex 40.311 55.7201 27.25
      vertex 39.4931 55.8459 27.25
      vertex 39.5216 55.6698 27.25
    endloop
  endfacet
  facet normal -0 0 1
    outer loop
      vertex 38.9247 56.6329 27.25
      vertex 40.9147 56.6163 27.25
      vertex 41.035 56.6929 27.25
    endloop
  endfacet
  facet normal 0 0 1
    outer loop
      vertex 40.3726 55.8872 27.25
      vertex 39.4456 56.0092 27.25
      vertex 39.4931 55.8459 27.25
    endloop
  endfacet
  facet normal -0 0 1
    outer loop
      vertex 38.767 56.716 27.25
      vertex 41.035 56.6929 27.25
      vertex 41.1658 56.7577 27.25
    endloop
  endfacet
  facet normal 0 0 1
    outer loop
      vertex 40.4424 56.0412 27.25
      vertex 39.3792 56.1597 27.25
      vertex 39.4456 56.0092 27.25
    endloop
  endfacet
  facet normal -0 0 1
    outer loop
      vertex 38.5928 56.784 27.25
      vertex 41.1658 56.7577 27.25
      vertex 41.3072 56.8107 27.25
    endloop
  endfacet
  facet normal 0 0 1
    outer loop
      vertex 40.5204 56.1823 27.25
      vertex 39.2937 56.2975 27.25
      vertex 39.3792 56.1597 27.25
    endloop
  endfacet
  facet normal -0 0 1
    outer loop
      vertex 38.4022 56.8369 27.25
      vertex 41.3072 56.8107 27.25
      vertex 41.4591 56.8519 27.25
    endloop
  endfacet
  facet normal 0 0 1
    outer loop
      vertex 40.7011 56.4253 27.25
      vertex 39.1893 56.4225 27.25
      vertex 39.2937 56.2975 27.25
    endloop
  endfacet
  facet normal 0 0 1
    outer loop
      vertex 40.8038 56.5273 27.25
      vertex 39.0659 56.5346 27.25
      vertex 39.1893 56.4225 27.25
    endloop
  endfacet
  facet normal 0 0 1
    outer loop
      vertex 38.4022 56.8369 27.25
      vertex 41.4591 56.8519 27.25
      vertex 41.6215 56.8814 27.25
    endloop
  endfacet
  facet normal 0 0 1
    outer loop
      vertex 41.7945 56.899 27.25
      vertex 37.9713 56.8974 27.25
      vertex 41.6215 56.8814 27.25
    endloop
  endfacet
  facet normal 0 0 1
    outer loop
      vertex 40.9147 56.6163 27.25
      vertex 38.9247 56.6329 27.25
      vertex 39.0659 56.5346 27.25
    endloop
  endfacet
  facet normal 0 0 1
    outer loop
      vertex 41.035 56.6929 27.25
      vertex 38.767 56.716 27.25
      vertex 38.9247 56.6329 27.25
    endloop
  endfacet
  facet normal 0 0 1
    outer loop
      vertex 41.1658 56.7577 27.25
      vertex 38.5928 56.784 27.25
      vertex 38.767 56.716 27.25
    endloop
  endfacet
  facet normal 0 0 1
    outer loop
      vertex 41.3072 56.8107 27.25
      vertex 38.4022 56.8369 27.25
      vertex 38.5928 56.784 27.25
    endloop
  endfacet
  facet normal 0 0 1
    outer loop
      vertex 41.6215 56.8814 27.25
      vertex 38.195 56.8747 27.25
      vertex 38.4022 56.8369 27.25
    endloop
  endfacet
  facet normal 0 0 1
    outer loop
      vertex 41.6215 56.8814 27.25
      vertex 37.9713 56.8974 27.25
      vertex 38.195 56.8747 27.25
    endloop
  endfacet
  facet normal 0 0 1
    outer loop
      vertex 51.62 58.589 27.25
      vertex 37.731 56.9049 27.25
      vertex 37.9713 56.8974 27.25
    endloop
  endfacet
  facet normal 0 0 1
    outer loop
      vertex 51.62 58.589 27.25
      vertex 37.4959 56.8972 27.25
      vertex 37.731 56.9049 27.25
    endloop
  endfacet
  facet normal 0 0 1
    outer loop
      vertex 32.9978 56.8252 27.25
      vertex 37.4959 56.8972 27.25
      vertex 51.62 58.589 27.25
    endloop
  endfacet
  facet normal 0 0 1
    outer loop
      vertex 35.9717 55.2473 27.25
      vertex 35.8791 53.3843 27.25
      vertex 35.9214 53.5077 27.25
    endloop
  endfacet
  facet normal 0 0 1
    outer loop
      vertex 35.9555 55.3658 27.25
      vertex 32.9978 56.8252 27.25
      vertex 35.8791 53.3843 27.25
    endloop
  endfacet
  facet normal 0 0 1
    outer loop
      vertex 32.9978 51.4745 27.25
      vertex 35.8791 53.3843 27.25
      vertex 32.9978 56.8252 27.25
    endloop
  endfacet
  facet normal 0 0 1
    outer loop
      vertex 35.8489 53.2543 27.25
      vertex 32.9978 51.4745 27.25
      vertex 35.8307 53.1177 27.25
    endloop
  endfacet
  facet normal 0 0 1
    outer loop
      vertex 35.8791 53.3843 27.25
      vertex 32.9978 51.4745 27.25
      vertex 35.8489 53.2543 27.25
    endloop
  endfacet
  facet normal 0 0 1
    outer loop
      vertex 35.9595 55.6705 27.25
      vertex 32.9978 56.8252 27.25
      vertex 35.95 55.4885 27.25
    endloop
  endfacet
  facet normal 0 0 1
    outer loop
      vertex 35.988 55.8412 27.25
      vertex 32.9978 56.8252 27.25
      vertex 35.9595 55.6705 27.25
    endloop
  endfacet
  facet normal 0 0 1
    outer loop
      vertex 36.0355 56.0006 27.25
      vertex 32.9978 56.8252 27.25
      vertex 35.988 55.8412 27.25
    endloop
  endfacet
  facet normal 0 0 1
    outer loop
      vertex 36.1019 56.1487 27.25
      vertex 32.9978 56.8252 27.25
      vertex 36.0355 56.0006 27.25
    endloop
  endfacet
  facet normal 0 0 1
    outer loop
      vertex 36.1874 56.2855 27.25
      vertex 32.9978 56.8252 27.25
      vertex 36.1019 56.1487 27.25
    endloop
  endfacet
  facet normal 0 0 1
    outer loop
      vertex 36.2918 56.411 27.25
      vertex 32.9978 56.8252 27.25
      vertex 36.1874 56.2855 27.25
    endloop
  endfacet
  facet normal 0 0 1
    outer loop
      vertex 36.4152 56.5251 27.25
      vertex 32.9978 56.8252 27.25
      vertex 36.2918 56.411 27.25
    endloop
  endfacet
  facet normal 0 0 1
    outer loop
      vertex 36.556 56.6259 27.25
      vertex 32.9978 56.8252 27.25
      vertex 36.4152 56.5251 27.25
    endloop
  endfacet
  facet normal 0 0 1
    outer loop
      vertex 36.7125 56.7111 27.25
      vertex 32.9978 56.8252 27.25
      vertex 36.556 56.6259 27.25
    endloop
  endfacet
  facet normal 0 0 1
    outer loop
      vertex 36.8847 56.7809 27.25
      vertex 32.9978 56.8252 27.25
      vertex 36.7125 56.7111 27.25
    endloop
  endfacet
  facet normal 0 0 1
    outer loop
      vertex 37.0727 56.8352 27.25
      vertex 32.9978 56.8252 27.25
      vertex 36.8847 56.7809 27.25
    endloop
  endfacet
  facet normal 0 0 1
    outer loop
      vertex 37.2764 56.8739 27.25
      vertex 32.9978 56.8252 27.25
      vertex 37.0727 56.8352 27.25
    endloop
  endfacet
  facet normal 0 0 1
    outer loop
      vertex 37.4959 56.8972 27.25
      vertex 32.9978 56.8252 27.25
      vertex 37.2764 56.8739 27.25
    endloop
  endfacet
  facet normal 0 0 1
    outer loop
      vertex 51.62 58.589 27.25
      vertex 31.8775 56.8252 27.25
      vertex 32.9978 56.8252 27.25
    endloop
  endfacet
  facet normal -0 0 1
    outer loop
      vertex 31.0372 54.9216 27.25
      vertex 31.8775 51.4745 27.25
      vertex 31.8775 56.8252 27.25
    endloop
  endfacet
  facet normal 0 0 1
    outer loop
      vertex 31.0568 55.0728 27.25
      vertex 31.8775 56.8252 27.25
      vertex 31.0633 55.2303 27.25
    endloop
  endfacet
  facet normal 0 0 1
    outer loop
      vertex 31.8775 56.8252 27.25
      vertex 31.0527 55.4432 27.25
      vertex 31.0633 55.2303 27.25
    endloop
  endfacet
  facet normal 0 0 1
    outer loop
      vertex 31.8775 56.8252 27.25
      vertex 31.0208 55.6415 27.25
      vertex 31.0527 55.4432 27.25
    endloop
  endfacet
  facet normal 0 0 1
    outer loop
      vertex 31.8775 56.8252 27.25
      vertex 30.9677 55.8251 27.25
      vertex 31.0208 55.6415 27.25
    endloop
  endfacet
  facet normal 0 0 1
    outer loop
      vertex 31.8775 56.8252 27.25
      vertex 30.8934 55.9941 27.25
      vertex 30.9677 55.8251 27.25
    endloop
  endfacet
  facet normal 0 0 1
    outer loop
      vertex 31.8775 56.8252 27.25
      vertex 30.7978 56.1484 27.25
      vertex 30.8934 55.9941 27.25
    endloop
  endfacet
  facet normal 0 0 1
    outer loop
      vertex 31.8775 56.8252 27.25
      vertex 30.681 56.2881 27.25
      vertex 30.7978 56.1484 27.25
    endloop
  endfacet
  facet normal 0 0 1
    outer loop
      vertex 31.8775 56.8252 27.25
      vertex 30.543 56.4131 27.25
      vertex 30.681 56.2881 27.25
    endloop
  endfacet
  facet normal 0 0 1
    outer loop
      vertex 31.8775 56.8252 27.25
      vertex 30.3854 56.5225 27.25
      vertex 30.543 56.4131 27.25
    endloop
  endfacet
  facet normal 0 0 1
    outer loop
      vertex 31.8775 56.8252 27.25
      vertex 30.21 56.615 27.25
      vertex 30.3854 56.5225 27.25
    endloop
  endfacet
  facet normal 0 0 1
    outer loop
      vertex 31.8775 56.8252 27.25
      vertex 30.0168 56.6906 27.25
      vertex 30.21 56.615 27.25
    endloop
  endfacet
  facet normal 0 0 1
    outer loop
      vertex 29.0658 56.8252 27.25
      vertex 31.8775 56.8252 27.25
      vertex 51.62 58.589 27.25
    endloop
  endfacet
  facet normal 0 0 1
    outer loop
      vertex 31.8775 56.8252 27.25
      vertex 29.8058 56.7495 27.25
      vertex 30.0168 56.6906 27.25
    endloop
  endfacet
  facet normal 0 0 1
    outer loop
      vertex 31.8775 56.8252 27.25
      vertex 29.577 56.7915 27.25
      vertex 29.8058 56.7495 27.25
    endloop
  endfacet
  facet normal 0 0 1
    outer loop
      vertex 31.8775 56.8252 27.25
      vertex 29.3303 56.8168 27.25
      vertex 29.577 56.7915 27.25
    endloop
  endfacet
  facet normal 0 0 1
    outer loop
      vertex 31.8775 56.8252 27.25
      vertex 29.0658 56.8252 27.25
      vertex 29.3303 56.8168 27.25
    endloop
  endfacet
  facet normal -0 0 1
    outer loop
      vertex 8.02001 58.589 27.25
      vertex 29.0658 56.8252 27.25
      vertex 51.62 58.589 27.25
    endloop
  endfacet
  facet normal 0 0 1
    outer loop
      vertex 26.3923 56.8252 27.25
      vertex 25.7983 51.4745 27.25
      vertex 26.3923 51.4745 27.25
    endloop
  endfacet
  facet normal 0 0 1
    outer loop
      vertex 26.3923 56.8252 27.25
      vertex 23.854 56.8252 27.25
      vertex 25.7983 51.4745 27.25
    endloop
  endfacet
  facet normal 0 0 1
    outer loop
      vertex 29.0658 56.8252 27.25
      vertex 8.02001 58.589 27.25
      vertex 26.3923 56.8252 27.25
    endloop
  endfacet
  facet normal 0 0 1
    outer loop
      vertex 26.3923 56.8252 27.25
      vertex 8.02001 58.589 27.25
      vertex 23.854 56.8252 27.25
    endloop
  endfacet
  facet normal 0 0 1
    outer loop
      vertex 23.854 56.8252 27.25
      vertex 8.02001 58.589 27.25
      vertex 22.5325 56.8252 27.25
    endloop
  endfacet
  facet normal 0 0 1
    outer loop
      vertex 22.5325 56.8252 27.25
      vertex 8.02001 58.589 27.25
      vertex 20.9781 56.8252 27.25
    endloop
  endfacet
  facet normal 0 0 1
    outer loop
      vertex 16.3983 56.8252 27.25
      vertex 14.8566 56.8252 27.25
      vertex 16.3983 55.9594 27.25
    endloop
  endfacet
  facet normal 0 0 1
    outer loop
      vertex 20.9781 56.8252 27.25
      vertex 8.02001 58.589 27.25
      vertex 16.3983 56.8252 27.25
    endloop
  endfacet
  facet normal 0 0 1
    outer loop
      vertex 16.3983 56.8252 27.25
      vertex 8.02001 58.589 27.25
      vertex 14.8566 56.8252 27.25
    endloop
  endfacet
  facet normal -0 0 1
    outer loop
      vertex 6.82001 57.389 27.25
      vertex 13.5351 56.8252 27.25
      vertex 8.02001 58.589 27.25
    endloop
  endfacet
  facet normal 0 0 1
    outer loop
      vertex 14.8566 56.8252 27.25
      vertex 8.02001 58.589 27.25
      vertex 13.5351 56.8252 27.25
    endloop
  endfacet
  facet normal 0 0 1
    outer loop
      vertex 52.0792 49.6804 27.25
      vertex 51.62 49.589 27.25
      vertex 51.9306 49.6299 27.25
    endloop
  endfacet
  facet normal 0 0 1
    outer loop
      vertex 51.9306 49.6299 27.25
      vertex 51.62 49.589 27.25
      vertex 51.7766 49.5993 27.25
    endloop
  endfacet
  facet normal 0 0 1
    outer loop
      vertex 52.3505 49.837 27.25
      vertex 51.62 49.589 27.25
      vertex 52.22 49.7498 27.25
    endloop
  endfacet
  facet normal 0 0 1
    outer loop
      vertex 52.7791 50.4784 27.25
      vertex 51.62 49.589 27.25
      vertex 52.7286 50.3298 27.25
    endloop
  endfacet
  facet normal -0 0 1
    outer loop
      vertex 47.7953 52.5502 27.25
      vertex 51.62 49.589 27.25
      vertex 47.8808 52.8169 27.25
    endloop
  endfacet
  facet normal -0 0 1
    outer loop
      vertex 47.6909 52.3103 27.25
      vertex 51.62 49.589 27.25
      vertex 47.7953 52.5502 27.25
    endloop
  endfacet
  facet normal -0 0 1
    outer loop
      vertex 47.5675 52.0973 27.25
      vertex 51.62 49.589 27.25
      vertex 47.6909 52.3103 27.25
    endloop
  endfacet
  facet normal -0 0 1
    outer loop
      vertex 47.4251 51.9119 27.25
      vertex 51.62 49.589 27.25
      vertex 47.5675 52.0973 27.25
    endloop
  endfacet
  facet normal -0 0 1
    outer loop
      vertex 47.2637 51.7551 27.25
      vertex 51.62 49.589 27.25
      vertex 47.4251 51.9119 27.25
    endloop
  endfacet
  facet normal -0 0 1
    outer loop
      vertex 47.0833 51.6267 27.25
      vertex 51.62 49.589 27.25
      vertex 47.2637 51.7551 27.25
    endloop
  endfacet
  facet normal -0 0 1
    outer loop
      vertex 46.8839 51.5269 27.25
      vertex 51.62 49.589 27.25
      vertex 47.0833 51.6267 27.25
    endloop
  endfacet
  facet normal -0 0 1
    outer loop
      vertex 46.6656 51.4556 27.25
      vertex 51.62 49.589 27.25
      vertex 46.8839 51.5269 27.25
    endloop
  endfacet
  facet normal -0 0 1
    outer loop
      vertex 46.4282 51.4128 27.25
      vertex 51.62 49.589 27.25
      vertex 46.6656 51.4556 27.25
    endloop
  endfacet
  facet normal -0 0 1
    outer loop
      vertex 46.1719 51.3986 27.25
      vertex 51.62 49.589 27.25
      vertex 46.4282 51.4128 27.25
    endloop
  endfacet
  facet normal 0 0 1
    outer loop
      vertex 45.6843 51.4548 27.25
      vertex 51.62 49.589 27.25
      vertex 46.1719 51.3986 27.25
    endloop
  endfacet
  facet normal 0 0 1
    outer loop
      vertex 43.7989 53.7778 27.25
      vertex 44.3339 54.1517 27.25
      vertex 43.8084 54.1517 27.25
    endloop
  endfacet
  facet normal 0 0 1
    outer loop
      vertex 44.3339 54.1517 27.25
      vertex 43.7989 53.7778 27.25
      vertex 44.3714 53.4213 27.25
    endloop
  endfacet
  facet normal -0 0 1
    outer loop
      vertex 43.7705 53.4307 27.25
      vertex 44.3714 53.4213 27.25
      vertex 43.7989 53.7778 27.25
    endloop
  endfacet
  facet normal 0 0 1
    outer loop
      vertex 43.723 53.1104 27.25
      vertex 44.3714 53.4213 27.25
      vertex 43.7705 53.4307 27.25
    endloop
  endfacet
  facet normal 0 0 1
    outer loop
      vertex 44.3714 53.4213 27.25
      vertex 43.723 53.1104 27.25
      vertex 44.4839 52.8033 27.25
    endloop
  endfacet
  facet normal -0 0 1
    outer loop
      vertex 43.6565 52.8169 27.25
      vertex 44.4839 52.8033 27.25
      vertex 43.723 53.1104 27.25
    endloop
  endfacet
  facet normal 0 0 1
    outer loop
      vertex 43.5711 52.5502 27.25
      vertex 44.4839 52.8033 27.25
      vertex 43.6565 52.8169 27.25
    endloop
  endfacet
  facet normal 0 0 1
    outer loop
      vertex 44.4839 52.8033 27.25
      vertex 43.5711 52.5502 27.25
      vertex 44.6715 52.2976 27.25
    endloop
  endfacet
  facet normal -0 0 1
    outer loop
      vertex 43.4667 52.3103 27.25
      vertex 44.6715 52.2976 27.25
      vertex 43.5711 52.5502 27.25
    endloop
  endfacet
  facet normal 0 0 1
    outer loop
      vertex 43.3432 52.0973 27.25
      vertex 44.6715 52.2976 27.25
      vertex 43.4667 52.3103 27.25
    endloop
  endfacet
  facet normal 0 0 1
    outer loop
      vertex 44.6715 52.2976 27.25
      vertex 43.3432 52.0973 27.25
      vertex 44.9341 51.9043 27.25
    endloop
  endfacet
  facet normal -0 0 1
    outer loop
      vertex 43.2008 51.9119 27.25
      vertex 44.9341 51.9043 27.25
      vertex 43.3432 52.0973 27.25
    endloop
  endfacet
  facet normal 0 0 1
    outer loop
      vertex 43.0394 51.7551 27.25
      vertex 44.9341 51.9043 27.25
      vertex 43.2008 51.9119 27.25
    endloop
  endfacet
  facet normal 0 0 1
    outer loop
      vertex 44.9341 51.9043 27.25
      vertex 43.0394 51.7551 27.25
      vertex 45.2716 51.6233 27.25
    endloop
  endfacet
  facet normal -0 0 1
    outer loop
      vertex 42.8591 51.6267 27.25
      vertex 45.2716 51.6233 27.25
      vertex 43.0394 51.7551 27.25
    endloop
  endfacet
  facet normal 0 0 1
    outer loop
      vertex 42.6597 51.5269 27.25
      vertex 45.2716 51.6233 27.25
      vertex 42.8591 51.6267 27.25
    endloop
  endfacet
  facet normal 0 0 1
    outer loop
      vertex 45.2716 51.6233 27.25
      vertex 42.6597 51.5269 27.25
      vertex 45.6843 51.4548 27.25
    endloop
  endfacet
  facet normal -0 0 1
    outer loop
      vertex 42.4413 51.4556 27.25
      vertex 45.6843 51.4548 27.25
      vertex 42.6597 51.5269 27.25
    endloop
  endfacet
  facet normal 0 0 1
    outer loop
      vertex 42.204 51.4128 27.25
      vertex 45.6843 51.4548 27.25
      vertex 42.4413 51.4556 27.25
    endloop
  endfacet
  facet normal 0 0 1
    outer loop
      vertex 45.6843 51.4548 27.25
      vertex 42.204 51.4128 27.25
      vertex 51.62 49.589 27.25
    endloop
  endfacet
  facet normal -0 0 1
    outer loop
      vertex 41.9477 51.3986 27.25
      vertex 51.62 49.589 27.25
      vertex 42.204 51.4128 27.25
    endloop
  endfacet
  facet normal -0 0 1
    outer loop
      vertex 38.2388 51.4325 27.25
      vertex 41.9477 51.3986 27.25
      vertex 41.46 51.4548 27.25
    endloop
  endfacet
  facet normal 0 0 1
    outer loop
      vertex 39.6639 52.9821 27.25
      vertex 40.1472 53.4213 27.25
      vertex 40.1097 54.1517 27.25
    endloop
  endfacet
  facet normal -0 0 1
    outer loop
      vertex 39.6639 52.9821 27.25
      vertex 40.2597 52.8033 27.25
      vertex 40.1472 53.4213 27.25
    endloop
  endfacet
  facet normal 0 0 1
    outer loop
      vertex 39.6538 52.7742 27.25
      vertex 40.2597 52.8033 27.25
      vertex 39.6639 52.9821 27.25
    endloop
  endfacet
  facet normal 0 0 1
    outer loop
      vertex 39.6233 52.5799 27.25
      vertex 40.2597 52.8033 27.25
      vertex 39.6538 52.7742 27.25
    endloop
  endfacet
  facet normal 0 0 1
    outer loop
      vertex 40.2597 52.8033 27.25
      vertex 39.6233 52.5799 27.25
      vertex 40.4473 52.2976 27.25
    endloop
  endfacet
  facet normal -0 0 1
    outer loop
      vertex 39.5726 52.3994 27.25
      vertex 40.4473 52.2976 27.25
      vertex 39.6233 52.5799 27.25
    endloop
  endfacet
  facet normal 0 0 1
    outer loop
      vertex 39.5015 52.2325 27.25
      vertex 40.4473 52.2976 27.25
      vertex 39.5726 52.3994 27.25
    endloop
  endfacet
  facet normal 0 0 1
    outer loop
      vertex 39.4101 52.0794 27.25
      vertex 40.4473 52.2976 27.25
      vertex 39.5015 52.2325 27.25
    endloop
  endfacet
  facet normal 0 0 1
    outer loop
      vertex 40.4473 52.2976 27.25
      vertex 39.4101 52.0794 27.25
      vertex 40.7098 51.9043 27.25
    endloop
  endfacet
  facet normal -0 0 1
    outer loop
      vertex 39.2984 51.94 27.25
      vertex 40.7098 51.9043 27.25
      vertex 39.4101 52.0794 27.25
    endloop
  endfacet
  facet normal 0 0 1
    outer loop
      vertex 39.1664 51.8144 27.25
      vertex 40.7098 51.9043 27.25
      vertex 39.2984 51.94 27.25
    endloop
  endfacet
  facet normal 0 0 1
    outer loop
      vertex 40.7098 51.9043 27.25
      vertex 39.1664 51.8144 27.25
      vertex 41.0474 51.6233 27.25
    endloop
  endfacet
  facet normal -0 0 1
    outer loop
      vertex 39.0156 51.7041 27.25
      vertex 41.0474 51.6233 27.25
      vertex 39.1664 51.8144 27.25
    endloop
  endfacet
  facet normal 0 0 1
    outer loop
      vertex 38.8475 51.6107 27.25
      vertex 41.0474 51.6233 27.25
      vertex 39.0156 51.7041 27.25
    endloop
  endfacet
  facet normal 0 0 1
    outer loop
      vertex 38.6619 51.5343 27.25
      vertex 41.0474 51.6233 27.25
      vertex 38.8475 51.6107 27.25
    endloop
  endfacet
  facet normal 0 0 1
    outer loop
      vertex 41.0474 51.6233 27.25
      vertex 38.6619 51.5343 27.25
      vertex 41.46 51.4548 27.25
    endloop
  endfacet
  facet normal -0 0 1
    outer loop
      vertex 38.4591 51.4749 27.25
      vertex 41.46 51.4548 27.25
      vertex 38.6619 51.5343 27.25
    endloop
  endfacet
  facet normal 0 0 1
    outer loop
      vertex 38.2388 51.4325 27.25
      vertex 41.46 51.4548 27.25
      vertex 38.4591 51.4749 27.25
    endloop
  endfacet
  facet normal 0 0 1
    outer loop
      vertex 41.9477 51.3986 27.25
      vertex 38.2388 51.4325 27.25
      vertex 38.0012 51.4071 27.25
    endloop
  endfacet
  facet normal 0 0 1
    outer loop
      vertex 41.9477 51.3986 27.25
      vertex 38.0012 51.4071 27.25
      vertex 51.62 49.589 27.25
    endloop
  endfacet
  facet normal -0 0 1
    outer loop
      vertex 37.7462 51.3986 27.25
      vertex 51.62 49.589 27.25
      vertex 38.0012 51.4071 27.25
    endloop
  endfacet
  facet normal 0 0 1
    outer loop
      vertex 37.4931 51.407 27.25
      vertex 51.62 49.589 27.25
      vertex 37.7462 51.3986 27.25
    endloop
  endfacet
  facet normal 0 0 1
    outer loop
      vertex 32.9978 51.4745 27.25
      vertex 37.4931 51.407 27.25
      vertex 37.2569 51.4324 27.25
    endloop
  endfacet
  facet normal 0 0 1
    outer loop
      vertex 35.8307 53.1177 27.25
      vertex 32.9978 51.4745 27.25
      vertex 35.8247 52.9745 27.25
    endloop
  endfacet
  facet normal 0 0 1
    outer loop
      vertex 35.8247 52.9745 27.25
      vertex 32.9978 51.4745 27.25
      vertex 35.835 52.7676 27.25
    endloop
  endfacet
  facet normal 0 0 1
    outer loop
      vertex 35.835 52.7676 27.25
      vertex 32.9978 51.4745 27.25
      vertex 35.8658 52.5743 27.25
    endloop
  endfacet
  facet normal 0 0 1
    outer loop
      vertex 35.8658 52.5743 27.25
      vertex 32.9978 51.4745 27.25
      vertex 35.9171 52.3947 27.25
    endloop
  endfacet
  facet normal 0 0 1
    outer loop
      vertex 35.9171 52.3947 27.25
      vertex 32.9978 51.4745 27.25
      vertex 35.989 52.2287 27.25
    endloop
  endfacet
  facet normal 0 0 1
    outer loop
      vertex 35.989 52.2287 27.25
      vertex 32.9978 51.4745 27.25
      vertex 36.0814 52.0763 27.25
    endloop
  endfacet
  facet normal 0 0 1
    outer loop
      vertex 32.9978 51.4745 27.25
      vertex 36.1944 51.9376 27.25
      vertex 36.0814 52.0763 27.25
    endloop
  endfacet
  facet normal 0 0 1
    outer loop
      vertex 32.9978 51.4745 27.25
      vertex 36.3279 51.8125 27.25
      vertex 36.1944 51.9376 27.25
    endloop
  endfacet
  facet normal 0 0 1
    outer loop
      vertex 32.9978 51.4745 27.25
      vertex 36.48 51.7027 27.25
      vertex 36.3279 51.8125 27.25
    endloop
  endfacet
  facet normal 0 0 1
    outer loop
      vertex 32.9978 51.4745 27.25
      vertex 36.649 51.6097 27.25
      vertex 36.48 51.7027 27.25
    endloop
  endfacet
  facet normal 0 0 1
    outer loop
      vertex 32.9978 51.4745 27.25
      vertex 36.8348 51.5337 27.25
      vertex 36.649 51.6097 27.25
    endloop
  endfacet
  facet normal 0 0 1
    outer loop
      vertex 32.9978 51.4745 27.25
      vertex 37.0374 51.4746 27.25
      vertex 36.8348 51.5337 27.25
    endloop
  endfacet
  facet normal -0 0 1
    outer loop
      vertex 32.9978 51.4745 27.25
      vertex 37.2569 51.4324 27.25
      vertex 37.0374 51.4746 27.25
    endloop
  endfacet
  facet normal 0 0 1
    outer loop
      vertex 37.4931 51.407 27.25
      vertex 32.9978 51.4745 27.25
      vertex 51.62 49.589 27.25
    endloop
  endfacet
  facet normal -0 0 1
    outer loop
      vertex 31.8775 51.4745 27.25
      vertex 51.62 49.589 27.25
      vertex 32.9978 51.4745 27.25
    endloop
  endfacet
  facet normal -0 0 1
    outer loop
      vertex 31.3291 51.4745 27.25
      vertex 51.62 49.589 27.25
      vertex 31.8775 51.4745 27.25
    endloop
  endfacet
  facet normal -0 0 1
    outer loop
      vertex 30.0683 51.4745 27.25
      vertex 51.62 49.589 27.25
      vertex 31.3291 51.4745 27.25
    endloop
  endfacet
  facet normal 0 0 1
    outer loop
      vertex 27.5126 51.4745 27.25
      vertex 28.8265 53.5062 27.25
      vertex 27.5126 53.5062 27.25
    endloop
  endfacet
  facet normal 0 0 1
    outer loop
      vertex 28.8265 53.5062 27.25
      vertex 27.5126 51.4745 27.25
      vertex 30.0683 51.4745 27.25
    endloop
  endfacet
  facet normal -0 0 1
    outer loop
      vertex 27.5126 51.4745 27.25
      vertex 51.62 49.589 27.25
      vertex 30.0683 51.4745 27.25
    endloop
  endfacet
  facet normal 0 0 1
    outer loop
      vertex 8.02001 49.589 27.25
      vertex 27.5126 51.4745 27.25
      vertex 26.3923 51.4745 27.25
    endloop
  endfacet
  facet normal 0 0 1
    outer loop
      vertex 8.02001 49.589 27.25
      vertex 26.3923 51.4745 27.25
      vertex 25.7983 51.4745 27.25
    endloop
  endfacet
  facet normal 0 0 1
    outer loop
      vertex 8.02001 49.589 27.25
      vertex 25.7983 51.4745 27.25
      vertex 24.6895 51.4745 27.25
    endloop
  endfacet
  facet normal -0 0 1
    outer loop
      vertex 22.1755 52.8416 27.25
      vertex 24.6895 51.4745 27.25
      vertex 24.2148 52.8416 27.25
    endloop
  endfacet
  facet normal 0 0 1
    outer loop
      vertex 21.7008 51.4745 27.25
      vertex 24.6895 51.4745 27.25
      vertex 22.1755 52.8416 27.25
    endloop
  endfacet
  facet normal 0 0 1
    outer loop
      vertex 8.02001 49.589 27.25
      vertex 24.6895 51.4745 27.25
      vertex 21.7008 51.4745 27.25
    endloop
  endfacet
  facet normal 0 0 1
    outer loop
      vertex 8.02001 49.589 27.25
      vertex 21.7008 51.4745 27.25
      vertex 20.5805 51.4745 27.25
    endloop
  endfacet
  facet normal 0 0 1
    outer loop
      vertex 19.2464 51.4745 27.25
      vertex 20.5805 51.4745 27.25
      vertex 19.2464 55.9594 27.25
    endloop
  endfacet
  facet normal 0 0 1
    outer loop
      vertex 8.02001 49.589 27.25
      vertex 20.5805 51.4745 27.25
      vertex 19.2464 51.4745 27.25
    endloop
  endfacet
  facet normal 0 0 1
    outer loop
      vertex 8.02001 49.589 27.25
      vertex 19.2464 51.4745 27.25
      vertex 18.1262 51.4745 27.25
    endloop
  endfacet
  facet normal 0 0 1
    outer loop
      vertex 8.02001 49.589 27.25
      vertex 18.1262 51.4745 27.25
      vertex 16.8009 51.4745 27.25
    endloop
  endfacet
  facet normal 0 0 1
    outer loop
      vertex 8.02001 49.589 27.25
      vertex 16.8009 51.4745 27.25
      vertex 15.6921 51.4745 27.25
    endloop
  endfacet
  facet normal -0 0 1
    outer loop
      vertex 13.1781 52.8416 27.25
      vertex 15.6921 51.4745 27.25
      vertex 15.2174 52.8416 27.25
    endloop
  endfacet
  facet normal 0 0 1
    outer loop
      vertex 12.7034 51.4745 27.25
      vertex 15.6921 51.4745 27.25
      vertex 13.1781 52.8416 27.25
    endloop
  endfacet
  facet normal 0 0 1
    outer loop
      vertex 8.02001 49.589 27.25
      vertex 15.6921 51.4745 27.25
      vertex 12.7034 51.4745 27.25
    endloop
  endfacet
  facet normal 0 0 1
    outer loop
      vertex 8.02001 49.589 27.25
      vertex 12.7034 51.4745 27.25
      vertex 11.5831 51.4745 27.25
    endloop
  endfacet
  facet normal 0 0 1
    outer loop
      vertex 27.5126 51.4745 27.25
      vertex 8.02001 49.589 27.25
      vertex 51.62 49.589 27.25
    endloop
  endfacet
  facet normal 0 0 1
    outer loop
      vertex 13.5351 56.8252 27.25
      vertex 6.82001 57.389 27.25
      vertex 11.5831 51.4745 27.25
    endloop
  endfacet
  facet normal 0 0 1
    outer loop
      vertex 6.82001 57.389 27.25
      vertex 8.02001 58.589 27.25
      vertex 7.86338 58.5787 27.25
    endloop
  endfacet
  facet normal 0 0 1
    outer loop
      vertex 6.82001 50.789 27.25
      vertex 11.5831 51.4745 27.25
      vertex 6.82001 57.389 27.25
    endloop
  endfacet
  facet normal 0 0 1
    outer loop
      vertex 6.82001 57.389 27.25
      vertex 7.86338 58.5787 27.25
      vertex 7.70943 58.5481 27.25
    endloop
  endfacet
  facet normal 0 0 1
    outer loop
      vertex 11.5831 51.4745 27.25
      vertex 6.82001 50.789 27.25
      vertex 8.02001 49.589 27.25
    endloop
  endfacet
  facet normal 0 0 1
    outer loop
      vertex 6.82001 57.389 27.25
      vertex 7.70943 58.5481 27.25
      vertex 7.5608 58.4976 27.25
    endloop
  endfacet
  facet normal 0 0 1
    outer loop
      vertex 8.02001 49.589 27.25
      vertex 6.82001 50.789 27.25
      vertex 7.86338 49.5993 27.25
    endloop
  endfacet
  facet normal 0 0 1
    outer loop
      vertex 6.82001 57.389 27.25
      vertex 7.5608 58.4976 27.25
      vertex 7.42001 58.4282 27.25
    endloop
  endfacet
  facet normal 0 0 1
    outer loop
      vertex 7.86338 49.5993 27.25
      vertex 6.82001 50.789 27.25
      vertex 7.70943 49.6299 27.25
    endloop
  endfacet
  facet normal 0 0 1
    outer loop
      vertex 6.82001 57.389 27.25
      vertex 7.42001 58.4282 27.25
      vertex 7.2895 58.341 27.25
    endloop
  endfacet
  facet normal 0 0 1
    outer loop
      vertex 7.70943 49.6299 27.25
      vertex 6.82001 50.789 27.25
      vertex 7.5608 49.6804 27.25
    endloop
  endfacet
  facet normal 0 0 1
    outer loop
      vertex 6.82001 57.389 27.25
      vertex 7.2895 58.341 27.25
      vertex 7.17149 58.2375 27.25
    endloop
  endfacet
  facet normal 0 0 1
    outer loop
      vertex 7.5608 49.6804 27.25
      vertex 6.82001 50.789 27.25
      vertex 7.42001 49.7498 27.25
    endloop
  endfacet
  facet normal 0 0 1
    outer loop
      vertex 6.82001 57.389 27.25
      vertex 7.17149 58.2375 27.25
      vertex 7.06799 58.1195 27.25
    endloop
  endfacet
  facet normal 0 0 1
    outer loop
      vertex 7.42001 49.7498 27.25
      vertex 6.82001 50.789 27.25
      vertex 7.2895 49.837 27.25
    endloop
  endfacet
  facet normal 0 0 1
    outer loop
      vertex 6.82001 57.389 27.25
      vertex 7.06799 58.1195 27.25
      vertex 6.98078 57.989 27.25
    endloop
  endfacet
  facet normal 0 0 1
    outer loop
      vertex 7.2895 49.837 27.25
      vertex 6.82001 50.789 27.25
      vertex 7.17149 49.9405 27.25
    endloop
  endfacet
  facet normal 0 0 1
    outer loop
      vertex 6.82001 57.389 27.25
      vertex 6.98078 57.989 27.25
      vertex 6.91135 57.8482 27.25
    endloop
  endfacet
  facet normal 0 0 1
    outer loop
      vertex 7.17149 49.9405 27.25
      vertex 6.82001 50.789 27.25
      vertex 7.06799 50.0585 27.25
    endloop
  endfacet
  facet normal 0 0 1
    outer loop
      vertex 6.82001 57.389 27.25
      vertex 6.91135 57.8482 27.25
      vertex 6.86091 57.6996 27.25
    endloop
  endfacet
  facet normal 0 0 1
    outer loop
      vertex 7.06799 50.0585 27.25
      vertex 6.82001 50.789 27.25
      vertex 6.98078 50.189 27.25
    endloop
  endfacet
  facet normal 0 0 1
    outer loop
      vertex 6.82001 57.389 27.25
      vertex 6.86091 57.6996 27.25
      vertex 6.83028 57.5456 27.25
    endloop
  endfacet
  facet normal 0 0 1
    outer loop
      vertex 6.98078 50.189 27.25
      vertex 6.82001 50.789 27.25
      vertex 6.91135 50.3298 27.25
    endloop
  endfacet
  facet normal 0 0 1
    outer loop
      vertex 6.91135 50.3298 27.25
      vertex 6.82001 50.789 27.25
      vertex 6.86091 50.4784 27.25
    endloop
  endfacet
  facet normal 0 0 1
    outer loop
      vertex 6.86091 50.4784 27.25
      vertex 6.82001 50.789 27.25
      vertex 6.83028 50.6324 27.25
    endloop
  endfacet
  facet normal 0 0 1
    outer loop
      vertex 40.1754 55.1344 27.25
      vertex 39.5257 55.3582 27.25
      vertex 39.5095 55.24 27.25
    endloop
  endfacet
  facet normal 0 0 1
    outer loop
      vertex 40.1754 55.1344 27.25
      vertex 39.5095 55.24 27.25
      vertex 39.4826 55.1261 27.25
    endloop
  endfacet
  facet normal 0 0 1
    outer loop
      vertex 40.1466 54.9104 27.25
      vertex 39.4826 55.1261 27.25
      vertex 39.4449 55.0165 27.25
    endloop
  endfacet
  facet normal 0 0 1
    outer loop
      vertex 40.1097 54.1517 27.25
      vertex 39.5138 53.6472 27.25
      vertex 39.5678 53.5302 27.25
    endloop
  endfacet
  facet normal 0 0 1
    outer loop
      vertex 40.1261 54.6719 27.25
      vertex 39.4449 55.0165 27.25
      vertex 39.3964 54.9112 27.25
    endloop
  endfacet
  facet normal 0 0 1
    outer loop
      vertex 40.1261 54.6719 27.25
      vertex 39.3964 54.9112 27.25
      vertex 39.3372 54.8103 27.25
    endloop
  endfacet
  facet normal 0 0 1
    outer loop
      vertex 40.1097 54.1517 27.25
      vertex 39.4477 53.7563 27.25
      vertex 39.5138 53.6472 27.25
    endloop
  endfacet
  facet normal 0 0 1
    outer loop
      vertex 40.1138 54.419 27.25
      vertex 39.3372 54.8103 27.25
      vertex 39.2671 54.7138 27.25
    endloop
  endfacet
  facet normal 0 0 1
    outer loop
      vertex 40.1097 54.1517 27.25
      vertex 39.3696 53.8574 27.25
      vertex 39.4477 53.7563 27.25
    endloop
  endfacet
  facet normal 0 0 1
    outer loop
      vertex 40.1138 54.419 27.25
      vertex 39.2671 54.7138 27.25
      vertex 39.281 53.9493 27.25
    endloop
  endfacet
  facet normal 0 0 1
    outer loop
      vertex 40.1097 54.1517 27.25
      vertex 39.281 53.9493 27.25
      vertex 39.3696 53.8574 27.25
    endloop
  endfacet
  facet normal -0 0 1
    outer loop
      vertex 39.188 54.6243 27.25
      vertex 39.281 53.9493 27.25
      vertex 39.2671 54.7138 27.25
    endloop
  endfacet
  facet normal 0 0 1
    outer loop
      vertex 39.188 54.6243 27.25
      vertex 39.1833 54.0307 27.25
      vertex 39.281 53.9493 27.25
    endloop
  endfacet
  facet normal -0 0 1
    outer loop
      vertex 39.1016 54.5448 27.25
      vertex 39.1833 54.0307 27.25
      vertex 39.188 54.6243 27.25
    endloop
  endfacet
  facet normal 0 0 1
    outer loop
      vertex 39.1016 54.5448 27.25
      vertex 39.0766 54.1017 27.25
      vertex 39.1833 54.0307 27.25
    endloop
  endfacet
  facet normal -0 0 1
    outer loop
      vertex 39.0078 54.4752 27.25
      vertex 39.0766 54.1017 27.25
      vertex 39.1016 54.5448 27.25
    endloop
  endfacet
  facet normal 0 0 1
    outer loop
      vertex 39.0078 54.4752 27.25
      vertex 38.9607 54.1622 27.25
      vertex 39.0766 54.1017 27.25
    endloop
  endfacet
  facet normal -0 0 1
    outer loop
      vertex 38.9066 54.4155 27.25
      vertex 38.9607 54.1622 27.25
      vertex 39.0078 54.4752 27.25
    endloop
  endfacet
  facet normal 0 0 1
    outer loop
      vertex 38.9066 54.4155 27.25
      vertex 38.8359 54.2122 27.25
      vertex 38.9607 54.1622 27.25
    endloop
  endfacet
  facet normal -0 0 1
    outer loop
      vertex 38.7981 54.3658 27.25
      vertex 38.8359 54.2122 27.25
      vertex 38.9066 54.4155 27.25
    endloop
  endfacet
  facet normal 0 0 1
    outer loop
      vertex 38.7981 54.3658 27.25
      vertex 38.7019 54.2517 27.25
      vertex 38.8359 54.2122 27.25
    endloop
  endfacet
  facet normal -0 0 1
    outer loop
      vertex 38.6822 54.326 27.25
      vertex 38.7019 54.2517 27.25
      vertex 38.7981 54.3658 27.25
    endloop
  endfacet
  facet normal 0 0 1
    outer loop
      vertex 38.5589 54.2808 27.25
      vertex 38.6822 54.326 27.25
      vertex 38.5589 54.296 27.25
    endloop
  endfacet
  facet normal 0 0 1
    outer loop
      vertex 38.6822 54.326 27.25
      vertex 38.5589 54.2808 27.25
      vertex 38.7019 54.2517 27.25
    endloop
  endfacet
  facet normal 0 0 1
    outer loop
      vertex 36.7943 54.3204 27.25
      vertex 36.9146 54.2733 27.25
      vertex 36.9146 54.2884 27.25
    endloop
  endfacet
  facet normal 0 0 1
    outer loop
      vertex 36.7943 54.3204 27.25
      vertex 36.7765 54.2439 27.25
      vertex 36.9146 54.2733 27.25
    endloop
  endfacet
  facet normal 0 0 1
    outer loop
      vertex 36.6808 54.3622 27.25
      vertex 36.7765 54.2439 27.25
      vertex 36.7943 54.3204 27.25
    endloop
  endfacet
  facet normal 0 0 1
    outer loop
      vertex 36.6808 54.3622 27.25
      vertex 36.6467 54.2037 27.25
      vertex 36.7765 54.2439 27.25
    endloop
  endfacet
  facet normal 0 0 1
    outer loop
      vertex 36.5742 54.4137 27.25
      vertex 36.6467 54.2037 27.25
      vertex 36.6808 54.3622 27.25
    endloop
  endfacet
  facet normal 0 0 1
    outer loop
      vertex 36.5742 54.4137 27.25
      vertex 36.5251 54.1525 27.25
      vertex 36.6467 54.2037 27.25
    endloop
  endfacet
  facet normal 0 0 1
    outer loop
      vertex 36.4743 54.475 27.25
      vertex 36.5251 54.1525 27.25
      vertex 36.5742 54.4137 27.25
    endloop
  endfacet
  facet normal 0 0 1
    outer loop
      vertex 36.4743 54.475 27.25
      vertex 36.4118 54.0903 27.25
      vertex 36.5251 54.1525 27.25
    endloop
  endfacet
  facet normal 0 0 1
    outer loop
      vertex 36.3813 54.5461 27.25
      vertex 36.4118 54.0903 27.25
      vertex 36.4743 54.475 27.25
    endloop
  endfacet
  facet normal 0 0 1
    outer loop
      vertex 36.3813 54.5461 27.25
      vertex 36.3066 54.0173 27.25
      vertex 36.4118 54.0903 27.25
    endloop
  endfacet
  facet normal 0 0 1
    outer loop
      vertex 36.2952 54.6269 27.25
      vertex 36.3066 54.0173 27.25
      vertex 36.3813 54.5461 27.25
    endloop
  endfacet
  facet normal 0 0 1
    outer loop
      vertex 36.2096 53.9333 27.25
      vertex 36.2952 54.6269 27.25
      vertex 36.2158 54.7175 27.25
    endloop
  endfacet
  facet normal 0 0 1
    outer loop
      vertex 36.2952 54.6269 27.25
      vertex 36.2096 53.9333 27.25
      vertex 36.3066 54.0173 27.25
    endloop
  endfacet
  facet normal 0 0 1
    outer loop
      vertex 36.1209 53.8384 27.25
      vertex 36.2158 54.7175 27.25
      vertex 36.1453 54.8151 27.25
    endloop
  endfacet
  facet normal 0 0 1
    outer loop
      vertex 36.2158 54.7175 27.25
      vertex 36.1209 53.8384 27.25
      vertex 36.2096 53.9333 27.25
    endloop
  endfacet
  facet normal 0 0 1
    outer loop
      vertex 36.0423 53.7348 27.25
      vertex 36.1453 54.8151 27.25
      vertex 36.0856 54.9169 27.25
    endloop
  endfacet
  facet normal 0 0 1
    outer loop
      vertex 36.1453 54.8151 27.25
      vertex 36.0423 53.7348 27.25
      vertex 36.1209 53.8384 27.25
    endloop
  endfacet
  facet normal 0 0 1
    outer loop
      vertex 35.9758 53.6246 27.25
      vertex 36.0856 54.9169 27.25
      vertex 36.0368 55.0228 27.25
    endloop
  endfacet
  facet normal 0 0 1
    outer loop
      vertex 35.9214 53.5077 27.25
      vertex 36.0368 55.0228 27.25
      vertex 35.9988 55.1329 27.25
    endloop
  endfacet
  facet normal 0 0 1
    outer loop
      vertex 36.0856 54.9169 27.25
      vertex 35.9758 53.6246 27.25
      vertex 36.0423 53.7348 27.25
    endloop
  endfacet
  facet normal 0 0 1
    outer loop
      vertex 35.9214 53.5077 27.25
      vertex 35.9988 55.1329 27.25
      vertex 35.9717 55.2473 27.25
    endloop
  endfacet
  facet normal 0 0 1
    outer loop
      vertex 35.8791 53.3843 27.25
      vertex 35.9717 55.2473 27.25
      vertex 35.9555 55.3658 27.25
    endloop
  endfacet
  facet normal 0 0 1
    outer loop
      vertex 32.9978 56.8252 27.25
      vertex 35.9555 55.3658 27.25
      vertex 35.95 55.4885 27.25
    endloop
  endfacet
  facet normal 0 0 1
    outer loop
      vertex 36.0368 55.0228 27.25
      vertex 35.9214 53.5077 27.25
      vertex 35.9758 53.6246 27.25
    endloop
  endfacet
  facet normal 0 0 1
    outer loop
      vertex 31.0372 54.9216 27.25
      vertex 31.8775 56.8252 27.25
      vertex 31.0568 55.0728 27.25
    endloop
  endfacet
  facet normal -0 0 1
    outer loop
      vertex 31.0047 54.7767 27.25
      vertex 31.8775 51.4745 27.25
      vertex 31.0372 54.9216 27.25
    endloop
  endfacet
  facet normal -0 0 1
    outer loop
      vertex 30.9591 54.6381 27.25
      vertex 31.8775 51.4745 27.25
      vertex 31.0047 54.7767 27.25
    endloop
  endfacet
  facet normal -0 0 1
    outer loop
      vertex 30.9005 54.5058 27.25
      vertex 31.8775 51.4745 27.25
      vertex 30.9591 54.6381 27.25
    endloop
  endfacet
  facet normal -0 0 1
    outer loop
      vertex 30.8289 54.3797 27.25
      vertex 31.8775 51.4745 27.25
      vertex 30.9005 54.5058 27.25
    endloop
  endfacet
  facet normal -0 0 1
    outer loop
      vertex 30.7442 54.2599 27.25
      vertex 31.8775 51.4745 27.25
      vertex 30.8289 54.3797 27.25
    endloop
  endfacet
  facet normal -0 0 1
    outer loop
      vertex 30.6485 54.149 27.25
      vertex 31.8775 51.4745 27.25
      vertex 30.7442 54.2599 27.25
    endloop
  endfacet
  facet normal -0 0 1
    outer loop
      vertex 30.5437 54.0495 27.25
      vertex 31.8775 51.4745 27.25
      vertex 30.6485 54.149 27.25
    endloop
  endfacet
  facet normal 0 0 1
    outer loop
      vertex 31.8775 51.4745 27.25
      vertex 30.5437 54.0495 27.25
      vertex 31.3291 51.4745 27.25
    endloop
  endfacet
  facet normal -0 0 1
    outer loop
      vertex 30.4297 53.9613 27.25
      vertex 31.3291 51.4745 27.25
      vertex 30.5437 54.0495 27.25
    endloop
  endfacet
  facet normal -0 0 1
    outer loop
      vertex 30.3065 53.8846 27.25
      vertex 31.3291 51.4745 27.25
      vertex 30.4297 53.9613 27.25
    endloop
  endfacet
  facet normal -0 0 1
    outer loop
      vertex 30.1742 53.8192 27.25
      vertex 31.3291 51.4745 27.25
      vertex 30.3065 53.8846 27.25
    endloop
  endfacet
  facet normal -0 0 1
    outer loop
      vertex 30.0328 53.7652 27.25
      vertex 31.3291 51.4745 27.25
      vertex 30.1742 53.8192 27.25
    endloop
  endfacet
  facet normal 0 0 1
    outer loop
      vertex 31.3291 51.4745 27.25
      vertex 30.0328 53.7652 27.25
      vertex 29.8822 53.7226 27.25
    endloop
  endfacet
  facet normal 0 0 1
    outer loop
      vertex 20.9781 55.9594 27.25
      vertex 22.5325 56.8252 27.25
      vertex 20.9781 56.8252 27.25
    endloop
  endfacet
  facet normal -0 0 1
    outer loop
      vertex 20.9781 55.9594 27.25
      vertex 20.5805 51.4745 27.25
      vertex 22.5325 56.8252 27.25
    endloop
  endfacet
  facet normal 0 -0 1
    outer loop
      vertex 20.5805 51.4745 27.25
      vertex 20.9781 55.9594 27.25
      vertex 19.2464 55.9594 27.25
    endloop
  endfacet
  facet normal -0 0 1
    outer loop
      vertex 14.1731 55.9176 27.25
      vertex 14.2756 55.7391 27.25
      vertex 14.1958 56.0011 27.25
    endloop
  endfacet
  facet normal -0 0 1
    outer loop
      vertex 14.1619 55.8777 27.25
      vertex 14.2756 55.7391 27.25
      vertex 14.1731 55.9176 27.25
    endloop
  endfacet
  facet normal -0 0 1
    outer loop
      vertex 14.1501 55.8363 27.25
      vertex 14.2756 55.7391 27.25
      vertex 14.1619 55.8777 27.25
    endloop
  endfacet
  facet normal -0 0 1
    outer loop
      vertex 14.1377 55.7934 27.25
      vertex 14.2756 55.7391 27.25
      vertex 14.1501 55.8363 27.25
    endloop
  endfacet
  facet normal -0 0 1
    outer loop
      vertex 14.1247 55.7489 27.25
      vertex 14.2756 55.7391 27.25
      vertex 14.1377 55.7934 27.25
    endloop
  endfacet
  facet normal 0 0 1
    outer loop
      vertex 14.111 55.7029 27.25
      vertex 14.2756 55.7391 27.25
      vertex 14.1247 55.7489 27.25
    endloop
  endfacet
  facet normal 0 0 1
    outer loop
      vertex 14.0968 55.6553 27.25
      vertex 14.2756 55.7391 27.25
      vertex 14.111 55.7029 27.25
    endloop
  endfacet
  facet normal 0 0 1
    outer loop
      vertex 14.0819 55.6062 27.25
      vertex 14.2756 55.7391 27.25
      vertex 14.0968 55.6553 27.25
    endloop
  endfacet
  facet normal 0 0 1
    outer loop
      vertex 14.0555 55.5242 27.25
      vertex 14.2756 55.7391 27.25
      vertex 14.0819 55.6062 27.25
    endloop
  endfacet
  facet normal 0 0 1
    outer loop
      vertex 14.2756 55.7391 27.25
      vertex 14.0555 55.5242 27.25
      vertex 14.4388 55.2226 27.25
    endloop
  endfacet
  facet normal -0 0 1
    outer loop
      vertex 14.0069 55.378 27.25
      vertex 14.4388 55.2226 27.25
      vertex 14.0555 55.5242 27.25
    endloop
  endfacet
  facet normal 0 0 1
    outer loop
      vertex 13.9359 55.1677 27.25
      vertex 14.4388 55.2226 27.25
      vertex 14.0069 55.378 27.25
    endloop
  endfacet
  facet normal 0 0 1
    outer loop
      vertex 13.8426 54.8932 27.25
      vertex 14.4388 55.2226 27.25
      vertex 13.9359 55.1677 27.25
    endloop
  endfacet
  facet normal 0 0 1
    outer loop
      vertex 13.727 54.5545 27.25
      vertex 14.4388 55.2226 27.25
      vertex 13.8426 54.8932 27.25
    endloop
  endfacet
  facet normal 0 0 1
    outer loop
      vertex 14.4388 55.2226 27.25
      vertex 13.727 54.5545 27.25
      vertex 14.9667 53.6847 27.25
    endloop
  endfacet
  facet normal -0 0 1
    outer loop
      vertex 13.589 54.1517 27.25
      vertex 14.9667 53.6847 27.25
      vertex 13.727 54.5545 27.25
    endloop
  endfacet
  facet normal 0 0 1
    outer loop
      vertex 14.9667 53.6847 27.25
      vertex 13.589 54.1517 27.25
      vertex 13.4287 53.6847 27.25
    endloop
  endfacet
  facet normal -0 0 1
    outer loop
      vertex 23.1705 55.9176 27.25
      vertex 23.273 55.7391 27.25
      vertex 23.1932 56.0011 27.25
    endloop
  endfacet
  facet normal -0 0 1
    outer loop
      vertex 23.1593 55.8777 27.25
      vertex 23.273 55.7391 27.25
      vertex 23.1705 55.9176 27.25
    endloop
  endfacet
  facet normal -0 0 1
    outer loop
      vertex 23.1475 55.8363 27.25
      vertex 23.273 55.7391 27.25
      vertex 23.1593 55.8777 27.25
    endloop
  endfacet
  facet normal -0 0 1
    outer loop
      vertex 23.1351 55.7934 27.25
      vertex 23.273 55.7391 27.25
      vertex 23.1475 55.8363 27.25
    endloop
  endfacet
  facet normal -0 0 1
    outer loop
      vertex 23.1221 55.7489 27.25
      vertex 23.273 55.7391 27.25
      vertex 23.1351 55.7934 27.25
    endloop
  endfacet
  facet normal 0 0 1
    outer loop
      vertex 23.1084 55.7029 27.25
      vertex 23.273 55.7391 27.25
      vertex 23.1221 55.7489 27.25
    endloop
  endfacet
  facet normal 0 0 1
    outer loop
      vertex 23.0942 55.6553 27.25
      vertex 23.273 55.7391 27.25
      vertex 23.1084 55.7029 27.25
    endloop
  endfacet
  facet normal 0 0 1
    outer loop
      vertex 23.0793 55.6062 27.25
      vertex 23.273 55.7391 27.25
      vertex 23.0942 55.6553 27.25
    endloop
  endfacet
  facet normal 0 0 1
    outer loop
      vertex 23.053 55.5242 27.25
      vertex 23.273 55.7391 27.25
      vertex 23.0793 55.6062 27.25
    endloop
  endfacet
  facet normal 0 0 1
    outer loop
      vertex 23.273 55.7391 27.25
      vertex 23.053 55.5242 27.25
      vertex 23.4362 55.2226 27.25
    endloop
  endfacet
  facet normal -0 0 1
    outer loop
      vertex 23.0043 55.378 27.25
      vertex 23.4362 55.2226 27.25
      vertex 23.053 55.5242 27.25
    endloop
  endfacet
  facet normal 0 0 1
    outer loop
      vertex 22.9333 55.1677 27.25
      vertex 23.4362 55.2226 27.25
      vertex 23.0043 55.378 27.25
    endloop
  endfacet
  facet normal 0 0 1
    outer loop
      vertex 22.84 54.8932 27.25
      vertex 23.4362 55.2226 27.25
      vertex 22.9333 55.1677 27.25
    endloop
  endfacet
  facet normal 0 0 1
    outer loop
      vertex 22.7244 54.5545 27.25
      vertex 23.4362 55.2226 27.25
      vertex 22.84 54.8932 27.25
    endloop
  endfacet
  facet normal 0 0 1
    outer loop
      vertex 23.4362 55.2226 27.25
      vertex 22.7244 54.5545 27.25
      vertex 23.9641 53.6847 27.25
    endloop
  endfacet
  facet normal -0 0 1
    outer loop
      vertex 22.5864 54.1517 27.25
      vertex 23.9641 53.6847 27.25
      vertex 22.7244 54.5545 27.25
    endloop
  endfacet
  facet normal 0 0 1
    outer loop
      vertex 23.9641 53.6847 27.25
      vertex 22.5864 54.1517 27.25
      vertex 22.4261 53.6847 27.25
    endloop
  endfacet
  facet normal 0 0 1
    outer loop
      vertex 29.3402 54.4149 27.25
      vertex 29.9304 55.0786 27.25
      vertex 29.9354 55.1847 27.25
    endloop
  endfacet
  facet normal 0 0 1
    outer loop
      vertex 29.4316 55.8926 27.25
      vertex 29.9354 55.1847 27.25
      vertex 29.9152 55.3892 27.25
    endloop
  endfacet
  facet normal 0 0 1
    outer loop
      vertex 29.3402 54.4149 27.25
      vertex 29.9354 55.1847 27.25
      vertex 29.4316 55.8926 27.25
    endloop
  endfacet
  facet normal 0 0 1
    outer loop
      vertex 29.9304 55.0786 27.25
      vertex 29.4422 54.4452 27.25
      vertex 29.9155 54.9794 27.25
    endloop
  endfacet
  facet normal 0 0 1
    outer loop
      vertex 29.613 55.814 27.25
      vertex 29.9152 55.3892 27.25
      vertex 29.8548 55.5622 27.25
    endloop
  endfacet
  facet normal 0 -0 1
    outer loop
      vertex 29.5349 54.4843 27.25
      vertex 29.9155 54.9794 27.25
      vertex 29.4422 54.4452 27.25
    endloop
  endfacet
  facet normal 0 0 1
    outer loop
      vertex 29.9155 54.9794 27.25
      vertex 29.5349 54.4843 27.25
      vertex 29.8907 54.8873 27.25
    endloop
  endfacet
  facet normal 0 0 1
    outer loop
      vertex 29.613 55.814 27.25
      vertex 29.8548 55.5622 27.25
      vertex 29.7541 55.7038 27.25
    endloop
  endfacet
  facet normal 0 0 1
    outer loop
      vertex 29.9152 55.3892 27.25
      vertex 29.613 55.814 27.25
      vertex 29.4316 55.8926 27.25
    endloop
  endfacet
  facet normal 0 0 1
    outer loop
      vertex 29.856 54.8021 27.25
      vertex 29.5349 54.4843 27.25
      vertex 29.8114 54.7239 27.25
    endloop
  endfacet
  facet normal 0 0 1
    outer loop
      vertex 29.8114 54.7239 27.25
      vertex 29.5349 54.4843 27.25
      vertex 29.7568 54.6527 27.25
    endloop
  endfacet
  facet normal 0 0 1
    outer loop
      vertex 29.7568 54.6527 27.25
      vertex 29.6183 54.532 27.25
      vertex 29.6924 54.5884 27.25
    endloop
  endfacet
  facet normal 0 0 1
    outer loop
      vertex 29.7568 54.6527 27.25
      vertex 29.5349 54.4843 27.25
      vertex 29.6183 54.532 27.25
    endloop
  endfacet
  facet normal 0 0 1
    outer loop
      vertex 29.8907 54.8873 27.25
      vertex 29.5349 54.4843 27.25
      vertex 29.856 54.8021 27.25
    endloop
  endfacet
  facet normal 0 0 1
    outer loop
      vertex 29.9304 55.0786 27.25
      vertex 29.3402 54.4149 27.25
      vertex 29.4422 54.4452 27.25
    endloop
  endfacet
  facet normal 0 0 1
    outer loop
      vertex 29.21 55.9398 27.25
      vertex 29.3402 54.4149 27.25
      vertex 29.4316 55.8926 27.25
    endloop
  endfacet
  facet normal 0 0 1
    outer loop
      vertex 29.3402 54.4149 27.25
      vertex 29.21 55.9398 27.25
      vertex 29.2289 54.3932 27.25
    endloop
  endfacet
  facet normal 0 0 1
    outer loop
      vertex 29.21 55.9398 27.25
      vertex 29.1083 54.3801 27.25
      vertex 29.2289 54.3932 27.25
    endloop
  endfacet
  facet normal 0 0 1
    outer loop
      vertex 28.9481 55.9556 27.25
      vertex 29.1083 54.3801 27.25
      vertex 29.21 55.9398 27.25
    endloop
  endfacet
  facet normal 0 0 1
    outer loop
      vertex 29.1083 54.3801 27.25
      vertex 28.9481 55.9556 27.25
      vertex 28.9785 54.3758 27.25
    endloop
  endfacet
  facet normal 0 0 1
    outer loop
      vertex 27.5126 54.3758 27.25
      vertex 28.9481 55.9556 27.25
      vertex 27.5126 55.9556 27.25
    endloop
  endfacet
  facet normal 0 0 1
    outer loop
      vertex 28.9481 55.9556 27.25
      vertex 27.5126 54.3758 27.25
      vertex 28.9785 54.3758 27.25
    endloop
  endfacet
  facet normal -0 0 1
    outer loop
      vertex 36.9222 53.0543 27.25
      vertex 38.5549 52.9361 27.25
      vertex 38.5589 53.0694 27.25
    endloop
  endfacet
  facet normal 0 0 1
    outer loop
      vertex 37.7234 53.9087 27.25
      vertex 38.5589 53.0694 27.25
      vertex 38.5418 53.2921 27.25
    endloop
  endfacet
  facet normal 0 0 1
    outer loop
      vertex 38.5549 52.9361 27.25
      vertex 36.9222 53.0543 27.25
      vertex 36.9264 52.9249 27.25
    endloop
  endfacet
  facet normal 0 0 1
    outer loop
      vertex 38.5549 52.9361 27.25
      vertex 37.7538 52.1505 27.25
      vertex 38.5429 52.8137 27.25
    endloop
  endfacet
  facet normal 0 0 1
    outer loop
      vertex 37.9451 53.8916 27.25
      vertex 38.5418 53.2921 27.25
      vertex 38.4907 53.4805 27.25
    endloop
  endfacet
  facet normal 0 -0 1
    outer loop
      vertex 37.7538 52.1505 27.25
      vertex 38.5549 52.9361 27.25
      vertex 36.9264 52.9249 27.25
    endloop
  endfacet
  facet normal 0 0 1
    outer loop
      vertex 38.5429 52.8137 27.25
      vertex 37.8676 52.1549 27.25
      vertex 38.523 52.7023 27.25
    endloop
  endfacet
  facet normal 0 0 1
    outer loop
      vertex 38.1326 53.8402 27.25
      vertex 38.4907 53.4805 27.25
      vertex 38.4054 53.6347 27.25
    endloop
  endfacet
  facet normal 0 -0 1
    outer loop
      vertex 37.8676 52.1549 27.25
      vertex 38.5429 52.8137 27.25
      vertex 37.7538 52.1505 27.25
    endloop
  endfacet
  facet normal 0 0 1
    outer loop
      vertex 38.495 52.602 27.25
      vertex 38.0685 52.1902 27.25
      vertex 38.4591 52.5126 27.25
    endloop
  endfacet
  facet normal 0 0 1
    outer loop
      vertex 38.1326 53.8402 27.25
      vertex 38.4054 53.6347 27.25
      vertex 38.2861 53.7546 27.25
    endloop
  endfacet
  facet normal 0 -0 1
    outer loop
      vertex 38.1556 52.2212 27.25
      vertex 38.4591 52.5126 27.25
      vertex 38.0685 52.1902 27.25
    endloop
  endfacet
  facet normal 0 0 1
    outer loop
      vertex 38.4152 52.4343 27.25
      vertex 38.1556 52.2212 27.25
      vertex 38.3633 52.3669 27.25
    endloop
  endfacet
  facet normal 0 0 1
    outer loop
      vertex 38.4907 53.4805 27.25
      vertex 38.1326 53.8402 27.25
      vertex 37.9451 53.8916 27.25
    endloop
  endfacet
  facet normal 0 0 1
    outer loop
      vertex 38.303 52.3095 27.25
      vertex 38.1556 52.2212 27.25
      vertex 38.2337 52.2609 27.25
    endloop
  endfacet
  facet normal 0 0 1
    outer loop
      vertex 38.3633 52.3669 27.25
      vertex 38.1556 52.2212 27.25
      vertex 38.303 52.3095 27.25
    endloop
  endfacet
  facet normal 0 0 1
    outer loop
      vertex 38.5418 53.2921 27.25
      vertex 37.9451 53.8916 27.25
      vertex 37.7234 53.9087 27.25
    endloop
  endfacet
  facet normal 0 0 1
    outer loop
      vertex 38.4591 52.5126 27.25
      vertex 38.1556 52.2212 27.25
      vertex 38.4152 52.4343 27.25
    endloop
  endfacet
  facet normal 0 -0 1
    outer loop
      vertex 37.9725 52.1681 27.25
      vertex 38.523 52.7023 27.25
      vertex 37.8676 52.1549 27.25
    endloop
  endfacet
  facet normal -0 0 1
    outer loop
      vertex 36.9264 53.1686 27.25
      vertex 38.5589 53.0694 27.25
      vertex 37.7234 53.9087 27.25
    endloop
  endfacet
  facet normal 0 -0 1
    outer loop
      vertex 38.0685 52.1902 27.25
      vertex 38.495 52.602 27.25
      vertex 37.9725 52.1681 27.25
    endloop
  endfacet
  facet normal 0 0 1
    outer loop
      vertex 36.9264 53.1686 27.25
      vertex 37.7234 53.9087 27.25
      vertex 37.6164 53.9042 27.25
    endloop
  endfacet
  facet normal 0 0 1
    outer loop
      vertex 38.523 52.7023 27.25
      vertex 37.9725 52.1681 27.25
      vertex 38.495 52.602 27.25
    endloop
  endfacet
  facet normal 0 0 1
    outer loop
      vertex 36.9391 53.275 27.25
      vertex 37.6164 53.9042 27.25
      vertex 37.5168 53.8907 27.25
    endloop
  endfacet
  facet normal 0 0 1
    outer loop
      vertex 37.7538 52.1505 27.25
      vertex 36.9264 52.9249 27.25
      vertex 37.6378 52.1549 27.25
    endloop
  endfacet
  facet normal 0 0 1
    outer loop
      vertex 36.9602 53.3735 27.25
      vertex 37.5168 53.8907 27.25
      vertex 37.4246 53.8683 27.25
    endloop
  endfacet
  facet normal -0 -0 1
    outer loop
      vertex 36.9389 52.806 27.25
      vertex 37.6378 52.1549 27.25
      vertex 36.9264 52.9249 27.25
    endloop
  endfacet
  facet normal 0 0 1
    outer loop
      vertex 36.9898 53.4641 27.25
      vertex 37.4246 53.8683 27.25
      vertex 37.3396 53.8368 27.25
    endloop
  endfacet
  facet normal 0 0 1
    outer loop
      vertex 37.0277 53.5468 27.25
      vertex 37.3396 53.8368 27.25
      vertex 37.2621 53.7964 27.25
    endloop
  endfacet
  facet normal 0 0 1
    outer loop
      vertex 37.6378 52.1549 27.25
      vertex 36.9389 52.806 27.25
      vertex 37.5306 52.1681 27.25
    endloop
  endfacet
  facet normal 0 0 1
    outer loop
      vertex 37.0277 53.5468 27.25
      vertex 37.2621 53.7964 27.25
      vertex 37.1919 53.7469 27.25
    endloop
  endfacet
  facet normal -0 -0 1
    outer loop
      vertex 36.9598 52.6974 27.25
      vertex 37.5306 52.1681 27.25
      vertex 36.9389 52.806 27.25
    endloop
  endfacet
  facet normal 0 0 1
    outer loop
      vertex 37.0277 53.5468 27.25
      vertex 37.1919 53.7469 27.25
      vertex 37.1291 53.6885 27.25
    endloop
  endfacet
  facet normal 0 0 1
    outer loop
      vertex 37.5306 52.1681 27.25
      vertex 36.9598 52.6974 27.25
      vertex 37.4323 52.1902 27.25
    endloop
  endfacet
  facet normal 0 0 1
    outer loop
      vertex 37.0277 53.5468 27.25
      vertex 37.1291 53.6885 27.25
      vertex 37.0742 53.6216 27.25
    endloop
  endfacet
  facet normal 0 0 1
    outer loop
      vertex 37.4323 52.1902 27.25
      vertex 36.9891 52.5992 27.25
      vertex 37.3427 52.2212 27.25
    endloop
  endfacet
  facet normal 0 0 1
    outer loop
      vertex 37.3396 53.8368 27.25
      vertex 37.0277 53.5468 27.25
      vertex 36.9898 53.4641 27.25
    endloop
  endfacet
  facet normal -0 -0 1
    outer loop
      vertex 37.0268 52.5114 27.25
      vertex 37.3427 52.2212 27.25
      vertex 36.9891 52.5992 27.25
    endloop
  endfacet
  facet normal 0 0 1
    outer loop
      vertex 37.4246 53.8683 27.25
      vertex 36.9898 53.4641 27.25
      vertex 36.9602 53.3735 27.25
    endloop
  endfacet
  facet normal 0 0 1
    outer loop
      vertex 37.3427 52.2212 27.25
      vertex 37.0268 52.5114 27.25
      vertex 37.2621 52.2609 27.25
    endloop
  endfacet
  facet normal 0 0 1
    outer loop
      vertex 37.5168 53.8907 27.25
      vertex 36.9602 53.3735 27.25
      vertex 36.9391 53.275 27.25
    endloop
  endfacet
  facet normal 0 0 1
    outer loop
      vertex 37.2621 52.2609 27.25
      vertex 37.0268 52.5114 27.25
      vertex 37.1902 52.3095 27.25
    endloop
  endfacet
  facet normal 0 0 1
    outer loop
      vertex 37.6164 53.9042 27.25
      vertex 36.9391 53.275 27.25
      vertex 36.9264 53.1686 27.25
    endloop
  endfacet
  facet normal 0 0 1
    outer loop
      vertex 37.1902 52.3095 27.25
      vertex 37.0268 52.5114 27.25
      vertex 37.1272 52.3669 27.25
    endloop
  endfacet
  facet normal 0 0 1
    outer loop
      vertex 38.5589 53.0694 27.25
      vertex 36.9264 53.1686 27.25
      vertex 36.9222 53.0543 27.25
    endloop
  endfacet
  facet normal 0 0 1
    outer loop
      vertex 37.1272 52.3669 27.25
      vertex 37.0268 52.5114 27.25
      vertex 37.0728 52.434 27.25
    endloop
  endfacet
  facet normal -0 -0 1
    outer loop
      vertex 36.9891 52.5992 27.25
      vertex 37.4323 52.1902 27.25
      vertex 36.9598 52.6974 27.25
    endloop
  endfacet
  facet normal 0 0 1
    outer loop
      vertex 37.0399 55.4239 27.25
      vertex 38.4336 55.4239 27.25
      vertex 38.43 55.5282 27.25
    endloop
  endfacet
  facet normal 0 0 1
    outer loop
      vertex 38.4336 55.4239 27.25
      vertex 37.0399 55.4239 27.25
      vertex 38.43 55.3114 27.25
    endloop
  endfacet
  facet normal 0 0 1
    outer loop
      vertex 37.8283 56.1532 27.25
      vertex 38.43 55.5282 27.25
      vertex 38.4193 55.6243 27.25
    endloop
  endfacet
  facet normal 0 -0 1
    outer loop
      vertex 37.0542 55.2204 27.25
      vertex 38.43 55.3114 27.25
      vertex 37.0399 55.4239 27.25
    endloop
  endfacet
  facet normal 0 0 1
    outer loop
      vertex 37.9183 56.1424 27.25
      vertex 38.4193 55.6243 27.25
      vertex 38.4015 55.7121 27.25
    endloop
  endfacet
  facet normal 0 -0 1
    outer loop
      vertex 37.7386 54.6568 27.25
      vertex 38.43 55.3114 27.25
      vertex 37.0542 55.2204 27.25
    endloop
  endfacet
  facet normal 0 0 1
    outer loop
      vertex 38.001 56.1244 27.25
      vertex 38.4015 55.7121 27.25
      vertex 38.3765 55.7915 27.25
    endloop
  endfacet
  facet normal 0 0 1
    outer loop
      vertex 38.43 55.3114 27.25
      vertex 37.7386 54.6568 27.25
      vertex 38.4195 55.2084 27.25
    endloop
  endfacet
  facet normal 0 0 1
    outer loop
      vertex 38.0763 56.0991 27.25
      vertex 38.3765 55.7915 27.25
      vertex 38.3444 55.8627 27.25
    endloop
  endfacet
  facet normal 0 0 1
    outer loop
      vertex 38.4195 55.2084 27.25
      vertex 37.8348 54.6604 27.25
      vertex 38.4018 55.1149 27.25
    endloop
  endfacet
  facet normal 0 0 1
    outer loop
      vertex 38.0763 56.0991 27.25
      vertex 38.3444 55.8627 27.25
      vertex 38.3052 55.9256 27.25
    endloop
  endfacet
  facet normal 0 -0 1
    outer loop
      vertex 38.0056 54.6896 27.25
      vertex 38.4018 55.1149 27.25
      vertex 37.9238 54.6714 27.25
    endloop
  endfacet
  facet normal 0 0 1
    outer loop
      vertex 38.0763 56.0991 27.25
      vertex 38.3052 55.9256 27.25
      vertex 38.2588 55.9802 27.25
    endloop
  endfacet
  facet normal 0 -0 1
    outer loop
      vertex 38.0802 54.7151 27.25
      vertex 38.3771 55.0308 27.25
      vertex 38.0056 54.6896 27.25
    endloop
  endfacet
  facet normal 0 0 1
    outer loop
      vertex 38.0763 56.0991 27.25
      vertex 38.2588 55.9802 27.25
      vertex 38.2053 56.0271 27.25
    endloop
  endfacet
  facet normal 0 -0 1
    outer loop
      vertex 38.1476 54.7479 27.25
      vertex 38.3454 54.9562 27.25
      vertex 38.0802 54.7151 27.25
    endloop
  endfacet
  facet normal 0 0 1
    outer loop
      vertex 38.0763 56.0991 27.25
      vertex 38.2053 56.0271 27.25
      vertex 38.1445 56.0667 27.25
    endloop
  endfacet
  facet normal 0 0 1
    outer loop
      vertex 38.3066 54.891 27.25
      vertex 38.2078 54.7879 27.25
      vertex 38.2607 54.8353 27.25
    endloop
  endfacet
  facet normal 0 0 1
    outer loop
      vertex 38.3765 55.7915 27.25
      vertex 38.0763 56.0991 27.25
      vertex 38.001 56.1244 27.25
    endloop
  endfacet
  facet normal 0 0 1
    outer loop
      vertex 38.3066 54.891 27.25
      vertex 38.1476 54.7479 27.25
      vertex 38.2078 54.7879 27.25
    endloop
  endfacet
  facet normal 0 0 1
    outer loop
      vertex 38.4015 55.7121 27.25
      vertex 38.001 56.1244 27.25
      vertex 37.9183 56.1424 27.25
    endloop
  endfacet
  facet normal 0 0 1
    outer loop
      vertex 38.3454 54.9562 27.25
      vertex 38.1476 54.7479 27.25
      vertex 38.3066 54.891 27.25
    endloop
  endfacet
  facet normal 0 0 1
    outer loop
      vertex 38.4193 55.6243 27.25
      vertex 37.9183 56.1424 27.25
      vertex 37.8283 56.1532 27.25
    endloop
  endfacet
  facet normal 0 0 1
    outer loop
      vertex 38.3771 55.0308 27.25
      vertex 38.0802 54.7151 27.25
      vertex 38.3454 54.9562 27.25
    endloop
  endfacet
  facet normal 0 0 1
    outer loop
      vertex 38.43 55.5282 27.25
      vertex 37.8283 56.1532 27.25
      vertex 37.731 56.1568 27.25
    endloop
  endfacet
  facet normal 0 0 1
    outer loop
      vertex 38.4018 55.1149 27.25
      vertex 38.0056 54.6896 27.25
      vertex 38.3771 55.0308 27.25
    endloop
  endfacet
  facet normal 0 0 1
    outer loop
      vertex 38.43 55.5282 27.25
      vertex 37.731 56.1568 27.25
      vertex 37.0399 55.4239 27.25
    endloop
  endfacet
  facet normal 0 -0 1
    outer loop
      vertex 37.9238 54.6714 27.25
      vertex 38.4018 55.1149 27.25
      vertex 37.8348 54.6604 27.25
    endloop
  endfacet
  facet normal 0 0 1
    outer loop
      vertex 37.054 55.6183 27.25
      vertex 37.731 56.1568 27.25
      vertex 37.5477 56.1419 27.25
    endloop
  endfacet
  facet normal 0 -0 1
    outer loop
      vertex 37.8348 54.6604 27.25
      vertex 38.4195 55.2084 27.25
      vertex 37.7386 54.6568 27.25
    endloop
  endfacet
  facet normal 0 0 1
    outer loop
      vertex 37.0963 55.7829 27.25
      vertex 37.5477 56.1419 27.25
      vertex 37.3925 56.097 27.25
    endloop
  endfacet
  facet normal 0 0 1
    outer loop
      vertex 37.7386 54.6568 27.25
      vertex 37.0542 55.2204 27.25
      vertex 37.5532 54.6725 27.25
    endloop
  endfacet
  facet normal 0 0 1
    outer loop
      vertex 37.0963 55.7829 27.25
      vertex 37.3925 56.097 27.25
      vertex 37.2656 56.0222 27.25
    endloop
  endfacet
  facet normal -0 -0 1
    outer loop
      vertex 37.0969 55.0482 27.25
      vertex 37.5532 54.6725 27.25
      vertex 37.0542 55.2204 27.25
    endloop
  endfacet
  facet normal 0 0 1
    outer loop
      vertex 37.0963 55.7829 27.25
      vertex 37.2656 56.0222 27.25
      vertex 37.1668 55.9175 27.25
    endloop
  endfacet
  facet normal 0 0 1
    outer loop
      vertex 37.5532 54.6725 27.25
      vertex 37.0969 55.0482 27.25
      vertex 37.3964 54.7194 27.25
    endloop
  endfacet
  facet normal 0 0 1
    outer loop
      vertex 37.5477 56.1419 27.25
      vertex 37.0963 55.7829 27.25
      vertex 37.054 55.6183 27.25
    endloop
  endfacet
  facet normal -0 -0 1
    outer loop
      vertex 37.1682 54.9073 27.25
      vertex 37.3964 54.7194 27.25
      vertex 37.0969 55.0482 27.25
    endloop
  endfacet
  facet normal 0 0 1
    outer loop
      vertex 37.731 56.1568 27.25
      vertex 37.054 55.6183 27.25
      vertex 37.0399 55.4239 27.25
    endloop
  endfacet
  facet normal 0 0 1
    outer loop
      vertex 37.3964 54.7194 27.25
      vertex 37.1682 54.9073 27.25
      vertex 37.268 54.7977 27.25
    endloop
  endfacet
  facet normal 0 0 1
    outer loop
      vertex 41.1768 54.1517 27.25
      vertex 42.7375 54.1517 27.25
      vertex 42.7361 54.3566 27.25
    endloop
  endfacet
  facet normal 0 0 1
    outer loop
      vertex 41.1782 54.3565 27.25
      vertex 42.7361 54.3566 27.25
      vertex 42.7317 54.5479 27.25
    endloop
  endfacet
  facet normal 0 0 1
    outer loop
      vertex 42.7375 54.1517 27.25
      vertex 41.1768 54.1517 27.25
      vertex 42.736 53.9549 27.25
    endloop
  endfacet
  facet normal 0 0 1
    outer loop
      vertex 41.1825 54.5478 27.25
      vertex 42.7317 54.5479 27.25
      vertex 42.7243 54.7258 27.25
    endloop
  endfacet
  facet normal 0 -0 1
    outer loop
      vertex 41.1783 53.9489 27.25
      vertex 42.736 53.9549 27.25
      vertex 41.1768 54.1517 27.25
    endloop
  endfacet
  facet normal 0 0 1
    outer loop
      vertex 41.1897 54.7254 27.25
      vertex 42.7243 54.7258 27.25
      vertex 42.714 54.8901 27.25
    endloop
  endfacet
  facet normal 0 0 1
    outer loop
      vertex 42.736 53.9549 27.25
      vertex 41.1783 53.9489 27.25
      vertex 42.7315 53.7701 27.25
    endloop
  endfacet
  facet normal 0 0 1
    outer loop
      vertex 41.1997 54.8895 27.25
      vertex 42.714 54.8901 27.25
      vertex 42.7007 55.041 27.25
    endloop
  endfacet
  facet normal 0 -0 1
    outer loop
      vertex 41.1828 53.7591 27.25
      vertex 42.7315 53.7701 27.25
      vertex 41.1783 53.9489 27.25
    endloop
  endfacet
  facet normal 0 0 1
    outer loop
      vertex 41.2126 55.0401 27.25
      vertex 42.7007 55.041 27.25
      vertex 42.6845 55.1784 27.25
    endloop
  endfacet
  facet normal 0 0 1
    outer loop
      vertex 42.7315 53.7701 27.25
      vertex 41.1828 53.7591 27.25
      vertex 42.7239 53.5975 27.25
    endloop
  endfacet
  facet normal 0 0 1
    outer loop
      vertex 41.2284 55.177 27.25
      vertex 42.6845 55.1784 27.25
      vertex 42.6654 55.3024 27.25
    endloop
  endfacet
  facet normal 0 -0 1
    outer loop
      vertex 41.1904 53.5825 27.25
      vertex 42.7239 53.5975 27.25
      vertex 41.1828 53.7591 27.25
    endloop
  endfacet
  facet normal 0 0 1
    outer loop
      vertex 41.247 55.3005 27.25
      vertex 42.6654 55.3024 27.25
      vertex 42.643 55.4148 27.25
    endloop
  endfacet
  facet normal 0 0 1
    outer loop
      vertex 42.7239 53.5975 27.25
      vertex 41.1904 53.5825 27.25
      vertex 42.7133 53.4369 27.25
    endloop
  endfacet
  facet normal 0 0 1
    outer loop
      vertex 41.269 55.4125 27.25
      vertex 42.643 55.4148 27.25
      vertex 42.617 55.5178 27.25
    endloop
  endfacet
  facet normal 0 -0 1
    outer loop
      vertex 41.2009 53.4189 27.25
      vertex 42.7133 53.4369 27.25
      vertex 41.1904 53.5825 27.25
    endloop
  endfacet
  facet normal 0 0 1
    outer loop
      vertex 41.2949 55.5151 27.25
      vertex 42.617 55.5178 27.25
      vertex 42.5875 55.6114 27.25
    endloop
  endfacet
  facet normal 0 0 1
    outer loop
      vertex 42.7133 53.4369 27.25
      vertex 41.2009 53.4189 27.25
      vertex 42.6997 53.2884 27.25
    endloop
  endfacet
  facet normal 0 0 1
    outer loop
      vertex 41.3247 55.6085 27.25
      vertex 42.5875 55.6114 27.25
      vertex 42.5544 55.6955 27.25
    endloop
  endfacet
  facet normal 0 -0 1
    outer loop
      vertex 41.2145 53.2684 27.25
      vertex 42.6997 53.2884 27.25
      vertex 41.2009 53.4189 27.25
    endloop
  endfacet
  facet normal 0 0 1
    outer loop
      vertex 42.0543 56.0658 27.25
      vertex 42.5544 55.6955 27.25
      vertex 42.5177 55.7701 27.25
    endloop
  endfacet
  facet normal 0 0 1
    outer loop
      vertex 42.6997 53.2884 27.25
      vertex 41.2145 53.2684 27.25
      vertex 42.6831 53.152 27.25
    endloop
  endfacet
  facet normal 0 0 1
    outer loop
      vertex 42.1323 56.0549 27.25
      vertex 42.5177 55.7701 27.25
      vertex 42.4775 55.8353 27.25
    endloop
  endfacet
  facet normal 0 -0 1
    outer loop
      vertex 41.2311 53.1311 27.25
      vertex 42.6831 53.152 27.25
      vertex 41.2145 53.2684 27.25
    endloop
  endfacet
  facet normal 0 0 1
    outer loop
      vertex 42.2043 56.0367 27.25
      vertex 42.4775 55.8353 27.25
      vertex 42.4337 55.891 27.25
    endloop
  endfacet
  facet normal 0 0 1
    outer loop
      vertex 42.6831 53.152 27.25
      vertex 41.2311 53.1311 27.25
      vertex 42.6634 53.0277 27.25
    endloop
  endfacet
  facet normal 0 0 1
    outer loop
      vertex 42.2043 56.0367 27.25
      vertex 42.4337 55.891 27.25
      vertex 42.3852 55.9383 27.25
    endloop
  endfacet
  facet normal 0 -0 1
    outer loop
      vertex 41.2508 53.0068 27.25
      vertex 42.6634 53.0277 27.25
      vertex 41.2311 53.1311 27.25
    endloop
  endfacet
  facet normal 0 0 1
    outer loop
      vertex 42.2043 56.0367 27.25
      vertex 42.3852 55.9383 27.25
      vertex 42.3308 55.9784 27.25
    endloop
  endfacet
  facet normal 0 0 1
    outer loop
      vertex 42.6634 53.0277 27.25
      vertex 41.2508 53.0068 27.25
      vertex 42.6404 52.914 27.25
    endloop
  endfacet
  facet normal 0 0 1
    outer loop
      vertex 42.2043 56.0367 27.25
      vertex 42.3308 55.9784 27.25
      vertex 42.2705 56.0112 27.25
    endloop
  endfacet
  facet normal 0 -0 1
    outer loop
      vertex 41.2738 52.8938 27.25
      vertex 42.6404 52.914 27.25
      vertex 41.2508 53.0068 27.25
    endloop
  endfacet
  facet normal 0 0 1
    outer loop
      vertex 42.4775 55.8353 27.25
      vertex 42.2043 56.0367 27.25
      vertex 42.1323 56.0549 27.25
    endloop
  endfacet
  facet normal 0 0 1
    outer loop
      vertex 42.6404 52.914 27.25
      vertex 41.2738 52.8938 27.25
      vertex 42.6137 52.8096 27.25
    endloop
  endfacet
  facet normal 0 0 1
    outer loop
      vertex 42.5177 55.7701 27.25
      vertex 42.1323 56.0549 27.25
      vertex 42.0543 56.0658 27.25
    endloop
  endfacet
  facet normal 0 -0 1
    outer loop
      vertex 41.3003 52.7904 27.25
      vertex 42.6137 52.8096 27.25
      vertex 41.2738 52.8938 27.25
    endloop
  endfacet
  facet normal 0 0 1
    outer loop
      vertex 42.5544 55.6955 27.25
      vertex 42.0543 56.0658 27.25
      vertex 41.9705 56.0695 27.25
    endloop
  endfacet
  facet normal 0 0 1
    outer loop
      vertex 42.6137 52.8096 27.25
      vertex 41.3003 52.7904 27.25
      vertex 42.5832 52.7144 27.25
    endloop
  endfacet
  facet normal 0 0 1
    outer loop
      vertex 42.5544 55.6955 27.25
      vertex 41.9705 56.0695 27.25
      vertex 41.3247 55.6085 27.25
    endloop
  endfacet
  facet normal 0 -0 1
    outer loop
      vertex 41.3303 52.6965 27.25
      vertex 42.5832 52.7144 27.25
      vertex 41.3003 52.7904 27.25
    endloop
  endfacet
  facet normal 0 0 1
    outer loop
      vertex 41.3247 55.6085 27.25
      vertex 41.9705 56.0695 27.25
      vertex 41.8814 56.0658 27.25
    endloop
  endfacet
  facet normal 0 0 1
    outer loop
      vertex 42.5832 52.7144 27.25
      vertex 41.3303 52.6965 27.25
      vertex 42.5491 52.6284 27.25
    endloop
  endfacet
  facet normal 0 0 1
    outer loop
      vertex 41.3583 55.6926 27.25
      vertex 41.8814 56.0658 27.25
      vertex 41.7989 56.0547 27.25
    endloop
  endfacet
  facet normal 0 -0 1
    outer loop
      vertex 41.364 52.6122 27.25
      vertex 42.5491 52.6284 27.25
      vertex 41.3303 52.6965 27.25
    endloop
  endfacet
  facet normal 0 0 1
    outer loop
      vertex 41.3958 55.7674 27.25
      vertex 41.7989 56.0547 27.25
      vertex 41.7227 56.0363 27.25
    endloop
  endfacet
  facet normal 0 0 1
    outer loop
      vertex 42.5491 52.6284 27.25
      vertex 41.9553 52.2378 27.25
      vertex 42.5112 52.5516 27.25
    endloop
  endfacet
  facet normal 0 0 1
    outer loop
      vertex 41.4372 55.8329 27.25
      vertex 41.7227 56.0363 27.25
      vertex 41.653 56.0106 27.25
    endloop
  endfacet
  facet normal 0 -0 1
    outer loop
      vertex 42.0392 52.2416 27.25
      vertex 42.5112 52.5516 27.25
      vertex 41.9553 52.2378 27.25
    endloop
  endfacet
  facet normal 0 0 1
    outer loop
      vertex 42.5112 52.5516 27.25
      vertex 42.0392 52.2416 27.25
      vertex 42.4696 52.4841 27.25
    endloop
  endfacet
  facet normal 0 0 1
    outer loop
      vertex 41.4372 55.8329 27.25
      vertex 41.653 56.0106 27.25
      vertex 41.5897 55.9774 27.25
    endloop
  endfacet
  facet normal 0 0 1
    outer loop
      vertex 42.4696 52.4841 27.25
      vertex 42.1176 52.2531 27.25
      vertex 42.4242 52.4258 27.25
    endloop
  endfacet
  facet normal 0 0 1
    outer loop
      vertex 41.4372 55.8329 27.25
      vertex 41.5897 55.9774 27.25
      vertex 41.5329 55.9369 27.25
    endloop
  endfacet
  facet normal 0 0 1
    outer loop
      vertex 42.4242 52.4258 27.25
      vertex 42.1176 52.2531 27.25
      vertex 42.3742 52.3759 27.25
    endloop
  endfacet
  facet normal 0 0 1
    outer loop
      vertex 41.4372 55.8329 27.25
      vertex 41.5329 55.9369 27.25
      vertex 41.4825 55.8891 27.25
    endloop
  endfacet
  facet normal 0 0 1
    outer loop
      vertex 42.3185 52.3337 27.25
      vertex 42.1176 52.2531 27.25
      vertex 42.2572 52.2992 27.25
    endloop
  endfacet
  facet normal 0 0 1
    outer loop
      vertex 41.7227 56.0363 27.25
      vertex 41.4372 55.8329 27.25
      vertex 41.3958 55.7674 27.25
    endloop
  endfacet
  facet normal 0 0 1
    outer loop
      vertex 42.2572 52.2992 27.25
      vertex 42.1176 52.2531 27.25
      vertex 42.1902 52.2723 27.25
    endloop
  endfacet
  facet normal 0 0 1
    outer loop
      vertex 41.7989 56.0547 27.25
      vertex 41.3958 55.7674 27.25
      vertex 41.3583 55.6926 27.25
    endloop
  endfacet
  facet normal 0 0 1
    outer loop
      vertex 42.3742 52.3759 27.25
      vertex 42.1176 52.2531 27.25
      vertex 42.3185 52.3337 27.25
    endloop
  endfacet
  facet normal 0 0 1
    outer loop
      vertex 41.8814 56.0658 27.25
      vertex 41.3583 55.6926 27.25
      vertex 41.3247 55.6085 27.25
    endloop
  endfacet
  facet normal 0 -0 1
    outer loop
      vertex 42.1176 52.2531 27.25
      vertex 42.4696 52.4841 27.25
      vertex 42.0392 52.2416 27.25
    endloop
  endfacet
  facet normal 0 0 1
    outer loop
      vertex 42.5875 55.6114 27.25
      vertex 41.3247 55.6085 27.25
      vertex 41.2949 55.5151 27.25
    endloop
  endfacet
  facet normal 0 0 1
    outer loop
      vertex 42.5491 52.6284 27.25
      vertex 41.364 52.6122 27.25
      vertex 41.9553 52.2378 27.25
    endloop
  endfacet
  facet normal 0 0 1
    outer loop
      vertex 42.617 55.5178 27.25
      vertex 41.2949 55.5151 27.25
      vertex 41.269 55.4125 27.25
    endloop
  endfacet
  facet normal -0 -0 1
    outer loop
      vertex 41.4012 52.5373 27.25
      vertex 41.8704 52.2414 27.25
      vertex 41.364 52.6122 27.25
    endloop
  endfacet
  facet normal 0 0 1
    outer loop
      vertex 42.643 55.4148 27.25
      vertex 41.269 55.4125 27.25
      vertex 41.247 55.3005 27.25
    endloop
  endfacet
  facet normal 0 0 1
    outer loop
      vertex 41.8704 52.2414 27.25
      vertex 41.4012 52.5373 27.25
      vertex 41.7914 52.2524 27.25
    endloop
  endfacet
  facet normal 0 0 1
    outer loop
      vertex 42.6654 55.3024 27.25
      vertex 41.247 55.3005 27.25
      vertex 41.2284 55.177 27.25
    endloop
  endfacet
  facet normal 0 0 1
    outer loop
      vertex 41.7914 52.2524 27.25
      vertex 41.4012 52.5373 27.25
      vertex 41.7185 52.2706 27.25
    endloop
  endfacet
  facet normal 0 0 1
    outer loop
      vertex 42.6845 55.1784 27.25
      vertex 41.2284 55.177 27.25
      vertex 41.2126 55.0401 27.25
    endloop
  endfacet
  facet normal 0 0 1
    outer loop
      vertex 41.7185 52.2706 27.25
      vertex 41.4419 52.472 27.25
      vertex 41.6515 52.2961 27.25
    endloop
  endfacet
  facet normal 0 0 1
    outer loop
      vertex 42.7007 55.041 27.25
      vertex 41.2126 55.0401 27.25
      vertex 41.1997 54.8895 27.25
    endloop
  endfacet
  facet normal 0 0 1
    outer loop
      vertex 41.6515 52.2961 27.25
      vertex 41.4419 52.472 27.25
      vertex 41.5904 52.3288 27.25
    endloop
  endfacet
  facet normal 0 0 1
    outer loop
      vertex 42.714 54.8901 27.25
      vertex 41.1997 54.8895 27.25
      vertex 41.1897 54.7254 27.25
    endloop
  endfacet
  facet normal 0 0 1
    outer loop
      vertex 41.5904 52.3288 27.25
      vertex 41.4419 52.472 27.25
      vertex 41.5354 52.3689 27.25
    endloop
  endfacet
  facet normal 0 0 1
    outer loop
      vertex 42.7243 54.7258 27.25
      vertex 41.1897 54.7254 27.25
      vertex 41.1825 54.5478 27.25
    endloop
  endfacet
  facet normal 0 0 1
    outer loop
      vertex 41.5354 52.3689 27.25
      vertex 41.4419 52.472 27.25
      vertex 41.4863 52.4163 27.25
    endloop
  endfacet
  facet normal 0 0 1
    outer loop
      vertex 42.7317 54.5479 27.25
      vertex 41.1825 54.5478 27.25
      vertex 41.1782 54.3565 27.25
    endloop
  endfacet
  facet normal -0 -0 1
    outer loop
      vertex 41.4419 52.472 27.25
      vertex 41.7185 52.2706 27.25
      vertex 41.4012 52.5373 27.25
    endloop
  endfacet
  facet normal 0 0 1
    outer loop
      vertex 42.7361 54.3566 27.25
      vertex 41.1782 54.3565 27.25
      vertex 41.1768 54.1517 27.25
    endloop
  endfacet
  facet normal 0 0 1
    outer loop
      vertex 41.9553 52.2378 27.25
      vertex 41.364 52.6122 27.25
      vertex 41.8704 52.2414 27.25
    endloop
  endfacet
  facet normal 0 0 1
    outer loop
      vertex 45.401 54.1517 27.25
      vertex 46.9618 54.1517 27.25
      vertex 46.9603 54.3566 27.25
    endloop
  endfacet
  facet normal 0 0 1
    outer loop
      vertex 45.4024 54.3565 27.25
      vertex 46.9603 54.3566 27.25
      vertex 46.9559 54.5479 27.25
    endloop
  endfacet
  facet normal 0 0 1
    outer loop
      vertex 46.9618 54.1517 27.25
      vertex 45.401 54.1517 27.25
      vertex 46.9603 53.9549 27.25
    endloop
  endfacet
  facet normal 0 0 1
    outer loop
      vertex 45.4067 54.5478 27.25
      vertex 46.9559 54.5479 27.25
      vertex 46.9485 54.7258 27.25
    endloop
  endfacet
  facet normal 0 -0 1
    outer loop
      vertex 45.4025 53.9489 27.25
      vertex 46.9603 53.9549 27.25
      vertex 45.401 54.1517 27.25
    endloop
  endfacet
  facet normal 0 0 1
    outer loop
      vertex 45.4139 54.7254 27.25
      vertex 46.9485 54.7258 27.25
      vertex 46.9382 54.8901 27.25
    endloop
  endfacet
  facet normal 0 0 1
    outer loop
      vertex 46.9603 53.9549 27.25
      vertex 45.4025 53.9489 27.25
      vertex 46.9557 53.7701 27.25
    endloop
  endfacet
  facet normal 0 0 1
    outer loop
      vertex 45.4239 54.8895 27.25
      vertex 46.9382 54.8901 27.25
      vertex 46.9249 55.041 27.25
    endloop
  endfacet
  facet normal 0 -0 1
    outer loop
      vertex 45.407 53.7591 27.25
      vertex 46.9557 53.7701 27.25
      vertex 45.4025 53.9489 27.25
    endloop
  endfacet
  facet normal 0 0 1
    outer loop
      vertex 45.4368 55.0401 27.25
      vertex 46.9249 55.041 27.25
      vertex 46.9087 55.1784 27.25
    endloop
  endfacet
  facet normal 0 0 1
    outer loop
      vertex 46.9557 53.7701 27.25
      vertex 45.407 53.7591 27.25
      vertex 46.9482 53.5975 27.25
    endloop
  endfacet
  facet normal 0 0 1
    outer loop
      vertex 45.4526 55.177 27.25
      vertex 46.9087 55.1784 27.25
      vertex 46.8896 55.3024 27.25
    endloop
  endfacet
  facet normal 0 -0 1
    outer loop
      vertex 45.4146 53.5825 27.25
      vertex 46.9482 53.5975 27.25
      vertex 45.407 53.7591 27.25
    endloop
  endfacet
  facet normal 0 0 1
    outer loop
      vertex 45.4712 55.3005 27.25
      vertex 46.8896 55.3024 27.25
      vertex 46.8672 55.4148 27.25
    endloop
  endfacet
  facet normal 0 0 1
    outer loop
      vertex 46.9482 53.5975 27.25
      vertex 45.4146 53.5825 27.25
      vertex 46.9376 53.4369 27.25
    endloop
  endfacet
  facet normal 0 0 1
    outer loop
      vertex 45.4932 55.4125 27.25
      vertex 46.8672 55.4148 27.25
      vertex 46.8412 55.5178 27.25
    endloop
  endfacet
  facet normal 0 -0 1
    outer loop
      vertex 45.4252 53.4189 27.25
      vertex 46.9376 53.4369 27.25
      vertex 45.4146 53.5825 27.25
    endloop
  endfacet
  facet normal 0 0 1
    outer loop
      vertex 45.5191 55.5151 27.25
      vertex 46.8412 55.5178 27.25
      vertex 46.8117 55.6114 27.25
    endloop
  endfacet
  facet normal 0 0 1
    outer loop
      vertex 46.9376 53.4369 27.25
      vertex 45.4252 53.4189 27.25
      vertex 46.924 53.2884 27.25
    endloop
  endfacet
  facet normal 0 0 1
    outer loop
      vertex 45.5489 55.6085 27.25
      vertex 46.8117 55.6114 27.25
      vertex 46.7786 55.6955 27.25
    endloop
  endfacet
  facet normal 0 -0 1
    outer loop
      vertex 45.4388 53.2684 27.25
      vertex 46.924 53.2884 27.25
      vertex 45.4252 53.4189 27.25
    endloop
  endfacet
  facet normal 0 0 1
    outer loop
      vertex 46.2785 56.0658 27.25
      vertex 46.7786 55.6955 27.25
      vertex 46.742 55.7701 27.25
    endloop
  endfacet
  facet normal 0 0 1
    outer loop
      vertex 46.924 53.2884 27.25
      vertex 45.4388 53.2684 27.25
      vertex 46.9073 53.152 27.25
    endloop
  endfacet
  facet normal 0 0 1
    outer loop
      vertex 46.3565 56.0549 27.25
      vertex 46.742 55.7701 27.25
      vertex 46.7017 55.8353 27.25
    endloop
  endfacet
  facet normal 0 -0 1
    outer loop
      vertex 45.4554 53.1311 27.25
      vertex 46.9073 53.152 27.25
      vertex 45.4388 53.2684 27.25
    endloop
  endfacet
  facet normal 0 0 1
    outer loop
      vertex 46.4286 56.0367 27.25
      vertex 46.7017 55.8353 27.25
      vertex 46.658 55.891 27.25
    endloop
  endfacet
  facet normal 0 0 1
    outer loop
      vertex 46.9073 53.152 27.25
      vertex 45.4554 53.1311 27.25
      vertex 46.8877 53.0277 27.25
    endloop
  endfacet
  facet normal 0 0 1
    outer loop
      vertex 46.4286 56.0367 27.25
      vertex 46.658 55.891 27.25
      vertex 46.6095 55.9383 27.25
    endloop
  endfacet
  facet normal 0 -0 1
    outer loop
      vertex 45.475 53.0068 27.25
      vertex 46.8877 53.0277 27.25
      vertex 45.4554 53.1311 27.25
    endloop
  endfacet
  facet normal 0 0 1
    outer loop
      vertex 46.4286 56.0367 27.25
      vertex 46.6095 55.9383 27.25
      vertex 46.555 55.9784 27.25
    endloop
  endfacet
  facet normal 0 0 1
    outer loop
      vertex 46.8877 53.0277 27.25
      vertex 45.475 53.0068 27.25
      vertex 46.8647 52.914 27.25
    endloop
  endfacet
  facet normal 0 0 1
    outer loop
      vertex 46.4286 56.0367 27.25
      vertex 46.555 55.9784 27.25
      vertex 46.4948 56.0112 27.25
    endloop
  endfacet
  facet normal 0 -0 1
    outer loop
      vertex 45.498 52.8938 27.25
      vertex 46.8647 52.914 27.25
      vertex 45.475 53.0068 27.25
    endloop
  endfacet
  facet normal 0 0 1
    outer loop
      vertex 46.7017 55.8353 27.25
      vertex 46.4286 56.0367 27.25
      vertex 46.3565 56.0549 27.25
    endloop
  endfacet
  facet normal 0 0 1
    outer loop
      vertex 46.8647 52.914 27.25
      vertex 45.498 52.8938 27.25
      vertex 46.8379 52.8096 27.25
    endloop
  endfacet
  facet normal 0 0 1
    outer loop
      vertex 46.742 55.7701 27.25
      vertex 46.3565 56.0549 27.25
      vertex 46.2785 56.0658 27.25
    endloop
  endfacet
  facet normal 0 -0 1
    outer loop
      vertex 45.5245 52.7904 27.25
      vertex 46.8379 52.8096 27.25
      vertex 45.498 52.8938 27.25
    endloop
  endfacet
  facet normal 0 0 1
    outer loop
      vertex 46.7786 55.6955 27.25
      vertex 46.2785 56.0658 27.25
      vertex 46.1947 56.0695 27.25
    endloop
  endfacet
  facet normal 0 0 1
    outer loop
      vertex 46.8379 52.8096 27.25
      vertex 45.5245 52.7904 27.25
      vertex 46.8075 52.7144 27.25
    endloop
  endfacet
  facet normal 0 0 1
    outer loop
      vertex 46.7786 55.6955 27.25
      vertex 46.1947 56.0695 27.25
      vertex 45.5489 55.6085 27.25
    endloop
  endfacet
  facet normal 0 -0 1
    outer loop
      vertex 45.5546 52.6965 27.25
      vertex 46.8075 52.7144 27.25
      vertex 45.5245 52.7904 27.25
    endloop
  endfacet
  facet normal 0 0 1
    outer loop
      vertex 45.5489 55.6085 27.25
      vertex 46.1947 56.0695 27.25
      vertex 46.1057 56.0658 27.25
    endloop
  endfacet
  facet normal 0 0 1
    outer loop
      vertex 46.8075 52.7144 27.25
      vertex 45.5546 52.6965 27.25
      vertex 46.7733 52.6284 27.25
    endloop
  endfacet
  facet normal 0 0 1
    outer loop
      vertex 45.5825 55.6926 27.25
      vertex 46.1057 56.0658 27.25
      vertex 46.0231 56.0547 27.25
    endloop
  endfacet
  facet normal 0 -0 1
    outer loop
      vertex 45.5882 52.6122 27.25
      vertex 46.7733 52.6284 27.25
      vertex 45.5546 52.6965 27.25
    endloop
  endfacet
  facet normal 0 0 1
    outer loop
      vertex 45.62 55.7674 27.25
      vertex 46.0231 56.0547 27.25
      vertex 45.947 56.0363 27.25
    endloop
  endfacet
  facet normal 0 0 1
    outer loop
      vertex 46.7733 52.6284 27.25
      vertex 46.1795 52.2378 27.25
      vertex 46.7354 52.5516 27.25
    endloop
  endfacet
  facet normal 0 0 1
    outer loop
      vertex 45.6614 55.8329 27.25
      vertex 45.947 56.0363 27.25
      vertex 45.8772 56.0106 27.25
    endloop
  endfacet
  facet normal 0 -0 1
    outer loop
      vertex 46.2635 52.2416 27.25
      vertex 46.7354 52.5516 27.25
      vertex 46.1795 52.2378 27.25
    endloop
  endfacet
  facet normal 0 0 1
    outer loop
      vertex 46.7354 52.5516 27.25
      vertex 46.2635 52.2416 27.25
      vertex 46.6938 52.4841 27.25
    endloop
  endfacet
  facet normal 0 0 1
    outer loop
      vertex 45.6614 55.8329 27.25
      vertex 45.8772 56.0106 27.25
      vertex 45.814 55.9774 27.25
    endloop
  endfacet
  facet normal 0 0 1
    outer loop
      vertex 46.6938 52.4841 27.25
      vertex 46.3418 52.2531 27.25
      vertex 46.6484 52.4258 27.25
    endloop
  endfacet
  facet normal 0 0 1
    outer loop
      vertex 45.6614 55.8329 27.25
      vertex 45.814 55.9774 27.25
      vertex 45.7571 55.9369 27.25
    endloop
  endfacet
  facet normal 0 0 1
    outer loop
      vertex 46.6484 52.4258 27.25
      vertex 46.3418 52.2531 27.25
      vertex 46.5984 52.3759 27.25
    endloop
  endfacet
  facet normal 0 0 1
    outer loop
      vertex 45.6614 55.8329 27.25
      vertex 45.7571 55.9369 27.25
      vertex 45.7067 55.8891 27.25
    endloop
  endfacet
  facet normal 0 0 1
    outer loop
      vertex 46.5428 52.3337 27.25
      vertex 46.3418 52.2531 27.25
      vertex 46.4814 52.2992 27.25
    endloop
  endfacet
  facet normal 0 0 1
    outer loop
      vertex 45.947 56.0363 27.25
      vertex 45.6614 55.8329 27.25
      vertex 45.62 55.7674 27.25
    endloop
  endfacet
  facet normal 0 0 1
    outer loop
      vertex 46.4814 52.2992 27.25
      vertex 46.3418 52.2531 27.25
      vertex 46.4144 52.2723 27.25
    endloop
  endfacet
  facet normal 0 0 1
    outer loop
      vertex 46.0231 56.0547 27.25
      vertex 45.62 55.7674 27.25
      vertex 45.5825 55.6926 27.25
    endloop
  endfacet
  facet normal 0 0 1
    outer loop
      vertex 46.5984 52.3759 27.25
      vertex 46.3418 52.2531 27.25
      vertex 46.5428 52.3337 27.25
    endloop
  endfacet
  facet normal 0 0 1
    outer loop
      vertex 46.1057 56.0658 27.25
      vertex 45.5825 55.6926 27.25
      vertex 45.5489 55.6085 27.25
    endloop
  endfacet
  facet normal 0 -0 1
    outer loop
      vertex 46.3418 52.2531 27.25
      vertex 46.6938 52.4841 27.25
      vertex 46.2635 52.2416 27.25
    endloop
  endfacet
  facet normal 0 0 1
    outer loop
      vertex 46.8117 55.6114 27.25
      vertex 45.5489 55.6085 27.25
      vertex 45.5191 55.5151 27.25
    endloop
  endfacet
  facet normal 0 0 1
    outer loop
      vertex 46.7733 52.6284 27.25
      vertex 45.5882 52.6122 27.25
      vertex 46.1795 52.2378 27.25
    endloop
  endfacet
  facet normal 0 0 1
    outer loop
      vertex 46.8412 55.5178 27.25
      vertex 45.5191 55.5151 27.25
      vertex 45.4932 55.4125 27.25
    endloop
  endfacet
  facet normal -0 -0 1
    outer loop
      vertex 45.6254 52.5373 27.25
      vertex 46.0946 52.2414 27.25
      vertex 45.5882 52.6122 27.25
    endloop
  endfacet
  facet normal 0 0 1
    outer loop
      vertex 46.8672 55.4148 27.25
      vertex 45.4932 55.4125 27.25
      vertex 45.4712 55.3005 27.25
    endloop
  endfacet
  facet normal 0 0 1
    outer loop
      vertex 46.0946 52.2414 27.25
      vertex 45.6254 52.5373 27.25
      vertex 46.0157 52.2524 27.25
    endloop
  endfacet
  facet normal 0 0 1
    outer loop
      vertex 46.8896 55.3024 27.25
      vertex 45.4712 55.3005 27.25
      vertex 45.4526 55.177 27.25
    endloop
  endfacet
  facet normal 0 0 1
    outer loop
      vertex 46.0157 52.2524 27.25
      vertex 45.6254 52.5373 27.25
      vertex 45.9427 52.2706 27.25
    endloop
  endfacet
  facet normal 0 0 1
    outer loop
      vertex 46.9087 55.1784 27.25
      vertex 45.4526 55.177 27.25
      vertex 45.4368 55.0401 27.25
    endloop
  endfacet
  facet normal 0 0 1
    outer loop
      vertex 45.9427 52.2706 27.25
      vertex 45.6662 52.472 27.25
      vertex 45.8757 52.2961 27.25
    endloop
  endfacet
  facet normal 0 0 1
    outer loop
      vertex 46.9249 55.041 27.25
      vertex 45.4368 55.0401 27.25
      vertex 45.4239 54.8895 27.25
    endloop
  endfacet
  facet normal 0 0 1
    outer loop
      vertex 45.8757 52.2961 27.25
      vertex 45.6662 52.472 27.25
      vertex 45.8147 52.3288 27.25
    endloop
  endfacet
  facet normal 0 0 1
    outer loop
      vertex 46.9382 54.8901 27.25
      vertex 45.4239 54.8895 27.25
      vertex 45.4139 54.7254 27.25
    endloop
  endfacet
  facet normal 0 0 1
    outer loop
      vertex 45.8147 52.3288 27.25
      vertex 45.6662 52.472 27.25
      vertex 45.7596 52.3689 27.25
    endloop
  endfacet
  facet normal 0 0 1
    outer loop
      vertex 46.9485 54.7258 27.25
      vertex 45.4139 54.7254 27.25
      vertex 45.4067 54.5478 27.25
    endloop
  endfacet
  facet normal 0 0 1
    outer loop
      vertex 45.7596 52.3689 27.25
      vertex 45.6662 52.472 27.25
      vertex 45.7105 52.4163 27.25
    endloop
  endfacet
  facet normal 0 0 1
    outer loop
      vertex 46.9559 54.5479 27.25
      vertex 45.4067 54.5478 27.25
      vertex 45.4024 54.3565 27.25
    endloop
  endfacet
  facet normal -0 -0 1
    outer loop
      vertex 45.6662 52.472 27.25
      vertex 45.9427 52.2706 27.25
      vertex 45.6254 52.5373 27.25
    endloop
  endfacet
  facet normal 0 0 1
    outer loop
      vertex 46.9603 54.3566 27.25
      vertex 45.4024 54.3565 27.25
      vertex 45.401 54.1517 27.25
    endloop
  endfacet
  facet normal 0 0 1
    outer loop
      vertex 46.1795 52.2378 27.25
      vertex 45.5882 52.6122 27.25
      vertex 46.0946 52.2414 27.25
    endloop
  endfacet
  facet normal -0.321766 0.946819 0
    outer loop
      vertex 52.0792 49.6804 27.25
      vertex 51.9306 49.6299 28.05
      vertex 52.0792 49.6804 28.05
    endloop
  endfacet
  facet normal -0.321766 0.946819 0
    outer loop
      vertex 51.9306 49.6299 28.05
      vertex 52.0792 49.6804 27.25
      vertex 51.9306 49.6299 27.25
    endloop
  endfacet
  facet normal 0.831432 -0.555626 0
    outer loop
      vertex 6.98078 57.989 28.05
      vertex 7.06799 58.1195 27.25
      vertex 7.06799 58.1195 28.05
    endloop
  endfacet
  facet normal 0.831432 -0.555626 0
    outer loop
      vertex 7.06799 58.1195 27.25
      vertex 6.98078 57.989 28.05
      vertex 6.98078 57.989 27.25
    endloop
  endfacet
  facet normal 0.896885 0.442264 0
    outer loop
      vertex 6.98078 50.189 28.05
      vertex 6.91135 50.3298 27.25
      vertex 6.91135 50.3298 28.05
    endloop
  endfacet
  facet normal 0.896885 0.442264 0
    outer loop
      vertex 6.91135 50.3298 27.25
      vertex 6.98078 50.189 28.05
      vertex 6.98078 50.189 27.25
    endloop
  endfacet
  facet normal -0.980825 0.194891 0
    outer loop
      vertex 52.7791 50.4784 27.25
      vertex 52.8097 50.6324 28.05
      vertex 52.8097 50.6324 27.25
    endloop
  endfacet
  facet normal -0.980825 0.194891 0
    outer loop
      vertex 52.8097 50.6324 28.05
      vertex 52.7791 50.4784 27.25
      vertex 52.7791 50.4784 28.05
    endloop
  endfacet
  facet normal 0.980788 0.195075 0
    outer loop
      vertex 6.86091 50.4784 28.05
      vertex 6.83028 50.6324 27.25
      vertex 6.83028 50.6324 28.05
    endloop
  endfacet
  facet normal 0.980788 0.195075 0
    outer loop
      vertex 6.83028 50.6324 27.25
      vertex 6.86091 50.4784 28.05
      vertex 6.86091 50.4784 27.25
    endloop
  endfacet
  facet normal 0.896885 -0.442264 0
    outer loop
      vertex 6.91135 57.8482 28.05
      vertex 6.98078 57.989 27.25
      vertex 6.98078 57.989 28.05
    endloop
  endfacet
  facet normal 0.896885 -0.442264 0
    outer loop
      vertex 6.98078 57.989 27.25
      vertex 6.91135 57.8482 28.05
      vertex 6.91135 57.8482 27.25
    endloop
  endfacet
  facet normal -1 0 0
    outer loop
      vertex 52.82 50.789 27.25
      vertex 52.82 57.389 28.05
      vertex 52.82 57.389 27.25
    endloop
  endfacet
  facet normal -1 -0 0
    outer loop
      vertex 52.82 57.389 28.05
      vertex 52.82 50.789 27.25
      vertex 52.82 50.789 28.05
    endloop
  endfacet
  facet normal 0.946936 0.321423 0
    outer loop
      vertex 6.91135 50.3298 28.05
      vertex 6.86091 50.4784 27.25
      vertex 6.86091 50.4784 28.05
    endloop
  endfacet
  facet normal 0.946936 0.321423 0
    outer loop
      vertex 6.86091 50.4784 27.25
      vertex 6.91135 50.3298 28.05
      vertex 6.91135 50.3298 27.25
    endloop
  endfacet
  facet normal -0.321766 -0.946819 0
    outer loop
      vertex 51.9306 58.5481 27.25
      vertex 52.0792 58.4976 28.05
      vertex 51.9306 58.5481 28.05
    endloop
  endfacet
  facet normal -0.321766 -0.946819 -0
    outer loop
      vertex 52.0792 58.4976 28.05
      vertex 51.9306 58.5481 27.25
      vertex 52.0792 58.4976 27.25
    endloop
  endfacet
  facet normal -0.44211 -0.896961 0
    outer loop
      vertex 52.0792 58.4976 27.25
      vertex 52.22 58.4282 28.05
      vertex 52.0792 58.4976 28.05
    endloop
  endfacet
  facet normal -0.44211 -0.896961 -0
    outer loop
      vertex 52.22 58.4282 28.05
      vertex 52.0792 58.4976 27.25
      vertex 52.22 58.4282 27.25
    endloop
  endfacet
  facet normal -0.194891 0.980825 0
    outer loop
      vertex 51.9306 49.6299 27.25
      vertex 51.7766 49.5993 28.05
      vertex 51.9306 49.6299 28.05
    endloop
  endfacet
  facet normal -0.194891 0.980825 0
    outer loop
      vertex 51.7766 49.5993 28.05
      vertex 51.9306 49.6299 27.25
      vertex 51.7766 49.5993 27.25
    endloop
  endfacet
  facet normal -0.659406 0.751787 0
    outer loop
      vertex 52.4685 49.9405 27.25
      vertex 52.3505 49.837 28.05
      vertex 52.4685 49.9405 28.05
    endloop
  endfacet
  facet normal -0.659406 0.751787 0
    outer loop
      vertex 52.3505 49.837 28.05
      vertex 52.4685 49.9405 27.25
      vertex 52.3505 49.837 27.25
    endloop
  endfacet
  facet normal -0.896961 -0.44211 0
    outer loop
      vertex 52.7286 57.8482 27.25
      vertex 52.6592 57.989 28.05
      vertex 52.6592 57.989 27.25
    endloop
  endfacet
  facet normal -0.896961 -0.44211 0
    outer loop
      vertex 52.6592 57.989 28.05
      vertex 52.7286 57.8482 27.25
      vertex 52.7286 57.8482 28.05
    endloop
  endfacet
  facet normal -0.659406 -0.751787 0
    outer loop
      vertex 52.3505 58.341 27.25
      vertex 52.4685 58.2375 28.05
      vertex 52.3505 58.341 28.05
    endloop
  endfacet
  facet normal -0.659406 -0.751787 -0
    outer loop
      vertex 52.4685 58.2375 28.05
      vertex 52.3505 58.341 27.25
      vertex 52.4685 58.2375 27.25
    endloop
  endfacet
  facet normal -0.997844 -0.0656309 0
    outer loop
      vertex 52.82 57.389 27.25
      vertex 52.8097 57.5456 28.05
      vertex 52.8097 57.5456 27.25
    endloop
  endfacet
  facet normal -0.997844 -0.0656309 0
    outer loop
      vertex 52.8097 57.5456 28.05
      vertex 52.82 57.389 27.25
      vertex 52.82 57.389 28.05
    endloop
  endfacet
  facet normal -0.946819 -0.321766 0
    outer loop
      vertex 52.7791 57.6996 27.25
      vertex 52.7286 57.8482 28.05
      vertex 52.7286 57.8482 27.25
    endloop
  endfacet
  facet normal -0.946819 -0.321766 0
    outer loop
      vertex 52.7286 57.8482 28.05
      vertex 52.7791 57.6996 27.25
      vertex 52.7791 57.6996 28.05
    endloop
  endfacet
  facet normal -0.831462 0.555582 0
    outer loop
      vertex 52.572 50.0585 27.25
      vertex 52.6592 50.189 28.05
      vertex 52.6592 50.189 27.25
    endloop
  endfacet
  facet normal -0.831462 0.555582 0
    outer loop
      vertex 52.6592 50.189 28.05
      vertex 52.572 50.0585 27.25
      vertex 52.572 50.0585 28.05
    endloop
  endfacet
  facet normal -0.896961 0.44211 0
    outer loop
      vertex 52.6592 50.189 27.25
      vertex 52.7286 50.3298 28.05
      vertex 52.7286 50.3298 27.25
    endloop
  endfacet
  facet normal -0.896961 0.44211 0
    outer loop
      vertex 52.7286 50.3298 28.05
      vertex 52.6592 50.189 27.25
      vertex 52.6592 50.189 28.05
    endloop
  endfacet
  facet normal -0.997844 0.0656309 0
    outer loop
      vertex 52.8097 50.6324 27.25
      vertex 52.82 50.789 28.05
      vertex 52.82 50.789 27.25
    endloop
  endfacet
  facet normal -0.997844 0.0656309 0
    outer loop
      vertex 52.82 50.789 28.05
      vertex 52.8097 50.6324 27.25
      vertex 52.8097 50.6324 28.05
    endloop
  endfacet
  facet normal -0.555582 -0.831462 0
    outer loop
      vertex 52.22 58.4282 27.25
      vertex 52.3505 58.341 28.05
      vertex 52.22 58.4282 28.05
    endloop
  endfacet
  facet normal -0.555582 -0.831462 -0
    outer loop
      vertex 52.3505 58.341 28.05
      vertex 52.22 58.4282 27.25
      vertex 52.3505 58.341 27.25
    endloop
  endfacet
  facet normal -0.831462 -0.555582 0
    outer loop
      vertex 52.6592 57.989 27.25
      vertex 52.572 58.1195 28.05
      vertex 52.572 58.1195 27.25
    endloop
  endfacet
  facet normal -0.831462 -0.555582 0
    outer loop
      vertex 52.572 58.1195 28.05
      vertex 52.6592 57.989 27.25
      vertex 52.6592 57.989 28.05
    endloop
  endfacet
  facet normal -0.751787 -0.659406 0
    outer loop
      vertex 52.572 58.1195 27.25
      vertex 52.4685 58.2375 28.05
      vertex 52.4685 58.2375 27.25
    endloop
  endfacet
  facet normal -0.751787 -0.659406 0
    outer loop
      vertex 52.4685 58.2375 28.05
      vertex 52.572 58.1195 27.25
      vertex 52.572 58.1195 28.05
    endloop
  endfacet
  facet normal -0 0 1
    outer loop
      vertex 46.9603 54.3566 26.8
      vertex 48.0326 54.1517 26.8
      vertex 48.0237 54.5315 26.8
    endloop
  endfacet
  facet normal -0 0 1
    outer loop
      vertex 46.9485 54.7258 26.8
      vertex 48.0237 54.5315 26.8
      vertex 47.9967 54.883 26.8
    endloop
  endfacet
  facet normal 0 0 1
    outer loop
      vertex 48.0326 54.1517 26.8
      vertex 46.9603 54.3566 26.8
      vertex 46.9618 54.1517 26.8
    endloop
  endfacet
  facet normal -0 0 1
    outer loop
      vertex 46.9382 54.8901 26.8
      vertex 47.9967 54.883 26.8
      vertex 47.9517 55.2064 26.8
    endloop
  endfacet
  facet normal 0 0 1
    outer loop
      vertex 46.9603 53.9549 26.8
      vertex 48.0326 54.1517 26.8
      vertex 46.9618 54.1517 26.8
    endloop
  endfacet
  facet normal 0 0 1
    outer loop
      vertex 46.9087 55.1784 26.8
      vertex 47.9517 55.2064 26.8
      vertex 47.8888 55.5015 26.8
    endloop
  endfacet
  facet normal 0 0 1
    outer loop
      vertex 48.0326 54.1517 26.8
      vertex 46.9603 53.9549 26.8
      vertex 48.0232 53.7778 26.8
    endloop
  endfacet
  facet normal 0 0 1
    outer loop
      vertex 46.8672 55.4148 26.8
      vertex 47.8888 55.5015 26.8
      vertex 47.8079 55.7684 26.8
    endloop
  endfacet
  facet normal 0 0 1
    outer loop
      vertex 46.9557 53.7701 26.8
      vertex 48.0232 53.7778 26.8
      vertex 46.9603 53.9549 26.8
    endloop
  endfacet
  facet normal 0 0 1
    outer loop
      vertex 46.8412 55.5178 26.8
      vertex 47.8079 55.7684 26.8
      vertex 47.709 56.0071 26.8
    endloop
  endfacet
  facet normal 0 0 1
    outer loop
      vertex 46.9482 53.5975 26.8
      vertex 48.0232 53.7778 26.8
      vertex 46.9557 53.7701 26.8
    endloop
  endfacet
  facet normal 0 0 1
    outer loop
      vertex 46.7786 55.6955 26.8
      vertex 47.709 56.0071 26.8
      vertex 47.5922 56.2176 26.8
    endloop
  endfacet
  facet normal 0 0 1
    outer loop
      vertex 48.0232 53.7778 26.8
      vertex 46.9482 53.5975 26.8
      vertex 47.9947 53.4307 26.8
    endloop
  endfacet
  facet normal 0 0 1
    outer loop
      vertex 46.742 55.7701 26.8
      vertex 47.5922 56.2176 26.8
      vertex 47.4559 56.3999 26.8
    endloop
  endfacet
  facet normal -0 0 1
    outer loop
      vertex 46.9376 53.4369 26.8
      vertex 47.9947 53.4307 26.8
      vertex 46.9482 53.5975 26.8
    endloop
  endfacet
  facet normal 0 0 1
    outer loop
      vertex 46.7017 55.8353 26.8
      vertex 47.4559 56.3999 26.8
      vertex 47.2989 56.5542 26.8
    endloop
  endfacet
  facet normal 0 0 1
    outer loop
      vertex 47.9947 53.4307 26.8
      vertex 46.9376 53.4369 26.8
      vertex 47.9472 53.1104 26.8
    endloop
  endfacet
  facet normal 0 0 1
    outer loop
      vertex 46.6095 55.9383 26.8
      vertex 47.2989 56.5542 26.8
      vertex 47.1211 56.6805 26.8
    endloop
  endfacet
  facet normal -0 0 1
    outer loop
      vertex 46.924 53.2884 26.8
      vertex 47.9472 53.1104 26.8
      vertex 46.9376 53.4369 26.8
    endloop
  endfacet
  facet normal 0 0 1
    outer loop
      vertex 47.9472 53.1104 26.8
      vertex 46.9073 53.152 26.8
      vertex 47.8808 52.8169 26.8
    endloop
  endfacet
  facet normal -0 0 1
    outer loop
      vertex 46.9073 53.152 26.8
      vertex 47.9472 53.1104 26.8
      vertex 46.924 53.2884 26.8
    endloop
  endfacet
  facet normal 0 0 1
    outer loop
      vertex 48.0237 54.5315 26.8
      vertex 46.9559 54.5479 26.8
      vertex 46.9603 54.3566 26.8
    endloop
  endfacet
  facet normal 0 0 1
    outer loop
      vertex 48.0237 54.5315 26.8
      vertex 46.9485 54.7258 26.8
      vertex 46.9559 54.5479 26.8
    endloop
  endfacet
  facet normal 0 0 1
    outer loop
      vertex 47.9967 54.883 26.8
      vertex 46.9382 54.8901 26.8
      vertex 46.9485 54.7258 26.8
    endloop
  endfacet
  facet normal 0 0 1
    outer loop
      vertex 47.9517 55.2064 26.8
      vertex 46.9249 55.041 26.8
      vertex 46.9382 54.8901 26.8
    endloop
  endfacet
  facet normal 0 0 1
    outer loop
      vertex 46.555 55.9784 26.8
      vertex 47.1211 56.6805 26.8
      vertex 46.9226 56.7787 26.8
    endloop
  endfacet
  facet normal 0 0 1
    outer loop
      vertex 47.9517 55.2064 26.8
      vertex 46.9087 55.1784 26.8
      vertex 46.9249 55.041 26.8
    endloop
  endfacet
  facet normal 0 0 1
    outer loop
      vertex 47.8888 55.5015 26.8
      vertex 46.8896 55.3024 26.8
      vertex 46.9087 55.1784 26.8
    endloop
  endfacet
  facet normal 0 0 1
    outer loop
      vertex 47.8888 55.5015 26.8
      vertex 46.8672 55.4148 26.8
      vertex 46.8896 55.3024 26.8
    endloop
  endfacet
  facet normal 0 0 1
    outer loop
      vertex 47.8079 55.7684 26.8
      vertex 46.8412 55.5178 26.8
      vertex 46.8672 55.4148 26.8
    endloop
  endfacet
  facet normal 0 0 1
    outer loop
      vertex 47.709 56.0071 26.8
      vertex 46.8117 55.6114 26.8
      vertex 46.8412 55.5178 26.8
    endloop
  endfacet
  facet normal 0 0 1
    outer loop
      vertex 47.709 56.0071 26.8
      vertex 46.7786 55.6955 26.8
      vertex 46.8117 55.6114 26.8
    endloop
  endfacet
  facet normal 0 0 1
    outer loop
      vertex 47.5922 56.2176 26.8
      vertex 46.742 55.7701 26.8
      vertex 46.7786 55.6955 26.8
    endloop
  endfacet
  facet normal 0 0 1
    outer loop
      vertex 46.4948 56.0112 26.8
      vertex 46.9226 56.7787 26.8
      vertex 46.7033 56.8488 26.8
    endloop
  endfacet
  facet normal 0 0 1
    outer loop
      vertex 47.4559 56.3999 26.8
      vertex 46.7017 55.8353 26.8
      vertex 46.742 55.7701 26.8
    endloop
  endfacet
  facet normal 0 0 1
    outer loop
      vertex 47.2989 56.5542 26.8
      vertex 46.658 55.891 26.8
      vertex 46.7017 55.8353 26.8
    endloop
  endfacet
  facet normal 0 0 1
    outer loop
      vertex 47.2989 56.5542 26.8
      vertex 46.6095 55.9383 26.8
      vertex 46.658 55.891 26.8
    endloop
  endfacet
  facet normal 0 0 1
    outer loop
      vertex 47.1211 56.6805 26.8
      vertex 46.555 55.9784 26.8
      vertex 46.6095 55.9383 26.8
    endloop
  endfacet
  facet normal 0 0 1
    outer loop
      vertex 46.9226 56.7787 26.8
      vertex 46.4948 56.0112 26.8
      vertex 46.555 55.9784 26.8
    endloop
  endfacet
  facet normal 0 0 1
    outer loop
      vertex 46.4286 56.0367 26.8
      vertex 46.7033 56.8488 26.8
      vertex 46.4632 56.8909 26.8
    endloop
  endfacet
  facet normal 0 0 1
    outer loop
      vertex 46.7033 56.8488 26.8
      vertex 46.4286 56.0367 26.8
      vertex 46.4948 56.0112 26.8
    endloop
  endfacet
  facet normal 0 0 1
    outer loop
      vertex 46.4632 56.8909 26.8
      vertex 46.3565 56.0549 26.8
      vertex 46.4286 56.0367 26.8
    endloop
  endfacet
  facet normal 0 0 1
    outer loop
      vertex 46.4632 56.8909 26.8
      vertex 46.2785 56.0658 26.8
      vertex 46.3565 56.0549 26.8
    endloop
  endfacet
  facet normal 0 0 1
    outer loop
      vertex 46.2023 56.9049 26.8
      vertex 46.2785 56.0658 26.8
      vertex 46.4632 56.8909 26.8
    endloop
  endfacet
  facet normal 0 0 1
    outer loop
      vertex 46.2023 56.9049 26.8
      vertex 46.1947 56.0695 26.8
      vertex 46.2785 56.0658 26.8
    endloop
  endfacet
  facet normal 0 0 1
    outer loop
      vertex 46.2023 56.9049 26.8
      vertex 46.1057 56.0658 26.8
      vertex 46.1947 56.0695 26.8
    endloop
  endfacet
  facet normal -0 0 1
    outer loop
      vertex 46.0188 56.899 26.8
      vertex 46.1057 56.0658 26.8
      vertex 46.2023 56.9049 26.8
    endloop
  endfacet
  facet normal 0 0 1
    outer loop
      vertex 46.1057 56.0658 26.8
      vertex 46.0188 56.899 26.8
      vertex 46.0231 56.0547 26.8
    endloop
  endfacet
  facet normal -0 0 1
    outer loop
      vertex 45.8458 56.8814 26.8
      vertex 46.0231 56.0547 26.8
      vertex 46.0188 56.899 26.8
    endloop
  endfacet
  facet normal 0 0 1
    outer loop
      vertex 46.0231 56.0547 26.8
      vertex 45.8458 56.8814 26.8
      vertex 45.947 56.0363 26.8
    endloop
  endfacet
  facet normal -0 0 1
    outer loop
      vertex 45.6833 56.8519 26.8
      vertex 45.947 56.0363 26.8
      vertex 45.8458 56.8814 26.8
    endloop
  endfacet
  facet normal 0 0 1
    outer loop
      vertex 45.947 56.0363 26.8
      vertex 45.6833 56.8519 26.8
      vertex 45.8772 56.0106 26.8
    endloop
  endfacet
  facet normal -0 0 1
    outer loop
      vertex 45.5314 56.8107 26.8
      vertex 45.8772 56.0106 26.8
      vertex 45.6833 56.8519 26.8
    endloop
  endfacet
  facet normal 0 0 1
    outer loop
      vertex 45.8772 56.0106 26.8
      vertex 45.5314 56.8107 26.8
      vertex 45.814 55.9774 26.8
    endloop
  endfacet
  facet normal -0 0 1
    outer loop
      vertex 45.3901 56.7577 26.8
      vertex 45.814 55.9774 26.8
      vertex 45.5314 56.8107 26.8
    endloop
  endfacet
  facet normal 0 0 1
    outer loop
      vertex 45.814 55.9774 26.8
      vertex 45.3901 56.7577 26.8
      vertex 45.7571 55.9369 26.8
    endloop
  endfacet
  facet normal -0 0 1
    outer loop
      vertex 45.2592 56.6929 26.8
      vertex 45.7571 55.9369 26.8
      vertex 45.3901 56.7577 26.8
    endloop
  endfacet
  facet normal -0 0 1
    outer loop
      vertex 45.139 56.6163 26.8
      vertex 45.7571 55.9369 26.8
      vertex 45.2592 56.6929 26.8
    endloop
  endfacet
  facet normal 0 0 1
    outer loop
      vertex 45.7571 55.9369 26.8
      vertex 45.139 56.6163 26.8
      vertex 45.7067 55.8891 26.8
    endloop
  endfacet
  facet normal -0 0 1
    outer loop
      vertex 45.0281 56.5273 26.8
      vertex 45.7067 55.8891 26.8
      vertex 45.139 56.6163 26.8
    endloop
  endfacet
  facet normal 0 0 1
    outer loop
      vertex 45.7067 55.8891 26.8
      vertex 45.0281 56.5273 26.8
      vertex 45.6614 55.8329 26.8
    endloop
  endfacet
  facet normal -0 0 1
    outer loop
      vertex 44.9254 56.4253 26.8
      vertex 45.6614 55.8329 26.8
      vertex 45.0281 56.5273 26.8
    endloop
  endfacet
  facet normal -0 0 1
    outer loop
      vertex 44.8309 56.3103 26.8
      vertex 45.6614 55.8329 26.8
      vertex 44.9254 56.4253 26.8
    endloop
  endfacet
  facet normal 0 0 1
    outer loop
      vertex 45.6614 55.8329 26.8
      vertex 44.8309 56.3103 26.8
      vertex 45.62 55.7674 26.8
    endloop
  endfacet
  facet normal -0 0 1
    outer loop
      vertex 44.7447 56.1823 26.8
      vertex 45.62 55.7674 26.8
      vertex 44.8309 56.3103 26.8
    endloop
  endfacet
  facet normal 0 0 1
    outer loop
      vertex 45.62 55.7674 26.8
      vertex 44.7447 56.1823 26.8
      vertex 45.5825 55.6926 26.8
    endloop
  endfacet
  facet normal -0 0 1
    outer loop
      vertex 44.6666 56.0412 26.8
      vertex 45.5825 55.6926 26.8
      vertex 44.7447 56.1823 26.8
    endloop
  endfacet
  facet normal -0 0 1
    outer loop
      vertex 44.5352 55.7201 26.8
      vertex 45.5191 55.5151 26.8
      vertex 44.5968 55.8872 26.8
    endloop
  endfacet
  facet normal 0 0 1
    outer loop
      vertex 45.5489 55.6085 26.8
      vertex 44.5968 55.8872 26.8
      vertex 45.5191 55.5151 26.8
    endloop
  endfacet
  facet normal -0 0 1
    outer loop
      vertex 44.5968 55.8872 26.8
      vertex 45.5489 55.6085 26.8
      vertex 44.6666 56.0412 26.8
    endloop
  endfacet
  facet normal 0 0 1
    outer loop
      vertex 45.5825 55.6926 26.8
      vertex 44.6666 56.0412 26.8
      vertex 45.5489 55.6085 26.8
    endloop
  endfacet
  facet normal -0 0 1
    outer loop
      vertex 46.8877 53.0277 26.8
      vertex 47.8808 52.8169 26.8
      vertex 46.9073 53.152 26.8
    endloop
  endfacet
  facet normal -0 0 1
    outer loop
      vertex 46.8647 52.914 26.8
      vertex 47.8808 52.8169 26.8
      vertex 46.8877 53.0277 26.8
    endloop
  endfacet
  facet normal 0 0 1
    outer loop
      vertex 47.8808 52.8169 26.8
      vertex 46.8647 52.914 26.8
      vertex 47.7953 52.5502 26.8
    endloop
  endfacet
  facet normal -0 0 1
    outer loop
      vertex 46.8379 52.8096 26.8
      vertex 47.7953 52.5502 26.8
      vertex 46.8647 52.914 26.8
    endloop
  endfacet
  facet normal 0 0 1
    outer loop
      vertex 47.7953 52.5502 26.8
      vertex 46.8379 52.8096 26.8
      vertex 47.6909 52.3103 26.8
    endloop
  endfacet
  facet normal -0 0 1
    outer loop
      vertex 46.8075 52.7144 26.8
      vertex 47.6909 52.3103 26.8
      vertex 46.8379 52.8096 26.8
    endloop
  endfacet
  facet normal -0 0 1
    outer loop
      vertex 46.7733 52.6284 26.8
      vertex 47.6909 52.3103 26.8
      vertex 46.8075 52.7144 26.8
    endloop
  endfacet
  facet normal 0 0 1
    outer loop
      vertex 47.6909 52.3103 26.8
      vertex 46.7733 52.6284 26.8
      vertex 47.5675 52.0973 26.8
    endloop
  endfacet
  facet normal -0 0 1
    outer loop
      vertex 46.7354 52.5516 26.8
      vertex 47.5675 52.0973 26.8
      vertex 46.7733 52.6284 26.8
    endloop
  endfacet
  facet normal 0 0 1
    outer loop
      vertex 47.5675 52.0973 26.8
      vertex 46.7354 52.5516 26.8
      vertex 47.4251 51.9119 26.8
    endloop
  endfacet
  facet normal -0 0 1
    outer loop
      vertex 46.6938 52.4841 26.8
      vertex 47.4251 51.9119 26.8
      vertex 46.7354 52.5516 26.8
    endloop
  endfacet
  facet normal -0 0 1
    outer loop
      vertex 46.6484 52.4258 26.8
      vertex 47.4251 51.9119 26.8
      vertex 46.6938 52.4841 26.8
    endloop
  endfacet
  facet normal 0 0 1
    outer loop
      vertex 47.4251 51.9119 26.8
      vertex 46.6484 52.4258 26.8
      vertex 47.2637 51.7551 26.8
    endloop
  endfacet
  facet normal -0 0 1
    outer loop
      vertex 46.5984 52.3759 26.8
      vertex 47.2637 51.7551 26.8
      vertex 46.6484 52.4258 26.8
    endloop
  endfacet
  facet normal 0 0 1
    outer loop
      vertex 47.2637 51.7551 26.8
      vertex 46.5984 52.3759 26.8
      vertex 47.0833 51.6267 26.8
    endloop
  endfacet
  facet normal -0 0 1
    outer loop
      vertex 46.5428 52.3337 26.8
      vertex 47.0833 51.6267 26.8
      vertex 46.5984 52.3759 26.8
    endloop
  endfacet
  facet normal 0 0 1
    outer loop
      vertex 47.0833 51.6267 26.8
      vertex 46.5428 52.3337 26.8
      vertex 46.8839 51.5269 26.8
    endloop
  endfacet
  facet normal -0 0 1
    outer loop
      vertex 46.4814 52.2992 26.8
      vertex 46.8839 51.5269 26.8
      vertex 46.5428 52.3337 26.8
    endloop
  endfacet
  facet normal 0 0 1
    outer loop
      vertex 46.8839 51.5269 26.8
      vertex 46.4814 52.2992 26.8
      vertex 46.6656 51.4556 26.8
    endloop
  endfacet
  facet normal -0 0 1
    outer loop
      vertex 46.4144 52.2723 26.8
      vertex 46.6656 51.4556 26.8
      vertex 46.4814 52.2992 26.8
    endloop
  endfacet
  facet normal -0 0 1
    outer loop
      vertex 46.3418 52.2531 26.8
      vertex 46.6656 51.4556 26.8
      vertex 46.4144 52.2723 26.8
    endloop
  endfacet
  facet normal 0 0 1
    outer loop
      vertex 46.6656 51.4556 26.8
      vertex 46.3418 52.2531 26.8
      vertex 46.4282 51.4128 26.8
    endloop
  endfacet
  facet normal -0 0 1
    outer loop
      vertex 46.2635 52.2416 26.8
      vertex 46.4282 51.4128 26.8
      vertex 46.3418 52.2531 26.8
    endloop
  endfacet
  facet normal 0 0 1
    outer loop
      vertex 46.1719 51.3986 26.8
      vertex 46.2635 52.2416 26.8
      vertex 46.1795 52.2378 26.8
    endloop
  endfacet
  facet normal 0 0 1
    outer loop
      vertex 46.2635 52.2416 26.8
      vertex 46.1719 51.3986 26.8
      vertex 46.4282 51.4128 26.8
    endloop
  endfacet
  facet normal 0 0 1
    outer loop
      vertex 46.0946 52.2414 26.8
      vertex 46.1719 51.3986 26.8
      vertex 46.1795 52.2378 26.8
    endloop
  endfacet
  facet normal 0 0 1
    outer loop
      vertex 46.0157 52.2524 26.8
      vertex 46.1719 51.3986 26.8
      vertex 46.0946 52.2414 26.8
    endloop
  endfacet
  facet normal 0 0 1
    outer loop
      vertex 45.6843 51.4548 26.8
      vertex 46.0157 52.2524 26.8
      vertex 45.9427 52.2706 26.8
    endloop
  endfacet
  facet normal 0 0 1
    outer loop
      vertex 45.6843 51.4548 26.8
      vertex 45.9427 52.2706 26.8
      vertex 45.8757 52.2961 26.8
    endloop
  endfacet
  facet normal 0 0 1
    outer loop
      vertex 45.6843 51.4548 26.8
      vertex 45.8757 52.2961 26.8
      vertex 45.8147 52.3288 26.8
    endloop
  endfacet
  facet normal 0 0 1
    outer loop
      vertex 45.2716 51.6233 26.8
      vertex 45.8147 52.3288 26.8
      vertex 45.7596 52.3689 26.8
    endloop
  endfacet
  facet normal 0 0 1
    outer loop
      vertex 45.2716 51.6233 26.8
      vertex 45.7596 52.3689 26.8
      vertex 45.7105 52.4163 26.8
    endloop
  endfacet
  facet normal 0 0 1
    outer loop
      vertex 46.0157 52.2524 26.8
      vertex 45.6843 51.4548 26.8
      vertex 46.1719 51.3986 26.8
    endloop
  endfacet
  facet normal 0 0 1
    outer loop
      vertex 44.9341 51.9043 26.8
      vertex 45.7105 52.4163 26.8
      vertex 45.6662 52.472 26.8
    endloop
  endfacet
  facet normal 0 0 1
    outer loop
      vertex 44.9341 51.9043 26.8
      vertex 45.6662 52.472 26.8
      vertex 45.6254 52.5373 26.8
    endloop
  endfacet
  facet normal 0 0 1
    outer loop
      vertex 44.6715 52.2976 26.8
      vertex 45.6254 52.5373 26.8
      vertex 45.5882 52.6122 26.8
    endloop
  endfacet
  facet normal 0 0 1
    outer loop
      vertex 44.6715 52.2976 26.8
      vertex 45.5882 52.6122 26.8
      vertex 45.5546 52.6965 26.8
    endloop
  endfacet
  facet normal 0 0 1
    outer loop
      vertex 44.6715 52.2976 26.8
      vertex 45.5546 52.6965 26.8
      vertex 45.5245 52.7904 26.8
    endloop
  endfacet
  facet normal 0 0 1
    outer loop
      vertex 44.6715 52.2976 26.8
      vertex 45.5245 52.7904 26.8
      vertex 45.498 52.8938 26.8
    endloop
  endfacet
  facet normal 0 0 1
    outer loop
      vertex 44.4839 52.8033 26.8
      vertex 45.498 52.8938 26.8
      vertex 45.475 53.0068 26.8
    endloop
  endfacet
  facet normal 0 0 1
    outer loop
      vertex 44.4839 52.8033 26.8
      vertex 45.475 53.0068 26.8
      vertex 45.4554 53.1311 26.8
    endloop
  endfacet
  facet normal 0 0 1
    outer loop
      vertex 45.8147 52.3288 26.8
      vertex 45.2716 51.6233 26.8
      vertex 45.6843 51.4548 26.8
    endloop
  endfacet
  facet normal 0 0 1
    outer loop
      vertex 44.4839 52.8033 26.8
      vertex 45.4554 53.1311 26.8
      vertex 45.4388 53.2684 26.8
    endloop
  endfacet
  facet normal 0 0 1
    outer loop
      vertex 44.3714 53.4213 26.8
      vertex 45.4388 53.2684 26.8
      vertex 45.4252 53.4189 26.8
    endloop
  endfacet
  facet normal -0 0 1
    outer loop
      vertex 44.3714 53.4213 26.8
      vertex 45.4252 53.4189 26.8
      vertex 45.4146 53.5825 26.8
    endloop
  endfacet
  facet normal 0 0 1
    outer loop
      vertex 44.3714 53.4213 26.8
      vertex 45.4146 53.5825 26.8
      vertex 45.407 53.7591 26.8
    endloop
  endfacet
  facet normal 0 0 1
    outer loop
      vertex 44.3339 54.1517 26.8
      vertex 45.407 53.7591 26.8
      vertex 45.4025 53.9489 26.8
    endloop
  endfacet
  facet normal -0 0 1
    outer loop
      vertex 44.3339 54.1517 26.8
      vertex 45.4025 53.9489 26.8
      vertex 45.401 54.1517 26.8
    endloop
  endfacet
  facet normal 0 0 1
    outer loop
      vertex 45.4526 55.177 26.8
      vertex 44.4366 55.3441 26.8
      vertex 45.4368 55.0401 26.8
    endloop
  endfacet
  facet normal 0 0 1
    outer loop
      vertex 45.5191 55.5151 26.8
      vertex 44.5352 55.7201 26.8
      vertex 45.4932 55.4125 26.8
    endloop
  endfacet
  facet normal -0 0 1
    outer loop
      vertex 44.4818 55.5393 26.8
      vertex 45.4932 55.4125 26.8
      vertex 44.5352 55.7201 26.8
    endloop
  endfacet
  facet normal 0 0 1
    outer loop
      vertex 45.4932 55.4125 26.8
      vertex 44.4818 55.5393 26.8
      vertex 45.4712 55.3005 26.8
    endloop
  endfacet
  facet normal 0 0 1
    outer loop
      vertex 45.407 53.7591 26.8
      vertex 44.3339 54.1517 26.8
      vertex 44.3714 53.4213 26.8
    endloop
  endfacet
  facet normal -0 0 1
    outer loop
      vertex 44.4366 55.3441 26.8
      vertex 45.4712 55.3005 26.8
      vertex 44.4818 55.5393 26.8
    endloop
  endfacet
  facet normal 0 0 1
    outer loop
      vertex 45.4712 55.3005 26.8
      vertex 44.4366 55.3441 26.8
      vertex 45.4526 55.177 26.8
    endloop
  endfacet
  facet normal -0 0 1
    outer loop
      vertex 44.3996 55.1344 26.8
      vertex 45.4368 55.0401 26.8
      vertex 44.4366 55.3441 26.8
    endloop
  endfacet
  facet normal 0 0 1
    outer loop
      vertex 45.4388 53.2684 26.8
      vertex 44.3714 53.4213 26.8
      vertex 44.4839 52.8033 26.8
    endloop
  endfacet
  facet normal 0 0 1
    outer loop
      vertex 45.4368 55.0401 26.8
      vertex 44.3996 55.1344 26.8
      vertex 45.4239 54.8895 26.8
    endloop
  endfacet
  facet normal -0 0 1
    outer loop
      vertex 44.3709 54.9104 26.8
      vertex 45.4239 54.8895 26.8
      vertex 44.3996 55.1344 26.8
    endloop
  endfacet
  facet normal 0 0 1
    outer loop
      vertex 45.4239 54.8895 26.8
      vertex 44.3709 54.9104 26.8
      vertex 45.4139 54.7254 26.8
    endloop
  endfacet
  facet normal 0 0 1
    outer loop
      vertex 45.4024 54.3565 26.8
      vertex 44.3339 54.1517 26.8
      vertex 45.401 54.1517 26.8
    endloop
  endfacet
  facet normal 0 0 1
    outer loop
      vertex 44.3503 54.6719 26.8
      vertex 45.4139 54.7254 26.8
      vertex 44.3709 54.9104 26.8
    endloop
  endfacet
  facet normal 0 0 1
    outer loop
      vertex 45.4139 54.7254 26.8
      vertex 44.3503 54.6719 26.8
      vertex 45.4067 54.5478 26.8
    endloop
  endfacet
  facet normal 0 0 1
    outer loop
      vertex 44.338 54.419 26.8
      vertex 45.4067 54.5478 26.8
      vertex 44.3503 54.6719 26.8
    endloop
  endfacet
  facet normal 0 0 1
    outer loop
      vertex 45.4067 54.5478 26.8
      vertex 44.338 54.419 26.8
      vertex 45.4024 54.3565 26.8
    endloop
  endfacet
  facet normal 0 0 1
    outer loop
      vertex 44.3339 54.1517 26.8
      vertex 45.4024 54.3565 26.8
      vertex 44.338 54.419 26.8
    endloop
  endfacet
  facet normal 0 0 1
    outer loop
      vertex 45.498 52.8938 26.8
      vertex 44.4839 52.8033 26.8
      vertex 44.6715 52.2976 26.8
    endloop
  endfacet
  facet normal 0 0 1
    outer loop
      vertex 45.6254 52.5373 26.8
      vertex 44.6715 52.2976 26.8
      vertex 44.9341 51.9043 26.8
    endloop
  endfacet
  facet normal 0 0 1
    outer loop
      vertex 45.7105 52.4163 26.8
      vertex 44.9341 51.9043 26.8
      vertex 45.2716 51.6233 26.8
    endloop
  endfacet
  facet normal -0 0 1
    outer loop
      vertex 42.7361 54.3566 26.8
      vertex 43.8084 54.1517 26.8
      vertex 43.7994 54.5315 26.8
    endloop
  endfacet
  facet normal -0 0 1
    outer loop
      vertex 42.7243 54.7258 26.8
      vertex 43.7994 54.5315 26.8
      vertex 43.7725 54.883 26.8
    endloop
  endfacet
  facet normal 0 0 1
    outer loop
      vertex 43.8084 54.1517 26.8
      vertex 42.7361 54.3566 26.8
      vertex 42.7375 54.1517 26.8
    endloop
  endfacet
  facet normal -0 0 1
    outer loop
      vertex 42.714 54.8901 26.8
      vertex 43.7725 54.883 26.8
      vertex 43.7275 55.2064 26.8
    endloop
  endfacet
  facet normal 0 0 1
    outer loop
      vertex 42.736 53.9549 26.8
      vertex 43.8084 54.1517 26.8
      vertex 42.7375 54.1517 26.8
    endloop
  endfacet
  facet normal 0 0 1
    outer loop
      vertex 42.6845 55.1784 26.8
      vertex 43.7275 55.2064 26.8
      vertex 43.6646 55.5015 26.8
    endloop
  endfacet
  facet normal 0 0 1
    outer loop
      vertex 43.8084 54.1517 26.8
      vertex 42.736 53.9549 26.8
      vertex 43.7989 53.7778 26.8
    endloop
  endfacet
  facet normal 0 0 1
    outer loop
      vertex 42.643 55.4148 26.8
      vertex 43.6646 55.5015 26.8
      vertex 43.5837 55.7684 26.8
    endloop
  endfacet
  facet normal 0 0 1
    outer loop
      vertex 42.7315 53.7701 26.8
      vertex 43.7989 53.7778 26.8
      vertex 42.736 53.9549 26.8
    endloop
  endfacet
  facet normal 0 0 1
    outer loop
      vertex 42.617 55.5178 26.8
      vertex 43.5837 55.7684 26.8
      vertex 43.4848 56.0071 26.8
    endloop
  endfacet
  facet normal 0 0 1
    outer loop
      vertex 42.7239 53.5975 26.8
      vertex 43.7989 53.7778 26.8
      vertex 42.7315 53.7701 26.8
    endloop
  endfacet
  facet normal 0 0 1
    outer loop
      vertex 42.5544 55.6955 26.8
      vertex 43.4848 56.0071 26.8
      vertex 43.3679 56.2176 26.8
    endloop
  endfacet
  facet normal 0 0 1
    outer loop
      vertex 43.7989 53.7778 26.8
      vertex 42.7239 53.5975 26.8
      vertex 43.7705 53.4307 26.8
    endloop
  endfacet
  facet normal 0 0 1
    outer loop
      vertex 42.5177 55.7701 26.8
      vertex 43.3679 56.2176 26.8
      vertex 43.2317 56.3999 26.8
    endloop
  endfacet
  facet normal -0 0 1
    outer loop
      vertex 42.7133 53.4369 26.8
      vertex 43.7705 53.4307 26.8
      vertex 42.7239 53.5975 26.8
    endloop
  endfacet
  facet normal 0 0 1
    outer loop
      vertex 42.4775 55.8353 26.8
      vertex 43.2317 56.3999 26.8
      vertex 43.0747 56.5542 26.8
    endloop
  endfacet
  facet normal 0 0 1
    outer loop
      vertex 43.7705 53.4307 26.8
      vertex 42.7133 53.4369 26.8
      vertex 43.723 53.1104 26.8
    endloop
  endfacet
  facet normal 0 0 1
    outer loop
      vertex 42.3852 55.9383 26.8
      vertex 43.0747 56.5542 26.8
      vertex 42.8969 56.6805 26.8
    endloop
  endfacet
  facet normal -0 0 1
    outer loop
      vertex 42.6997 53.2884 26.8
      vertex 43.723 53.1104 26.8
      vertex 42.7133 53.4369 26.8
    endloop
  endfacet
  facet normal 0 0 1
    outer loop
      vertex 43.723 53.1104 26.8
      vertex 42.6831 53.152 26.8
      vertex 43.6565 52.8169 26.8
    endloop
  endfacet
  facet normal -0 0 1
    outer loop
      vertex 42.6831 53.152 26.8
      vertex 43.723 53.1104 26.8
      vertex 42.6997 53.2884 26.8
    endloop
  endfacet
  facet normal 0 0 1
    outer loop
      vertex 43.7994 54.5315 26.8
      vertex 42.7317 54.5479 26.8
      vertex 42.7361 54.3566 26.8
    endloop
  endfacet
  facet normal 0 0 1
    outer loop
      vertex 43.7994 54.5315 26.8
      vertex 42.7243 54.7258 26.8
      vertex 42.7317 54.5479 26.8
    endloop
  endfacet
  facet normal 0 0 1
    outer loop
      vertex 43.7725 54.883 26.8
      vertex 42.714 54.8901 26.8
      vertex 42.7243 54.7258 26.8
    endloop
  endfacet
  facet normal 0 0 1
    outer loop
      vertex 43.7275 55.2064 26.8
      vertex 42.7007 55.041 26.8
      vertex 42.714 54.8901 26.8
    endloop
  endfacet
  facet normal 0 0 1
    outer loop
      vertex 42.3308 55.9784 26.8
      vertex 42.8969 56.6805 26.8
      vertex 42.6983 56.7787 26.8
    endloop
  endfacet
  facet normal 0 0 1
    outer loop
      vertex 43.7275 55.2064 26.8
      vertex 42.6845 55.1784 26.8
      vertex 42.7007 55.041 26.8
    endloop
  endfacet
  facet normal 0 0 1
    outer loop
      vertex 43.6646 55.5015 26.8
      vertex 42.6654 55.3024 26.8
      vertex 42.6845 55.1784 26.8
    endloop
  endfacet
  facet normal 0 0 1
    outer loop
      vertex 43.6646 55.5015 26.8
      vertex 42.643 55.4148 26.8
      vertex 42.6654 55.3024 26.8
    endloop
  endfacet
  facet normal 0 0 1
    outer loop
      vertex 43.5837 55.7684 26.8
      vertex 42.617 55.5178 26.8
      vertex 42.643 55.4148 26.8
    endloop
  endfacet
  facet normal 0 0 1
    outer loop
      vertex 43.4848 56.0071 26.8
      vertex 42.5875 55.6114 26.8
      vertex 42.617 55.5178 26.8
    endloop
  endfacet
  facet normal 0 0 1
    outer loop
      vertex 43.4848 56.0071 26.8
      vertex 42.5544 55.6955 26.8
      vertex 42.5875 55.6114 26.8
    endloop
  endfacet
  facet normal 0 0 1
    outer loop
      vertex 43.3679 56.2176 26.8
      vertex 42.5177 55.7701 26.8
      vertex 42.5544 55.6955 26.8
    endloop
  endfacet
  facet normal 0 0 1
    outer loop
      vertex 42.2705 56.0112 26.8
      vertex 42.6983 56.7787 26.8
      vertex 42.479 56.8488 26.8
    endloop
  endfacet
  facet normal 0 0 1
    outer loop
      vertex 43.2317 56.3999 26.8
      vertex 42.4775 55.8353 26.8
      vertex 42.5177 55.7701 26.8
    endloop
  endfacet
  facet normal 0 0 1
    outer loop
      vertex 43.0747 56.5542 26.8
      vertex 42.4337 55.891 26.8
      vertex 42.4775 55.8353 26.8
    endloop
  endfacet
  facet normal 0 0 1
    outer loop
      vertex 43.0747 56.5542 26.8
      vertex 42.3852 55.9383 26.8
      vertex 42.4337 55.891 26.8
    endloop
  endfacet
  facet normal 0 0 1
    outer loop
      vertex 42.8969 56.6805 26.8
      vertex 42.3308 55.9784 26.8
      vertex 42.3852 55.9383 26.8
    endloop
  endfacet
  facet normal 0 0 1
    outer loop
      vertex 42.6983 56.7787 26.8
      vertex 42.2705 56.0112 26.8
      vertex 42.3308 55.9784 26.8
    endloop
  endfacet
  facet normal 0 0 1
    outer loop
      vertex 42.2043 56.0367 26.8
      vertex 42.479 56.8488 26.8
      vertex 42.2389 56.8909 26.8
    endloop
  endfacet
  facet normal 0 0 1
    outer loop
      vertex 42.479 56.8488 26.8
      vertex 42.2043 56.0367 26.8
      vertex 42.2705 56.0112 26.8
    endloop
  endfacet
  facet normal 0 0 1
    outer loop
      vertex 42.2389 56.8909 26.8
      vertex 42.1323 56.0549 26.8
      vertex 42.2043 56.0367 26.8
    endloop
  endfacet
  facet normal 0 0 1
    outer loop
      vertex 42.2389 56.8909 26.8
      vertex 42.0543 56.0658 26.8
      vertex 42.1323 56.0549 26.8
    endloop
  endfacet
  facet normal 0 0 1
    outer loop
      vertex 41.9781 56.9049 26.8
      vertex 42.0543 56.0658 26.8
      vertex 42.2389 56.8909 26.8
    endloop
  endfacet
  facet normal 0 0 1
    outer loop
      vertex 41.9781 56.9049 26.8
      vertex 41.9705 56.0695 26.8
      vertex 42.0543 56.0658 26.8
    endloop
  endfacet
  facet normal 0 0 1
    outer loop
      vertex 41.9781 56.9049 26.8
      vertex 41.8814 56.0658 26.8
      vertex 41.9705 56.0695 26.8
    endloop
  endfacet
  facet normal -0 0 1
    outer loop
      vertex 41.7945 56.899 26.8
      vertex 41.8814 56.0658 26.8
      vertex 41.9781 56.9049 26.8
    endloop
  endfacet
  facet normal 0 0 1
    outer loop
      vertex 41.8814 56.0658 26.8
      vertex 41.7945 56.899 26.8
      vertex 41.7989 56.0547 26.8
    endloop
  endfacet
  facet normal -0 0 1
    outer loop
      vertex 41.6215 56.8814 26.8
      vertex 41.7989 56.0547 26.8
      vertex 41.7945 56.899 26.8
    endloop
  endfacet
  facet normal 0 0 1
    outer loop
      vertex 41.7989 56.0547 26.8
      vertex 41.6215 56.8814 26.8
      vertex 41.7227 56.0363 26.8
    endloop
  endfacet
  facet normal -0 0 1
    outer loop
      vertex 41.4591 56.8519 26.8
      vertex 41.7227 56.0363 26.8
      vertex 41.6215 56.8814 26.8
    endloop
  endfacet
  facet normal 0 0 1
    outer loop
      vertex 41.7227 56.0363 26.8
      vertex 41.4591 56.8519 26.8
      vertex 41.653 56.0106 26.8
    endloop
  endfacet
  facet normal -0 0 1
    outer loop
      vertex 41.3072 56.8107 26.8
      vertex 41.653 56.0106 26.8
      vertex 41.4591 56.8519 26.8
    endloop
  endfacet
  facet normal 0 0 1
    outer loop
      vertex 41.653 56.0106 26.8
      vertex 41.3072 56.8107 26.8
      vertex 41.5897 55.9774 26.8
    endloop
  endfacet
  facet normal -0 0 1
    outer loop
      vertex 41.1658 56.7577 26.8
      vertex 41.5897 55.9774 26.8
      vertex 41.3072 56.8107 26.8
    endloop
  endfacet
  facet normal 0 0 1
    outer loop
      vertex 41.5897 55.9774 26.8
      vertex 41.1658 56.7577 26.8
      vertex 41.5329 55.9369 26.8
    endloop
  endfacet
  facet normal -0 0 1
    outer loop
      vertex 41.035 56.6929 26.8
      vertex 41.5329 55.9369 26.8
      vertex 41.1658 56.7577 26.8
    endloop
  endfacet
  facet normal -0 0 1
    outer loop
      vertex 40.9147 56.6163 26.8
      vertex 41.5329 55.9369 26.8
      vertex 41.035 56.6929 26.8
    endloop
  endfacet
  facet normal 0 0 1
    outer loop
      vertex 41.5329 55.9369 26.8
      vertex 40.9147 56.6163 26.8
      vertex 41.4825 55.8891 26.8
    endloop
  endfacet
  facet normal -0 0 1
    outer loop
      vertex 40.8038 56.5273 26.8
      vertex 41.4825 55.8891 26.8
      vertex 40.9147 56.6163 26.8
    endloop
  endfacet
  facet normal 0 0 1
    outer loop
      vertex 41.4825 55.8891 26.8
      vertex 40.8038 56.5273 26.8
      vertex 41.4372 55.8329 26.8
    endloop
  endfacet
  facet normal -0 0 1
    outer loop
      vertex 40.7011 56.4253 26.8
      vertex 41.4372 55.8329 26.8
      vertex 40.8038 56.5273 26.8
    endloop
  endfacet
  facet normal -0 0 1
    outer loop
      vertex 40.6067 56.3103 26.8
      vertex 41.4372 55.8329 26.8
      vertex 40.7011 56.4253 26.8
    endloop
  endfacet
  facet normal 0 0 1
    outer loop
      vertex 41.4372 55.8329 26.8
      vertex 40.6067 56.3103 26.8
      vertex 41.3958 55.7674 26.8
    endloop
  endfacet
  facet normal -0 0 1
    outer loop
      vertex 40.5204 56.1823 26.8
      vertex 41.3958 55.7674 26.8
      vertex 40.6067 56.3103 26.8
    endloop
  endfacet
  facet normal 0 0 1
    outer loop
      vertex 41.3958 55.7674 26.8
      vertex 40.5204 56.1823 26.8
      vertex 41.3583 55.6926 26.8
    endloop
  endfacet
  facet normal -0 0 1
    outer loop
      vertex 40.4424 56.0412 26.8
      vertex 41.3583 55.6926 26.8
      vertex 40.5204 56.1823 26.8
    endloop
  endfacet
  facet normal -0 0 1
    outer loop
      vertex 40.311 55.7201 26.8
      vertex 41.2949 55.5151 26.8
      vertex 40.3726 55.8872 26.8
    endloop
  endfacet
  facet normal 0 0 1
    outer loop
      vertex 41.3247 55.6085 26.8
      vertex 40.3726 55.8872 26.8
      vertex 41.2949 55.5151 26.8
    endloop
  endfacet
  facet normal -0 0 1
    outer loop
      vertex 40.3726 55.8872 26.8
      vertex 41.3247 55.6085 26.8
      vertex 40.4424 56.0412 26.8
    endloop
  endfacet
  facet normal 0 0 1
    outer loop
      vertex 41.3583 55.6926 26.8
      vertex 40.4424 56.0412 26.8
      vertex 41.3247 55.6085 26.8
    endloop
  endfacet
  facet normal -0 0 1
    outer loop
      vertex 42.6634 53.0277 26.8
      vertex 43.6565 52.8169 26.8
      vertex 42.6831 53.152 26.8
    endloop
  endfacet
  facet normal -0 0 1
    outer loop
      vertex 42.6404 52.914 26.8
      vertex 43.6565 52.8169 26.8
      vertex 42.6634 53.0277 26.8
    endloop
  endfacet
  facet normal 0 0 1
    outer loop
      vertex 43.6565 52.8169 26.8
      vertex 42.6404 52.914 26.8
      vertex 43.5711 52.5502 26.8
    endloop
  endfacet
  facet normal -0 0 1
    outer loop
      vertex 42.6137 52.8096 26.8
      vertex 43.5711 52.5502 26.8
      vertex 42.6404 52.914 26.8
    endloop
  endfacet
  facet normal 0 0 1
    outer loop
      vertex 43.5711 52.5502 26.8
      vertex 42.6137 52.8096 26.8
      vertex 43.4667 52.3103 26.8
    endloop
  endfacet
  facet normal -0 0 1
    outer loop
      vertex 42.5832 52.7144 26.8
      vertex 43.4667 52.3103 26.8
      vertex 42.6137 52.8096 26.8
    endloop
  endfacet
  facet normal -0 0 1
    outer loop
      vertex 42.5491 52.6284 26.8
      vertex 43.4667 52.3103 26.8
      vertex 42.5832 52.7144 26.8
    endloop
  endfacet
  facet normal 0 0 1
    outer loop
      vertex 43.4667 52.3103 26.8
      vertex 42.5491 52.6284 26.8
      vertex 43.3432 52.0973 26.8
    endloop
  endfacet
  facet normal -0 0 1
    outer loop
      vertex 42.5112 52.5516 26.8
      vertex 43.3432 52.0973 26.8
      vertex 42.5491 52.6284 26.8
    endloop
  endfacet
  facet normal 0 0 1
    outer loop
      vertex 43.3432 52.0973 26.8
      vertex 42.5112 52.5516 26.8
      vertex 43.2008 51.9119 26.8
    endloop
  endfacet
  facet normal -0 0 1
    outer loop
      vertex 42.4696 52.4841 26.8
      vertex 43.2008 51.9119 26.8
      vertex 42.5112 52.5516 26.8
    endloop
  endfacet
  facet normal -0 0 1
    outer loop
      vertex 42.4242 52.4258 26.8
      vertex 43.2008 51.9119 26.8
      vertex 42.4696 52.4841 26.8
    endloop
  endfacet
  facet normal 0 0 1
    outer loop
      vertex 43.2008 51.9119 26.8
      vertex 42.4242 52.4258 26.8
      vertex 43.0394 51.7551 26.8
    endloop
  endfacet
  facet normal -0 0 1
    outer loop
      vertex 42.3742 52.3759 26.8
      vertex 43.0394 51.7551 26.8
      vertex 42.4242 52.4258 26.8
    endloop
  endfacet
  facet normal 0 0 1
    outer loop
      vertex 43.0394 51.7551 26.8
      vertex 42.3742 52.3759 26.8
      vertex 42.8591 51.6267 26.8
    endloop
  endfacet
  facet normal -0 0 1
    outer loop
      vertex 42.3185 52.3337 26.8
      vertex 42.8591 51.6267 26.8
      vertex 42.3742 52.3759 26.8
    endloop
  endfacet
  facet normal 0 0 1
    outer loop
      vertex 42.8591 51.6267 26.8
      vertex 42.3185 52.3337 26.8
      vertex 42.6597 51.5269 26.8
    endloop
  endfacet
  facet normal -0 0 1
    outer loop
      vertex 42.2572 52.2992 26.8
      vertex 42.6597 51.5269 26.8
      vertex 42.3185 52.3337 26.8
    endloop
  endfacet
  facet normal 0 0 1
    outer loop
      vertex 42.6597 51.5269 26.8
      vertex 42.2572 52.2992 26.8
      vertex 42.4413 51.4556 26.8
    endloop
  endfacet
  facet normal -0 0 1
    outer loop
      vertex 42.1902 52.2723 26.8
      vertex 42.4413 51.4556 26.8
      vertex 42.2572 52.2992 26.8
    endloop
  endfacet
  facet normal -0 0 1
    outer loop
      vertex 42.1176 52.2531 26.8
      vertex 42.4413 51.4556 26.8
      vertex 42.1902 52.2723 26.8
    endloop
  endfacet
  facet normal 0 0 1
    outer loop
      vertex 42.4413 51.4556 26.8
      vertex 42.1176 52.2531 26.8
      vertex 42.204 51.4128 26.8
    endloop
  endfacet
  facet normal -0 0 1
    outer loop
      vertex 42.0392 52.2416 26.8
      vertex 42.204 51.4128 26.8
      vertex 42.1176 52.2531 26.8
    endloop
  endfacet
  facet normal 0 0 1
    outer loop
      vertex 41.9477 51.3986 26.8
      vertex 42.0392 52.2416 26.8
      vertex 41.9553 52.2378 26.8
    endloop
  endfacet
  facet normal 0 0 1
    outer loop
      vertex 42.0392 52.2416 26.8
      vertex 41.9477 51.3986 26.8
      vertex 42.204 51.4128 26.8
    endloop
  endfacet
  facet normal 0 0 1
    outer loop
      vertex 41.8704 52.2414 26.8
      vertex 41.9477 51.3986 26.8
      vertex 41.9553 52.2378 26.8
    endloop
  endfacet
  facet normal 0 0 1
    outer loop
      vertex 41.7914 52.2524 26.8
      vertex 41.9477 51.3986 26.8
      vertex 41.8704 52.2414 26.8
    endloop
  endfacet
  facet normal 0 0 1
    outer loop
      vertex 41.46 51.4548 26.8
      vertex 41.7914 52.2524 26.8
      vertex 41.7185 52.2706 26.8
    endloop
  endfacet
  facet normal 0 0 1
    outer loop
      vertex 41.46 51.4548 26.8
      vertex 41.7185 52.2706 26.8
      vertex 41.6515 52.2961 26.8
    endloop
  endfacet
  facet normal 0 0 1
    outer loop
      vertex 41.46 51.4548 26.8
      vertex 41.6515 52.2961 26.8
      vertex 41.5904 52.3288 26.8
    endloop
  endfacet
  facet normal 0 0 1
    outer loop
      vertex 41.0474 51.6233 26.8
      vertex 41.5904 52.3288 26.8
      vertex 41.5354 52.3689 26.8
    endloop
  endfacet
  facet normal 0 0 1
    outer loop
      vertex 41.0474 51.6233 26.8
      vertex 41.5354 52.3689 26.8
      vertex 41.4863 52.4163 26.8
    endloop
  endfacet
  facet normal 0 0 1
    outer loop
      vertex 41.7914 52.2524 26.8
      vertex 41.46 51.4548 26.8
      vertex 41.9477 51.3986 26.8
    endloop
  endfacet
  facet normal 0 0 1
    outer loop
      vertex 40.7098 51.9043 26.8
      vertex 41.4863 52.4163 26.8
      vertex 41.4419 52.472 26.8
    endloop
  endfacet
  facet normal 0 0 1
    outer loop
      vertex 40.7098 51.9043 26.8
      vertex 41.4419 52.472 26.8
      vertex 41.4012 52.5373 26.8
    endloop
  endfacet
  facet normal 0 0 1
    outer loop
      vertex 40.4473 52.2976 26.8
      vertex 41.4012 52.5373 26.8
      vertex 41.364 52.6122 26.8
    endloop
  endfacet
  facet normal 0 0 1
    outer loop
      vertex 40.4473 52.2976 26.8
      vertex 41.364 52.6122 26.8
      vertex 41.3303 52.6965 26.8
    endloop
  endfacet
  facet normal 0 0 1
    outer loop
      vertex 40.4473 52.2976 26.8
      vertex 41.3303 52.6965 26.8
      vertex 41.3003 52.7904 26.8
    endloop
  endfacet
  facet normal 0 0 1
    outer loop
      vertex 40.4473 52.2976 26.8
      vertex 41.3003 52.7904 26.8
      vertex 41.2738 52.8938 26.8
    endloop
  endfacet
  facet normal 0 0 1
    outer loop
      vertex 40.2597 52.8033 26.8
      vertex 41.2738 52.8938 26.8
      vertex 41.2508 53.0068 26.8
    endloop
  endfacet
  facet normal 0 0 1
    outer loop
      vertex 40.2597 52.8033 26.8
      vertex 41.2508 53.0068 26.8
      vertex 41.2311 53.1311 26.8
    endloop
  endfacet
  facet normal 0 0 1
    outer loop
      vertex 41.5904 52.3288 26.8
      vertex 41.0474 51.6233 26.8
      vertex 41.46 51.4548 26.8
    endloop
  endfacet
  facet normal 0 0 1
    outer loop
      vertex 40.2597 52.8033 26.8
      vertex 41.2311 53.1311 26.8
      vertex 41.2145 53.2684 26.8
    endloop
  endfacet
  facet normal 0 0 1
    outer loop
      vertex 40.1472 53.4213 26.8
      vertex 41.2145 53.2684 26.8
      vertex 41.2009 53.4189 26.8
    endloop
  endfacet
  facet normal -0 0 1
    outer loop
      vertex 40.1472 53.4213 26.8
      vertex 41.2009 53.4189 26.8
      vertex 41.1904 53.5825 26.8
    endloop
  endfacet
  facet normal 0 0 1
    outer loop
      vertex 40.1472 53.4213 26.8
      vertex 41.1904 53.5825 26.8
      vertex 41.1828 53.7591 26.8
    endloop
  endfacet
  facet normal 0 0 1
    outer loop
      vertex 40.1097 54.1517 26.8
      vertex 41.1828 53.7591 26.8
      vertex 41.1783 53.9489 26.8
    endloop
  endfacet
  facet normal -0 0 1
    outer loop
      vertex 40.1097 54.1517 26.8
      vertex 41.1783 53.9489 26.8
      vertex 41.1768 54.1517 26.8
    endloop
  endfacet
  facet normal 0 0 1
    outer loop
      vertex 41.2284 55.177 26.8
      vertex 40.2124 55.3441 26.8
      vertex 41.2126 55.0401 26.8
    endloop
  endfacet
  facet normal 0 0 1
    outer loop
      vertex 41.2949 55.5151 26.8
      vertex 40.311 55.7201 26.8
      vertex 41.269 55.4125 26.8
    endloop
  endfacet
  facet normal -0 0 1
    outer loop
      vertex 40.2575 55.5393 26.8
      vertex 41.269 55.4125 26.8
      vertex 40.311 55.7201 26.8
    endloop
  endfacet
  facet normal 0 0 1
    outer loop
      vertex 41.269 55.4125 26.8
      vertex 40.2575 55.5393 26.8
      vertex 41.247 55.3005 26.8
    endloop
  endfacet
  facet normal 0 0 1
    outer loop
      vertex 41.1828 53.7591 26.8
      vertex 40.1097 54.1517 26.8
      vertex 40.1472 53.4213 26.8
    endloop
  endfacet
  facet normal -0 0 1
    outer loop
      vertex 40.2124 55.3441 26.8
      vertex 41.247 55.3005 26.8
      vertex 40.2575 55.5393 26.8
    endloop
  endfacet
  facet normal 0 0 1
    outer loop
      vertex 41.247 55.3005 26.8
      vertex 40.2124 55.3441 26.8
      vertex 41.2284 55.177 26.8
    endloop
  endfacet
  facet normal -0 0 1
    outer loop
      vertex 40.1754 55.1344 26.8
      vertex 41.2126 55.0401 26.8
      vertex 40.2124 55.3441 26.8
    endloop
  endfacet
  facet normal 0 0 1
    outer loop
      vertex 41.2145 53.2684 26.8
      vertex 40.1472 53.4213 26.8
      vertex 40.2597 52.8033 26.8
    endloop
  endfacet
  facet normal 0 0 1
    outer loop
      vertex 41.2126 55.0401 26.8
      vertex 40.1754 55.1344 26.8
      vertex 41.1997 54.8895 26.8
    endloop
  endfacet
  facet normal -0 0 1
    outer loop
      vertex 40.1466 54.9104 26.8
      vertex 41.1997 54.8895 26.8
      vertex 40.1754 55.1344 26.8
    endloop
  endfacet
  facet normal 0 0 1
    outer loop
      vertex 41.1997 54.8895 26.8
      vertex 40.1466 54.9104 26.8
      vertex 41.1897 54.7254 26.8
    endloop
  endfacet
  facet normal 0 0 1
    outer loop
      vertex 41.1782 54.3565 26.8
      vertex 40.1097 54.1517 26.8
      vertex 41.1768 54.1517 26.8
    endloop
  endfacet
  facet normal 0 0 1
    outer loop
      vertex 40.1261 54.6719 26.8
      vertex 41.1897 54.7254 26.8
      vertex 40.1466 54.9104 26.8
    endloop
  endfacet
  facet normal 0 0 1
    outer loop
      vertex 41.1897 54.7254 26.8
      vertex 40.1261 54.6719 26.8
      vertex 41.1825 54.5478 26.8
    endloop
  endfacet
  facet normal 0 0 1
    outer loop
      vertex 40.1138 54.419 26.8
      vertex 41.1825 54.5478 26.8
      vertex 40.1261 54.6719 26.8
    endloop
  endfacet
  facet normal 0 0 1
    outer loop
      vertex 41.1825 54.5478 26.8
      vertex 40.1138 54.419 26.8
      vertex 41.1782 54.3565 26.8
    endloop
  endfacet
  facet normal 0 0 1
    outer loop
      vertex 40.1097 54.1517 26.8
      vertex 41.1782 54.3565 26.8
      vertex 40.1138 54.419 26.8
    endloop
  endfacet
  facet normal 0 0 1
    outer loop
      vertex 41.2738 52.8938 26.8
      vertex 40.2597 52.8033 26.8
      vertex 40.4473 52.2976 26.8
    endloop
  endfacet
  facet normal 0 0 1
    outer loop
      vertex 41.4012 52.5373 26.8
      vertex 40.4473 52.2976 26.8
      vertex 40.7098 51.9043 26.8
    endloop
  endfacet
  facet normal 0 0 1
    outer loop
      vertex 41.4863 52.4163 26.8
      vertex 40.7098 51.9043 26.8
      vertex 41.0474 51.6233 26.8
    endloop
  endfacet
  facet normal -0 0 1
    outer loop
      vertex 38.5589 53.0694 26.8
      vertex 39.6639 52.9821 26.8
      vertex 39.6579 53.1311 26.8
    endloop
  endfacet
  facet normal 0 0 1
    outer loop
      vertex 38.5589 53.0694 26.8
      vertex 39.6579 53.1311 26.8
      vertex 39.6399 53.2721 26.8
    endloop
  endfacet
  facet normal 0 0 1
    outer loop
      vertex 39.6639 52.9821 26.8
      vertex 38.5589 53.0694 26.8
      vertex 38.5549 52.9361 26.8
    endloop
  endfacet
  facet normal 0 0 1
    outer loop
      vertex 38.5589 53.0694 26.8
      vertex 39.6399 53.2721 26.8
      vertex 39.6099 53.4051 26.8
    endloop
  endfacet
  facet normal -0 0 1
    outer loop
      vertex 38.5429 52.8137 26.8
      vertex 39.6538 52.7742 26.8
      vertex 38.5549 52.9361 26.8
    endloop
  endfacet
  facet normal 0 0 1
    outer loop
      vertex 38.5418 53.2921 26.8
      vertex 39.6099 53.4051 26.8
      vertex 39.5678 53.5302 26.8
    endloop
  endfacet
  facet normal 0 0 1
    outer loop
      vertex 38.5418 53.2921 26.8
      vertex 39.5678 53.5302 26.8
      vertex 39.5138 53.6472 26.8
    endloop
  endfacet
  facet normal 0 0 1
    outer loop
      vertex 39.6639 52.9821 26.8
      vertex 38.5549 52.9361 26.8
      vertex 39.6538 52.7742 26.8
    endloop
  endfacet
  facet normal 0 0 1
    outer loop
      vertex 38.5418 53.2921 26.8
      vertex 39.5138 53.6472 26.8
      vertex 39.4477 53.7563 26.8
    endloop
  endfacet
  facet normal 0 0 1
    outer loop
      vertex 39.6538 52.7742 26.8
      vertex 38.5429 52.8137 26.8
      vertex 39.6233 52.5799 26.8
    endloop
  endfacet
  facet normal 0 0 1
    outer loop
      vertex 38.5418 53.2921 26.8
      vertex 39.4477 53.7563 26.8
      vertex 39.3696 53.8574 26.8
    endloop
  endfacet
  facet normal 0 0 1
    outer loop
      vertex 39.6233 52.5799 26.8
      vertex 38.523 52.7023 26.8
      vertex 39.5726 52.3994 26.8
    endloop
  endfacet
  facet normal 0 0 1
    outer loop
      vertex 38.4907 53.4805 26.8
      vertex 39.3696 53.8574 26.8
      vertex 39.281 53.9493 26.8
    endloop
  endfacet
  facet normal 0 0 1
    outer loop
      vertex 38.4907 53.4805 26.8
      vertex 39.281 53.9493 26.8
      vertex 39.1833 54.0307 26.8
    endloop
  endfacet
  facet normal -0 0 1
    outer loop
      vertex 38.523 52.7023 26.8
      vertex 39.6233 52.5799 26.8
      vertex 38.5429 52.8137 26.8
    endloop
  endfacet
  facet normal 0 0 1
    outer loop
      vertex 38.4907 53.4805 26.8
      vertex 39.1833 54.0307 26.8
      vertex 39.0766 54.1017 26.8
    endloop
  endfacet
  facet normal 0 0 1
    outer loop
      vertex 39.5726 52.3994 26.8
      vertex 38.523 52.7023 26.8
      vertex 39.5015 52.2325 26.8
    endloop
  endfacet
  facet normal 0 0 1
    outer loop
      vertex 38.4907 53.4805 26.8
      vertex 39.0766 54.1017 26.8
      vertex 38.9607 54.1622 26.8
    endloop
  endfacet
  facet normal -0 0 1
    outer loop
      vertex 38.495 52.602 26.8
      vertex 39.5015 52.2325 26.8
      vertex 38.523 52.7023 26.8
    endloop
  endfacet
  facet normal 0 0 1
    outer loop
      vertex 38.4054 53.6347 26.8
      vertex 38.9607 54.1622 26.8
      vertex 38.8359 54.2122 26.8
    endloop
  endfacet
  facet normal 0 0 1
    outer loop
      vertex 38.4054 53.6347 26.8
      vertex 38.8359 54.2122 26.8
      vertex 38.7019 54.2517 26.8
    endloop
  endfacet
  facet normal 0 0 1
    outer loop
      vertex 39.5015 52.2325 26.8
      vertex 38.495 52.602 26.8
      vertex 39.4101 52.0794 26.8
    endloop
  endfacet
  facet normal 0 0 1
    outer loop
      vertex 38.2861 53.7546 26.8
      vertex 38.7019 54.2517 26.8
      vertex 38.5589 54.2808 26.8
    endloop
  endfacet
  facet normal -0 0 1
    outer loop
      vertex 38.4591 52.5126 26.8
      vertex 39.4101 52.0794 26.8
      vertex 38.495 52.602 26.8
    endloop
  endfacet
  facet normal 0 0 1
    outer loop
      vertex 39.4101 52.0794 26.8
      vertex 38.4591 52.5126 26.8
      vertex 39.2984 51.94 26.8
    endloop
  endfacet
  facet normal 0 0 1
    outer loop
      vertex 39.2984 51.94 26.8
      vertex 38.4591 52.5126 26.8
      vertex 39.1664 51.8144 26.8
    endloop
  endfacet
  facet normal -0 0 1
    outer loop
      vertex 38.4152 52.4343 26.8
      vertex 39.1664 51.8144 26.8
      vertex 38.4591 52.5126 26.8
    endloop
  endfacet
  facet normal 0 0 1
    outer loop
      vertex 39.1664 51.8144 26.8
      vertex 38.4152 52.4343 26.8
      vertex 39.0156 51.7041 26.8
    endloop
  endfacet
  facet normal -0 0 1
    outer loop
      vertex 38.3633 52.3669 26.8
      vertex 39.0156 51.7041 26.8
      vertex 38.4152 52.4343 26.8
    endloop
  endfacet
  facet normal 0 0 1
    outer loop
      vertex 39.0156 51.7041 26.8
      vertex 38.3633 52.3669 26.8
      vertex 38.8475 51.6107 26.8
    endloop
  endfacet
  facet normal -0 0 1
    outer loop
      vertex 38.303 52.3095 26.8
      vertex 38.8475 51.6107 26.8
      vertex 38.3633 52.3669 26.8
    endloop
  endfacet
  facet normal 0 0 1
    outer loop
      vertex 38.8475 51.6107 26.8
      vertex 38.303 52.3095 26.8
      vertex 38.6619 51.5343 26.8
    endloop
  endfacet
  facet normal -0 0 1
    outer loop
      vertex 38.2337 52.2609 26.8
      vertex 38.6619 51.5343 26.8
      vertex 38.303 52.3095 26.8
    endloop
  endfacet
  facet normal 0 0 1
    outer loop
      vertex 38.6619 51.5343 26.8
      vertex 38.2337 52.2609 26.8
      vertex 38.4591 51.4749 26.8
    endloop
  endfacet
  facet normal -0 0 1
    outer loop
      vertex 38.1556 52.2212 26.8
      vertex 38.4591 51.4749 26.8
      vertex 38.2337 52.2609 26.8
    endloop
  endfacet
  facet normal 0 0 1
    outer loop
      vertex 38.4591 51.4749 26.8
      vertex 38.1556 52.2212 26.8
      vertex 38.2388 51.4325 26.8
    endloop
  endfacet
  facet normal -0 0 1
    outer loop
      vertex 38.0685 52.1902 26.8
      vertex 38.2388 51.4325 26.8
      vertex 38.1556 52.2212 26.8
    endloop
  endfacet
  facet normal -0 0 1
    outer loop
      vertex 37.9725 52.1681 26.8
      vertex 38.2388 51.4325 26.8
      vertex 38.0685 52.1902 26.8
    endloop
  endfacet
  facet normal 0 0 1
    outer loop
      vertex 38.2388 51.4325 26.8
      vertex 37.9725 52.1681 26.8
      vertex 38.0012 51.4071 26.8
    endloop
  endfacet
  facet normal -0 0 1
    outer loop
      vertex 37.8676 52.1549 26.8
      vertex 38.0012 51.4071 26.8
      vertex 37.9725 52.1681 26.8
    endloop
  endfacet
  facet normal 0 0 1
    outer loop
      vertex 37.7462 51.3986 26.8
      vertex 37.8676 52.1549 26.8
      vertex 37.7538 52.1505 26.8
    endloop
  endfacet
  facet normal 0 0 1
    outer loop
      vertex 37.8676 52.1549 26.8
      vertex 37.7462 51.3986 26.8
      vertex 38.0012 51.4071 26.8
    endloop
  endfacet
  facet normal 0 0 1
    outer loop
      vertex 37.6378 52.1549 26.8
      vertex 37.7462 51.3986 26.8
      vertex 37.7538 52.1505 26.8
    endloop
  endfacet
  facet normal 0 0 1
    outer loop
      vertex 37.4931 51.407 26.8
      vertex 37.6378 52.1549 26.8
      vertex 37.5306 52.1681 26.8
    endloop
  endfacet
  facet normal 0 0 1
    outer loop
      vertex 37.6378 52.1549 26.8
      vertex 37.4931 51.407 26.8
      vertex 37.7462 51.3986 26.8
    endloop
  endfacet
  facet normal 0 0 1
    outer loop
      vertex 37.2569 51.4324 26.8
      vertex 37.5306 52.1681 26.8
      vertex 37.4323 52.1902 26.8
    endloop
  endfacet
  facet normal 0 0 1
    outer loop
      vertex 37.2569 51.4324 26.8
      vertex 37.4323 52.1902 26.8
      vertex 37.3427 52.2212 26.8
    endloop
  endfacet
  facet normal 0 0 1
    outer loop
      vertex 37.0374 51.4746 26.8
      vertex 37.3427 52.2212 26.8
      vertex 37.2621 52.2609 26.8
    endloop
  endfacet
  facet normal 0 0 1
    outer loop
      vertex 37.5306 52.1681 26.8
      vertex 37.2569 51.4324 26.8
      vertex 37.4931 51.407 26.8
    endloop
  endfacet
  facet normal 0 0 1
    outer loop
      vertex 36.8348 51.5337 26.8
      vertex 37.2621 52.2609 26.8
      vertex 37.1902 52.3095 26.8
    endloop
  endfacet
  facet normal 0 0 1
    outer loop
      vertex 36.649 51.6097 26.8
      vertex 37.1902 52.3095 26.8
      vertex 37.1272 52.3669 26.8
    endloop
  endfacet
  facet normal 0 0 1
    outer loop
      vertex 36.48 51.7027 26.8
      vertex 37.1272 52.3669 26.8
      vertex 37.0728 52.434 26.8
    endloop
  endfacet
  facet normal 0 0 1
    outer loop
      vertex 37.3427 52.2212 26.8
      vertex 37.0374 51.4746 26.8
      vertex 37.2569 51.4324 26.8
    endloop
  endfacet
  facet normal 0 0 1
    outer loop
      vertex 36.3279 51.8125 26.8
      vertex 37.0728 52.434 26.8
      vertex 37.0268 52.5114 26.8
    endloop
  endfacet
  facet normal 0 0 1
    outer loop
      vertex 36.0814 52.0763 26.8
      vertex 37.0268 52.5114 26.8
      vertex 36.9891 52.5992 26.8
    endloop
  endfacet
  facet normal 0 0 1
    outer loop
      vertex 35.989 52.2287 26.8
      vertex 36.9891 52.5992 26.8
      vertex 36.9598 52.6974 26.8
    endloop
  endfacet
  facet normal 0 0 1
    outer loop
      vertex 35.8658 52.5743 26.8
      vertex 36.9598 52.6974 26.8
      vertex 36.9389 52.806 26.8
    endloop
  endfacet
  facet normal 0 0 1
    outer loop
      vertex 35.835 52.7676 26.8
      vertex 36.9389 52.806 26.8
      vertex 36.9264 52.9249 26.8
    endloop
  endfacet
  facet normal 0 0 1
    outer loop
      vertex 37.0277 53.5468 26.8
      vertex 36.4118 54.0903 26.8
      vertex 36.9898 53.4641 26.8
    endloop
  endfacet
  facet normal 0 0 1
    outer loop
      vertex 37.2621 52.2609 26.8
      vertex 36.8348 51.5337 26.8
      vertex 37.0374 51.4746 26.8
    endloop
  endfacet
  facet normal -0 0 1
    outer loop
      vertex 35.8247 52.9745 26.8
      vertex 36.9264 52.9249 26.8
      vertex 36.9222 53.0543 26.8
    endloop
  endfacet
  facet normal -0 0 1
    outer loop
      vertex 36.3066 54.0173 26.8
      vertex 36.9898 53.4641 26.8
      vertex 36.4118 54.0903 26.8
    endloop
  endfacet
  facet normal -0 0 1
    outer loop
      vertex 36.2096 53.9333 26.8
      vertex 36.9898 53.4641 26.8
      vertex 36.3066 54.0173 26.8
    endloop
  endfacet
  facet normal 0 0 1
    outer loop
      vertex 37.1902 52.3095 26.8
      vertex 36.649 51.6097 26.8
      vertex 36.8348 51.5337 26.8
    endloop
  endfacet
  facet normal 0 0 1
    outer loop
      vertex 36.9898 53.4641 26.8
      vertex 36.2096 53.9333 26.8
      vertex 36.9602 53.3735 26.8
    endloop
  endfacet
  facet normal -0 0 1
    outer loop
      vertex 36.1209 53.8384 26.8
      vertex 36.9602 53.3735 26.8
      vertex 36.2096 53.9333 26.8
    endloop
  endfacet
  facet normal 0 0 1
    outer loop
      vertex 36.9389 52.806 26.8
      vertex 35.835 52.7676 26.8
      vertex 35.8658 52.5743 26.8
    endloop
  endfacet
  facet normal -0 0 1
    outer loop
      vertex 36.0423 53.7348 26.8
      vertex 36.9602 53.3735 26.8
      vertex 36.1209 53.8384 26.8
    endloop
  endfacet
  facet normal 0 0 1
    outer loop
      vertex 37.1272 52.3669 26.8
      vertex 36.48 51.7027 26.8
      vertex 36.649 51.6097 26.8
    endloop
  endfacet
  facet normal 0 0 1
    outer loop
      vertex 36.9602 53.3735 26.8
      vertex 36.0423 53.7348 26.8
      vertex 36.9391 53.275 26.8
    endloop
  endfacet
  facet normal -0 0 1
    outer loop
      vertex 35.9758 53.6246 26.8
      vertex 36.9391 53.275 26.8
      vertex 36.0423 53.7348 26.8
    endloop
  endfacet
  facet normal 0 0 1
    outer loop
      vertex 36.9598 52.6974 26.8
      vertex 35.8658 52.5743 26.8
      vertex 35.9171 52.3947 26.8
    endloop
  endfacet
  facet normal -0 0 1
    outer loop
      vertex 35.9214 53.5077 26.8
      vertex 36.9391 53.275 26.8
      vertex 35.9758 53.6246 26.8
    endloop
  endfacet
  facet normal 0 0 1
    outer loop
      vertex 37.0728 52.434 26.8
      vertex 36.3279 51.8125 26.8
      vertex 36.48 51.7027 26.8
    endloop
  endfacet
  facet normal 0 0 1
    outer loop
      vertex 36.9391 53.275 26.8
      vertex 35.9214 53.5077 26.8
      vertex 36.9264 53.1686 26.8
    endloop
  endfacet
  facet normal 0 0 1
    outer loop
      vertex 37.0268 52.5114 26.8
      vertex 36.1944 51.9376 26.8
      vertex 36.3279 51.8125 26.8
    endloop
  endfacet
  facet normal -0 0 1
    outer loop
      vertex 35.8791 53.3843 26.8
      vertex 36.9264 53.1686 26.8
      vertex 35.9214 53.5077 26.8
    endloop
  endfacet
  facet normal -0 0 1
    outer loop
      vertex 35.8489 53.2543 26.8
      vertex 36.9264 53.1686 26.8
      vertex 35.8791 53.3843 26.8
    endloop
  endfacet
  facet normal 0 0 1
    outer loop
      vertex 37.0268 52.5114 26.8
      vertex 36.0814 52.0763 26.8
      vertex 36.1944 51.9376 26.8
    endloop
  endfacet
  facet normal 0 0 1
    outer loop
      vertex 36.9264 53.1686 26.8
      vertex 35.8489 53.2543 26.8
      vertex 36.9222 53.0543 26.8
    endloop
  endfacet
  facet normal 0 0 1
    outer loop
      vertex 36.9891 52.5992 26.8
      vertex 35.989 52.2287 26.8
      vertex 36.0814 52.0763 26.8
    endloop
  endfacet
  facet normal -0 0 1
    outer loop
      vertex 35.8307 53.1177 26.8
      vertex 36.9222 53.0543 26.8
      vertex 35.8489 53.2543 26.8
    endloop
  endfacet
  facet normal 0 0 1
    outer loop
      vertex 36.9598 52.6974 26.8
      vertex 35.9171 52.3947 26.8
      vertex 35.989 52.2287 26.8
    endloop
  endfacet
  facet normal 0 0 1
    outer loop
      vertex 36.9222 53.0543 26.8
      vertex 35.8307 53.1177 26.8
      vertex 35.8247 52.9745 26.8
    endloop
  endfacet
  facet normal 0 0 1
    outer loop
      vertex 36.9264 52.9249 26.8
      vertex 35.8247 52.9745 26.8
      vertex 35.835 52.7676 26.8
    endloop
  endfacet
  facet normal -0 0 1
    outer loop
      vertex 38.43 55.5282 26.8
      vertex 39.5311 55.4808 26.8
      vertex 39.5216 55.6698 26.8
    endloop
  endfacet
  facet normal 0 -0 1
    outer loop
      vertex 38.4336 55.4239 26.8
      vertex 39.5311 55.4808 26.8
      vertex 38.43 55.5282 26.8
    endloop
  endfacet
  facet normal 0 0 1
    outer loop
      vertex 38.4193 55.6243 26.8
      vertex 39.5216 55.6698 26.8
      vertex 39.4931 55.8459 26.8
    endloop
  endfacet
  facet normal 0 0 1
    outer loop
      vertex 39.5311 55.4808 26.8
      vertex 38.4336 55.4239 26.8
      vertex 39.5257 55.3582 26.8
    endloop
  endfacet
  facet normal 0 0 1
    outer loop
      vertex 38.4193 55.6243 26.8
      vertex 39.4931 55.8459 26.8
      vertex 39.4456 56.0092 26.8
    endloop
  endfacet
  facet normal 0 0 1
    outer loop
      vertex 39.5257 55.3582 26.8
      vertex 38.4336 55.4239 26.8
      vertex 39.5095 55.24 26.8
    endloop
  endfacet
  facet normal -0 0 1
    outer loop
      vertex 38.43 55.3114 26.8
      vertex 39.5095 55.24 26.8
      vertex 38.4336 55.4239 26.8
    endloop
  endfacet
  facet normal 0 0 1
    outer loop
      vertex 38.4015 55.7121 26.8
      vertex 39.4456 56.0092 26.8
      vertex 39.3792 56.1597 26.8
    endloop
  endfacet
  facet normal 0 0 1
    outer loop
      vertex 39.5095 55.24 26.8
      vertex 38.43 55.3114 26.8
      vertex 39.4826 55.1261 26.8
    endloop
  endfacet
  facet normal 0 0 1
    outer loop
      vertex 38.3765 55.7915 26.8
      vertex 39.3792 56.1597 26.8
      vertex 39.2937 56.2975 26.8
    endloop
  endfacet
  facet normal 0 0 1
    outer loop
      vertex 39.4826 55.1261 26.8
      vertex 38.43 55.3114 26.8
      vertex 39.4449 55.0165 26.8
    endloop
  endfacet
  facet normal 0 0 1
    outer loop
      vertex 38.3765 55.7915 26.8
      vertex 39.2937 56.2975 26.8
      vertex 39.1893 56.4225 26.8
    endloop
  endfacet
  facet normal -0 0 1
    outer loop
      vertex 38.4195 55.2084 26.8
      vertex 39.4449 55.0165 26.8
      vertex 38.43 55.3114 26.8
    endloop
  endfacet
  facet normal 0 0 1
    outer loop
      vertex 39.4449 55.0165 26.8
      vertex 38.4195 55.2084 26.8
      vertex 39.3964 54.9112 26.8
    endloop
  endfacet
  facet normal 0 0 1
    outer loop
      vertex 38.3444 55.8627 26.8
      vertex 39.1893 56.4225 26.8
      vertex 39.0659 56.5346 26.8
    endloop
  endfacet
  facet normal 0 0 1
    outer loop
      vertex 39.3964 54.9112 26.8
      vertex 38.4195 55.2084 26.8
      vertex 39.3372 54.8103 26.8
    endloop
  endfacet
  facet normal 0 0 1
    outer loop
      vertex 38.3052 55.9256 26.8
      vertex 39.0659 56.5346 26.8
      vertex 38.9247 56.6329 26.8
    endloop
  endfacet
  facet normal -0 0 1
    outer loop
      vertex 38.4018 55.1149 26.8
      vertex 39.3372 54.8103 26.8
      vertex 38.4195 55.2084 26.8
    endloop
  endfacet
  facet normal 0 0 1
    outer loop
      vertex 39.2671 54.7138 26.8
      vertex 38.4018 55.1149 26.8
      vertex 39.188 54.6243 26.8
    endloop
  endfacet
  facet normal 0 0 1
    outer loop
      vertex 38.2588 55.9802 26.8
      vertex 38.9247 56.6329 26.8
      vertex 38.767 56.716 26.8
    endloop
  endfacet
  facet normal -0 0 1
    outer loop
      vertex 38.3771 55.0308 26.8
      vertex 39.188 54.6243 26.8
      vertex 38.4018 55.1149 26.8
    endloop
  endfacet
  facet normal 0 0 1
    outer loop
      vertex 38.2053 56.0271 26.8
      vertex 38.767 56.716 26.8
      vertex 38.5928 56.784 26.8
    endloop
  endfacet
  facet normal 0 0 1
    outer loop
      vertex 39.3372 54.8103 26.8
      vertex 38.4018 55.1149 26.8
      vertex 39.2671 54.7138 26.8
    endloop
  endfacet
  facet normal 0 0 1
    outer loop
      vertex 38.0056 54.6896 26.8
      vertex 38.5589 54.2808 26.8
      vertex 38.5589 54.296 26.8
    endloop
  endfacet
  facet normal 0 0 1
    outer loop
      vertex 39.6099 53.4051 26.8
      vertex 38.5418 53.2921 26.8
      vertex 38.5589 53.0694 26.8
    endloop
  endfacet
  facet normal 0 0 1
    outer loop
      vertex 39.1016 54.5448 26.8
      vertex 38.3771 55.0308 26.8
      vertex 39.0078 54.4752 26.8
    endloop
  endfacet
  facet normal 0 0 1
    outer loop
      vertex 39.0078 54.4752 26.8
      vertex 38.3454 54.9562 26.8
      vertex 38.9066 54.4155 26.8
    endloop
  endfacet
  facet normal -0 0 1
    outer loop
      vertex 38.3454 54.9562 26.8
      vertex 39.0078 54.4752 26.8
      vertex 38.3771 55.0308 26.8
    endloop
  endfacet
  facet normal 0 0 1
    outer loop
      vertex 39.188 54.6243 26.8
      vertex 38.3771 55.0308 26.8
      vertex 39.1016 54.5448 26.8
    endloop
  endfacet
  facet normal 0 0 1
    outer loop
      vertex 39.5216 55.6698 26.8
      vertex 38.4193 55.6243 26.8
      vertex 38.43 55.5282 26.8
    endloop
  endfacet
  facet normal 0 0 1
    outer loop
      vertex 38.1445 56.0667 26.8
      vertex 38.5928 56.784 26.8
      vertex 38.4022 56.8369 26.8
    endloop
  endfacet
  facet normal 0 0 1
    outer loop
      vertex 39.4456 56.0092 26.8
      vertex 38.4015 55.7121 26.8
      vertex 38.4193 55.6243 26.8
    endloop
  endfacet
  facet normal 0 0 1
    outer loop
      vertex 39.3792 56.1597 26.8
      vertex 38.3765 55.7915 26.8
      vertex 38.4015 55.7121 26.8
    endloop
  endfacet
  facet normal 0 0 1
    outer loop
      vertex 39.1893 56.4225 26.8
      vertex 38.3444 55.8627 26.8
      vertex 38.3765 55.7915 26.8
    endloop
  endfacet
  facet normal 0 0 1
    outer loop
      vertex 39.0659 56.5346 26.8
      vertex 38.3052 55.9256 26.8
      vertex 38.3444 55.8627 26.8
    endloop
  endfacet
  facet normal 0 0 1
    outer loop
      vertex 38.9247 56.6329 26.8
      vertex 38.2588 55.9802 26.8
      vertex 38.3052 55.9256 26.8
    endloop
  endfacet
  facet normal 0 0 1
    outer loop
      vertex 38.767 56.716 26.8
      vertex 38.2053 56.0271 26.8
      vertex 38.2588 55.9802 26.8
    endloop
  endfacet
  facet normal 0 0 1
    outer loop
      vertex 38.0763 56.0991 26.8
      vertex 38.4022 56.8369 26.8
      vertex 38.195 56.8747 26.8
    endloop
  endfacet
  facet normal 0 0 1
    outer loop
      vertex 38.5928 56.784 26.8
      vertex 38.1445 56.0667 26.8
      vertex 38.2053 56.0271 26.8
    endloop
  endfacet
  facet normal 0 0 1
    outer loop
      vertex 38.4022 56.8369 26.8
      vertex 38.0763 56.0991 26.8
      vertex 38.1445 56.0667 26.8
    endloop
  endfacet
  facet normal 0 0 1
    outer loop
      vertex 38.195 56.8747 26.8
      vertex 38.001 56.1244 26.8
      vertex 38.0763 56.0991 26.8
    endloop
  endfacet
  facet normal 0 0 1
    outer loop
      vertex 37.9713 56.8974 26.8
      vertex 38.001 56.1244 26.8
      vertex 38.195 56.8747 26.8
    endloop
  endfacet
  facet normal 0 0 1
    outer loop
      vertex 37.9713 56.8974 26.8
      vertex 37.9183 56.1424 26.8
      vertex 38.001 56.1244 26.8
    endloop
  endfacet
  facet normal 0 0 1
    outer loop
      vertex 37.9713 56.8974 26.8
      vertex 37.8283 56.1532 26.8
      vertex 37.9183 56.1424 26.8
    endloop
  endfacet
  facet normal 0 0 1
    outer loop
      vertex 37.731 56.9049 26.8
      vertex 37.8283 56.1532 26.8
      vertex 37.9713 56.8974 26.8
    endloop
  endfacet
  facet normal 0 0 1
    outer loop
      vertex 37.731 56.9049 26.8
      vertex 37.731 56.1568 26.8
      vertex 37.8283 56.1532 26.8
    endloop
  endfacet
  facet normal -0 0 1
    outer loop
      vertex 37.4959 56.8972 26.8
      vertex 37.731 56.1568 26.8
      vertex 37.731 56.9049 26.8
    endloop
  endfacet
  facet normal 0 0 1
    outer loop
      vertex 37.731 56.1568 26.8
      vertex 37.4959 56.8972 26.8
      vertex 37.5477 56.1419 26.8
    endloop
  endfacet
  facet normal -0 0 1
    outer loop
      vertex 37.2764 56.8739 26.8
      vertex 37.5477 56.1419 26.8
      vertex 37.4959 56.8972 26.8
    endloop
  endfacet
  facet normal 0 0 1
    outer loop
      vertex 37.5477 56.1419 26.8
      vertex 37.2764 56.8739 26.8
      vertex 37.3925 56.097 26.8
    endloop
  endfacet
  facet normal -0 0 1
    outer loop
      vertex 37.0727 56.8352 26.8
      vertex 37.3925 56.097 26.8
      vertex 37.2764 56.8739 26.8
    endloop
  endfacet
  facet normal 0 0 1
    outer loop
      vertex 37.3925 56.097 26.8
      vertex 37.0727 56.8352 26.8
      vertex 37.2656 56.0222 26.8
    endloop
  endfacet
  facet normal -0 0 1
    outer loop
      vertex 36.8847 56.7809 26.8
      vertex 37.2656 56.0222 26.8
      vertex 37.0727 56.8352 26.8
    endloop
  endfacet
  facet normal -0 0 1
    outer loop
      vertex 36.7125 56.7111 26.8
      vertex 37.2656 56.0222 26.8
      vertex 36.8847 56.7809 26.8
    endloop
  endfacet
  facet normal 0 0 1
    outer loop
      vertex 37.2656 56.0222 26.8
      vertex 36.7125 56.7111 26.8
      vertex 37.1668 55.9175 26.8
    endloop
  endfacet
  facet normal -0 0 1
    outer loop
      vertex 36.556 56.6259 26.8
      vertex 37.1668 55.9175 26.8
      vertex 36.7125 56.7111 26.8
    endloop
  endfacet
  facet normal 0 0 1
    outer loop
      vertex 37.1291 53.6885 26.8
      vertex 36.7765 54.2439 26.8
      vertex 37.0742 53.6216 26.8
    endloop
  endfacet
  facet normal -0 0 1
    outer loop
      vertex 36.4152 56.5251 26.8
      vertex 37.1668 55.9175 26.8
      vertex 36.556 56.6259 26.8
    endloop
  endfacet
  facet normal 0 0 1
    outer loop
      vertex 36.9146 54.2733 26.8
      vertex 37.0542 55.2204 26.8
      vertex 36.9146 54.2884 26.8
    endloop
  endfacet
  facet normal -0 0 1
    outer loop
      vertex 36.6467 54.2037 26.8
      vertex 37.0742 53.6216 26.8
      vertex 36.7765 54.2439 26.8
    endloop
  endfacet
  facet normal -0 0 1
    outer loop
      vertex 36.5251 54.1525 26.8
      vertex 37.0742 53.6216 26.8
      vertex 36.6467 54.2037 26.8
    endloop
  endfacet
  facet normal -0 0 1
    outer loop
      vertex 36.4118 54.0903 26.8
      vertex 37.0277 53.5468 26.8
      vertex 36.5251 54.1525 26.8
    endloop
  endfacet
  facet normal 0 0 1
    outer loop
      vertex 37.0742 53.6216 26.8
      vertex 36.5251 54.1525 26.8
      vertex 37.0277 53.5468 26.8
    endloop
  endfacet
  facet normal -0 0 1
    outer loop
      vertex 36.2918 56.411 26.8
      vertex 37.1668 55.9175 26.8
      vertex 36.4152 56.5251 26.8
    endloop
  endfacet
  facet normal 0 0 1
    outer loop
      vertex 37.1668 55.9175 26.8
      vertex 36.2918 56.411 26.8
      vertex 37.0963 55.7829 26.8
    endloop
  endfacet
  facet normal -0 0 1
    outer loop
      vertex 36.1874 56.2855 26.8
      vertex 37.0963 55.7829 26.8
      vertex 36.2918 56.411 26.8
    endloop
  endfacet
  facet normal -0 0 1
    outer loop
      vertex 35.95 55.4885 26.8
      vertex 37.0399 55.4239 26.8
      vertex 35.9595 55.6705 26.8
    endloop
  endfacet
  facet normal 0 -0 1
    outer loop
      vertex 35.9555 55.3658 26.8
      vertex 37.0399 55.4239 26.8
      vertex 35.95 55.4885 26.8
    endloop
  endfacet
  facet normal 0 0 1
    outer loop
      vertex 37.0542 55.2204 26.8
      vertex 36.7943 54.3204 26.8
      vertex 36.9146 54.2884 26.8
    endloop
  endfacet
  facet normal 0 0 1
    outer loop
      vertex 37.0542 55.2204 26.8
      vertex 36.6808 54.3622 26.8
      vertex 36.7943 54.3204 26.8
    endloop
  endfacet
  facet normal -0 0 1
    outer loop
      vertex 36.1019 56.1487 26.8
      vertex 37.0963 55.7829 26.8
      vertex 36.1874 56.2855 26.8
    endloop
  endfacet
  facet normal 0 0 1
    outer loop
      vertex 37.0542 55.2204 26.8
      vertex 36.5742 54.4137 26.8
      vertex 36.6808 54.3622 26.8
    endloop
  endfacet
  facet normal 0 0 1
    outer loop
      vertex 37.0542 55.2204 26.8
      vertex 36.4743 54.475 26.8
      vertex 36.5742 54.4137 26.8
    endloop
  endfacet
  facet normal -0 0 1
    outer loop
      vertex 36.0355 56.0006 26.8
      vertex 37.0963 55.7829 26.8
      vertex 36.1019 56.1487 26.8
    endloop
  endfacet
  facet normal 0 0 1
    outer loop
      vertex 37.0542 55.2204 26.8
      vertex 36.3813 54.5461 26.8
      vertex 36.4743 54.475 26.8
    endloop
  endfacet
  facet normal 0 0 1
    outer loop
      vertex 37.0963 55.7829 26.8
      vertex 36.0355 56.0006 26.8
      vertex 37.054 55.6183 26.8
    endloop
  endfacet
  facet normal 0 0 1
    outer loop
      vertex 37.0542 55.2204 26.8
      vertex 36.2952 54.6269 26.8
      vertex 36.3813 54.5461 26.8
    endloop
  endfacet
  facet normal -0 0 1
    outer loop
      vertex 35.988 55.8412 26.8
      vertex 37.054 55.6183 26.8
      vertex 36.0355 56.0006 26.8
    endloop
  endfacet
  facet normal 0 0 1
    outer loop
      vertex 37.0542 55.2204 26.8
      vertex 36.2158 54.7175 26.8
      vertex 36.2952 54.6269 26.8
    endloop
  endfacet
  facet normal 0 0 1
    outer loop
      vertex 37.0542 55.2204 26.8
      vertex 36.1453 54.8151 26.8
      vertex 36.2158 54.7175 26.8
    endloop
  endfacet
  facet normal -0 0 1
    outer loop
      vertex 35.9595 55.6705 26.8
      vertex 37.054 55.6183 26.8
      vertex 35.988 55.8412 26.8
    endloop
  endfacet
  facet normal 0 0 1
    outer loop
      vertex 37.054 55.6183 26.8
      vertex 35.9595 55.6705 26.8
      vertex 37.0399 55.4239 26.8
    endloop
  endfacet
  facet normal 0 0 1
    outer loop
      vertex 37.0542 55.2204 26.8
      vertex 36.0856 54.9169 26.8
      vertex 36.1453 54.8151 26.8
    endloop
  endfacet
  facet normal 0 0 1
    outer loop
      vertex 37.0542 55.2204 26.8
      vertex 36.0368 55.0228 26.8
      vertex 36.0856 54.9169 26.8
    endloop
  endfacet
  facet normal 0 0 1
    outer loop
      vertex 37.0542 55.2204 26.8
      vertex 35.9988 55.1329 26.8
      vertex 36.0368 55.0228 26.8
    endloop
  endfacet
  facet normal 0 0 1
    outer loop
      vertex 37.0399 55.4239 26.8
      vertex 35.9717 55.2473 26.8
      vertex 35.9988 55.1329 26.8
    endloop
  endfacet
  facet normal 0 0 1
    outer loop
      vertex 37.0399 55.4239 26.8
      vertex 35.9555 55.3658 26.8
      vertex 35.9717 55.2473 26.8
    endloop
  endfacet
  facet normal 0 0 1
    outer loop
      vertex 38.9066 54.4155 26.8
      vertex 38.3454 54.9562 26.8
      vertex 38.7981 54.3658 26.8
    endloop
  endfacet
  facet normal 0 0 1
    outer loop
      vertex 39.3696 53.8574 26.8
      vertex 38.4907 53.4805 26.8
      vertex 38.5418 53.2921 26.8
    endloop
  endfacet
  facet normal -0 0 1
    outer loop
      vertex 38.3066 54.891 26.8
      vertex 38.7981 54.3658 26.8
      vertex 38.3454 54.9562 26.8
    endloop
  endfacet
  facet normal 0 0 1
    outer loop
      vertex 38.7981 54.3658 26.8
      vertex 38.3066 54.891 26.8
      vertex 38.6822 54.326 26.8
    endloop
  endfacet
  facet normal 0 0 1
    outer loop
      vertex 38.9607 54.1622 26.8
      vertex 38.4054 53.6347 26.8
      vertex 38.4907 53.4805 26.8
    endloop
  endfacet
  facet normal -0 0 1
    outer loop
      vertex 38.2607 54.8353 26.8
      vertex 38.6822 54.326 26.8
      vertex 38.3066 54.891 26.8
    endloop
  endfacet
  facet normal 0 0 1
    outer loop
      vertex 38.6822 54.326 26.8
      vertex 38.2607 54.8353 26.8
      vertex 38.5589 54.296 26.8
    endloop
  endfacet
  facet normal 0 0 1
    outer loop
      vertex 38.7019 54.2517 26.8
      vertex 38.2861 53.7546 26.8
      vertex 38.4054 53.6347 26.8
    endloop
  endfacet
  facet normal -0 0 1
    outer loop
      vertex 38.2078 54.7879 26.8
      vertex 38.5589 54.296 26.8
      vertex 38.2607 54.8353 26.8
    endloop
  endfacet
  facet normal -0 0 1
    outer loop
      vertex 38.1476 54.7479 26.8
      vertex 38.5589 54.296 26.8
      vertex 38.2078 54.7879 26.8
    endloop
  endfacet
  facet normal -0 0 1
    outer loop
      vertex 38.0802 54.7151 26.8
      vertex 38.5589 54.296 26.8
      vertex 38.1476 54.7479 26.8
    endloop
  endfacet
  facet normal 0 0 1
    outer loop
      vertex 38.5589 54.2808 26.8
      vertex 38.1326 53.8402 26.8
      vertex 38.2861 53.7546 26.8
    endloop
  endfacet
  facet normal -0 0 1
    outer loop
      vertex 38.0056 54.6896 26.8
      vertex 38.5589 54.296 26.8
      vertex 38.0802 54.7151 26.8
    endloop
  endfacet
  facet normal 0 0 1
    outer loop
      vertex 38.5589 54.2808 26.8
      vertex 38.0056 54.6896 26.8
      vertex 37.9451 53.8916 26.8
    endloop
  endfacet
  facet normal 0 0 1
    outer loop
      vertex 38.5589 54.2808 26.8
      vertex 37.9451 53.8916 26.8
      vertex 38.1326 53.8402 26.8
    endloop
  endfacet
  facet normal -0 0 1
    outer loop
      vertex 37.9238 54.6714 26.8
      vertex 37.9451 53.8916 26.8
      vertex 38.0056 54.6896 26.8
    endloop
  endfacet
  facet normal -0 0 1
    outer loop
      vertex 37.8348 54.6604 26.8
      vertex 37.9451 53.8916 26.8
      vertex 37.9238 54.6714 26.8
    endloop
  endfacet
  facet normal 0 0 1
    outer loop
      vertex 37.7234 53.9087 26.8
      vertex 37.8348 54.6604 26.8
      vertex 37.7386 54.6568 26.8
    endloop
  endfacet
  facet normal 0 0 1
    outer loop
      vertex 37.8348 54.6604 26.8
      vertex 37.7234 53.9087 26.8
      vertex 37.9451 53.8916 26.8
    endloop
  endfacet
  facet normal 0 0 1
    outer loop
      vertex 37.7386 54.6568 26.8
      vertex 37.6164 53.9042 26.8
      vertex 37.7234 53.9087 26.8
    endloop
  endfacet
  facet normal 0 0 1
    outer loop
      vertex 37.5532 54.6725 26.8
      vertex 37.6164 53.9042 26.8
      vertex 37.7386 54.6568 26.8
    endloop
  endfacet
  facet normal 0 0 1
    outer loop
      vertex 37.5532 54.6725 26.8
      vertex 37.5168 53.8907 26.8
      vertex 37.6164 53.9042 26.8
    endloop
  endfacet
  facet normal 0 0 1
    outer loop
      vertex 37.5532 54.6725 26.8
      vertex 37.4246 53.8683 26.8
      vertex 37.5168 53.8907 26.8
    endloop
  endfacet
  facet normal 0 0 1
    outer loop
      vertex 37.3964 54.7194 26.8
      vertex 37.4246 53.8683 26.8
      vertex 37.5532 54.6725 26.8
    endloop
  endfacet
  facet normal -0 0 1
    outer loop
      vertex 36.9146 54.2733 26.8
      vertex 37.4246 53.8683 26.8
      vertex 37.3964 54.7194 26.8
    endloop
  endfacet
  facet normal 0 0 1
    outer loop
      vertex 36.9146 54.2733 26.8
      vertex 37.3964 54.7194 26.8
      vertex 37.268 54.7977 26.8
    endloop
  endfacet
  facet normal 0 0 1
    outer loop
      vertex 37.4246 53.8683 26.8
      vertex 36.9146 54.2733 26.8
      vertex 37.3396 53.8368 26.8
    endloop
  endfacet
  facet normal 0 0 1
    outer loop
      vertex 37.3396 53.8368 26.8
      vertex 36.9146 54.2733 26.8
      vertex 37.2621 53.7964 26.8
    endloop
  endfacet
  facet normal 0 0 1
    outer loop
      vertex 36.9146 54.2733 26.8
      vertex 37.268 54.7977 26.8
      vertex 37.1682 54.9073 26.8
    endloop
  endfacet
  facet normal 0 0 1
    outer loop
      vertex 37.2621 53.7964 26.8
      vertex 36.9146 54.2733 26.8
      vertex 37.1919 53.7469 26.8
    endloop
  endfacet
  facet normal 0 0 1
    outer loop
      vertex 36.9146 54.2733 26.8
      vertex 37.1682 54.9073 26.8
      vertex 37.0969 55.0482 26.8
    endloop
  endfacet
  facet normal 0 0 1
    outer loop
      vertex 37.1919 53.7469 26.8
      vertex 36.9146 54.2733 26.8
      vertex 37.1291 53.6885 26.8
    endloop
  endfacet
  facet normal 0 0 1
    outer loop
      vertex 36.9146 54.2733 26.8
      vertex 37.0969 55.0482 26.8
      vertex 37.0542 55.2204 26.8
    endloop
  endfacet
  facet normal 0 0 1
    outer loop
      vertex 35.9988 55.1329 26.8
      vertex 37.0542 55.2204 26.8
      vertex 37.0399 55.4239 26.8
    endloop
  endfacet
  facet normal -0 0 1
    outer loop
      vertex 36.7765 54.2439 26.8
      vertex 37.1291 53.6885 26.8
      vertex 36.9146 54.2733 26.8
    endloop
  endfacet
  facet normal 0 0 1
    outer loop
      vertex 16.8009 51.4745 26.8
      vertex 15.2174 52.8416 26.8
      vertex 15.6921 51.4745 26.8
    endloop
  endfacet
  facet normal 0 0 1
    outer loop
      vertex 16.8009 51.4745 26.8
      vertex 14.9667 53.6847 26.8
      vertex 15.2174 52.8416 26.8
    endloop
  endfacet
  facet normal 0 0 1
    outer loop
      vertex 14.8566 56.8252 26.8
      vertex 14.9667 53.6847 26.8
      vertex 16.8009 51.4745 26.8
    endloop
  endfacet
  facet normal 0 0 1
    outer loop
      vertex 14.8566 56.8252 26.8
      vertex 14.4388 55.2226 26.8
      vertex 14.9667 53.6847 26.8
    endloop
  endfacet
  facet normal 0 0 1
    outer loop
      vertex 14.8566 56.8252 26.8
      vertex 14.2756 55.7391 26.8
      vertex 14.4388 55.2226 26.8
    endloop
  endfacet
  facet normal 0 0 1
    outer loop
      vertex 14.8566 56.8252 26.8
      vertex 14.1958 56.0011 26.8
      vertex 14.2756 55.7391 26.8
    endloop
  endfacet
  facet normal 0 0 1
    outer loop
      vertex 13.5351 56.8252 26.8
      vertex 14.1731 55.9176 26.8
      vertex 14.1958 56.0011 26.8
    endloop
  endfacet
  facet normal 0 0 1
    outer loop
      vertex 14.1731 55.9176 26.8
      vertex 13.5351 56.8252 26.8
      vertex 14.1619 55.8777 26.8
    endloop
  endfacet
  facet normal 0 0 1
    outer loop
      vertex 14.1619 55.8777 26.8
      vertex 13.5351 56.8252 26.8
      vertex 14.1501 55.8363 26.8
    endloop
  endfacet
  facet normal 0 0 1
    outer loop
      vertex 14.1501 55.8363 26.8
      vertex 13.5351 56.8252 26.8
      vertex 14.1377 55.7934 26.8
    endloop
  endfacet
  facet normal 0 0 1
    outer loop
      vertex 14.1377 55.7934 26.8
      vertex 13.5351 56.8252 26.8
      vertex 14.1247 55.7489 26.8
    endloop
  endfacet
  facet normal 0 0 1
    outer loop
      vertex 14.1247 55.7489 26.8
      vertex 13.5351 56.8252 26.8
      vertex 14.111 55.7029 26.8
    endloop
  endfacet
  facet normal 0 0 1
    outer loop
      vertex 14.111 55.7029 26.8
      vertex 13.5351 56.8252 26.8
      vertex 14.0968 55.6553 26.8
    endloop
  endfacet
  facet normal 0 0 1
    outer loop
      vertex 14.0968 55.6553 26.8
      vertex 13.5351 56.8252 26.8
      vertex 14.0819 55.6062 26.8
    endloop
  endfacet
  facet normal 0 0 1
    outer loop
      vertex 14.0819 55.6062 26.8
      vertex 13.5351 56.8252 26.8
      vertex 14.0555 55.5242 26.8
    endloop
  endfacet
  facet normal 0 0 1
    outer loop
      vertex 14.0555 55.5242 26.8
      vertex 13.5351 56.8252 26.8
      vertex 14.0069 55.378 26.8
    endloop
  endfacet
  facet normal 0 0 1
    outer loop
      vertex 14.0069 55.378 26.8
      vertex 13.5351 56.8252 26.8
      vertex 13.9359 55.1677 26.8
    endloop
  endfacet
  facet normal 0 0 1
    outer loop
      vertex 13.9359 55.1677 26.8
      vertex 13.5351 56.8252 26.8
      vertex 13.8426 54.8932 26.8
    endloop
  endfacet
  facet normal 0 0 1
    outer loop
      vertex 13.8426 54.8932 26.8
      vertex 13.5351 56.8252 26.8
      vertex 13.727 54.5545 26.8
    endloop
  endfacet
  facet normal -0 0 1
    outer loop
      vertex 13.5351 56.8252 26.8
      vertex 14.1958 56.0011 26.8
      vertex 14.8566 56.8252 26.8
    endloop
  endfacet
  facet normal 0 0 1
    outer loop
      vertex 13.727 54.5545 26.8
      vertex 13.5351 56.8252 26.8
      vertex 13.589 54.1517 26.8
    endloop
  endfacet
  facet normal 0 0 1
    outer loop
      vertex 13.5351 56.8252 26.8
      vertex 13.4287 53.6847 26.8
      vertex 13.589 54.1517 26.8
    endloop
  endfacet
  facet normal 0 0 1
    outer loop
      vertex 11.5831 51.4745 26.8
      vertex 13.4287 53.6847 26.8
      vertex 13.5351 56.8252 26.8
    endloop
  endfacet
  facet normal 0 0 1
    outer loop
      vertex 13.4287 53.6847 26.8
      vertex 11.5831 51.4745 26.8
      vertex 13.1781 52.8416 26.8
    endloop
  endfacet
  facet normal 0 0 1
    outer loop
      vertex 13.1781 52.8416 26.8
      vertex 11.5831 51.4745 26.8
      vertex 12.7034 51.4745 26.8
    endloop
  endfacet
  facet normal -0 0 1
    outer loop
      vertex 13.4287 53.6847 26.8
      vertex 15.2174 52.8416 26.8
      vertex 14.9667 53.6847 26.8
    endloop
  endfacet
  facet normal 0 0 1
    outer loop
      vertex 15.2174 52.8416 26.8
      vertex 13.4287 53.6847 26.8
      vertex 13.1781 52.8416 26.8
    endloop
  endfacet
  facet normal 0 0 1
    outer loop
      vertex 20.9781 56.8252 26.8
      vertex 19.2464 55.9594 26.8
      vertex 20.9781 55.9594 26.8
    endloop
  endfacet
  facet normal 0 0 1
    outer loop
      vertex 19.2464 55.9594 26.8
      vertex 18.1262 55.9594 26.8
      vertex 19.2464 51.4745 26.8
    endloop
  endfacet
  facet normal 0 0 1
    outer loop
      vertex 20.9781 56.8252 26.8
      vertex 18.1262 55.9594 26.8
      vertex 19.2464 55.9594 26.8
    endloop
  endfacet
  facet normal -0 0 1
    outer loop
      vertex 16.3983 56.8252 26.8
      vertex 18.1262 55.9594 26.8
      vertex 20.9781 56.8252 26.8
    endloop
  endfacet
  facet normal 0 0 1
    outer loop
      vertex 18.1262 55.9594 26.8
      vertex 16.3983 56.8252 26.8
      vertex 16.3983 55.9594 26.8
    endloop
  endfacet
  facet normal 0 0 1
    outer loop
      vertex 19.2464 51.4745 26.8
      vertex 18.1262 55.9594 26.8
      vertex 18.1262 51.4745 26.8
    endloop
  endfacet
  facet normal 0 0 1
    outer loop
      vertex 25.7983 51.4745 26.8
      vertex 24.2148 52.8416 26.8
      vertex 24.6895 51.4745 26.8
    endloop
  endfacet
  facet normal 0 0 1
    outer loop
      vertex 25.7983 51.4745 26.8
      vertex 23.9641 53.6847 26.8
      vertex 24.2148 52.8416 26.8
    endloop
  endfacet
  facet normal 0 0 1
    outer loop
      vertex 23.854 56.8252 26.8
      vertex 23.9641 53.6847 26.8
      vertex 25.7983 51.4745 26.8
    endloop
  endfacet
  facet normal 0 0 1
    outer loop
      vertex 23.854 56.8252 26.8
      vertex 23.4362 55.2226 26.8
      vertex 23.9641 53.6847 26.8
    endloop
  endfacet
  facet normal 0 0 1
    outer loop
      vertex 23.854 56.8252 26.8
      vertex 23.273 55.7391 26.8
      vertex 23.4362 55.2226 26.8
    endloop
  endfacet
  facet normal 0 0 1
    outer loop
      vertex 23.854 56.8252 26.8
      vertex 23.1932 56.0011 26.8
      vertex 23.273 55.7391 26.8
    endloop
  endfacet
  facet normal 0 0 1
    outer loop
      vertex 22.5325 56.8252 26.8
      vertex 23.1705 55.9176 26.8
      vertex 23.1932 56.0011 26.8
    endloop
  endfacet
  facet normal 0 0 1
    outer loop
      vertex 23.1705 55.9176 26.8
      vertex 22.5325 56.8252 26.8
      vertex 23.1593 55.8777 26.8
    endloop
  endfacet
  facet normal 0 0 1
    outer loop
      vertex 23.1593 55.8777 26.8
      vertex 22.5325 56.8252 26.8
      vertex 23.1475 55.8363 26.8
    endloop
  endfacet
  facet normal 0 0 1
    outer loop
      vertex 23.1475 55.8363 26.8
      vertex 22.5325 56.8252 26.8
      vertex 23.1351 55.7934 26.8
    endloop
  endfacet
  facet normal 0 0 1
    outer loop
      vertex 23.1351 55.7934 26.8
      vertex 22.5325 56.8252 26.8
      vertex 23.1221 55.7489 26.8
    endloop
  endfacet
  facet normal 0 0 1
    outer loop
      vertex 23.1221 55.7489 26.8
      vertex 22.5325 56.8252 26.8
      vertex 23.1084 55.7029 26.8
    endloop
  endfacet
  facet normal 0 0 1
    outer loop
      vertex 23.1084 55.7029 26.8
      vertex 22.5325 56.8252 26.8
      vertex 23.0942 55.6553 26.8
    endloop
  endfacet
  facet normal 0 0 1
    outer loop
      vertex 23.0942 55.6553 26.8
      vertex 22.5325 56.8252 26.8
      vertex 23.0793 55.6062 26.8
    endloop
  endfacet
  facet normal 0 0 1
    outer loop
      vertex 23.0793 55.6062 26.8
      vertex 22.5325 56.8252 26.8
      vertex 23.053 55.5242 26.8
    endloop
  endfacet
  facet normal 0 0 1
    outer loop
      vertex 23.053 55.5242 26.8
      vertex 22.5325 56.8252 26.8
      vertex 23.0043 55.378 26.8
    endloop
  endfacet
  facet normal 0 0 1
    outer loop
      vertex 23.0043 55.378 26.8
      vertex 22.5325 56.8252 26.8
      vertex 22.9333 55.1677 26.8
    endloop
  endfacet
  facet normal 0 0 1
    outer loop
      vertex 22.9333 55.1677 26.8
      vertex 22.5325 56.8252 26.8
      vertex 22.84 54.8932 26.8
    endloop
  endfacet
  facet normal 0 0 1
    outer loop
      vertex 22.84 54.8932 26.8
      vertex 22.5325 56.8252 26.8
      vertex 22.7244 54.5545 26.8
    endloop
  endfacet
  facet normal -0 0 1
    outer loop
      vertex 22.5325 56.8252 26.8
      vertex 23.1932 56.0011 26.8
      vertex 23.854 56.8252 26.8
    endloop
  endfacet
  facet normal 0 0 1
    outer loop
      vertex 22.7244 54.5545 26.8
      vertex 22.5325 56.8252 26.8
      vertex 22.5864 54.1517 26.8
    endloop
  endfacet
  facet normal 0 0 1
    outer loop
      vertex 22.5325 56.8252 26.8
      vertex 22.4261 53.6847 26.8
      vertex 22.5864 54.1517 26.8
    endloop
  endfacet
  facet normal 0 0 1
    outer loop
      vertex 20.5805 51.4745 26.8
      vertex 22.4261 53.6847 26.8
      vertex 22.5325 56.8252 26.8
    endloop
  endfacet
  facet normal 0 0 1
    outer loop
      vertex 22.4261 53.6847 26.8
      vertex 20.5805 51.4745 26.8
      vertex 22.1755 52.8416 26.8
    endloop
  endfacet
  facet normal 0 0 1
    outer loop
      vertex 22.1755 52.8416 26.8
      vertex 20.5805 51.4745 26.8
      vertex 21.7008 51.4745 26.8
    endloop
  endfacet
  facet normal -0 0 1
    outer loop
      vertex 22.4261 53.6847 26.8
      vertex 24.2148 52.8416 26.8
      vertex 23.9641 53.6847 26.8
    endloop
  endfacet
  facet normal 0 0 1
    outer loop
      vertex 24.2148 52.8416 26.8
      vertex 22.4261 53.6847 26.8
      vertex 22.1755 52.8416 26.8
    endloop
  endfacet
  facet normal 0 0 1
    outer loop
      vertex 31.0527 55.4432 26.8
      vertex 29.9152 55.3892 26.8
      vertex 29.9354 55.1847 26.8
    endloop
  endfacet
  facet normal 0 0 1
    outer loop
      vertex 30.21 56.615 26.8
      vertex 29.8548 55.5622 26.8
      vertex 29.9152 55.3892 26.8
    endloop
  endfacet
  facet normal 0 0 1
    outer loop
      vertex 29.613 55.814 26.8
      vertex 30.0168 56.6906 26.8
      vertex 29.8058 56.7495 26.8
    endloop
  endfacet
  facet normal 0 0 1
    outer loop
      vertex 30.21 56.615 26.8
      vertex 29.7541 55.7038 26.8
      vertex 29.8548 55.5622 26.8
    endloop
  endfacet
  facet normal 0 0 1
    outer loop
      vertex 30.21 56.615 26.8
      vertex 29.613 55.814 26.8
      vertex 29.7541 55.7038 26.8
    endloop
  endfacet
  facet normal 0 0 1
    outer loop
      vertex 29.4316 55.8926 26.8
      vertex 29.8058 56.7495 26.8
      vertex 29.577 56.7915 26.8
    endloop
  endfacet
  facet normal 0 0 1
    outer loop
      vertex 29.8058 56.7495 26.8
      vertex 29.4316 55.8926 26.8
      vertex 29.613 55.814 26.8
    endloop
  endfacet
  facet normal 0 0 1
    outer loop
      vertex 29.21 55.9398 26.8
      vertex 29.577 56.7915 26.8
      vertex 29.3303 56.8168 26.8
    endloop
  endfacet
  facet normal 0 0 1
    outer loop
      vertex 29.577 56.7915 26.8
      vertex 29.21 55.9398 26.8
      vertex 29.4316 55.8926 26.8
    endloop
  endfacet
  facet normal 0 0 1
    outer loop
      vertex 29.0658 56.8252 26.8
      vertex 29.21 55.9398 26.8
      vertex 29.3303 56.8168 26.8
    endloop
  endfacet
  facet normal 0 0 1
    outer loop
      vertex 29.0658 56.8252 26.8
      vertex 28.9481 55.9556 26.8
      vertex 29.21 55.9398 26.8
    endloop
  endfacet
  facet normal 0 0 1
    outer loop
      vertex 29.0658 56.8252 26.8
      vertex 27.5126 55.9556 26.8
      vertex 28.9481 55.9556 26.8
    endloop
  endfacet
  facet normal 0 0 1
    outer loop
      vertex 26.3923 56.8252 26.8
      vertex 27.5126 54.3758 26.8
      vertex 27.5126 55.9556 26.8
    endloop
  endfacet
  facet normal 0 0 1
    outer loop
      vertex 26.3923 51.4745 26.8
      vertex 27.5126 54.3758 26.8
      vertex 26.3923 56.8252 26.8
    endloop
  endfacet
  facet normal -0 0 1
    outer loop
      vertex 26.3923 56.8252 26.8
      vertex 27.5126 55.9556 26.8
      vertex 29.0658 56.8252 26.8
    endloop
  endfacet
  facet normal 0 0 1
    outer loop
      vertex 27.5126 54.3758 26.8
      vertex 26.3923 51.4745 26.8
      vertex 27.5126 53.5062 26.8
    endloop
  endfacet
  facet normal 0 0 1
    outer loop
      vertex 27.5126 53.5062 26.8
      vertex 26.3923 51.4745 26.8
      vertex 27.5126 51.4745 26.8
    endloop
  endfacet
  facet normal 0 0 1
    outer loop
      vertex 29.9354 55.1847 26.8
      vertex 31.0633 55.2303 26.8
      vertex 31.0527 55.4432 26.8
    endloop
  endfacet
  facet normal 0 0 1
    outer loop
      vertex 31.0633 55.2303 26.8
      vertex 29.9354 55.1847 26.8
      vertex 31.0568 55.0728 26.8
    endloop
  endfacet
  facet normal 0 0 1
    outer loop
      vertex 29.9152 55.3892 26.8
      vertex 31.0527 55.4432 26.8
      vertex 31.0208 55.6415 26.8
    endloop
  endfacet
  facet normal -0 0 1
    outer loop
      vertex 29.9304 55.0786 26.8
      vertex 31.0568 55.0728 26.8
      vertex 29.9354 55.1847 26.8
    endloop
  endfacet
  facet normal 0 0 1
    outer loop
      vertex 29.9152 55.3892 26.8
      vertex 31.0208 55.6415 26.8
      vertex 30.9677 55.8251 26.8
    endloop
  endfacet
  facet normal 0 0 1
    outer loop
      vertex 31.0568 55.0728 26.8
      vertex 29.9304 55.0786 26.8
      vertex 31.0372 54.9216 26.8
    endloop
  endfacet
  facet normal 0 0 1
    outer loop
      vertex 31.0372 54.9216 26.8
      vertex 29.9304 55.0786 26.8
      vertex 31.0047 54.7767 26.8
    endloop
  endfacet
  facet normal 0 0 1
    outer loop
      vertex 29.9152 55.3892 26.8
      vertex 30.9677 55.8251 26.8
      vertex 30.8934 55.9941 26.8
    endloop
  endfacet
  facet normal -0 0 1
    outer loop
      vertex 29.9155 54.9794 26.8
      vertex 31.0047 54.7767 26.8
      vertex 29.9304 55.0786 26.8
    endloop
  endfacet
  facet normal 0 0 1
    outer loop
      vertex 29.9152 55.3892 26.8
      vertex 30.8934 55.9941 26.8
      vertex 30.7978 56.1484 26.8
    endloop
  endfacet
  facet normal 0 0 1
    outer loop
      vertex 31.0047 54.7767 26.8
      vertex 29.9155 54.9794 26.8
      vertex 30.9591 54.6381 26.8
    endloop
  endfacet
  facet normal 0 0 1
    outer loop
      vertex 29.9152 55.3892 26.8
      vertex 30.7978 56.1484 26.8
      vertex 30.681 56.2881 26.8
    endloop
  endfacet
  facet normal 0 0 1
    outer loop
      vertex 30.9591 54.6381 26.8
      vertex 29.9155 54.9794 26.8
      vertex 30.9005 54.5058 26.8
    endloop
  endfacet
  facet normal -0 0 1
    outer loop
      vertex 29.8907 54.8873 26.8
      vertex 30.9005 54.5058 26.8
      vertex 29.9155 54.9794 26.8
    endloop
  endfacet
  facet normal 0 0 1
    outer loop
      vertex 29.9152 55.3892 26.8
      vertex 30.681 56.2881 26.8
      vertex 30.543 56.4131 26.8
    endloop
  endfacet
  facet normal 0 0 1
    outer loop
      vertex 30.9005 54.5058 26.8
      vertex 29.8907 54.8873 26.8
      vertex 30.8289 54.3797 26.8
    endloop
  endfacet
  facet normal 0 0 1
    outer loop
      vertex 29.9152 55.3892 26.8
      vertex 30.543 56.4131 26.8
      vertex 30.3854 56.5225 26.8
    endloop
  endfacet
  facet normal -0 0 1
    outer loop
      vertex 29.856 54.8021 26.8
      vertex 30.8289 54.3797 26.8
      vertex 29.8907 54.8873 26.8
    endloop
  endfacet
  facet normal 0 0 1
    outer loop
      vertex 29.9152 55.3892 26.8
      vertex 30.3854 56.5225 26.8
      vertex 30.21 56.615 26.8
    endloop
  endfacet
  facet normal 0 0 1
    outer loop
      vertex 30.8289 54.3797 26.8
      vertex 29.856 54.8021 26.8
      vertex 30.7442 54.2599 26.8
    endloop
  endfacet
  facet normal 0 0 1
    outer loop
      vertex 30.7442 54.2599 26.8
      vertex 29.856 54.8021 26.8
      vertex 30.6485 54.149 26.8
    endloop
  endfacet
  facet normal 0 0 1
    outer loop
      vertex 29.613 55.814 26.8
      vertex 30.21 56.615 26.8
      vertex 30.0168 56.6906 26.8
    endloop
  endfacet
  facet normal -0 0 1
    outer loop
      vertex 29.8114 54.7239 26.8
      vertex 30.6485 54.149 26.8
      vertex 29.856 54.8021 26.8
    endloop
  endfacet
  facet normal 0 0 1
    outer loop
      vertex 30.6485 54.149 26.8
      vertex 29.8114 54.7239 26.8
      vertex 30.5437 54.0495 26.8
    endloop
  endfacet
  facet normal 0 0 1
    outer loop
      vertex 30.5437 54.0495 26.8
      vertex 29.8114 54.7239 26.8
      vertex 30.4297 53.9613 26.8
    endloop
  endfacet
  facet normal -0 0 1
    outer loop
      vertex 29.7568 54.6527 26.8
      vertex 30.4297 53.9613 26.8
      vertex 29.8114 54.7239 26.8
    endloop
  endfacet
  facet normal 0 0 1
    outer loop
      vertex 30.4297 53.9613 26.8
      vertex 29.7568 54.6527 26.8
      vertex 30.3065 53.8846 26.8
    endloop
  endfacet
  facet normal -0 0 1
    outer loop
      vertex 29.6924 54.5884 26.8
      vertex 30.3065 53.8846 26.8
      vertex 29.7568 54.6527 26.8
    endloop
  endfacet
  facet normal 0 0 1
    outer loop
      vertex 29.8822 53.7226 26.8
      vertex 30.0683 51.4745 26.8
      vertex 31.3291 51.4745 26.8
    endloop
  endfacet
  facet normal 0 0 1
    outer loop
      vertex 30.3065 53.8846 26.8
      vertex 29.6924 54.5884 26.8
      vertex 30.1742 53.8192 26.8
    endloop
  endfacet
  facet normal 0 0 1
    outer loop
      vertex 30.1742 53.8192 26.8
      vertex 29.6924 54.5884 26.8
      vertex 30.0328 53.7652 26.8
    endloop
  endfacet
  facet normal -0 0 1
    outer loop
      vertex 29.6183 54.532 26.8
      vertex 30.0328 53.7652 26.8
      vertex 29.6924 54.5884 26.8
    endloop
  endfacet
  facet normal 0 0 1
    outer loop
      vertex 30.0328 53.7652 26.8
      vertex 29.6183 54.532 26.8
      vertex 29.8822 53.7226 26.8
    endloop
  endfacet
  facet normal -0 0 1
    outer loop
      vertex 29.5349 54.4843 26.8
      vertex 29.8822 53.7226 26.8
      vertex 29.6183 54.532 26.8
    endloop
  endfacet
  facet normal -0 0 1
    outer loop
      vertex 29.4422 54.4452 26.8
      vertex 29.8822 53.7226 26.8
      vertex 29.5349 54.4843 26.8
    endloop
  endfacet
  facet normal -0 0 1
    outer loop
      vertex 29.3402 54.4149 26.8
      vertex 29.8822 53.7226 26.8
      vertex 29.4422 54.4452 26.8
    endloop
  endfacet
  facet normal -0 0 1
    outer loop
      vertex 29.2289 54.3932 26.8
      vertex 29.8822 53.7226 26.8
      vertex 29.3402 54.4149 26.8
    endloop
  endfacet
  facet normal 0 0 1
    outer loop
      vertex 29.8822 53.7226 26.8
      vertex 29.2289 54.3932 26.8
      vertex 28.8265 53.5062 26.8
    endloop
  endfacet
  facet normal 0 0 1
    outer loop
      vertex 28.8265 53.5062 26.8
      vertex 29.2289 54.3932 26.8
      vertex 29.1083 54.3801 26.8
    endloop
  endfacet
  facet normal 0 0 1
    outer loop
      vertex 28.8265 53.5062 26.8
      vertex 29.1083 54.3801 26.8
      vertex 28.9785 54.3758 26.8
    endloop
  endfacet
  facet normal 0 0 1
    outer loop
      vertex 29.8822 53.7226 26.8
      vertex 28.8265 53.5062 26.8
      vertex 30.0683 51.4745 26.8
    endloop
  endfacet
  facet normal -0 0 1
    outer loop
      vertex 27.5126 54.3758 26.8
      vertex 28.8265 53.5062 26.8
      vertex 28.9785 54.3758 26.8
    endloop
  endfacet
  facet normal 0 0 1
    outer loop
      vertex 28.8265 53.5062 26.8
      vertex 27.5126 54.3758 26.8
      vertex 27.5126 53.5062 26.8
    endloop
  endfacet
  facet normal -0 0 1
    outer loop
      vertex 31.8775 56.8252 26.8
      vertex 32.9978 51.4745 26.8
      vertex 32.9978 56.8252 26.8
    endloop
  endfacet
  facet normal 0 0 1
    outer loop
      vertex 32.9978 51.4745 26.8
      vertex 31.8775 56.8252 26.8
      vertex 31.8775 51.4745 26.8
    endloop
  endfacet
  facet normal -0.177426 0.984134 0
    outer loop
      vertex 46.6656 51.4556 26.8
      vertex 46.4282 51.4128 27.25
      vertex 46.6656 51.4556 27.25
    endloop
  endfacet
  facet normal -0.177426 0.984134 0
    outer loop
      vertex 46.4282 51.4128 27.25
      vertex 46.6656 51.4556 26.8
      vertex 46.4282 51.4128 26.8
    endloop
  endfacet
  facet normal -0.310474 0.950582 0
    outer loop
      vertex 46.8839 51.5269 26.8
      vertex 46.6656 51.4556 27.25
      vertex 46.8839 51.5269 27.25
    endloop
  endfacet
  facet normal -0.310474 0.950582 0
    outer loop
      vertex 46.6656 51.4556 27.25
      vertex 46.8839 51.5269 26.8
      vertex 46.6656 51.4556 26.8
    endloop
  endfacet
  facet normal -0.447572 0.894248 0
    outer loop
      vertex 47.0833 51.6267 26.8
      vertex 46.8839 51.5269 27.25
      vertex 47.0833 51.6267 27.25
    endloop
  endfacet
  facet normal -0.447572 0.894248 0
    outer loop
      vertex 46.8839 51.5269 27.25
      vertex 47.0833 51.6267 26.8
      vertex 46.8839 51.5269 26.8
    endloop
  endfacet
  facet normal -0.57987 0.814709 0
    outer loop
      vertex 47.2637 51.7551 26.8
      vertex 47.0833 51.6267 27.25
      vertex 47.2637 51.7551 27.25
    endloop
  endfacet
  facet normal -0.57987 0.814709 0
    outer loop
      vertex 47.0833 51.6267 27.25
      vertex 47.2637 51.7551 26.8
      vertex 47.0833 51.6267 26.8
    endloop
  endfacet
  facet normal -0.696812 0.717254 0
    outer loop
      vertex 47.4251 51.9119 26.8
      vertex 47.2637 51.7551 27.25
      vertex 47.4251 51.9119 27.25
    endloop
  endfacet
  facet normal -0.696812 0.717254 0
    outer loop
      vertex 47.2637 51.7551 27.25
      vertex 47.4251 51.9119 26.8
      vertex 47.2637 51.7551 26.8
    endloop
  endfacet
  facet normal -0.793069 0.609132 0
    outer loop
      vertex 47.4251 51.9119 26.8
      vertex 47.5675 52.0973 27.25
      vertex 47.5675 52.0973 26.8
    endloop
  endfacet
  facet normal -0.793069 0.609132 0
    outer loop
      vertex 47.5675 52.0973 27.25
      vertex 47.4251 51.9119 26.8
      vertex 47.4251 51.9119 27.25
    endloop
  endfacet
  facet normal -0.865278 0.501292 0
    outer loop
      vertex 47.5675 52.0973 26.8
      vertex 47.6909 52.3103 27.25
      vertex 47.6909 52.3103 26.8
    endloop
  endfacet
  facet normal -0.865278 0.501292 0
    outer loop
      vertex 47.6909 52.3103 27.25
      vertex 47.5675 52.0973 26.8
      vertex 47.5675 52.0973 27.25
    endloop
  endfacet
  facet normal -0.916936 0.399034 0
    outer loop
      vertex 47.6909 52.3103 26.8
      vertex 47.7953 52.5502 27.25
      vertex 47.7953 52.5502 26.8
    endloop
  endfacet
  facet normal -0.916936 0.399034 0
    outer loop
      vertex 47.7953 52.5502 27.25
      vertex 47.6909 52.3103 26.8
      vertex 47.6909 52.3103 27.25
    endloop
  endfacet
  facet normal -0.952262 0.305281 0
    outer loop
      vertex 47.7953 52.5502 26.8
      vertex 47.8808 52.8169 27.25
      vertex 47.8808 52.8169 26.8
    endloop
  endfacet
  facet normal -0.952262 0.305281 0
    outer loop
      vertex 47.8808 52.8169 27.25
      vertex 47.7953 52.5502 26.8
      vertex 47.7953 52.5502 27.25
    endloop
  endfacet
  facet normal -0.975351 0.220659 0
    outer loop
      vertex 47.8808 52.8169 26.8
      vertex 47.9472 53.1104 27.25
      vertex 47.9472 53.1104 26.8
    endloop
  endfacet
  facet normal -0.975351 0.220659 0
    outer loop
      vertex 47.9472 53.1104 27.25
      vertex 47.8808 52.8169 26.8
      vertex 47.8808 52.8169 27.25
    endloop
  endfacet
  facet normal -0.989182 0.146694 0
    outer loop
      vertex 47.9472 53.1104 26.8
      vertex 47.9947 53.4307 27.25
      vertex 47.9947 53.4307 26.8
    endloop
  endfacet
  facet normal -0.989182 0.146694 0
    outer loop
      vertex 47.9947 53.4307 27.25
      vertex 47.9472 53.1104 26.8
      vertex 47.9472 53.1104 27.25
    endloop
  endfacet
  facet normal -0.996646 0.0818335 0
    outer loop
      vertex 47.9947 53.4307 26.8
      vertex 48.0232 53.7778 27.25
      vertex 48.0232 53.7778 26.8
    endloop
  endfacet
  facet normal -0.996646 0.0818335 0
    outer loop
      vertex 48.0232 53.7778 27.25
      vertex 47.9947 53.4307 26.8
      vertex 47.9947 53.4307 27.25
    endloop
  endfacet
  facet normal -0.999684 0.0251325 0
    outer loop
      vertex 48.0232 53.7778 26.8
      vertex 48.0326 54.1517 27.25
      vertex 48.0326 54.1517 26.8
    endloop
  endfacet
  facet normal -0.999684 0.0251325 0
    outer loop
      vertex 48.0326 54.1517 27.25
      vertex 48.0232 53.7778 26.8
      vertex 48.0232 53.7778 27.25
    endloop
  endfacet
  facet normal -0.999726 -0.023427 0
    outer loop
      vertex 48.0326 54.1517 26.8
      vertex 48.0237 54.5315 27.25
      vertex 48.0237 54.5315 26.8
    endloop
  endfacet
  facet normal -0.999726 -0.023427 0
    outer loop
      vertex 48.0237 54.5315 27.25
      vertex 48.0326 54.1517 26.8
      vertex 48.0326 54.1517 27.25
    endloop
  endfacet
  facet normal -0.997063 -0.076588 0
    outer loop
      vertex 48.0237 54.5315 26.8
      vertex 47.9967 54.883 27.25
      vertex 47.9967 54.883 26.8
    endloop
  endfacet
  facet normal -0.997063 -0.076588 0
    outer loop
      vertex 47.9967 54.883 27.25
      vertex 48.0237 54.5315 26.8
      vertex 48.0237 54.5315 27.25
    endloop
  endfacet
  facet normal -0.990457 -0.137819 0
    outer loop
      vertex 47.9967 54.883 26.8
      vertex 47.9517 55.2064 27.25
      vertex 47.9517 55.2064 26.8
    endloop
  endfacet
  facet normal -0.990457 -0.137819 0
    outer loop
      vertex 47.9517 55.2064 27.25
      vertex 47.9967 54.883 26.8
      vertex 47.9967 54.883 27.25
    endloop
  endfacet
  facet normal -0.97803 -0.208465 0
    outer loop
      vertex 47.9517 55.2064 26.8
      vertex 47.8888 55.5015 27.25
      vertex 47.8888 55.5015 26.8
    endloop
  endfacet
  facet normal -0.97803 -0.208465 0
    outer loop
      vertex 47.8888 55.5015 27.25
      vertex 47.9517 55.2064 26.8
      vertex 47.9517 55.2064 27.25
    endloop
  endfacet
  facet normal -0.957003 -0.290077 0
    outer loop
      vertex 47.8888 55.5015 26.8
      vertex 47.8079 55.7684 27.25
      vertex 47.8079 55.7684 26.8
    endloop
  endfacet
  facet normal -0.957003 -0.290077 0
    outer loop
      vertex 47.8079 55.7684 27.25
      vertex 47.8888 55.5015 26.8
      vertex 47.8888 55.5015 27.25
    endloop
  endfacet
  facet normal -0.923842 -0.382773 0
    outer loop
      vertex 47.8079 55.7684 26.8
      vertex 47.709 56.0071 27.25
      vertex 47.709 56.0071 26.8
    endloop
  endfacet
  facet normal -0.923842 -0.382773 0
    outer loop
      vertex 47.709 56.0071 27.25
      vertex 47.8079 55.7684 26.8
      vertex 47.8079 55.7684 27.25
    endloop
  endfacet
  facet normal -0.874412 -0.485184 0
    outer loop
      vertex 47.709 56.0071 26.8
      vertex 47.5922 56.2176 27.25
      vertex 47.5922 56.2176 26.8
    endloop
  endfacet
  facet normal -0.874412 -0.485184 0
    outer loop
      vertex 47.5922 56.2176 27.25
      vertex 47.709 56.0071 26.8
      vertex 47.709 56.0071 27.25
    endloop
  endfacet
  facet normal -0.800895 -0.598804 0
    outer loop
      vertex 47.5922 56.2176 26.8
      vertex 47.4559 56.3999 27.25
      vertex 47.4559 56.3999 26.8
    endloop
  endfacet
  facet normal -0.800895 -0.598804 0
    outer loop
      vertex 47.4559 56.3999 27.25
      vertex 47.5922 56.2176 26.8
      vertex 47.5922 56.2176 27.25
    endloop
  endfacet
  facet normal -0.700947 -0.713213 0
    outer loop
      vertex 47.2989 56.5542 26.8
      vertex 47.4559 56.3999 27.25
      vertex 47.2989 56.5542 27.25
    endloop
  endfacet
  facet normal -0.700947 -0.713213 -0
    outer loop
      vertex 47.4559 56.3999 27.25
      vertex 47.2989 56.5542 26.8
      vertex 47.4559 56.3999 26.8
    endloop
  endfacet
  facet normal -0.579111 -0.815249 0
    outer loop
      vertex 47.1211 56.6805 26.8
      vertex 47.2989 56.5542 27.25
      vertex 47.1211 56.6805 27.25
    endloop
  endfacet
  facet normal -0.579111 -0.815249 -0
    outer loop
      vertex 47.2989 56.5542 27.25
      vertex 47.1211 56.6805 26.8
      vertex 47.2989 56.5542 26.8
    endloop
  endfacet
  facet normal -0.443417 -0.896316 0
    outer loop
      vertex 46.9226 56.7787 26.8
      vertex 47.1211 56.6805 27.25
      vertex 46.9226 56.7787 27.25
    endloop
  endfacet
  facet normal -0.443417 -0.896316 -0
    outer loop
      vertex 47.1211 56.6805 27.25
      vertex 46.9226 56.7787 26.8
      vertex 47.1211 56.6805 26.8
    endloop
  endfacet
  facet normal -0.304476 -0.95252 0
    outer loop
      vertex 46.7033 56.8488 26.8
      vertex 46.9226 56.7787 27.25
      vertex 46.7033 56.8488 27.25
    endloop
  endfacet
  facet normal -0.304476 -0.95252 -0
    outer loop
      vertex 46.9226 56.7787 27.25
      vertex 46.7033 56.8488 26.8
      vertex 46.9226 56.7787 26.8
    endloop
  endfacet
  facet normal -0.172709 -0.984973 0
    outer loop
      vertex 46.4632 56.8909 26.8
      vertex 46.7033 56.8488 27.25
      vertex 46.4632 56.8909 27.25
    endloop
  endfacet
  facet normal -0.172709 -0.984973 -0
    outer loop
      vertex 46.7033 56.8488 27.25
      vertex 46.4632 56.8909 26.8
      vertex 46.7033 56.8488 26.8
    endloop
  endfacet
  facet normal -0.0535833 -0.998563 0
    outer loop
      vertex 46.2023 56.9049 26.8
      vertex 46.4632 56.8909 27.25
      vertex 46.2023 56.9049 27.25
    endloop
  endfacet
  facet normal -0.0535833 -0.998563 -0
    outer loop
      vertex 46.4632 56.8909 27.25
      vertex 46.2023 56.9049 26.8
      vertex 46.4632 56.8909 26.8
    endloop
  endfacet
  facet normal 0.032136 -0.999484 0
    outer loop
      vertex 46.0188 56.899 26.8
      vertex 46.2023 56.9049 27.25
      vertex 46.0188 56.899 27.25
    endloop
  endfacet
  facet normal 0.032136 -0.999484 0
    outer loop
      vertex 46.2023 56.9049 27.25
      vertex 46.0188 56.899 26.8
      vertex 46.2023 56.9049 26.8
    endloop
  endfacet
  facet normal 0.101212 -0.994865 0
    outer loop
      vertex 45.8458 56.8814 26.8
      vertex 46.0188 56.899 27.25
      vertex 45.8458 56.8814 27.25
    endloop
  endfacet
  facet normal 0.101212 -0.994865 0
    outer loop
      vertex 46.0188 56.899 27.25
      vertex 45.8458 56.8814 26.8
      vertex 46.0188 56.899 26.8
    endloop
  endfacet
  facet normal 0.178619 -0.983918 0
    outer loop
      vertex 45.6833 56.8519 26.8
      vertex 45.8458 56.8814 27.25
      vertex 45.6833 56.8519 27.25
    endloop
  endfacet
  facet normal 0.178619 -0.983918 0
    outer loop
      vertex 45.8458 56.8814 27.25
      vertex 45.6833 56.8519 26.8
      vertex 45.8458 56.8814 26.8
    endloop
  endfacet
  facet normal 0.261773 -0.965129 0
    outer loop
      vertex 45.5314 56.8107 26.8
      vertex 45.6833 56.8519 27.25
      vertex 45.5314 56.8107 27.25
    endloop
  endfacet
  facet normal 0.261773 -0.965129 0
    outer loop
      vertex 45.6833 56.8519 27.25
      vertex 45.5314 56.8107 26.8
      vertex 45.6833 56.8519 26.8
    endloop
  endfacet
  facet normal 0.351196 -0.936302 0
    outer loop
      vertex 45.3901 56.7577 26.8
      vertex 45.5314 56.8107 27.25
      vertex 45.3901 56.7577 27.25
    endloop
  endfacet
  facet normal 0.351196 -0.936302 0
    outer loop
      vertex 45.5314 56.8107 27.25
      vertex 45.3901 56.7577 26.8
      vertex 45.5314 56.8107 26.8
    endloop
  endfacet
  facet normal 0.44365 -0.8962 0
    outer loop
      vertex 45.2592 56.6929 26.8
      vertex 45.3901 56.7577 27.25
      vertex 45.2592 56.6929 27.25
    endloop
  endfacet
  facet normal 0.44365 -0.8962 0
    outer loop
      vertex 45.3901 56.7577 27.25
      vertex 45.2592 56.6929 26.8
      vertex 45.3901 56.7577 26.8
    endloop
  endfacet
  facet normal 0.53742 -0.843315 0
    outer loop
      vertex 45.139 56.6163 26.8
      vertex 45.2592 56.6929 27.25
      vertex 45.139 56.6163 27.25
    endloop
  endfacet
  facet normal 0.53742 -0.843315 0
    outer loop
      vertex 45.2592 56.6929 27.25
      vertex 45.139 56.6163 26.8
      vertex 45.2592 56.6929 26.8
    endloop
  endfacet
  facet normal 0.625895 -0.779907 0
    outer loop
      vertex 45.0281 56.5273 26.8
      vertex 45.139 56.6163 27.25
      vertex 45.0281 56.5273 27.25
    endloop
  endfacet
  facet normal 0.625895 -0.779907 0
    outer loop
      vertex 45.139 56.6163 27.25
      vertex 45.0281 56.5273 26.8
      vertex 45.139 56.6163 26.8
    endloop
  endfacet
  facet normal 0.704685 -0.709521 0
    outer loop
      vertex 44.9254 56.4253 26.8
      vertex 45.0281 56.5273 27.25
      vertex 44.9254 56.4253 27.25
    endloop
  endfacet
  facet normal 0.704685 -0.709521 0
    outer loop
      vertex 45.0281 56.5273 27.25
      vertex 44.9254 56.4253 26.8
      vertex 45.0281 56.5273 26.8
    endloop
  endfacet
  facet normal 0.772609 -0.634883 0
    outer loop
      vertex 44.8309 56.3103 27.25
      vertex 44.9254 56.4253 26.8
      vertex 44.9254 56.4253 27.25
    endloop
  endfacet
  facet normal 0.772609 -0.634883 0
    outer loop
      vertex 44.9254 56.4253 26.8
      vertex 44.8309 56.3103 27.25
      vertex 44.8309 56.3103 26.8
    endloop
  endfacet
  facet normal 0.829449 -0.558582 0
    outer loop
      vertex 44.7447 56.1823 27.25
      vertex 44.8309 56.3103 26.8
      vertex 44.8309 56.3103 27.25
    endloop
  endfacet
  facet normal 0.829449 -0.558582 0
    outer loop
      vertex 44.8309 56.3103 26.8
      vertex 44.7447 56.1823 27.25
      vertex 44.7447 56.1823 26.8
    endloop
  endfacet
  facet normal 0.874917 -0.484274 0
    outer loop
      vertex 44.6666 56.0412 27.25
      vertex 44.7447 56.1823 26.8
      vertex 44.7447 56.1823 27.25
    endloop
  endfacet
  facet normal 0.874917 -0.484274 0
    outer loop
      vertex 44.7447 56.1823 26.8
      vertex 44.6666 56.0412 27.25
      vertex 44.6666 56.0412 26.8
    endloop
  endfacet
  facet normal 0.910812 -0.412822 0
    outer loop
      vertex 44.5968 55.8872 27.25
      vertex 44.6666 56.0412 26.8
      vertex 44.6666 56.0412 27.25
    endloop
  endfacet
  facet normal 0.910812 -0.412822 0
    outer loop
      vertex 44.6666 56.0412 26.8
      vertex 44.5968 55.8872 27.25
      vertex 44.5968 55.8872 26.8
    endloop
  endfacet
  facet normal 0.938276 -0.345887 0
    outer loop
      vertex 44.5352 55.7201 27.25
      vertex 44.5968 55.8872 26.8
      vertex 44.5968 55.8872 27.25
    endloop
  endfacet
  facet normal 0.938276 -0.345887 0
    outer loop
      vertex 44.5968 55.8872 26.8
      vertex 44.5352 55.7201 27.25
      vertex 44.5352 55.7201 26.8
    endloop
  endfacet
  facet normal 0.959044 -0.283257 0
    outer loop
      vertex 44.4818 55.5393 27.25
      vertex 44.5352 55.7201 26.8
      vertex 44.5352 55.7201 27.25
    endloop
  endfacet
  facet normal 0.959044 -0.283257 0
    outer loop
      vertex 44.5352 55.7201 26.8
      vertex 44.4818 55.5393 27.25
      vertex 44.4818 55.5393 26.8
    endloop
  endfacet
  facet normal 0.974223 -0.225588 0
    outer loop
      vertex 44.4366 55.3441 27.25
      vertex 44.4818 55.5393 26.8
      vertex 44.4818 55.5393 27.25
    endloop
  endfacet
  facet normal 0.974223 -0.225588 0
    outer loop
      vertex 44.4818 55.5393 26.8
      vertex 44.4366 55.3441 27.25
      vertex 44.4366 55.3441 26.8
    endloop
  endfacet
  facet normal 0.984788 -0.173759 0
    outer loop
      vertex 44.3996 55.1344 27.25
      vertex 44.4366 55.3441 26.8
      vertex 44.4366 55.3441 27.25
    endloop
  endfacet
  facet normal 0.984788 -0.173759 0
    outer loop
      vertex 44.4366 55.3441 26.8
      vertex 44.3996 55.1344 27.25
      vertex 44.3996 55.1344 26.8
    endloop
  endfacet
  facet normal 0.991892 -0.127086 0
    outer loop
      vertex 44.3709 54.9104 27.25
      vertex 44.3996 55.1344 26.8
      vertex 44.3996 55.1344 27.25
    endloop
  endfacet
  facet normal 0.991892 -0.127086 0
    outer loop
      vertex 44.3996 55.1344 26.8
      vertex 44.3709 54.9104 27.25
      vertex 44.3709 54.9104 26.8
    endloop
  endfacet
  facet normal 0.996291 -0.0860528 0
    outer loop
      vertex 44.3503 54.6719 27.25
      vertex 44.3709 54.9104 26.8
      vertex 44.3709 54.9104 27.25
    endloop
  endfacet
  facet normal 0.996291 -0.0860528 0
    outer loop
      vertex 44.3709 54.9104 26.8
      vertex 44.3503 54.6719 27.25
      vertex 44.3503 54.6719 26.8
    endloop
  endfacet
  facet normal 0.998819 -0.0485784 0
    outer loop
      vertex 44.338 54.419 27.25
      vertex 44.3503 54.6719 26.8
      vertex 44.3503 54.6719 27.25
    endloop
  endfacet
  facet normal 0.998819 -0.0485784 0
    outer loop
      vertex 44.3503 54.6719 26.8
      vertex 44.338 54.419 27.25
      vertex 44.338 54.419 26.8
    endloop
  endfacet
  facet normal 0.999882 -0.0153368 0
    outer loop
      vertex 44.3339 54.1517 27.25
      vertex 44.338 54.419 26.8
      vertex 44.338 54.419 27.25
    endloop
  endfacet
  facet normal 0.999882 -0.0153368 0
    outer loop
      vertex 44.338 54.419 26.8
      vertex 44.3339 54.1517 27.25
      vertex 44.3339 54.1517 26.8
    endloop
  endfacet
  facet normal 0.998685 0.0512742 0
    outer loop
      vertex 44.3714 53.4213 27.25
      vertex 44.3339 54.1517 26.8
      vertex 44.3339 54.1517 27.25
    endloop
  endfacet
  facet normal 0.998685 0.0512742 0
    outer loop
      vertex 44.3339 54.1517 26.8
      vertex 44.3714 53.4213 27.25
      vertex 44.3714 53.4213 26.8
    endloop
  endfacet
  facet normal 0.983832 0.179096 0
    outer loop
      vertex 44.4839 52.8033 27.25
      vertex 44.3714 53.4213 26.8
      vertex 44.3714 53.4213 27.25
    endloop
  endfacet
  facet normal 0.983832 0.179096 0
    outer loop
      vertex 44.3714 53.4213 26.8
      vertex 44.4839 52.8033 27.25
      vertex 44.4839 52.8033 26.8
    endloop
  endfacet
  facet normal 0.937565 0.347809 0
    outer loop
      vertex 44.6715 52.2976 27.25
      vertex 44.4839 52.8033 26.8
      vertex 44.4839 52.8033 27.25
    endloop
  endfacet
  facet normal 0.937565 0.347809 0
    outer loop
      vertex 44.4839 52.8033 26.8
      vertex 44.6715 52.2976 27.25
      vertex 44.6715 52.2976 26.8
    endloop
  endfacet
  facet normal 0.83166 0.555286 0
    outer loop
      vertex 44.9341 51.9043 27.25
      vertex 44.6715 52.2976 26.8
      vertex 44.6715 52.2976 27.25
    endloop
  endfacet
  facet normal 0.83166 0.555286 0
    outer loop
      vertex 44.6715 52.2976 26.8
      vertex 44.9341 51.9043 27.25
      vertex 44.9341 51.9043 26.8
    endloop
  endfacet
  facet normal 0.639848 0.768501 -0
    outer loop
      vertex 45.2716 51.6233 26.8
      vertex 44.9341 51.9043 27.25
      vertex 45.2716 51.6233 27.25
    endloop
  endfacet
  facet normal 0.639848 0.768501 0
    outer loop
      vertex 44.9341 51.9043 27.25
      vertex 45.2716 51.6233 26.8
      vertex 44.9341 51.9043 26.8
    endloop
  endfacet
  facet normal 0.377995 0.925808 -0
    outer loop
      vertex 45.6843 51.4548 26.8
      vertex 45.2716 51.6233 27.25
      vertex 45.6843 51.4548 27.25
    endloop
  endfacet
  facet normal 0.377995 0.925808 0
    outer loop
      vertex 45.2716 51.6233 27.25
      vertex 45.6843 51.4548 26.8
      vertex 45.2716 51.6233 26.8
    endloop
  endfacet
  facet normal 0.1145 0.993423 -0
    outer loop
      vertex 46.1719 51.3986 26.8
      vertex 45.6843 51.4548 27.25
      vertex 46.1719 51.3986 27.25
    endloop
  endfacet
  facet normal 0.1145 0.993423 0
    outer loop
      vertex 45.6843 51.4548 27.25
      vertex 46.1719 51.3986 26.8
      vertex 45.6843 51.4548 26.8
    endloop
  endfacet
  facet normal -0.055319 0.998469 0
    outer loop
      vertex 46.4282 51.4128 26.8
      vertex 46.1719 51.3986 27.25
      vertex 46.4282 51.4128 27.25
    endloop
  endfacet
  facet normal -0.055319 0.998469 0
    outer loop
      vertex 46.1719 51.3986 27.25
      vertex 46.4282 51.4128 26.8
      vertex 46.1719 51.3986 26.8
    endloop
  endfacet
  facet normal -0.138081 -0.990421 0
    outer loop
      vertex 46.0157 52.2524 26.8
      vertex 46.0946 52.2414 27.25
      vertex 46.0157 52.2524 27.25
    endloop
  endfacet
  facet normal -0.138081 -0.990421 -0
    outer loop
      vertex 46.0946 52.2414 27.25
      vertex 46.0157 52.2524 26.8
      vertex 46.0946 52.2414 26.8
    endloop
  endfacet
  facet normal -0.24191 -0.970299 0
    outer loop
      vertex 45.9427 52.2706 26.8
      vertex 46.0157 52.2524 27.25
      vertex 45.9427 52.2706 27.25
    endloop
  endfacet
  facet normal -0.24191 -0.970299 -0
    outer loop
      vertex 46.0157 52.2524 27.25
      vertex 45.9427 52.2706 26.8
      vertex 46.0157 52.2524 26.8
    endloop
  endfacet
  facet normal -0.355705 -0.934598 0
    outer loop
      vertex 45.8757 52.2961 26.8
      vertex 45.9427 52.2706 27.25
      vertex 45.8757 52.2961 27.25
    endloop
  endfacet
  facet normal -0.355705 -0.934598 -0
    outer loop
      vertex 45.9427 52.2706 27.25
      vertex 45.8757 52.2961 26.8
      vertex 45.9427 52.2706 26.8
    endloop
  endfacet
  facet normal -0.472462 -0.881351 0
    outer loop
      vertex 45.8147 52.3288 26.8
      vertex 45.8757 52.2961 27.25
      vertex 45.8147 52.3288 27.25
    endloop
  endfacet
  facet normal -0.472462 -0.881351 -0
    outer loop
      vertex 45.8757 52.2961 27.25
      vertex 45.8147 52.3288 26.8
      vertex 45.8757 52.2961 26.8
    endloop
  endfacet
  facet normal -0.588433 -0.808546 0
    outer loop
      vertex 45.7596 52.3689 26.8
      vertex 45.8147 52.3288 27.25
      vertex 45.7596 52.3689 27.25
    endloop
  endfacet
  facet normal -0.588433 -0.808546 -0
    outer loop
      vertex 45.8147 52.3288 27.25
      vertex 45.7596 52.3689 26.8
      vertex 45.8147 52.3288 26.8
    endloop
  endfacet
  facet normal -0.694542 -0.719452 0
    outer loop
      vertex 45.7105 52.4163 26.8
      vertex 45.7596 52.3689 27.25
      vertex 45.7105 52.4163 27.25
    endloop
  endfacet
  facet normal -0.694542 -0.719452 -0
    outer loop
      vertex 45.7596 52.3689 27.25
      vertex 45.7105 52.4163 26.8
      vertex 45.7596 52.3689 26.8
    endloop
  endfacet
  facet normal -0.782648 -0.622465 0
    outer loop
      vertex 45.7105 52.4163 26.8
      vertex 45.6662 52.472 27.25
      vertex 45.6662 52.472 26.8
    endloop
  endfacet
  facet normal -0.782648 -0.622465 0
    outer loop
      vertex 45.6662 52.472 27.25
      vertex 45.7105 52.4163 26.8
      vertex 45.7105 52.4163 27.25
    endloop
  endfacet
  facet normal -0.848071 -0.529882 0
    outer loop
      vertex 45.6662 52.472 26.8
      vertex 45.6254 52.5373 27.25
      vertex 45.6254 52.5373 26.8
    endloop
  endfacet
  facet normal -0.848071 -0.529882 0
    outer loop
      vertex 45.6254 52.5373 27.25
      vertex 45.6662 52.472 26.8
      vertex 45.6662 52.472 27.25
    endloop
  endfacet
  facet normal -0.89562 -0.44482 0
    outer loop
      vertex 45.6254 52.5373 26.8
      vertex 45.5882 52.6122 27.25
      vertex 45.5882 52.6122 26.8
    endloop
  endfacet
  facet normal -0.89562 -0.44482 0
    outer loop
      vertex 45.5882 52.6122 27.25
      vertex 45.6254 52.5373 26.8
      vertex 45.6254 52.5373 27.25
    endloop
  endfacet
  facet normal -0.928932 -0.37025 0
    outer loop
      vertex 45.5882 52.6122 26.8
      vertex 45.5546 52.6965 27.25
      vertex 45.5546 52.6965 26.8
    endloop
  endfacet
  facet normal -0.928932 -0.37025 0
    outer loop
      vertex 45.5546 52.6965 27.25
      vertex 45.5882 52.6122 26.8
      vertex 45.5882 52.6122 27.25
    endloop
  endfacet
  facet normal -0.952271 -0.305254 0
    outer loop
      vertex 45.5546 52.6965 26.8
      vertex 45.5245 52.7904 27.25
      vertex 45.5245 52.7904 26.8
    endloop
  endfacet
  facet normal -0.952271 -0.305254 0
    outer loop
      vertex 45.5245 52.7904 27.25
      vertex 45.5546 52.6965 26.8
      vertex 45.5546 52.6965 27.25
    endloop
  endfacet
  facet normal -0.968693 -0.248263 0
    outer loop
      vertex 45.5245 52.7904 26.8
      vertex 45.498 52.8938 27.25
      vertex 45.498 52.8938 26.8
    endloop
  endfacet
  facet normal -0.968693 -0.248263 0
    outer loop
      vertex 45.498 52.8938 27.25
      vertex 45.5245 52.7904 26.8
      vertex 45.5245 52.7904 27.25
    endloop
  endfacet
  facet normal -0.979908 -0.19945 0
    outer loop
      vertex 45.498 52.8938 26.8
      vertex 45.475 53.0068 27.25
      vertex 45.475 53.0068 26.8
    endloop
  endfacet
  facet normal -0.979908 -0.19945 0
    outer loop
      vertex 45.475 53.0068 27.25
      vertex 45.498 52.8938 26.8
      vertex 45.498 52.8938 27.25
    endloop
  endfacet
  facet normal -0.987795 -0.155759 0
    outer loop
      vertex 45.475 53.0068 26.8
      vertex 45.4554 53.1311 27.25
      vertex 45.4554 53.1311 26.8
    endloop
  endfacet
  facet normal -0.987795 -0.155759 0
    outer loop
      vertex 45.4554 53.1311 27.25
      vertex 45.475 53.0068 26.8
      vertex 45.475 53.0068 27.25
    endloop
  endfacet
  facet normal -0.99277 -0.120029 0
    outer loop
      vertex 45.4554 53.1311 26.8
      vertex 45.4388 53.2684 27.25
      vertex 45.4388 53.2684 26.8
    endloop
  endfacet
  facet normal -0.99277 -0.120029 0
    outer loop
      vertex 45.4388 53.2684 27.25
      vertex 45.4554 53.1311 26.8
      vertex 45.4554 53.1311 27.25
    endloop
  endfacet
  facet normal -0.995942 -0.0899987 0
    outer loop
      vertex 45.4388 53.2684 26.8
      vertex 45.4252 53.4189 27.25
      vertex 45.4252 53.4189 26.8
    endloop
  endfacet
  facet normal -0.995942 -0.0899987 0
    outer loop
      vertex 45.4252 53.4189 27.25
      vertex 45.4388 53.2684 26.8
      vertex 45.4388 53.2684 27.25
    endloop
  endfacet
  facet normal -0.997908 -0.0646566 0
    outer loop
      vertex 45.4252 53.4189 26.8
      vertex 45.4146 53.5825 27.25
      vertex 45.4146 53.5825 26.8
    endloop
  endfacet
  facet normal -0.997908 -0.0646566 0
    outer loop
      vertex 45.4146 53.5825 27.25
      vertex 45.4252 53.4189 26.8
      vertex 45.4252 53.4189 27.25
    endloop
  endfacet
  facet normal -0.999075 -0.0429953 0
    outer loop
      vertex 45.4146 53.5825 26.8
      vertex 45.407 53.7591 27.25
      vertex 45.407 53.7591 26.8
    endloop
  endfacet
  facet normal -0.999075 -0.0429953 0
    outer loop
      vertex 45.407 53.7591 27.25
      vertex 45.4146 53.5825 26.8
      vertex 45.4146 53.5825 27.25
    endloop
  endfacet
  facet normal -0.999719 -0.0237025 0
    outer loop
      vertex 45.407 53.7591 26.8
      vertex 45.4025 53.9489 27.25
      vertex 45.4025 53.9489 26.8
    endloop
  endfacet
  facet normal -0.999719 -0.0237025 0
    outer loop
      vertex 45.4025 53.9489 27.25
      vertex 45.407 53.7591 26.8
      vertex 45.407 53.7591 27.25
    endloop
  endfacet
  facet normal -0.999973 -0.00739625 0
    outer loop
      vertex 45.4025 53.9489 26.8
      vertex 45.401 54.1517 27.25
      vertex 45.401 54.1517 26.8
    endloop
  endfacet
  facet normal -0.999973 -0.00739625 0
    outer loop
      vertex 45.401 54.1517 27.25
      vertex 45.4025 53.9489 26.8
      vertex 45.4025 53.9489 27.25
    endloop
  endfacet
  facet normal -0.999977 0.00683578 0
    outer loop
      vertex 45.401 54.1517 26.8
      vertex 45.4024 54.3565 27.25
      vertex 45.4024 54.3565 26.8
    endloop
  endfacet
  facet normal -0.999977 0.00683578 0
    outer loop
      vertex 45.4024 54.3565 27.25
      vertex 45.401 54.1517 26.8
      vertex 45.401 54.1517 27.25
    endloop
  endfacet
  facet normal -0.999747 0.0224721 0
    outer loop
      vertex 45.4024 54.3565 26.8
      vertex 45.4067 54.5478 27.25
      vertex 45.4067 54.5478 26.8
    endloop
  endfacet
  facet normal -0.999747 0.0224721 0
    outer loop
      vertex 45.4067 54.5478 27.25
      vertex 45.4024 54.3565 26.8
      vertex 45.4024 54.3565 27.25
    endloop
  endfacet
  facet normal -0.999179 0.0405073 0
    outer loop
      vertex 45.4067 54.5478 26.8
      vertex 45.4139 54.7254 27.25
      vertex 45.4139 54.7254 26.8
    endloop
  endfacet
  facet normal -0.999179 0.0405073 0
    outer loop
      vertex 45.4139 54.7254 27.25
      vertex 45.4067 54.5478 26.8
      vertex 45.4067 54.5478 27.25
    endloop
  endfacet
  facet normal -0.998148 0.0608256 0
    outer loop
      vertex 45.4139 54.7254 26.8
      vertex 45.4239 54.8895 27.25
      vertex 45.4239 54.8895 26.8
    endloop
  endfacet
  facet normal -0.998148 0.0608256 0
    outer loop
      vertex 45.4239 54.8895 27.25
      vertex 45.4139 54.7254 26.8
      vertex 45.4139 54.7254 27.25
    endloop
  endfacet
  facet normal -0.996351 0.0853448 0
    outer loop
      vertex 45.4239 54.8895 26.8
      vertex 45.4368 55.0401 27.25
      vertex 45.4368 55.0401 26.8
    endloop
  endfacet
  facet normal -0.996351 0.0853448 0
    outer loop
      vertex 45.4368 55.0401 27.25
      vertex 45.4239 54.8895 26.8
      vertex 45.4239 54.8895 27.25
    endloop
  endfacet
  facet normal -0.993406 0.114652 0
    outer loop
      vertex 45.4368 55.0401 26.8
      vertex 45.4526 55.177 27.25
      vertex 45.4526 55.177 26.8
    endloop
  endfacet
  facet normal -0.993406 0.114652 0
    outer loop
      vertex 45.4526 55.177 27.25
      vertex 45.4368 55.0401 26.8
      vertex 45.4368 55.0401 27.25
    endloop
  endfacet
  facet normal -0.988848 0.148928 0
    outer loop
      vertex 45.4526 55.177 26.8
      vertex 45.4712 55.3005 27.25
      vertex 45.4712 55.3005 26.8
    endloop
  endfacet
  facet normal -0.988848 0.148928 0
    outer loop
      vertex 45.4712 55.3005 27.25
      vertex 45.4526 55.177 26.8
      vertex 45.4526 55.177 27.25
    endloop
  endfacet
  facet normal -0.981249 0.192745 0
    outer loop
      vertex 45.4712 55.3005 26.8
      vertex 45.4932 55.4125 27.25
      vertex 45.4932 55.4125 26.8
    endloop
  endfacet
  facet normal -0.981249 0.192745 0
    outer loop
      vertex 45.4932 55.4125 27.25
      vertex 45.4712 55.3005 26.8
      vertex 45.4712 55.3005 27.25
    endloop
  endfacet
  facet normal -0.969584 0.244759 0
    outer loop
      vertex 45.4932 55.4125 26.8
      vertex 45.5191 55.5151 27.25
      vertex 45.5191 55.5151 26.8
    endloop
  endfacet
  facet normal -0.969584 0.244759 0
    outer loop
      vertex 45.5191 55.5151 27.25
      vertex 45.4932 55.4125 26.8
      vertex 45.4932 55.4125 27.25
    endloop
  endfacet
  facet normal -0.952684 0.303961 0
    outer loop
      vertex 45.5191 55.5151 26.8
      vertex 45.5489 55.6085 27.25
      vertex 45.5489 55.6085 26.8
    endloop
  endfacet
  facet normal -0.952684 0.303961 0
    outer loop
      vertex 45.5489 55.6085 27.25
      vertex 45.5191 55.5151 26.8
      vertex 45.5191 55.5151 27.25
    endloop
  endfacet
  facet normal -0.928629 0.37101 0
    outer loop
      vertex 45.5489 55.6085 26.8
      vertex 45.5825 55.6926 27.25
      vertex 45.5825 55.6926 26.8
    endloop
  endfacet
  facet normal -0.928629 0.37101 0
    outer loop
      vertex 45.5825 55.6926 27.25
      vertex 45.5489 55.6085 26.8
      vertex 45.5489 55.6085 27.25
    endloop
  endfacet
  facet normal -0.893949 0.448169 0
    outer loop
      vertex 45.5825 55.6926 26.8
      vertex 45.62 55.7674 27.25
      vertex 45.62 55.7674 26.8
    endloop
  endfacet
  facet normal -0.893949 0.448169 0
    outer loop
      vertex 45.62 55.7674 27.25
      vertex 45.5825 55.6926 26.8
      vertex 45.5825 55.6926 27.25
    endloop
  endfacet
  facet normal -0.845305 0.534284 0
    outer loop
      vertex 45.62 55.7674 26.8
      vertex 45.6614 55.8329 27.25
      vertex 45.6614 55.8329 26.8
    endloop
  endfacet
  facet normal -0.845305 0.534284 0
    outer loop
      vertex 45.6614 55.8329 27.25
      vertex 45.62 55.7674 26.8
      vertex 45.62 55.7674 27.25
    endloop
  endfacet
  facet normal -0.778566 0.627563 0
    outer loop
      vertex 45.6614 55.8329 26.8
      vertex 45.7067 55.8891 27.25
      vertex 45.7067 55.8891 26.8
    endloop
  endfacet
  facet normal -0.778566 0.627563 0
    outer loop
      vertex 45.7067 55.8891 27.25
      vertex 45.6614 55.8329 26.8
      vertex 45.6614 55.8329 27.25
    endloop
  endfacet
  facet normal -0.688144 0.725574 0
    outer loop
      vertex 45.7571 55.9369 26.8
      vertex 45.7067 55.8891 27.25
      vertex 45.7571 55.9369 27.25
    endloop
  endfacet
  facet normal -0.688144 0.725574 0
    outer loop
      vertex 45.7067 55.8891 27.25
      vertex 45.7571 55.9369 26.8
      vertex 45.7067 55.8891 26.8
    endloop
  endfacet
  facet normal -0.579883 0.8147 0
    outer loop
      vertex 45.814 55.9774 26.8
      vertex 45.7571 55.9369 27.25
      vertex 45.814 55.9774 27.25
    endloop
  endfacet
  facet normal -0.579883 0.8147 0
    outer loop
      vertex 45.7571 55.9369 27.25
      vertex 45.814 55.9774 26.8
      vertex 45.7571 55.9369 26.8
    endloop
  endfacet
  facet normal -0.465054 0.885283 0
    outer loop
      vertex 45.8772 56.0106 26.8
      vertex 45.814 55.9774 27.25
      vertex 45.8772 56.0106 27.25
    endloop
  endfacet
  facet normal -0.465054 0.885283 0
    outer loop
      vertex 45.814 55.9774 27.25
      vertex 45.8772 56.0106 26.8
      vertex 45.814 55.9774 26.8
    endloop
  endfacet
  facet normal -0.345518 0.938412 0
    outer loop
      vertex 45.947 56.0363 26.8
      vertex 45.8772 56.0106 27.25
      vertex 45.947 56.0363 27.25
    endloop
  endfacet
  facet normal -0.345518 0.938412 0
    outer loop
      vertex 45.8772 56.0106 27.25
      vertex 45.947 56.0363 26.8
      vertex 45.8772 56.0106 26.8
    endloop
  endfacet
  facet normal -0.235015 0.971992 0
    outer loop
      vertex 46.0231 56.0547 26.8
      vertex 45.947 56.0363 27.25
      vertex 46.0231 56.0547 27.25
    endloop
  endfacet
  facet normal -0.235015 0.971992 0
    outer loop
      vertex 45.947 56.0363 27.25
      vertex 46.0231 56.0547 26.8
      vertex 45.947 56.0363 26.8
    endloop
  endfacet
  facet normal -0.133185 0.991091 0
    outer loop
      vertex 46.1057 56.0658 26.8
      vertex 46.0231 56.0547 27.25
      vertex 46.1057 56.0658 27.25
    endloop
  endfacet
  facet normal -0.133185 0.991091 0
    outer loop
      vertex 46.0231 56.0547 27.25
      vertex 46.1057 56.0658 26.8
      vertex 46.0231 56.0547 26.8
    endloop
  endfacet
  facet normal -0.0415372 0.999137 0
    outer loop
      vertex 46.1947 56.0695 26.8
      vertex 46.1057 56.0658 27.25
      vertex 46.1947 56.0695 27.25
    endloop
  endfacet
  facet normal -0.0415372 0.999137 0
    outer loop
      vertex 46.1057 56.0658 27.25
      vertex 46.1947 56.0695 26.8
      vertex 46.1057 56.0658 26.8
    endloop
  endfacet
  facet normal 0.0441098 0.999027 -0
    outer loop
      vertex 46.2785 56.0658 26.8
      vertex 46.1947 56.0695 27.25
      vertex 46.2785 56.0658 27.25
    endloop
  endfacet
  facet normal 0.0441098 0.999027 0
    outer loop
      vertex 46.1947 56.0695 27.25
      vertex 46.2785 56.0658 26.8
      vertex 46.1947 56.0695 26.8
    endloop
  endfacet
  facet normal 0.138399 0.990377 -0
    outer loop
      vertex 46.3565 56.0549 26.8
      vertex 46.2785 56.0658 27.25
      vertex 46.3565 56.0549 27.25
    endloop
  endfacet
  facet normal 0.138399 0.990377 0
    outer loop
      vertex 46.2785 56.0658 27.25
      vertex 46.3565 56.0549 26.8
      vertex 46.2785 56.0658 26.8
    endloop
  endfacet
  facet normal 0.24475 0.969586 -0
    outer loop
      vertex 46.4286 56.0367 26.8
      vertex 46.3565 56.0549 27.25
      vertex 46.4286 56.0367 27.25
    endloop
  endfacet
  facet normal 0.24475 0.969586 0
    outer loop
      vertex 46.3565 56.0549 27.25
      vertex 46.4286 56.0367 26.8
      vertex 46.3565 56.0549 26.8
    endloop
  endfacet
  facet normal 0.359451 0.933164 -0
    outer loop
      vertex 46.4948 56.0112 26.8
      vertex 46.4286 56.0367 27.25
      vertex 46.4948 56.0112 27.25
    endloop
  endfacet
  facet normal 0.359451 0.933164 0
    outer loop
      vertex 46.4286 56.0367 27.25
      vertex 46.4948 56.0112 26.8
      vertex 46.4286 56.0367 26.8
    endloop
  endfacet
  facet normal 0.478443 0.878118 -0
    outer loop
      vertex 46.555 55.9784 26.8
      vertex 46.4948 56.0112 27.25
      vertex 46.555 55.9784 27.25
    endloop
  endfacet
  facet normal 0.478443 0.878118 0
    outer loop
      vertex 46.4948 56.0112 27.25
      vertex 46.555 55.9784 26.8
      vertex 46.4948 56.0112 26.8
    endloop
  endfacet
  facet normal 0.592644 0.805464 -0
    outer loop
      vertex 46.6095 55.9383 26.8
      vertex 46.555 55.9784 27.25
      vertex 46.6095 55.9383 27.25
    endloop
  endfacet
  facet normal 0.592644 0.805464 0
    outer loop
      vertex 46.555 55.9784 27.25
      vertex 46.6095 55.9383 26.8
      vertex 46.555 55.9784 26.8
    endloop
  endfacet
  facet normal 0.698195 0.715908 -0
    outer loop
      vertex 46.658 55.891 26.8
      vertex 46.6095 55.9383 27.25
      vertex 46.658 55.891 27.25
    endloop
  endfacet
  facet normal 0.698195 0.715908 0
    outer loop
      vertex 46.6095 55.9383 27.25
      vertex 46.658 55.891 26.8
      vertex 46.6095 55.9383 26.8
    endloop
  endfacet
  facet normal 0.786759 0.61726 0
    outer loop
      vertex 46.7017 55.8353 27.25
      vertex 46.658 55.891 26.8
      vertex 46.658 55.891 27.25
    endloop
  endfacet
  facet normal 0.786759 0.61726 0
    outer loop
      vertex 46.658 55.891 26.8
      vertex 46.7017 55.8353 27.25
      vertex 46.7017 55.8353 26.8
    endloop
  endfacet
  facet normal 0.850626 0.525771 0
    outer loop
      vertex 46.742 55.7701 27.25
      vertex 46.7017 55.8353 26.8
      vertex 46.7017 55.8353 27.25
    endloop
  endfacet
  facet normal 0.850626 0.525771 0
    outer loop
      vertex 46.7017 55.8353 26.8
      vertex 46.742 55.7701 27.25
      vertex 46.742 55.7701 26.8
    endloop
  endfacet
  facet normal 0.897771 0.440462 0
    outer loop
      vertex 46.7786 55.6955 27.25
      vertex 46.742 55.7701 26.8
      vertex 46.742 55.7701 27.25
    endloop
  endfacet
  facet normal 0.897771 0.440462 0
    outer loop
      vertex 46.742 55.7701 26.8
      vertex 46.7786 55.6955 27.25
      vertex 46.7786 55.6955 26.8
    endloop
  endfacet
  facet normal 0.930523 0.366234 0
    outer loop
      vertex 46.8117 55.6114 27.25
      vertex 46.7786 55.6955 26.8
      vertex 46.7786 55.6955 27.25
    endloop
  endfacet
  facet normal 0.930523 0.366234 0
    outer loop
      vertex 46.7786 55.6955 26.8
      vertex 46.8117 55.6114 27.25
      vertex 46.8117 55.6114 26.8
    endloop
  endfacet
  facet normal 0.953752 0.300595 0
    outer loop
      vertex 46.8412 55.5178 27.25
      vertex 46.8117 55.6114 26.8
      vertex 46.8117 55.6114 27.25
    endloop
  endfacet
  facet normal 0.953752 0.300595 0
    outer loop
      vertex 46.8117 55.6114 26.8
      vertex 46.8412 55.5178 27.25
      vertex 46.8412 55.5178 26.8
    endloop
  endfacet
  facet normal 0.969586 0.24475 0
    outer loop
      vertex 46.8672 55.4148 27.25
      vertex 46.8412 55.5178 26.8
      vertex 46.8412 55.5178 27.25
    endloop
  endfacet
  facet normal 0.969586 0.24475 0
    outer loop
      vertex 46.8412 55.5178 26.8
      vertex 46.8672 55.4148 27.25
      vertex 46.8672 55.4148 26.8
    endloop
  endfacet
  facet normal 0.980715 0.195445 0
    outer loop
      vertex 46.8896 55.3024 27.25
      vertex 46.8672 55.4148 26.8
      vertex 46.8672 55.4148 27.25
    endloop
  endfacet
  facet normal 0.980715 0.195445 0
    outer loop
      vertex 46.8672 55.4148 26.8
      vertex 46.8896 55.3024 27.25
      vertex 46.8896 55.3024 26.8
    endloop
  endfacet
  facet normal 0.988344 0.152237 0
    outer loop
      vertex 46.9087 55.1784 27.25
      vertex 46.8896 55.3024 26.8
      vertex 46.8896 55.3024 27.25
    endloop
  endfacet
  facet normal 0.988344 0.152237 0
    outer loop
      vertex 46.8896 55.3024 26.8
      vertex 46.9087 55.1784 27.25
      vertex 46.9087 55.1784 26.8
    endloop
  endfacet
  facet normal 0.993121 0.117093 0
    outer loop
      vertex 46.9249 55.041 27.25
      vertex 46.9087 55.1784 26.8
      vertex 46.9087 55.1784 27.25
    endloop
  endfacet
  facet normal 0.993121 0.117093 0
    outer loop
      vertex 46.9087 55.1784 26.8
      vertex 46.9249 55.041 27.25
      vertex 46.9249 55.041 26.8
    endloop
  endfacet
  facet normal 0.996138 0.0877975 0
    outer loop
      vertex 46.9382 54.8901 27.25
      vertex 46.9249 55.041 26.8
      vertex 46.9249 55.041 27.25
    endloop
  endfacet
  facet normal 0.996138 0.0877975 0
    outer loop
      vertex 46.9249 55.041 26.8
      vertex 46.9382 54.8901 27.25
      vertex 46.9382 54.8901 26.8
    endloop
  endfacet
  facet normal 0.998041 0.0625674 0
    outer loop
      vertex 46.9485 54.7258 27.25
      vertex 46.9382 54.8901 26.8
      vertex 46.9382 54.8901 27.25
    endloop
  endfacet
  facet normal 0.998041 0.0625674 0
    outer loop
      vertex 46.9382 54.8901 26.8
      vertex 46.9485 54.7258 27.25
      vertex 46.9485 54.7258 26.8
    endloop
  endfacet
  facet normal 0.999136 0.0415605 0
    outer loop
      vertex 46.9559 54.5479 27.25
      vertex 46.9485 54.7258 26.8
      vertex 46.9485 54.7258 27.25
    endloop
  endfacet
  facet normal 0.999136 0.0415605 0
    outer loop
      vertex 46.9485 54.7258 26.8
      vertex 46.9559 54.5479 27.25
      vertex 46.9559 54.5479 26.8
    endloop
  endfacet
  facet normal 0.999736 0.0229944 0
    outer loop
      vertex 46.9603 54.3566 27.25
      vertex 46.9559 54.5479 26.8
      vertex 46.9559 54.5479 27.25
    endloop
  endfacet
  facet normal 0.999736 0.0229944 0
    outer loop
      vertex 46.9559 54.5479 26.8
      vertex 46.9603 54.3566 27.25
      vertex 46.9603 54.3566 26.8
    endloop
  endfacet
  facet normal 0.999973 0.00732045 0
    outer loop
      vertex 46.9618 54.1517 27.25
      vertex 46.9603 54.3566 26.8
      vertex 46.9603 54.3566 27.25
    endloop
  endfacet
  facet normal 0.999973 0.00732045 0
    outer loop
      vertex 46.9603 54.3566 26.8
      vertex 46.9618 54.1517 27.25
      vertex 46.9618 54.1517 26.8
    endloop
  endfacet
  facet normal 0.999971 -0.00762173 0
    outer loop
      vertex 46.9603 53.9549 27.25
      vertex 46.9618 54.1517 26.8
      vertex 46.9618 54.1517 27.25
    endloop
  endfacet
  facet normal 0.999971 -0.00762173 0
    outer loop
      vertex 46.9618 54.1517 26.8
      vertex 46.9603 53.9549 27.25
      vertex 46.9603 53.9549 26.8
    endloop
  endfacet
  facet normal 0.99969 -0.0248841 0
    outer loop
      vertex 46.9557 53.7701 27.25
      vertex 46.9603 53.9549 26.8
      vertex 46.9603 53.9549 27.25
    endloop
  endfacet
  facet normal 0.99969 -0.0248841 0
    outer loop
      vertex 46.9603 53.9549 26.8
      vertex 46.9557 53.7701 27.25
      vertex 46.9557 53.7701 26.8
    endloop
  endfacet
  facet normal 0.999057 -0.0434121 0
    outer loop
      vertex 46.9482 53.5975 27.25
      vertex 46.9557 53.7701 26.8
      vertex 46.9557 53.7701 27.25
    endloop
  endfacet
  facet normal 0.999057 -0.0434121 0
    outer loop
      vertex 46.9557 53.7701 26.8
      vertex 46.9482 53.5975 27.25
      vertex 46.9482 53.5975 26.8
    endloop
  endfacet
  facet normal 0.997829 -0.0658592 0
    outer loop
      vertex 46.9376 53.4369 27.25
      vertex 46.9482 53.5975 26.8
      vertex 46.9482 53.5975 27.25
    endloop
  endfacet
  facet normal 0.997829 -0.0658592 0
    outer loop
      vertex 46.9482 53.5975 26.8
      vertex 46.9376 53.4369 27.25
      vertex 46.9376 53.4369 26.8
    endloop
  endfacet
  facet normal 0.995833 -0.0912008 0
    outer loop
      vertex 46.924 53.2884 27.25
      vertex 46.9376 53.4369 26.8
      vertex 46.9376 53.4369 27.25
    endloop
  endfacet
  facet normal 0.995833 -0.0912008 0
    outer loop
      vertex 46.9376 53.4369 26.8
      vertex 46.924 53.2884 27.25
      vertex 46.924 53.2884 26.8
    endloop
  endfacet
  facet normal 0.992588 -0.121527 0
    outer loop
      vertex 46.9073 53.152 27.25
      vertex 46.924 53.2884 26.8
      vertex 46.924 53.2884 27.25
    endloop
  endfacet
  facet normal 0.992588 -0.121527 0
    outer loop
      vertex 46.924 53.2884 26.8
      vertex 46.9073 53.152 27.25
      vertex 46.9073 53.152 26.8
    endloop
  endfacet
  facet normal 0.987795 -0.155759 0
    outer loop
      vertex 46.8877 53.0277 27.25
      vertex 46.9073 53.152 26.8
      vertex 46.9073 53.152 27.25
    endloop
  endfacet
  facet normal 0.987795 -0.155759 0
    outer loop
      vertex 46.9073 53.152 26.8
      vertex 46.8877 53.0277 27.25
      vertex 46.8877 53.0277 26.8
    endloop
  endfacet
  facet normal 0.980147 -0.198271 0
    outer loop
      vertex 46.8647 52.914 27.25
      vertex 46.8877 53.0277 26.8
      vertex 46.8877 53.0277 27.25
    endloop
  endfacet
  facet normal 0.980147 -0.198271 0
    outer loop
      vertex 46.8877 53.0277 26.8
      vertex 46.8647 52.914 27.25
      vertex 46.8647 52.914 26.8
    endloop
  endfacet
  facet normal 0.968595 -0.248643 0
    outer loop
      vertex 46.8379 52.8096 27.25
      vertex 46.8647 52.914 26.8
      vertex 46.8647 52.914 27.25
    endloop
  endfacet
  facet normal 0.968595 -0.248643 0
    outer loop
      vertex 46.8647 52.914 26.8
      vertex 46.8379 52.8096 27.25
      vertex 46.8379 52.8096 26.8
    endloop
  endfacet
  facet normal 0.95261 -0.304195 0
    outer loop
      vertex 46.8075 52.7144 27.25
      vertex 46.8379 52.8096 26.8
      vertex 46.8379 52.8096 27.25
    endloop
  endfacet
  facet normal 0.95261 -0.304195 0
    outer loop
      vertex 46.8379 52.8096 26.8
      vertex 46.8075 52.7144 27.25
      vertex 46.8075 52.7144 26.8
    endloop
  endfacet
  facet normal 0.92922 -0.369527 0
    outer loop
      vertex 46.7733 52.6284 27.25
      vertex 46.8075 52.7144 26.8
      vertex 46.8075 52.7144 27.25
    endloop
  endfacet
  facet normal 0.92922 -0.369527 0
    outer loop
      vertex 46.8075 52.7144 26.8
      vertex 46.7733 52.6284 27.25
      vertex 46.7733 52.6284 26.8
    endloop
  endfacet
  facet normal 0.89675 -0.442537 0
    outer loop
      vertex 46.7354 52.5516 27.25
      vertex 46.7733 52.6284 26.8
      vertex 46.7733 52.6284 27.25
    endloop
  endfacet
  facet normal 0.89675 -0.442537 0
    outer loop
      vertex 46.7733 52.6284 26.8
      vertex 46.7354 52.5516 27.25
      vertex 46.7354 52.5516 26.8
    endloop
  endfacet
  facet normal 0.851312 -0.52466 0
    outer loop
      vertex 46.6938 52.4841 27.25
      vertex 46.7354 52.5516 26.8
      vertex 46.7354 52.5516 27.25
    endloop
  endfacet
  facet normal 0.851312 -0.52466 0
    outer loop
      vertex 46.7354 52.5516 26.8
      vertex 46.6938 52.4841 27.25
      vertex 46.6938 52.4841 26.8
    endloop
  endfacet
  facet normal 0.788988 -0.614409 0
    outer loop
      vertex 46.6484 52.4258 27.25
      vertex 46.6938 52.4841 26.8
      vertex 46.6938 52.4841 27.25
    endloop
  endfacet
  facet normal 0.788988 -0.614409 0
    outer loop
      vertex 46.6938 52.4841 26.8
      vertex 46.6484 52.4258 27.25
      vertex 46.6484 52.4258 26.8
    endloop
  endfacet
  facet normal 0.706399 -0.707814 0
    outer loop
      vertex 46.5984 52.3759 26.8
      vertex 46.6484 52.4258 27.25
      vertex 46.5984 52.3759 27.25
    endloop
  endfacet
  facet normal 0.706399 -0.707814 0
    outer loop
      vertex 46.6484 52.4258 27.25
      vertex 46.5984 52.3759 26.8
      vertex 46.6484 52.4258 26.8
    endloop
  endfacet
  facet normal 0.604575 -0.796549 0
    outer loop
      vertex 46.5428 52.3337 26.8
      vertex 46.5984 52.3759 27.25
      vertex 46.5428 52.3337 27.25
    endloop
  endfacet
  facet normal 0.604575 -0.796549 0
    outer loop
      vertex 46.5984 52.3759 27.25
      vertex 46.5428 52.3337 26.8
      vertex 46.5984 52.3759 26.8
    endloop
  endfacet
  facet normal 0.489857 -0.871803 0
    outer loop
      vertex 46.4814 52.2992 26.8
      vertex 46.5428 52.3337 27.25
      vertex 46.4814 52.2992 27.25
    endloop
  endfacet
  facet normal 0.489857 -0.871803 0
    outer loop
      vertex 46.5428 52.3337 27.25
      vertex 46.4814 52.2992 26.8
      vertex 46.5428 52.3337 26.8
    endloop
  endfacet
  facet normal 0.372584 -0.927998 0
    outer loop
      vertex 46.4144 52.2723 26.8
      vertex 46.4814 52.2992 27.25
      vertex 46.4144 52.2723 27.25
    endloop
  endfacet
  facet normal 0.372584 -0.927998 0
    outer loop
      vertex 46.4814 52.2992 27.25
      vertex 46.4144 52.2723 26.8
      vertex 46.4814 52.2992 26.8
    endloop
  endfacet
  facet normal 0.255673 -0.966763 0
    outer loop
      vertex 46.3418 52.2531 26.8
      vertex 46.4144 52.2723 27.25
      vertex 46.3418 52.2531 27.25
    endloop
  endfacet
  facet normal 0.255673 -0.966763 0
    outer loop
      vertex 46.4144 52.2723 27.25
      vertex 46.3418 52.2531 26.8
      vertex 46.4144 52.2723 26.8
    endloop
  endfacet
  facet normal 0.145312 -0.989386 0
    outer loop
      vertex 46.2635 52.2416 26.8
      vertex 46.3418 52.2531 27.25
      vertex 46.2635 52.2416 27.25
    endloop
  endfacet
  facet normal 0.145312 -0.989386 0
    outer loop
      vertex 46.3418 52.2531 27.25
      vertex 46.2635 52.2416 26.8
      vertex 46.3418 52.2531 26.8
    endloop
  endfacet
  facet normal 0.0451919 -0.998978 0
    outer loop
      vertex 46.1795 52.2378 26.8
      vertex 46.2635 52.2416 27.25
      vertex 46.1795 52.2378 27.25
    endloop
  endfacet
  facet normal 0.0451919 -0.998978 0
    outer loop
      vertex 46.2635 52.2416 27.25
      vertex 46.1795 52.2378 26.8
      vertex 46.2635 52.2416 26.8
    endloop
  endfacet
  facet normal -0.0423648 -0.999102 0
    outer loop
      vertex 46.0946 52.2414 26.8
      vertex 46.1795 52.2378 27.25
      vertex 46.0946 52.2414 27.25
    endloop
  endfacet
  facet normal -0.0423648 -0.999102 -0
    outer loop
      vertex 46.1795 52.2378 27.25
      vertex 46.0946 52.2414 26.8
      vertex 46.1795 52.2378 26.8
    endloop
  endfacet
  facet normal -0.177498 0.984121 0
    outer loop
      vertex 42.4413 51.4556 26.8
      vertex 42.204 51.4128 27.25
      vertex 42.4413 51.4556 27.25
    endloop
  endfacet
  facet normal -0.177498 0.984121 0
    outer loop
      vertex 42.204 51.4128 27.25
      vertex 42.4413 51.4556 26.8
      vertex 42.204 51.4128 26.8
    endloop
  endfacet
  facet normal -0.310346 0.950624 0
    outer loop
      vertex 42.6597 51.5269 26.8
      vertex 42.4413 51.4556 27.25
      vertex 42.6597 51.5269 27.25
    endloop
  endfacet
  facet normal -0.310346 0.950624 0
    outer loop
      vertex 42.4413 51.4556 27.25
      vertex 42.6597 51.5269 26.8
      vertex 42.4413 51.4556 26.8
    endloop
  endfacet
  facet normal -0.447572 0.894248 0
    outer loop
      vertex 42.8591 51.6267 26.8
      vertex 42.6597 51.5269 27.25
      vertex 42.8591 51.6267 27.25
    endloop
  endfacet
  facet normal -0.447572 0.894248 0
    outer loop
      vertex 42.6597 51.5269 27.25
      vertex 42.8591 51.6267 26.8
      vertex 42.6597 51.5269 26.8
    endloop
  endfacet
  facet normal -0.580084 0.814557 0
    outer loop
      vertex 43.0394 51.7551 26.8
      vertex 42.8591 51.6267 27.25
      vertex 43.0394 51.7551 27.25
    endloop
  endfacet
  facet normal -0.580084 0.814557 0
    outer loop
      vertex 42.8591 51.6267 27.25
      vertex 43.0394 51.7551 26.8
      vertex 42.8591 51.6267 26.8
    endloop
  endfacet
  facet normal -0.696812 0.717254 0
    outer loop
      vertex 43.2008 51.9119 26.8
      vertex 43.0394 51.7551 27.25
      vertex 43.2008 51.9119 27.25
    endloop
  endfacet
  facet normal -0.696812 0.717254 0
    outer loop
      vertex 43.0394 51.7551 27.25
      vertex 43.2008 51.9119 26.8
      vertex 43.0394 51.7551 26.8
    endloop
  endfacet
  facet normal -0.793069 0.609132 0
    outer loop
      vertex 43.2008 51.9119 26.8
      vertex 43.3432 52.0973 27.25
      vertex 43.3432 52.0973 26.8
    endloop
  endfacet
  facet normal -0.793069 0.609132 0
    outer loop
      vertex 43.3432 52.0973 27.25
      vertex 43.2008 51.9119 26.8
      vertex 43.2008 51.9119 27.25
    endloop
  endfacet
  facet normal -0.865102 0.501597 0
    outer loop
      vertex 43.3432 52.0973 26.8
      vertex 43.4667 52.3103 27.25
      vertex 43.4667 52.3103 26.8
    endloop
  endfacet
  facet normal -0.865102 0.501597 0
    outer loop
      vertex 43.4667 52.3103 27.25
      vertex 43.3432 52.0973 26.8
      vertex 43.3432 52.0973 27.25
    endloop
  endfacet
  facet normal -0.916936 0.399034 0
    outer loop
      vertex 43.4667 52.3103 26.8
      vertex 43.5711 52.5502 27.25
      vertex 43.5711 52.5502 26.8
    endloop
  endfacet
  facet normal -0.916936 0.399034 0
    outer loop
      vertex 43.5711 52.5502 27.25
      vertex 43.4667 52.3103 26.8
      vertex 43.4667 52.3103 27.25
    endloop
  endfacet
  facet normal -0.952366 0.304957 0
    outer loop
      vertex 43.5711 52.5502 26.8
      vertex 43.6565 52.8169 27.25
      vertex 43.6565 52.8169 26.8
    endloop
  endfacet
  facet normal -0.952366 0.304957 0
    outer loop
      vertex 43.6565 52.8169 27.25
      vertex 43.5711 52.5502 26.8
      vertex 43.5711 52.5502 27.25
    endloop
  endfacet
  facet normal -0.97528 0.220975 0
    outer loop
      vertex 43.6565 52.8169 26.8
      vertex 43.723 53.1104 27.25
      vertex 43.723 53.1104 26.8
    endloop
  endfacet
  facet normal -0.97528 0.220975 0
    outer loop
      vertex 43.723 53.1104 27.25
      vertex 43.6565 52.8169 26.8
      vertex 43.6565 52.8169 27.25
    endloop
  endfacet
  facet normal -0.989182 0.146694 0
    outer loop
      vertex 43.723 53.1104 26.8
      vertex 43.7705 53.4307 27.25
      vertex 43.7705 53.4307 26.8
    endloop
  endfacet
  facet normal -0.989182 0.146694 0
    outer loop
      vertex 43.7705 53.4307 27.25
      vertex 43.723 53.1104 26.8
      vertex 43.723 53.1104 27.25
    endloop
  endfacet
  facet normal -0.996669 0.0815483 0
    outer loop
      vertex 43.7705 53.4307 26.8
      vertex 43.7989 53.7778 27.25
      vertex 43.7989 53.7778 26.8
    endloop
  endfacet
  facet normal -0.996669 0.0815483 0
    outer loop
      vertex 43.7989 53.7778 27.25
      vertex 43.7705 53.4307 26.8
      vertex 43.7705 53.4307 27.25
    endloop
  endfacet
  facet normal -0.999677 0.0253997 0
    outer loop
      vertex 43.7989 53.7778 26.8
      vertex 43.8084 54.1517 27.25
      vertex 43.8084 54.1517 26.8
    endloop
  endfacet
  facet normal -0.999677 0.0253997 0
    outer loop
      vertex 43.8084 54.1517 27.25
      vertex 43.7989 53.7778 26.8
      vertex 43.7989 53.7778 27.25
    endloop
  endfacet
  facet normal -0.999719 -0.02369 0
    outer loop
      vertex 43.8084 54.1517 26.8
      vertex 43.7994 54.5315 27.25
      vertex 43.7994 54.5315 26.8
    endloop
  endfacet
  facet normal -0.999719 -0.02369 0
    outer loop
      vertex 43.7994 54.5315 27.25
      vertex 43.8084 54.1517 26.8
      vertex 43.8084 54.1517 27.25
    endloop
  endfacet
  facet normal -0.997084 -0.076306 0
    outer loop
      vertex 43.7994 54.5315 26.8
      vertex 43.7725 54.883 27.25
      vertex 43.7725 54.883 26.8
    endloop
  endfacet
  facet normal -0.997084 -0.076306 0
    outer loop
      vertex 43.7725 54.883 27.25
      vertex 43.7994 54.5315 26.8
      vertex 43.7994 54.5315 27.25
    endloop
  endfacet
  facet normal -0.990457 -0.137819 0
    outer loop
      vertex 43.7725 54.883 26.8
      vertex 43.7275 55.2064 27.25
      vertex 43.7275 55.2064 26.8
    endloop
  endfacet
  facet normal -0.990457 -0.137819 0
    outer loop
      vertex 43.7275 55.2064 27.25
      vertex 43.7725 54.883 26.8
      vertex 43.7725 54.883 27.25
    endloop
  endfacet
  facet normal -0.97803 -0.208465 0
    outer loop
      vertex 43.7275 55.2064 26.8
      vertex 43.6646 55.5015 27.25
      vertex 43.6646 55.5015 26.8
    endloop
  endfacet
  facet normal -0.97803 -0.208465 0
    outer loop
      vertex 43.6646 55.5015 27.25
      vertex 43.7275 55.2064 26.8
      vertex 43.7275 55.2064 27.25
    endloop
  endfacet
  facet normal -0.957003 -0.290077 0
    outer loop
      vertex 43.6646 55.5015 26.8
      vertex 43.5837 55.7684 27.25
      vertex 43.5837 55.7684 26.8
    endloop
  endfacet
  facet normal -0.957003 -0.290077 0
    outer loop
      vertex 43.5837 55.7684 27.25
      vertex 43.6646 55.5015 26.8
      vertex 43.6646 55.5015 27.25
    endloop
  endfacet
  facet normal -0.923842 -0.382773 0
    outer loop
      vertex 43.5837 55.7684 26.8
      vertex 43.4848 56.0071 27.25
      vertex 43.4848 56.0071 26.8
    endloop
  endfacet
  facet normal -0.923842 -0.382773 0
    outer loop
      vertex 43.4848 56.0071 27.25
      vertex 43.5837 55.7684 26.8
      vertex 43.5837 55.7684 27.25
    endloop
  endfacet
  facet normal -0.874236 -0.485502 0
    outer loop
      vertex 43.4848 56.0071 26.8
      vertex 43.3679 56.2176 27.25
      vertex 43.3679 56.2176 26.8
    endloop
  endfacet
  facet normal -0.874236 -0.485502 0
    outer loop
      vertex 43.3679 56.2176 27.25
      vertex 43.4848 56.0071 26.8
      vertex 43.4848 56.0071 27.25
    endloop
  endfacet
  facet normal -0.801106 -0.598522 0
    outer loop
      vertex 43.3679 56.2176 26.8
      vertex 43.2317 56.3999 27.25
      vertex 43.2317 56.3999 26.8
    endloop
  endfacet
  facet normal -0.801106 -0.598522 0
    outer loop
      vertex 43.2317 56.3999 27.25
      vertex 43.3679 56.2176 26.8
      vertex 43.3679 56.2176 27.25
    endloop
  endfacet
  facet normal -0.700947 -0.713213 0
    outer loop
      vertex 43.0747 56.5542 26.8
      vertex 43.2317 56.3999 27.25
      vertex 43.0747 56.5542 27.25
    endloop
  endfacet
  facet normal -0.700947 -0.713213 -0
    outer loop
      vertex 43.2317 56.3999 27.25
      vertex 43.0747 56.5542 26.8
      vertex 43.2317 56.3999 26.8
    endloop
  endfacet
  facet normal -0.579111 -0.815249 0
    outer loop
      vertex 42.8969 56.6805 26.8
      vertex 43.0747 56.5542 27.25
      vertex 42.8969 56.6805 27.25
    endloop
  endfacet
  facet normal -0.579111 -0.815249 -0
    outer loop
      vertex 43.0747 56.5542 27.25
      vertex 42.8969 56.6805 26.8
      vertex 43.0747 56.5542 26.8
    endloop
  endfacet
  facet normal -0.443237 -0.896404 0
    outer loop
      vertex 42.6983 56.7787 26.8
      vertex 42.8969 56.6805 27.25
      vertex 42.6983 56.7787 27.25
    endloop
  endfacet
  facet normal -0.443237 -0.896404 -0
    outer loop
      vertex 42.8969 56.6805 27.25
      vertex 42.6983 56.7787 26.8
      vertex 42.8969 56.6805 26.8
    endloop
  endfacet
  facet normal -0.304476 -0.95252 0
    outer loop
      vertex 42.479 56.8488 26.8
      vertex 42.6983 56.7787 27.25
      vertex 42.479 56.8488 27.25
    endloop
  endfacet
  facet normal -0.304476 -0.95252 -0
    outer loop
      vertex 42.6983 56.7787 27.25
      vertex 42.479 56.8488 26.8
      vertex 42.6983 56.7787 26.8
    endloop
  endfacet
  facet normal -0.172709 -0.984973 0
    outer loop
      vertex 42.2389 56.8909 26.8
      vertex 42.479 56.8488 27.25
      vertex 42.2389 56.8909 27.25
    endloop
  endfacet
  facet normal -0.172709 -0.984973 -0
    outer loop
      vertex 42.479 56.8488 27.25
      vertex 42.2389 56.8909 26.8
      vertex 42.479 56.8488 26.8
    endloop
  endfacet
  facet normal -0.0536038 -0.998562 0
    outer loop
      vertex 41.9781 56.9049 26.8
      vertex 42.2389 56.8909 27.25
      vertex 41.9781 56.9049 27.25
    endloop
  endfacet
  facet normal -0.0536038 -0.998562 -0
    outer loop
      vertex 42.2389 56.8909 27.25
      vertex 41.9781 56.9049 26.8
      vertex 42.2389 56.8909 26.8
    endloop
  endfacet
  facet normal 0.0321185 -0.999484 0
    outer loop
      vertex 41.7945 56.899 26.8
      vertex 41.9781 56.9049 27.25
      vertex 41.7945 56.899 27.25
    endloop
  endfacet
  facet normal 0.0321185 -0.999484 0
    outer loop
      vertex 41.9781 56.9049 27.25
      vertex 41.7945 56.899 26.8
      vertex 41.9781 56.9049 26.8
    endloop
  endfacet
  facet normal 0.101212 -0.994865 0
    outer loop
      vertex 41.6215 56.8814 26.8
      vertex 41.7945 56.899 27.25
      vertex 41.6215 56.8814 27.25
    endloop
  endfacet
  facet normal 0.101212 -0.994865 0
    outer loop
      vertex 41.7945 56.899 27.25
      vertex 41.6215 56.8814 26.8
      vertex 41.7945 56.899 26.8
    endloop
  endfacet
  facet normal 0.178725 -0.983899 0
    outer loop
      vertex 41.4591 56.8519 26.8
      vertex 41.6215 56.8814 27.25
      vertex 41.4591 56.8519 27.25
    endloop
  endfacet
  facet normal 0.178725 -0.983899 0
    outer loop
      vertex 41.6215 56.8814 27.25
      vertex 41.4591 56.8519 26.8
      vertex 41.6215 56.8814 26.8
    endloop
  endfacet
  facet normal 0.261773 -0.965129 0
    outer loop
      vertex 41.3072 56.8107 26.8
      vertex 41.4591 56.8519 27.25
      vertex 41.3072 56.8107 27.25
    endloop
  endfacet
  facet normal 0.261773 -0.965129 0
    outer loop
      vertex 41.4591 56.8519 27.25
      vertex 41.3072 56.8107 26.8
      vertex 41.4591 56.8519 26.8
    endloop
  endfacet
  facet normal 0.350978 -0.936384 0
    outer loop
      vertex 41.1658 56.7577 26.8
      vertex 41.3072 56.8107 27.25
      vertex 41.1658 56.7577 27.25
    endloop
  endfacet
  facet normal 0.350978 -0.936384 0
    outer loop
      vertex 41.3072 56.8107 27.25
      vertex 41.1658 56.7577 26.8
      vertex 41.3072 56.8107 26.8
    endloop
  endfacet
  facet normal 0.443922 -0.896065 0
    outer loop
      vertex 41.035 56.6929 26.8
      vertex 41.1658 56.7577 27.25
      vertex 41.035 56.6929 27.25
    endloop
  endfacet
  facet normal 0.443922 -0.896065 0
    outer loop
      vertex 41.1658 56.7577 27.25
      vertex 41.035 56.6929 26.8
      vertex 41.1658 56.7577 26.8
    endloop
  endfacet
  facet normal 0.537102 -0.843517 0
    outer loop
      vertex 40.9147 56.6163 26.8
      vertex 41.035 56.6929 27.25
      vertex 40.9147 56.6163 27.25
    endloop
  endfacet
  facet normal 0.537102 -0.843517 0
    outer loop
      vertex 41.035 56.6929 27.25
      vertex 40.9147 56.6163 26.8
      vertex 41.035 56.6929 26.8
    endloop
  endfacet
  facet normal 0.625895 -0.779907 0
    outer loop
      vertex 40.8038 56.5273 26.8
      vertex 40.9147 56.6163 27.25
      vertex 40.8038 56.5273 27.25
    endloop
  endfacet
  facet normal 0.625895 -0.779907 0
    outer loop
      vertex 40.9147 56.6163 27.25
      vertex 40.8038 56.5273 26.8
      vertex 40.9147 56.6163 26.8
    endloop
  endfacet
  facet normal 0.704685 -0.709521 0
    outer loop
      vertex 40.7011 56.4253 26.8
      vertex 40.8038 56.5273 27.25
      vertex 40.7011 56.4253 27.25
    endloop
  endfacet
  facet normal 0.704685 -0.709521 0
    outer loop
      vertex 40.8038 56.5273 27.25
      vertex 40.7011 56.4253 26.8
      vertex 40.8038 56.5273 26.8
    endloop
  endfacet
  facet normal 0.772938 -0.634481 0
    outer loop
      vertex 40.6067 56.3103 27.25
      vertex 40.7011 56.4253 26.8
      vertex 40.7011 56.4253 27.25
    endloop
  endfacet
  facet normal 0.772938 -0.634481 0
    outer loop
      vertex 40.7011 56.4253 26.8
      vertex 40.6067 56.3103 27.25
      vertex 40.6067 56.3103 26.8
    endloop
  endfacet
  facet normal 0.829149 -0.559028 0
    outer loop
      vertex 40.5204 56.1823 27.25
      vertex 40.6067 56.3103 26.8
      vertex 40.6067 56.3103 27.25
    endloop
  endfacet
  facet normal 0.829149 -0.559028 0
    outer loop
      vertex 40.6067 56.3103 26.8
      vertex 40.5204 56.1823 27.25
      vertex 40.5204 56.1823 26.8
    endloop
  endfacet
  facet normal 0.875179 -0.483799 0
    outer loop
      vertex 40.4424 56.0412 27.25
      vertex 40.5204 56.1823 26.8
      vertex 40.5204 56.1823 27.25
    endloop
  endfacet
  facet normal 0.875179 -0.483799 0
    outer loop
      vertex 40.5204 56.1823 26.8
      vertex 40.4424 56.0412 27.25
      vertex 40.4424 56.0412 26.8
    endloop
  endfacet
  facet normal 0.910812 -0.412822 0
    outer loop
      vertex 40.3726 55.8872 27.25
      vertex 40.4424 56.0412 26.8
      vertex 40.4424 56.0412 27.25
    endloop
  endfacet
  facet normal 0.910812 -0.412822 0
    outer loop
      vertex 40.4424 56.0412 26.8
      vertex 40.3726 55.8872 27.25
      vertex 40.3726 55.8872 26.8
    endloop
  endfacet
  facet normal 0.938276 -0.345887 0
    outer loop
      vertex 40.311 55.7201 27.25
      vertex 40.3726 55.8872 26.8
      vertex 40.3726 55.8872 27.25
    endloop
  endfacet
  facet normal 0.938276 -0.345887 0
    outer loop
      vertex 40.3726 55.8872 26.8
      vertex 40.311 55.7201 27.25
      vertex 40.311 55.7201 26.8
    endloop
  endfacet
  facet normal 0.9589 -0.283745 0
    outer loop
      vertex 40.2575 55.5393 27.25
      vertex 40.311 55.7201 26.8
      vertex 40.311 55.7201 27.25
    endloop
  endfacet
  facet normal 0.9589 -0.283745 0
    outer loop
      vertex 40.311 55.7201 26.8
      vertex 40.2575 55.5393 27.25
      vertex 40.2575 55.5393 26.8
    endloop
  endfacet
  facet normal 0.974332 -0.225115 0
    outer loop
      vertex 40.2124 55.3441 27.25
      vertex 40.2575 55.5393 26.8
      vertex 40.2575 55.5393 27.25
    endloop
  endfacet
  facet normal 0.974332 -0.225115 0
    outer loop
      vertex 40.2575 55.5393 26.8
      vertex 40.2124 55.3441 27.25
      vertex 40.2124 55.3441 26.8
    endloop
  endfacet
  facet normal 0.984788 -0.173759 0
    outer loop
      vertex 40.1754 55.1344 27.25
      vertex 40.2124 55.3441 26.8
      vertex 40.2124 55.3441 27.25
    endloop
  endfacet
  facet normal 0.984788 -0.173759 0
    outer loop
      vertex 40.2124 55.3441 26.8
      vertex 40.1754 55.1344 27.25
      vertex 40.1754 55.1344 26.8
    endloop
  endfacet
  facet normal 0.991836 -0.127522 0
    outer loop
      vertex 40.1466 54.9104 27.25
      vertex 40.1754 55.1344 26.8
      vertex 40.1754 55.1344 27.25
    endloop
  endfacet
  facet normal 0.991836 -0.127522 0
    outer loop
      vertex 40.1754 55.1344 26.8
      vertex 40.1466 54.9104 27.25
      vertex 40.1466 54.9104 26.8
    endloop
  endfacet
  facet normal 0.996326 -0.0856381 0
    outer loop
      vertex 40.1261 54.6719 27.25
      vertex 40.1466 54.9104 26.8
      vertex 40.1466 54.9104 27.25
    endloop
  endfacet
  facet normal 0.996326 -0.0856381 0
    outer loop
      vertex 40.1466 54.9104 26.8
      vertex 40.1261 54.6719 27.25
      vertex 40.1261 54.6719 26.8
    endloop
  endfacet
  facet normal 0.998819 -0.0485784 0
    outer loop
      vertex 40.1138 54.419 27.25
      vertex 40.1261 54.6719 26.8
      vertex 40.1261 54.6719 27.25
    endloop
  endfacet
  facet normal 0.998819 -0.0485784 0
    outer loop
      vertex 40.1261 54.6719 26.8
      vertex 40.1138 54.419 27.25
      vertex 40.1138 54.419 26.8
    endloop
  endfacet
  facet normal 0.999882 -0.0153368 0
    outer loop
      vertex 40.1097 54.1517 27.25
      vertex 40.1138 54.419 26.8
      vertex 40.1138 54.419 27.25
    endloop
  endfacet
  facet normal 0.999882 -0.0153368 0
    outer loop
      vertex 40.1138 54.419 26.8
      vertex 40.1097 54.1517 27.25
      vertex 40.1097 54.1517 26.8
    endloop
  endfacet
  facet normal 0.998685 0.0512742 0
    outer loop
      vertex 40.1472 53.4213 27.25
      vertex 40.1097 54.1517 26.8
      vertex 40.1097 54.1517 27.25
    endloop
  endfacet
  facet normal 0.998685 0.0512742 0
    outer loop
      vertex 40.1097 54.1517 26.8
      vertex 40.1472 53.4213 27.25
      vertex 40.1472 53.4213 26.8
    endloop
  endfacet
  facet normal 0.983832 0.179096 0
    outer loop
      vertex 40.2597 52.8033 27.25
      vertex 40.1472 53.4213 26.8
      vertex 40.1472 53.4213 27.25
    endloop
  endfacet
  facet normal 0.983832 0.179096 0
    outer loop
      vertex 40.1472 53.4213 26.8
      vertex 40.2597 52.8033 27.25
      vertex 40.2597 52.8033 26.8
    endloop
  endfacet
  facet normal 0.937565 0.347809 0
    outer loop
      vertex 40.4473 52.2976 27.25
      vertex 40.2597 52.8033 26.8
      vertex 40.2597 52.8033 27.25
    endloop
  endfacet
  facet normal 0.937565 0.347809 0
    outer loop
      vertex 40.2597 52.8033 26.8
      vertex 40.4473 52.2976 27.25
      vertex 40.4473 52.2976 26.8
    endloop
  endfacet
  facet normal 0.831757 0.555139 0
    outer loop
      vertex 40.7098 51.9043 27.25
      vertex 40.4473 52.2976 26.8
      vertex 40.4473 52.2976 27.25
    endloop
  endfacet
  facet normal 0.831757 0.555139 0
    outer loop
      vertex 40.4473 52.2976 26.8
      vertex 40.7098 51.9043 27.25
      vertex 40.7098 51.9043 26.8
    endloop
  endfacet
  facet normal 0.639736 0.768594 -0
    outer loop
      vertex 41.0474 51.6233 26.8
      vertex 40.7098 51.9043 27.25
      vertex 41.0474 51.6233 27.25
    endloop
  endfacet
  facet normal 0.639736 0.768594 0
    outer loop
      vertex 40.7098 51.9043 27.25
      vertex 41.0474 51.6233 26.8
      vertex 40.7098 51.9043 26.8
    endloop
  endfacet
  facet normal 0.378074 0.925776 -0
    outer loop
      vertex 41.46 51.4548 26.8
      vertex 41.0474 51.6233 27.25
      vertex 41.46 51.4548 27.25
    endloop
  endfacet
  facet normal 0.378074 0.925776 0
    outer loop
      vertex 41.0474 51.6233 27.25
      vertex 41.46 51.4548 26.8
      vertex 41.0474 51.6233 26.8
    endloop
  endfacet
  facet normal 0.114477 0.993426 -0
    outer loop
      vertex 41.9477 51.3986 26.8
      vertex 41.46 51.4548 27.25
      vertex 41.9477 51.3986 27.25
    endloop
  endfacet
  facet normal 0.114477 0.993426 0
    outer loop
      vertex 41.46 51.4548 27.25
      vertex 41.9477 51.3986 26.8
      vertex 41.46 51.4548 26.8
    endloop
  endfacet
  facet normal -0.055319 0.998469 0
    outer loop
      vertex 42.204 51.4128 26.8
      vertex 41.9477 51.3986 27.25
      vertex 42.204 51.4128 27.25
    endloop
  endfacet
  facet normal -0.055319 0.998469 0
    outer loop
      vertex 41.9477 51.3986 27.25
      vertex 42.204 51.4128 26.8
      vertex 41.9477 51.3986 26.8
    endloop
  endfacet
  facet normal -0.13791 -0.990445 0
    outer loop
      vertex 41.7914 52.2524 26.8
      vertex 41.8704 52.2414 27.25
      vertex 41.7914 52.2524 27.25
    endloop
  endfacet
  facet normal -0.13791 -0.990445 -0
    outer loop
      vertex 41.8704 52.2414 27.25
      vertex 41.7914 52.2524 26.8
      vertex 41.8704 52.2414 26.8
    endloop
  endfacet
  facet normal -0.242222 -0.970221 0
    outer loop
      vertex 41.7185 52.2706 26.8
      vertex 41.7914 52.2524 27.25
      vertex 41.7185 52.2706 27.25
    endloop
  endfacet
  facet normal -0.242222 -0.970221 -0
    outer loop
      vertex 41.7914 52.2524 27.25
      vertex 41.7185 52.2706 26.8
      vertex 41.7914 52.2524 26.8
    endloop
  endfacet
  facet normal -0.355705 -0.934598 0
    outer loop
      vertex 41.6515 52.2961 26.8
      vertex 41.7185 52.2706 27.25
      vertex 41.6515 52.2961 27.25
    endloop
  endfacet
  facet normal -0.355705 -0.934598 -0
    outer loop
      vertex 41.7185 52.2706 27.25
      vertex 41.6515 52.2961 26.8
      vertex 41.7185 52.2706 26.8
    endloop
  endfacet
  facet normal -0.471861 -0.881673 0
    outer loop
      vertex 41.5904 52.3288 26.8
      vertex 41.6515 52.2961 27.25
      vertex 41.5904 52.3288 27.25
    endloop
  endfacet
  facet normal -0.471861 -0.881673 -0
    outer loop
      vertex 41.6515 52.2961 27.25
      vertex 41.5904 52.3288 26.8
      vertex 41.6515 52.2961 26.8
    endloop
  endfacet
  facet normal -0.589132 -0.808037 0
    outer loop
      vertex 41.5354 52.3689 26.8
      vertex 41.5904 52.3288 27.25
      vertex 41.5354 52.3689 27.25
    endloop
  endfacet
  facet normal -0.589132 -0.808037 -0
    outer loop
      vertex 41.5904 52.3288 27.25
      vertex 41.5354 52.3689 26.8
      vertex 41.5904 52.3288 26.8
    endloop
  endfacet
  facet normal -0.694542 -0.719452 0
    outer loop
      vertex 41.4863 52.4163 26.8
      vertex 41.5354 52.3689 27.25
      vertex 41.4863 52.4163 27.25
    endloop
  endfacet
  facet normal -0.694542 -0.719452 -0
    outer loop
      vertex 41.5354 52.3689 27.25
      vertex 41.4863 52.4163 26.8
      vertex 41.5354 52.3689 26.8
    endloop
  endfacet
  facet normal -0.781963 -0.623324 0
    outer loop
      vertex 41.4863 52.4163 26.8
      vertex 41.4419 52.472 27.25
      vertex 41.4419 52.472 26.8
    endloop
  endfacet
  facet normal -0.781963 -0.623324 0
    outer loop
      vertex 41.4419 52.472 27.25
      vertex 41.4863 52.4163 26.8
      vertex 41.4863 52.4163 27.25
    endloop
  endfacet
  facet normal -0.848655 -0.528947 0
    outer loop
      vertex 41.4419 52.472 26.8
      vertex 41.4012 52.5373 27.25
      vertex 41.4012 52.5373 26.8
    endloop
  endfacet
  facet normal -0.848655 -0.528947 0
    outer loop
      vertex 41.4012 52.5373 27.25
      vertex 41.4419 52.472 26.8
      vertex 41.4419 52.472 27.25
    endloop
  endfacet
  facet normal -0.89562 -0.44482 0
    outer loop
      vertex 41.4012 52.5373 26.8
      vertex 41.364 52.6122 27.25
      vertex 41.364 52.6122 26.8
    endloop
  endfacet
  facet normal -0.89562 -0.44482 0
    outer loop
      vertex 41.364 52.6122 27.25
      vertex 41.4012 52.5373 26.8
      vertex 41.4012 52.5373 27.25
    endloop
  endfacet
  facet normal -0.928553 -0.371201 0
    outer loop
      vertex 41.364 52.6122 26.8
      vertex 41.3303 52.6965 27.25
      vertex 41.3303 52.6965 26.8
    endloop
  endfacet
  facet normal -0.928553 -0.371201 0
    outer loop
      vertex 41.3303 52.6965 27.25
      vertex 41.364 52.6122 26.8
      vertex 41.364 52.6122 27.25
    endloop
  endfacet
  facet normal -0.952565 -0.304334 0
    outer loop
      vertex 41.3303 52.6965 26.8
      vertex 41.3003 52.7904 27.25
      vertex 41.3003 52.7904 26.8
    endloop
  endfacet
  facet normal -0.952565 -0.304334 0
    outer loop
      vertex 41.3003 52.7904 27.25
      vertex 41.3303 52.6965 26.8
      vertex 41.3303 52.6965 27.25
    endloop
  endfacet
  facet normal -0.968693 -0.248263 0
    outer loop
      vertex 41.3003 52.7904 26.8
      vertex 41.2738 52.8938 27.25
      vertex 41.2738 52.8938 26.8
    endloop
  endfacet
  facet normal -0.968693 -0.248263 0
    outer loop
      vertex 41.2738 52.8938 27.25
      vertex 41.3003 52.7904 26.8
      vertex 41.3003 52.7904 27.25
    endloop
  endfacet
  facet normal -0.979908 -0.19945 0
    outer loop
      vertex 41.2738 52.8938 26.8
      vertex 41.2508 53.0068 27.25
      vertex 41.2508 53.0068 26.8
    endloop
  endfacet
  facet normal -0.979908 -0.19945 0
    outer loop
      vertex 41.2508 53.0068 27.25
      vertex 41.2738 52.8938 26.8
      vertex 41.2738 52.8938 27.25
    endloop
  endfacet
  facet normal -0.987673 -0.156534 0
    outer loop
      vertex 41.2508 53.0068 26.8
      vertex 41.2311 53.1311 27.25
      vertex 41.2311 53.1311 26.8
    endloop
  endfacet
  facet normal -0.987673 -0.156534 0
    outer loop
      vertex 41.2311 53.1311 27.25
      vertex 41.2508 53.0068 26.8
      vertex 41.2508 53.0068 27.25
    endloop
  endfacet
  facet normal -0.99277 -0.120029 0
    outer loop
      vertex 41.2311 53.1311 26.8
      vertex 41.2145 53.2684 27.25
      vertex 41.2145 53.2684 26.8
    endloop
  endfacet
  facet normal -0.99277 -0.120029 0
    outer loop
      vertex 41.2145 53.2684 27.25
      vertex 41.2311 53.1311 26.8
      vertex 41.2311 53.1311 27.25
    endloop
  endfacet
  facet normal -0.995942 -0.0899987 0
    outer loop
      vertex 41.2145 53.2684 26.8
      vertex 41.2009 53.4189 27.25
      vertex 41.2009 53.4189 26.8
    endloop
  endfacet
  facet normal -0.995942 -0.0899987 0
    outer loop
      vertex 41.2009 53.4189 27.25
      vertex 41.2145 53.2684 26.8
      vertex 41.2145 53.2684 27.25
    endloop
  endfacet
  facet normal -0.997947 -0.0640491 0
    outer loop
      vertex 41.2009 53.4189 26.8
      vertex 41.1904 53.5825 27.25
      vertex 41.1904 53.5825 26.8
    endloop
  endfacet
  facet normal -0.997947 -0.0640491 0
    outer loop
      vertex 41.1904 53.5825 27.25
      vertex 41.2009 53.4189 26.8
      vertex 41.2009 53.4189 27.25
    endloop
  endfacet
  facet normal -0.999075 -0.0429953 0
    outer loop
      vertex 41.1904 53.5825 26.8
      vertex 41.1828 53.7591 27.25
      vertex 41.1828 53.7591 26.8
    endloop
  endfacet
  facet normal -0.999075 -0.0429953 0
    outer loop
      vertex 41.1828 53.7591 27.25
      vertex 41.1904 53.5825 26.8
      vertex 41.1904 53.5825 27.25
    endloop
  endfacet
  facet normal -0.999719 -0.0237025 0
    outer loop
      vertex 41.1828 53.7591 26.8
      vertex 41.1783 53.9489 27.25
      vertex 41.1783 53.9489 26.8
    endloop
  endfacet
  facet normal -0.999719 -0.0237025 0
    outer loop
      vertex 41.1783 53.9489 27.25
      vertex 41.1828 53.7591 26.8
      vertex 41.1828 53.7591 27.25
    endloop
  endfacet
  facet normal -0.999973 -0.00739625 0
    outer loop
      vertex 41.1783 53.9489 26.8
      vertex 41.1768 54.1517 27.25
      vertex 41.1768 54.1517 26.8
    endloop
  endfacet
  facet normal -0.999973 -0.00739625 0
    outer loop
      vertex 41.1768 54.1517 27.25
      vertex 41.1783 53.9489 26.8
      vertex 41.1783 53.9489 27.25
    endloop
  endfacet
  facet normal -0.999977 0.00683578 0
    outer loop
      vertex 41.1768 54.1517 26.8
      vertex 41.1782 54.3565 27.25
      vertex 41.1782 54.3565 26.8
    endloop
  endfacet
  facet normal -0.999977 0.00683578 0
    outer loop
      vertex 41.1782 54.3565 27.25
      vertex 41.1768 54.1517 26.8
      vertex 41.1768 54.1517 27.25
    endloop
  endfacet
  facet normal -0.999747 0.0224721 0
    outer loop
      vertex 41.1782 54.3565 26.8
      vertex 41.1825 54.5478 27.25
      vertex 41.1825 54.5478 26.8
    endloop
  endfacet
  facet normal -0.999747 0.0224721 0
    outer loop
      vertex 41.1825 54.5478 27.25
      vertex 41.1782 54.3565 26.8
      vertex 41.1782 54.3565 27.25
    endloop
  endfacet
  facet normal -0.999179 0.0405073 0
    outer loop
      vertex 41.1825 54.5478 26.8
      vertex 41.1897 54.7254 27.25
      vertex 41.1897 54.7254 26.8
    endloop
  endfacet
  facet normal -0.999179 0.0405073 0
    outer loop
      vertex 41.1897 54.7254 27.25
      vertex 41.1825 54.5478 26.8
      vertex 41.1825 54.5478 27.25
    endloop
  endfacet
  facet normal -0.998148 0.0608256 0
    outer loop
      vertex 41.1897 54.7254 26.8
      vertex 41.1997 54.8895 27.25
      vertex 41.1997 54.8895 26.8
    endloop
  endfacet
  facet normal -0.998148 0.0608256 0
    outer loop
      vertex 41.1997 54.8895 27.25
      vertex 41.1897 54.7254 26.8
      vertex 41.1897 54.7254 27.25
    endloop
  endfacet
  facet normal -0.996351 0.0853448 0
    outer loop
      vertex 41.1997 54.8895 26.8
      vertex 41.2126 55.0401 27.25
      vertex 41.2126 55.0401 26.8
    endloop
  endfacet
  facet normal -0.996351 0.0853448 0
    outer loop
      vertex 41.2126 55.0401 27.25
      vertex 41.1997 54.8895 26.8
      vertex 41.1997 54.8895 27.25
    endloop
  endfacet
  facet normal -0.993406 0.114652 0
    outer loop
      vertex 41.2126 55.0401 26.8
      vertex 41.2284 55.177 27.25
      vertex 41.2284 55.177 26.8
    endloop
  endfacet
  facet normal -0.993406 0.114652 0
    outer loop
      vertex 41.2284 55.177 27.25
      vertex 41.2126 55.0401 26.8
      vertex 41.2126 55.0401 27.25
    endloop
  endfacet
  facet normal -0.988848 0.148928 0
    outer loop
      vertex 41.2284 55.177 26.8
      vertex 41.247 55.3005 27.25
      vertex 41.247 55.3005 26.8
    endloop
  endfacet
  facet normal -0.988848 0.148928 0
    outer loop
      vertex 41.247 55.3005 27.25
      vertex 41.2284 55.177 26.8
      vertex 41.2284 55.177 27.25
    endloop
  endfacet
  facet normal -0.981249 0.192745 0
    outer loop
      vertex 41.247 55.3005 26.8
      vertex 41.269 55.4125 27.25
      vertex 41.269 55.4125 26.8
    endloop
  endfacet
  facet normal -0.981249 0.192745 0
    outer loop
      vertex 41.269 55.4125 27.25
      vertex 41.247 55.3005 26.8
      vertex 41.247 55.3005 27.25
    endloop
  endfacet
  facet normal -0.969584 0.244759 0
    outer loop
      vertex 41.269 55.4125 26.8
      vertex 41.2949 55.5151 27.25
      vertex 41.2949 55.5151 26.8
    endloop
  endfacet
  facet normal -0.969584 0.244759 0
    outer loop
      vertex 41.2949 55.5151 27.25
      vertex 41.269 55.4125 26.8
      vertex 41.269 55.4125 27.25
    endloop
  endfacet
  facet normal -0.952684 0.303961 0
    outer loop
      vertex 41.2949 55.5151 26.8
      vertex 41.3247 55.6085 27.25
      vertex 41.3247 55.6085 26.8
    endloop
  endfacet
  facet normal -0.952684 0.303961 0
    outer loop
      vertex 41.3247 55.6085 27.25
      vertex 41.2949 55.5151 26.8
      vertex 41.2949 55.5151 27.25
    endloop
  endfacet
  facet normal -0.928629 0.37101 0
    outer loop
      vertex 41.3247 55.6085 26.8
      vertex 41.3583 55.6926 27.25
      vertex 41.3583 55.6926 26.8
    endloop
  endfacet
  facet normal -0.928629 0.37101 0
    outer loop
      vertex 41.3583 55.6926 27.25
      vertex 41.3247 55.6085 26.8
      vertex 41.3247 55.6085 27.25
    endloop
  endfacet
  facet normal -0.893949 0.448169 0
    outer loop
      vertex 41.3583 55.6926 26.8
      vertex 41.3958 55.7674 27.25
      vertex 41.3958 55.7674 26.8
    endloop
  endfacet
  facet normal -0.893949 0.448169 0
    outer loop
      vertex 41.3958 55.7674 27.25
      vertex 41.3583 55.6926 26.8
      vertex 41.3583 55.6926 27.25
    endloop
  endfacet
  facet normal -0.845305 0.534284 0
    outer loop
      vertex 41.3958 55.7674 26.8
      vertex 41.4372 55.8329 27.25
      vertex 41.4372 55.8329 26.8
    endloop
  endfacet
  facet normal -0.845305 0.534284 0
    outer loop
      vertex 41.4372 55.8329 27.25
      vertex 41.3958 55.7674 26.8
      vertex 41.3958 55.7674 27.25
    endloop
  endfacet
  facet normal -0.778566 0.627563 0
    outer loop
      vertex 41.4372 55.8329 26.8
      vertex 41.4825 55.8891 27.25
      vertex 41.4825 55.8891 26.8
    endloop
  endfacet
  facet normal -0.778566 0.627563 0
    outer loop
      vertex 41.4825 55.8891 27.25
      vertex 41.4372 55.8329 26.8
      vertex 41.4372 55.8329 27.25
    endloop
  endfacet
  facet normal -0.688144 0.725574 0
    outer loop
      vertex 41.5329 55.9369 26.8
      vertex 41.4825 55.8891 27.25
      vertex 41.5329 55.9369 27.25
    endloop
  endfacet
  facet normal -0.688144 0.725574 0
    outer loop
      vertex 41.4825 55.8891 27.25
      vertex 41.5329 55.9369 26.8
      vertex 41.4825 55.8891 26.8
    endloop
  endfacet
  facet normal -0.58056 0.814217 0
    outer loop
      vertex 41.5897 55.9774 26.8
      vertex 41.5329 55.9369 27.25
      vertex 41.5897 55.9774 27.25
    endloop
  endfacet
  facet normal -0.58056 0.814217 0
    outer loop
      vertex 41.5329 55.9369 27.25
      vertex 41.5897 55.9774 26.8
      vertex 41.5329 55.9369 26.8
    endloop
  endfacet
  facet normal -0.464477 0.885585 0
    outer loop
      vertex 41.653 56.0106 26.8
      vertex 41.5897 55.9774 27.25
      vertex 41.653 56.0106 27.25
    endloop
  endfacet
  facet normal -0.464477 0.885585 0
    outer loop
      vertex 41.5897 55.9774 27.25
      vertex 41.653 56.0106 26.8
      vertex 41.5897 55.9774 26.8
    endloop
  endfacet
  facet normal -0.345955 0.938251 0
    outer loop
      vertex 41.7227 56.0363 26.8
      vertex 41.653 56.0106 27.25
      vertex 41.7227 56.0363 27.25
    endloop
  endfacet
  facet normal -0.345955 0.938251 0
    outer loop
      vertex 41.653 56.0106 27.25
      vertex 41.7227 56.0363 26.8
      vertex 41.653 56.0106 26.8
    endloop
  endfacet
  facet normal -0.234724 0.972062 0
    outer loop
      vertex 41.7989 56.0547 26.8
      vertex 41.7227 56.0363 27.25
      vertex 41.7989 56.0547 27.25
    endloop
  endfacet
  facet normal -0.234724 0.972062 0
    outer loop
      vertex 41.7227 56.0363 27.25
      vertex 41.7989 56.0547 26.8
      vertex 41.7227 56.0363 26.8
    endloop
  endfacet
  facet normal -0.133344 0.99107 0
    outer loop
      vertex 41.8814 56.0658 26.8
      vertex 41.7989 56.0547 27.25
      vertex 41.8814 56.0658 27.25
    endloop
  endfacet
  facet normal -0.133344 0.99107 0
    outer loop
      vertex 41.7989 56.0547 27.25
      vertex 41.8814 56.0658 26.8
      vertex 41.7989 56.0547 26.8
    endloop
  endfacet
  facet normal -0.0414906 0.999139 0
    outer loop
      vertex 41.9705 56.0695 26.8
      vertex 41.8814 56.0658 27.25
      vertex 41.9705 56.0695 27.25
    endloop
  endfacet
  facet normal -0.0414906 0.999139 0
    outer loop
      vertex 41.8814 56.0658 27.25
      vertex 41.9705 56.0695 26.8
      vertex 41.8814 56.0658 26.8
    endloop
  endfacet
  facet normal 0.0441098 0.999027 -0
    outer loop
      vertex 42.0543 56.0658 26.8
      vertex 41.9705 56.0695 27.25
      vertex 42.0543 56.0658 27.25
    endloop
  endfacet
  facet normal 0.0441098 0.999027 0
    outer loop
      vertex 41.9705 56.0695 27.25
      vertex 42.0543 56.0658 26.8
      vertex 41.9705 56.0695 26.8
    endloop
  endfacet
  facet normal 0.138399 0.990377 -0
    outer loop
      vertex 42.1323 56.0549 26.8
      vertex 42.0543 56.0658 27.25
      vertex 42.1323 56.0549 27.25
    endloop
  endfacet
  facet normal 0.138399 0.990377 0
    outer loop
      vertex 42.0543 56.0658 27.25
      vertex 42.1323 56.0549 26.8
      vertex 42.0543 56.0658 26.8
    endloop
  endfacet
  facet normal 0.245069 0.969506 -0
    outer loop
      vertex 42.2043 56.0367 26.8
      vertex 42.1323 56.0549 27.25
      vertex 42.2043 56.0367 27.25
    endloop
  endfacet
  facet normal 0.245069 0.969506 0
    outer loop
      vertex 42.1323 56.0549 27.25
      vertex 42.2043 56.0367 26.8
      vertex 42.1323 56.0549 26.8
    endloop
  endfacet
  facet normal 0.359451 0.933164 -0
    outer loop
      vertex 42.2705 56.0112 26.8
      vertex 42.2043 56.0367 27.25
      vertex 42.2705 56.0112 27.25
    endloop
  endfacet
  facet normal 0.359451 0.933164 0
    outer loop
      vertex 42.2043 56.0367 27.25
      vertex 42.2705 56.0112 26.8
      vertex 42.2043 56.0367 26.8
    endloop
  endfacet
  facet normal 0.477831 0.878452 -0
    outer loop
      vertex 42.3308 55.9784 26.8
      vertex 42.2705 56.0112 27.25
      vertex 42.3308 55.9784 27.25
    endloop
  endfacet
  facet normal 0.477831 0.878452 0
    outer loop
      vertex 42.2705 56.0112 27.25
      vertex 42.3308 55.9784 26.8
      vertex 42.2705 56.0112 26.8
    endloop
  endfacet
  facet normal 0.59335 0.804944 -0
    outer loop
      vertex 42.3852 55.9383 26.8
      vertex 42.3308 55.9784 27.25
      vertex 42.3852 55.9383 27.25
    endloop
  endfacet
  facet normal 0.59335 0.804944 0
    outer loop
      vertex 42.3308 55.9784 27.25
      vertex 42.3852 55.9383 26.8
      vertex 42.3308 55.9784 26.8
    endloop
  endfacet
  facet normal 0.698195 0.715908 -0
    outer loop
      vertex 42.4337 55.891 26.8
      vertex 42.3852 55.9383 27.25
      vertex 42.4337 55.891 27.25
    endloop
  endfacet
  facet normal 0.698195 0.715908 0
    outer loop
      vertex 42.3852 55.9383 27.25
      vertex 42.4337 55.891 26.8
      vertex 42.3852 55.9383 26.8
    endloop
  endfacet
  facet normal 0.786073 0.618133 0
    outer loop
      vertex 42.4775 55.8353 27.25
      vertex 42.4337 55.891 26.8
      vertex 42.4337 55.891 27.25
    endloop
  endfacet
  facet normal 0.786073 0.618133 0
    outer loop
      vertex 42.4337 55.891 26.8
      vertex 42.4775 55.8353 27.25
      vertex 42.4775 55.8353 26.8
    endloop
  endfacet
  facet normal 0.85121 0.524826 0
    outer loop
      vertex 42.5177 55.7701 27.25
      vertex 42.4775 55.8353 26.8
      vertex 42.4775 55.8353 27.25
    endloop
  endfacet
  facet normal 0.85121 0.524826 0
    outer loop
      vertex 42.4775 55.8353 26.8
      vertex 42.5177 55.7701 27.25
      vertex 42.5177 55.7701 26.8
    endloop
  endfacet
  facet normal 0.897295 0.441431 0
    outer loop
      vertex 42.5544 55.6955 27.25
      vertex 42.5177 55.7701 26.8
      vertex 42.5177 55.7701 27.25
    endloop
  endfacet
  facet normal 0.897295 0.441431 0
    outer loop
      vertex 42.5177 55.7701 26.8
      vertex 42.5544 55.6955 27.25
      vertex 42.5544 55.6955 26.8
    endloop
  endfacet
  facet normal 0.930523 0.366234 0
    outer loop
      vertex 42.5875 55.6114 27.25
      vertex 42.5544 55.6955 26.8
      vertex 42.5544 55.6955 27.25
    endloop
  endfacet
  facet normal 0.930523 0.366234 0
    outer loop
      vertex 42.5544 55.6955 26.8
      vertex 42.5875 55.6114 27.25
      vertex 42.5875 55.6114 26.8
    endloop
  endfacet
  facet normal 0.953752 0.300595 0
    outer loop
      vertex 42.617 55.5178 27.25
      vertex 42.5875 55.6114 26.8
      vertex 42.5875 55.6114 27.25
    endloop
  endfacet
  facet normal 0.953752 0.300595 0
    outer loop
      vertex 42.5875 55.6114 26.8
      vertex 42.617 55.5178 27.25
      vertex 42.617 55.5178 26.8
    endloop
  endfacet
  facet normal 0.969586 0.24475 0
    outer loop
      vertex 42.643 55.4148 27.25
      vertex 42.617 55.5178 26.8
      vertex 42.617 55.5178 27.25
    endloop
  endfacet
  facet normal 0.969586 0.24475 0
    outer loop
      vertex 42.617 55.5178 26.8
      vertex 42.643 55.4148 27.25
      vertex 42.643 55.4148 26.8
    endloop
  endfacet
  facet normal 0.980715 0.195445 0
    outer loop
      vertex 42.6654 55.3024 27.25
      vertex 42.643 55.4148 26.8
      vertex 42.643 55.4148 27.25
    endloop
  endfacet
  facet normal 0.980715 0.195445 0
    outer loop
      vertex 42.643 55.4148 26.8
      vertex 42.6654 55.3024 27.25
      vertex 42.6654 55.3024 26.8
    endloop
  endfacet
  facet normal 0.988344 0.152237 0
    outer loop
      vertex 42.6845 55.1784 27.25
      vertex 42.6654 55.3024 26.8
      vertex 42.6654 55.3024 27.25
    endloop
  endfacet
  facet normal 0.988344 0.152237 0
    outer loop
      vertex 42.6654 55.3024 26.8
      vertex 42.6845 55.1784 27.25
      vertex 42.6845 55.1784 26.8
    endloop
  endfacet
  facet normal 0.993121 0.117093 0
    outer loop
      vertex 42.7007 55.041 27.25
      vertex 42.6845 55.1784 26.8
      vertex 42.6845 55.1784 27.25
    endloop
  endfacet
  facet normal 0.993121 0.117093 0
    outer loop
      vertex 42.6845 55.1784 26.8
      vertex 42.7007 55.041 27.25
      vertex 42.7007 55.041 26.8
    endloop
  endfacet
  facet normal 0.996138 0.0877975 0
    outer loop
      vertex 42.714 54.8901 27.25
      vertex 42.7007 55.041 26.8
      vertex 42.7007 55.041 27.25
    endloop
  endfacet
  facet normal 0.996138 0.0877975 0
    outer loop
      vertex 42.7007 55.041 26.8
      vertex 42.714 54.8901 27.25
      vertex 42.714 54.8901 26.8
    endloop
  endfacet
  facet normal 0.998041 0.0625674 0
    outer loop
      vertex 42.7243 54.7258 27.25
      vertex 42.714 54.8901 26.8
      vertex 42.714 54.8901 27.25
    endloop
  endfacet
  facet normal 0.998041 0.0625674 0
    outer loop
      vertex 42.714 54.8901 26.8
      vertex 42.7243 54.7258 27.25
      vertex 42.7243 54.7258 26.8
    endloop
  endfacet
  facet normal 0.999136 0.0415605 0
    outer loop
      vertex 42.7317 54.5479 27.25
      vertex 42.7243 54.7258 26.8
      vertex 42.7243 54.7258 27.25
    endloop
  endfacet
  facet normal 0.999136 0.0415605 0
    outer loop
      vertex 42.7243 54.7258 26.8
      vertex 42.7317 54.5479 27.25
      vertex 42.7317 54.5479 26.8
    endloop
  endfacet
  facet normal 0.999736 0.0229944 0
    outer loop
      vertex 42.7361 54.3566 27.25
      vertex 42.7317 54.5479 26.8
      vertex 42.7317 54.5479 27.25
    endloop
  endfacet
  facet normal 0.999736 0.0229944 0
    outer loop
      vertex 42.7317 54.5479 26.8
      vertex 42.7361 54.3566 27.25
      vertex 42.7361 54.3566 26.8
    endloop
  endfacet
  facet normal 0.999977 0.00683244 0
    outer loop
      vertex 42.7375 54.1517 27.25
      vertex 42.7361 54.3566 26.8
      vertex 42.7361 54.3566 27.25
    endloop
  endfacet
  facet normal 0.999977 0.00683244 0
    outer loop
      vertex 42.7361 54.3566 26.8
      vertex 42.7375 54.1517 27.25
      vertex 42.7375 54.1517 26.8
    endloop
  endfacet
  facet normal 0.999971 -0.00762173 0
    outer loop
      vertex 42.736 53.9549 27.25
      vertex 42.7375 54.1517 26.8
      vertex 42.7375 54.1517 27.25
    endloop
  endfacet
  facet normal 0.999971 -0.00762173 0
    outer loop
      vertex 42.7375 54.1517 26.8
      vertex 42.736 53.9549 27.25
      vertex 42.736 53.9549 26.8
    endloop
  endfacet
  facet normal 0.999704 -0.0243434 0
    outer loop
      vertex 42.7315 53.7701 27.25
      vertex 42.736 53.9549 26.8
      vertex 42.736 53.9549 27.25
    endloop
  endfacet
  facet normal 0.999704 -0.0243434 0
    outer loop
      vertex 42.736 53.9549 26.8
      vertex 42.7315 53.7701 27.25
      vertex 42.7315 53.7701 26.8
    endloop
  endfacet
  facet normal 0.999032 -0.0439898 0
    outer loop
      vertex 42.7239 53.5975 27.25
      vertex 42.7315 53.7701 26.8
      vertex 42.7315 53.7701 27.25
    endloop
  endfacet
  facet normal 0.999032 -0.0439898 0
    outer loop
      vertex 42.7315 53.7701 26.8
      vertex 42.7239 53.5975 27.25
      vertex 42.7239 53.5975 26.8
    endloop
  endfacet
  facet normal 0.997829 -0.0658592 0
    outer loop
      vertex 42.7133 53.4369 27.25
      vertex 42.7239 53.5975 26.8
      vertex 42.7239 53.5975 27.25
    endloop
  endfacet
  facet normal 0.997829 -0.0658592 0
    outer loop
      vertex 42.7239 53.5975 26.8
      vertex 42.7133 53.4369 27.25
      vertex 42.7133 53.4369 26.8
    endloop
  endfacet
  facet normal 0.995833 -0.0912008 0
    outer loop
      vertex 42.6997 53.2884 27.25
      vertex 42.7133 53.4369 26.8
      vertex 42.7133 53.4369 27.25
    endloop
  endfacet
  facet normal 0.995833 -0.0912008 0
    outer loop
      vertex 42.7133 53.4369 26.8
      vertex 42.6997 53.2884 27.25
      vertex 42.6997 53.2884 26.8
    endloop
  endfacet
  facet normal 0.992676 -0.12081 0
    outer loop
      vertex 42.6831 53.152 27.25
      vertex 42.6997 53.2884 26.8
      vertex 42.6997 53.2884 27.25
    endloop
  endfacet
  facet normal 0.992676 -0.12081 0
    outer loop
      vertex 42.6997 53.2884 26.8
      vertex 42.6831 53.152 27.25
      vertex 42.6831 53.152 26.8
    endloop
  endfacet
  facet normal 0.987673 -0.156534 0
    outer loop
      vertex 42.6634 53.0277 27.25
      vertex 42.6831 53.152 26.8
      vertex 42.6831 53.152 27.25
    endloop
  endfacet
  facet normal 0.987673 -0.156534 0
    outer loop
      vertex 42.6831 53.152 26.8
      vertex 42.6634 53.0277 27.25
      vertex 42.6634 53.0277 26.8
    endloop
  endfacet
  facet normal 0.980147 -0.198271 0
    outer loop
      vertex 42.6404 52.914 27.25
      vertex 42.6634 53.0277 26.8
      vertex 42.6634 53.0277 27.25
    endloop
  endfacet
  facet normal 0.980147 -0.198271 0
    outer loop
      vertex 42.6634 53.0277 26.8
      vertex 42.6404 52.914 27.25
      vertex 42.6404 52.914 26.8
    endloop
  endfacet
  facet normal 0.968818 -0.247772 0
    outer loop
      vertex 42.6137 52.8096 27.25
      vertex 42.6404 52.914 26.8
      vertex 42.6404 52.914 27.25
    endloop
  endfacet
  facet normal 0.968818 -0.247772 0
    outer loop
      vertex 42.6404 52.914 26.8
      vertex 42.6137 52.8096 27.25
      vertex 42.6137 52.8096 26.8
    endloop
  endfacet
  facet normal 0.95232 -0.305102 0
    outer loop
      vertex 42.5832 52.7144 27.25
      vertex 42.6137 52.8096 26.8
      vertex 42.6137 52.8096 27.25
    endloop
  endfacet
  facet normal 0.95232 -0.305102 0
    outer loop
      vertex 42.6137 52.8096 26.8
      vertex 42.5832 52.7144 27.25
      vertex 42.5832 52.7144 26.8
    endloop
  endfacet
  facet normal 0.929591 -0.368594 0
    outer loop
      vertex 42.5491 52.6284 27.25
      vertex 42.5832 52.7144 26.8
      vertex 42.5832 52.7144 27.25
    endloop
  endfacet
  facet normal 0.929591 -0.368594 0
    outer loop
      vertex 42.5832 52.7144 26.8
      vertex 42.5491 52.6284 27.25
      vertex 42.5491 52.6284 26.8
    endloop
  endfacet
  facet normal 0.89675 -0.442537 0
    outer loop
      vertex 42.5112 52.5516 27.25
      vertex 42.5491 52.6284 26.8
      vertex 42.5491 52.6284 27.25
    endloop
  endfacet
  facet normal 0.89675 -0.442537 0
    outer loop
      vertex 42.5491 52.6284 26.8
      vertex 42.5112 52.5516 27.25
      vertex 42.5112 52.5516 26.8
    endloop
  endfacet
  facet normal 0.851312 -0.52466 0
    outer loop
      vertex 42.4696 52.4841 27.25
      vertex 42.5112 52.5516 26.8
      vertex 42.5112 52.5516 27.25
    endloop
  endfacet
  facet normal 0.851312 -0.52466 0
    outer loop
      vertex 42.5112 52.5516 26.8
      vertex 42.4696 52.4841 27.25
      vertex 42.4696 52.4841 26.8
    endloop
  endfacet
  facet normal 0.788988 -0.614409 0
    outer loop
      vertex 42.4242 52.4258 27.25
      vertex 42.4696 52.4841 26.8
      vertex 42.4696 52.4841 27.25
    endloop
  endfacet
  facet normal 0.788988 -0.614409 0
    outer loop
      vertex 42.4696 52.4841 26.8
      vertex 42.4242 52.4258 27.25
      vertex 42.4242 52.4258 26.8
    endloop
  endfacet
  facet normal 0.706399 -0.707814 0
    outer loop
      vertex 42.3742 52.3759 26.8
      vertex 42.4242 52.4258 27.25
      vertex 42.3742 52.3759 27.25
    endloop
  endfacet
  facet normal 0.706399 -0.707814 0
    outer loop
      vertex 42.4242 52.4258 27.25
      vertex 42.3742 52.3759 26.8
      vertex 42.4242 52.4258 26.8
    endloop
  endfacet
  facet normal 0.603885 -0.797071 0
    outer loop
      vertex 42.3185 52.3337 26.8
      vertex 42.3742 52.3759 27.25
      vertex 42.3185 52.3337 27.25
    endloop
  endfacet
  facet normal 0.603885 -0.797071 0
    outer loop
      vertex 42.3742 52.3759 27.25
      vertex 42.3185 52.3337 26.8
      vertex 42.3742 52.3759 26.8
    endloop
  endfacet
  facet normal 0.490464 -0.871462 0
    outer loop
      vertex 42.2572 52.2992 26.8
      vertex 42.3185 52.3337 27.25
      vertex 42.2572 52.2992 27.25
    endloop
  endfacet
  facet normal 0.490464 -0.871462 0
    outer loop
      vertex 42.3185 52.3337 27.25
      vertex 42.2572 52.2992 26.8
      vertex 42.3185 52.3337 26.8
    endloop
  endfacet
  facet normal 0.372584 -0.927998 0
    outer loop
      vertex 42.1902 52.2723 26.8
      vertex 42.2572 52.2992 27.25
      vertex 42.1902 52.2723 27.25
    endloop
  endfacet
  facet normal 0.372584 -0.927998 0
    outer loop
      vertex 42.2572 52.2992 27.25
      vertex 42.1902 52.2723 26.8
      vertex 42.2572 52.2992 26.8
    endloop
  endfacet
  facet normal 0.255673 -0.966763 0
    outer loop
      vertex 42.1176 52.2531 26.8
      vertex 42.1902 52.2723 27.25
      vertex 42.1176 52.2531 27.25
    endloop
  endfacet
  facet normal 0.255673 -0.966763 0
    outer loop
      vertex 42.1902 52.2723 27.25
      vertex 42.1176 52.2531 26.8
      vertex 42.1902 52.2723 26.8
    endloop
  endfacet
  facet normal 0.145131 -0.989412 0
    outer loop
      vertex 42.0392 52.2416 26.8
      vertex 42.1176 52.2531 27.25
      vertex 42.0392 52.2416 27.25
    endloop
  endfacet
  facet normal 0.145131 -0.989412 0
    outer loop
      vertex 42.1176 52.2531 27.25
      vertex 42.0392 52.2416 26.8
      vertex 42.1176 52.2531 26.8
    endloop
  endfacet
  facet normal 0.0452456 -0.998976 0
    outer loop
      vertex 41.9553 52.2378 26.8
      vertex 42.0392 52.2416 27.25
      vertex 41.9553 52.2378 27.25
    endloop
  endfacet
  facet normal 0.0452456 -0.998976 0
    outer loop
      vertex 42.0392 52.2416 27.25
      vertex 41.9553 52.2378 26.8
      vertex 42.0392 52.2416 26.8
    endloop
  endfacet
  facet normal -0.0423648 -0.999102 0
    outer loop
      vertex 41.8704 52.2414 26.8
      vertex 41.9553 52.2378 27.25
      vertex 41.8704 52.2414 27.25
    endloop
  endfacet
  facet normal -0.0423648 -0.999102 -0
    outer loop
      vertex 41.9553 52.2378 27.25
      vertex 41.8704 52.2414 26.8
      vertex 41.9553 52.2378 26.8
    endloop
  endfacet
  facet normal -0.106297 0.994334 0
    outer loop
      vertex 38.2388 51.4325 26.8
      vertex 38.0012 51.4071 27.25
      vertex 38.2388 51.4325 27.25
    endloop
  endfacet
  facet normal -0.106297 0.994334 0
    outer loop
      vertex 38.0012 51.4071 27.25
      vertex 38.2388 51.4325 26.8
      vertex 38.0012 51.4071 26.8
    endloop
  endfacet
  facet normal -0.188996 0.981978 0
    outer loop
      vertex 38.4591 51.4749 26.8
      vertex 38.2388 51.4325 27.25
      vertex 38.4591 51.4749 27.25
    endloop
  endfacet
  facet normal -0.188996 0.981978 0
    outer loop
      vertex 38.2388 51.4325 27.25
      vertex 38.4591 51.4749 26.8
      vertex 38.2388 51.4325 26.8
    endloop
  endfacet
  facet normal -0.28109 0.959681 0
    outer loop
      vertex 38.6619 51.5343 26.8
      vertex 38.4591 51.4749 27.25
      vertex 38.6619 51.5343 27.25
    endloop
  endfacet
  facet normal -0.28109 0.959681 0
    outer loop
      vertex 38.4591 51.4749 27.25
      vertex 38.6619 51.5343 26.8
      vertex 38.4591 51.4749 26.8
    endloop
  endfacet
  facet normal -0.38065 0.924719 0
    outer loop
      vertex 38.8475 51.6107 26.8
      vertex 38.6619 51.5343 27.25
      vertex 38.8475 51.6107 27.25
    endloop
  endfacet
  facet normal -0.38065 0.924719 0
    outer loop
      vertex 38.6619 51.5343 27.25
      vertex 38.8475 51.6107 26.8
      vertex 38.6619 51.5343 26.8
    endloop
  endfacet
  facet normal -0.485687 0.874133 0
    outer loop
      vertex 39.0156 51.7041 26.8
      vertex 38.8475 51.6107 27.25
      vertex 39.0156 51.7041 27.25
    endloop
  endfacet
  facet normal -0.485687 0.874133 0
    outer loop
      vertex 38.8475 51.6107 27.25
      vertex 39.0156 51.7041 26.8
      vertex 38.8475 51.6107 26.8
    endloop
  endfacet
  facet normal -0.590365 0.807136 0
    outer loop
      vertex 39.1664 51.8144 26.8
      vertex 39.0156 51.7041 27.25
      vertex 39.1664 51.8144 27.25
    endloop
  endfacet
  facet normal -0.590365 0.807136 0
    outer loop
      vertex 39.0156 51.7041 27.25
      vertex 39.1664 51.8144 26.8
      vertex 39.0156 51.7041 26.8
    endloop
  endfacet
  facet normal -0.689326 0.724451 0
    outer loop
      vertex 39.2984 51.94 26.8
      vertex 39.1664 51.8144 27.25
      vertex 39.2984 51.94 27.25
    endloop
  endfacet
  facet normal -0.689326 0.724451 0
    outer loop
      vertex 39.1664 51.8144 27.25
      vertex 39.2984 51.94 26.8
      vertex 39.1664 51.8144 26.8
    endloop
  endfacet
  facet normal -0.780377 0.625309 0
    outer loop
      vertex 39.2984 51.94 26.8
      vertex 39.4101 52.0794 27.25
      vertex 39.4101 52.0794 26.8
    endloop
  endfacet
  facet normal -0.780377 0.625309 0
    outer loop
      vertex 39.4101 52.0794 27.25
      vertex 39.2984 51.94 26.8
      vertex 39.2984 51.94 27.25
    endloop
  endfacet
  facet normal -0.858629 0.512598 0
    outer loop
      vertex 39.4101 52.0794 26.8
      vertex 39.5015 52.2325 27.25
      vertex 39.5015 52.2325 26.8
    endloop
  endfacet
  facet normal -0.858629 0.512598 0
    outer loop
      vertex 39.5015 52.2325 27.25
      vertex 39.4101 52.0794 26.8
      vertex 39.4101 52.0794 27.25
    endloop
  endfacet
  facet normal -0.919998 0.391923 0
    outer loop
      vertex 39.5015 52.2325 26.8
      vertex 39.5726 52.3994 27.25
      vertex 39.5726 52.3994 26.8
    endloop
  endfacet
  facet normal -0.919998 0.391923 0
    outer loop
      vertex 39.5726 52.3994 27.25
      vertex 39.5015 52.2325 26.8
      vertex 39.5015 52.2325 27.25
    endloop
  endfacet
  facet normal -0.962742 0.270421 0
    outer loop
      vertex 39.5726 52.3994 26.8
      vertex 39.6233 52.5799 27.25
      vertex 39.6233 52.5799 26.8
    endloop
  endfacet
  facet normal -0.962742 0.270421 0
    outer loop
      vertex 39.6233 52.5799 27.25
      vertex 39.5726 52.3994 26.8
      vertex 39.5726 52.3994 27.25
    endloop
  endfacet
  facet normal -0.987903 0.155075 0
    outer loop
      vertex 39.6233 52.5799 26.8
      vertex 39.6538 52.7742 27.25
      vertex 39.6538 52.7742 26.8
    endloop
  endfacet
  facet normal -0.987903 0.155075 0
    outer loop
      vertex 39.6538 52.7742 27.25
      vertex 39.6233 52.5799 26.8
      vertex 39.6233 52.5799 27.25
    endloop
  endfacet
  facet normal -0.998822 0.0485238 0
    outer loop
      vertex 39.6538 52.7742 26.8
      vertex 39.6639 52.9821 27.25
      vertex 39.6639 52.9821 26.8
    endloop
  endfacet
  facet normal -0.998822 0.0485238 0
    outer loop
      vertex 39.6639 52.9821 27.25
      vertex 39.6538 52.7742 26.8
      vertex 39.6538 52.7742 27.25
    endloop
  endfacet
  facet normal -0.99919 -0.0402358 0
    outer loop
      vertex 39.6639 52.9821 26.8
      vertex 39.6579 53.1311 27.25
      vertex 39.6579 53.1311 26.8
    endloop
  endfacet
  facet normal -0.99919 -0.0402358 0
    outer loop
      vertex 39.6579 53.1311 27.25
      vertex 39.6639 52.9821 26.8
      vertex 39.6639 52.9821 27.25
    endloop
  endfacet
  facet normal -0.99195 -0.126632 0
    outer loop
      vertex 39.6579 53.1311 26.8
      vertex 39.6399 53.2721 27.25
      vertex 39.6399 53.2721 26.8
    endloop
  endfacet
  facet normal -0.99195 -0.126632 0
    outer loop
      vertex 39.6399 53.2721 27.25
      vertex 39.6579 53.1311 26.8
      vertex 39.6579 53.1311 27.25
    endloop
  endfacet
  facet normal -0.975492 -0.220036 0
    outer loop
      vertex 39.6399 53.2721 26.8
      vertex 39.6099 53.4051 27.25
      vertex 39.6099 53.4051 26.8
    endloop
  endfacet
  facet normal -0.975492 -0.220036 0
    outer loop
      vertex 39.6099 53.4051 27.25
      vertex 39.6399 53.2721 26.8
      vertex 39.6399 53.2721 27.25
    endloop
  endfacet
  facet normal -0.94777 -0.318954 0
    outer loop
      vertex 39.6099 53.4051 26.8
      vertex 39.5678 53.5302 27.25
      vertex 39.5678 53.5302 26.8
    endloop
  endfacet
  facet normal -0.94777 -0.318954 0
    outer loop
      vertex 39.5678 53.5302 27.25
      vertex 39.6099 53.4051 26.8
      vertex 39.6099 53.4051 27.25
    endloop
  endfacet
  facet normal -0.907959 -0.419058 0
    outer loop
      vertex 39.5678 53.5302 26.8
      vertex 39.5138 53.6472 27.25
      vertex 39.5138 53.6472 26.8
    endloop
  endfacet
  facet normal -0.907959 -0.419058 0
    outer loop
      vertex 39.5138 53.6472 27.25
      vertex 39.5678 53.5302 26.8
      vertex 39.5678 53.5302 27.25
    endloop
  endfacet
  facet normal -0.855272 -0.51818 0
    outer loop
      vertex 39.5138 53.6472 26.8
      vertex 39.4477 53.7563 27.25
      vertex 39.4477 53.7563 26.8
    endloop
  endfacet
  facet normal -0.855272 -0.51818 0
    outer loop
      vertex 39.4477 53.7563 27.25
      vertex 39.5138 53.6472 26.8
      vertex 39.5138 53.6472 27.25
    endloop
  endfacet
  facet normal -0.791371 -0.611336 0
    outer loop
      vertex 39.4477 53.7563 26.8
      vertex 39.3696 53.8574 27.25
      vertex 39.3696 53.8574 26.8
    endloop
  endfacet
  facet normal -0.791371 -0.611336 0
    outer loop
      vertex 39.3696 53.8574 27.25
      vertex 39.4477 53.7563 26.8
      vertex 39.4477 53.7563 27.25
    endloop
  endfacet
  facet normal -0.719914 -0.694063 0
    outer loop
      vertex 39.3696 53.8574 26.8
      vertex 39.281 53.9493 27.25
      vertex 39.281 53.9493 26.8
    endloop
  endfacet
  facet normal -0.719914 -0.694063 0
    outer loop
      vertex 39.281 53.9493 27.25
      vertex 39.3696 53.8574 26.8
      vertex 39.3696 53.8574 27.25
    endloop
  endfacet
  facet normal -0.640107 -0.768286 0
    outer loop
      vertex 39.1833 54.0307 26.8
      vertex 39.281 53.9493 27.25
      vertex 39.1833 54.0307 27.25
    endloop
  endfacet
  facet normal -0.640107 -0.768286 -0
    outer loop
      vertex 39.281 53.9493 27.25
      vertex 39.1833 54.0307 26.8
      vertex 39.281 53.9493 26.8
    endloop
  endfacet
  facet normal -0.55398 -0.83253 0
    outer loop
      vertex 39.0766 54.1017 26.8
      vertex 39.1833 54.0307 27.25
      vertex 39.0766 54.1017 27.25
    endloop
  endfacet
  facet normal -0.55398 -0.83253 -0
    outer loop
      vertex 39.1833 54.0307 27.25
      vertex 39.0766 54.1017 26.8
      vertex 39.1833 54.0307 26.8
    endloop
  endfacet
  facet normal -0.462749 -0.886489 0
    outer loop
      vertex 38.9607 54.1622 26.8
      vertex 39.0766 54.1017 27.25
      vertex 38.9607 54.1622 27.25
    endloop
  endfacet
  facet normal -0.462749 -0.886489 -0
    outer loop
      vertex 39.0766 54.1017 27.25
      vertex 38.9607 54.1622 26.8
      vertex 39.0766 54.1017 26.8
    endloop
  endfacet
  facet normal -0.371904 -0.928271 0
    outer loop
      vertex 38.8359 54.2122 26.8
      vertex 38.9607 54.1622 27.25
      vertex 38.8359 54.2122 27.25
    endloop
  endfacet
  facet normal -0.371904 -0.928271 -0
    outer loop
      vertex 38.9607 54.1622 27.25
      vertex 38.8359 54.2122 26.8
      vertex 38.9607 54.1622 26.8
    endloop
  endfacet
  facet normal -0.282748 -0.959194 0
    outer loop
      vertex 38.7019 54.2517 26.8
      vertex 38.8359 54.2122 27.25
      vertex 38.7019 54.2517 27.25
    endloop
  endfacet
  facet normal -0.282748 -0.959194 -0
    outer loop
      vertex 38.8359 54.2122 27.25
      vertex 38.7019 54.2517 26.8
      vertex 38.8359 54.2122 26.8
    endloop
  endfacet
  facet normal -0.19941 -0.979916 0
    outer loop
      vertex 38.5589 54.2808 26.8
      vertex 38.7019 54.2517 27.25
      vertex 38.5589 54.2808 27.25
    endloop
  endfacet
  facet normal -0.19941 -0.979916 -0
    outer loop
      vertex 38.7019 54.2517 27.25
      vertex 38.5589 54.2808 26.8
      vertex 38.7019 54.2517 26.8
    endloop
  endfacet
  facet normal -1 0 0
    outer loop
      vertex 38.5589 54.2808 26.8
      vertex 38.5589 54.296 27.25
      vertex 38.5589 54.296 26.8
    endloop
  endfacet
  facet normal -1 -0 0
    outer loop
      vertex 38.5589 54.296 27.25
      vertex 38.5589 54.2808 26.8
      vertex 38.5589 54.2808 27.25
    endloop
  endfacet
  facet normal -0.236412 0.971653 0
    outer loop
      vertex 38.6822 54.326 26.8
      vertex 38.5589 54.296 27.25
      vertex 38.6822 54.326 27.25
    endloop
  endfacet
  facet normal -0.236412 0.971653 0
    outer loop
      vertex 38.5589 54.296 27.25
      vertex 38.6822 54.326 26.8
      vertex 38.5589 54.296 26.8
    endloop
  endfacet
  facet normal -0.324783 0.945788 0
    outer loop
      vertex 38.7981 54.3658 26.8
      vertex 38.6822 54.326 27.25
      vertex 38.7981 54.3658 27.25
    endloop
  endfacet
  facet normal -0.324783 0.945788 0
    outer loop
      vertex 38.6822 54.326 27.25
      vertex 38.7981 54.3658 26.8
      vertex 38.6822 54.326 26.8
    endloop
  endfacet
  facet normal -0.416453 0.909157 0
    outer loop
      vertex 38.9066 54.4155 26.8
      vertex 38.7981 54.3658 27.25
      vertex 38.9066 54.4155 27.25
    endloop
  endfacet
  facet normal -0.416453 0.909157 0
    outer loop
      vertex 38.7981 54.3658 27.25
      vertex 38.9066 54.4155 26.8
      vertex 38.7981 54.3658 26.8
    endloop
  endfacet
  facet normal -0.508098 0.861299 0
    outer loop
      vertex 39.0078 54.4752 26.8
      vertex 38.9066 54.4155 27.25
      vertex 39.0078 54.4752 27.25
    endloop
  endfacet
  facet normal -0.508098 0.861299 0
    outer loop
      vertex 38.9066 54.4155 27.25
      vertex 39.0078 54.4752 26.8
      vertex 38.9066 54.4155 26.8
    endloop
  endfacet
  facet normal -0.595883 0.803072 0
    outer loop
      vertex 39.1016 54.5448 26.8
      vertex 39.0078 54.4752 27.25
      vertex 39.1016 54.5448 27.25
    endloop
  endfacet
  facet normal -0.595883 0.803072 0
    outer loop
      vertex 39.0078 54.4752 27.25
      vertex 39.1016 54.5448 26.8
      vertex 39.0078 54.4752 26.8
    endloop
  endfacet
  facet normal -0.677112 0.73588 0
    outer loop
      vertex 39.188 54.6243 26.8
      vertex 39.1016 54.5448 27.25
      vertex 39.188 54.6243 27.25
    endloop
  endfacet
  facet normal -0.677112 0.73588 0
    outer loop
      vertex 39.1016 54.5448 27.25
      vertex 39.188 54.6243 26.8
      vertex 39.1016 54.5448 26.8
    endloop
  endfacet
  facet normal -0.7493 0.662231 0
    outer loop
      vertex 39.188 54.6243 26.8
      vertex 39.2671 54.7138 27.25
      vertex 39.2671 54.7138 26.8
    endloop
  endfacet
  facet normal -0.7493 0.662231 0
    outer loop
      vertex 39.2671 54.7138 27.25
      vertex 39.188 54.6243 26.8
      vertex 39.188 54.6243 27.25
    endloop
  endfacet
  facet normal -0.809062 0.587723 0
    outer loop
      vertex 39.2671 54.7138 26.8
      vertex 39.3372 54.8103 27.25
      vertex 39.3372 54.8103 26.8
    endloop
  endfacet
  facet normal -0.809062 0.587723 0
    outer loop
      vertex 39.3372 54.8103 27.25
      vertex 39.2671 54.7138 26.8
      vertex 39.2671 54.7138 27.25
    endloop
  endfacet
  facet normal -0.862505 0.506049 0
    outer loop
      vertex 39.3372 54.8103 26.8
      vertex 39.3964 54.9112 27.25
      vertex 39.3964 54.9112 26.8
    endloop
  endfacet
  facet normal -0.862505 0.506049 0
    outer loop
      vertex 39.3964 54.9112 27.25
      vertex 39.3372 54.8103 26.8
      vertex 39.3372 54.8103 27.25
    endloop
  endfacet
  facet normal -0.908287 0.418347 0
    outer loop
      vertex 39.3964 54.9112 26.8
      vertex 39.4449 55.0165 27.25
      vertex 39.4449 55.0165 26.8
    endloop
  endfacet
  facet normal -0.908287 0.418347 0
    outer loop
      vertex 39.4449 55.0165 27.25
      vertex 39.3964 54.9112 26.8
      vertex 39.3964 54.9112 27.25
    endloop
  endfacet
  facet normal -0.94562 0.325273 0
    outer loop
      vertex 39.4449 55.0165 26.8
      vertex 39.4826 55.1261 27.25
      vertex 39.4826 55.1261 26.8
    endloop
  endfacet
  facet normal -0.94562 0.325273 0
    outer loop
      vertex 39.4826 55.1261 27.25
      vertex 39.4449 55.0165 26.8
      vertex 39.4449 55.0165 27.25
    endloop
  endfacet
  facet normal -0.973226 0.229849 0
    outer loop
      vertex 39.4826 55.1261 26.8
      vertex 39.5095 55.24 27.25
      vertex 39.5095 55.24 26.8
    endloop
  endfacet
  facet normal -0.973226 0.229849 0
    outer loop
      vertex 39.5095 55.24 27.25
      vertex 39.4826 55.1261 26.8
      vertex 39.4826 55.1261 27.25
    endloop
  endfacet
  facet normal -0.990738 0.135786 0
    outer loop
      vertex 39.5095 55.24 26.8
      vertex 39.5257 55.3582 27.25
      vertex 39.5257 55.3582 26.8
    endloop
  endfacet
  facet normal -0.990738 0.135786 0
    outer loop
      vertex 39.5257 55.3582 27.25
      vertex 39.5095 55.24 26.8
      vertex 39.5095 55.24 27.25
    endloop
  endfacet
  facet normal -0.999031 0.044003 0
    outer loop
      vertex 39.5257 55.3582 26.8
      vertex 39.5311 55.4808 27.25
      vertex 39.5311 55.4808 26.8
    endloop
  endfacet
  facet normal -0.999031 0.044003 0
    outer loop
      vertex 39.5311 55.4808 27.25
      vertex 39.5257 55.3582 26.8
      vertex 39.5257 55.3582 27.25
    endloop
  endfacet
  facet normal -0.998739 -0.0502012 0
    outer loop
      vertex 39.5311 55.4808 26.8
      vertex 39.5216 55.6698 27.25
      vertex 39.5216 55.6698 26.8
    endloop
  endfacet
  facet normal -0.998739 -0.0502012 0
    outer loop
      vertex 39.5216 55.6698 27.25
      vertex 39.5311 55.4808 26.8
      vertex 39.5311 55.4808 27.25
    endloop
  endfacet
  facet normal -0.987156 -0.159761 0
    outer loop
      vertex 39.5216 55.6698 26.8
      vertex 39.4931 55.8459 27.25
      vertex 39.4931 55.8459 26.8
    endloop
  endfacet
  facet normal -0.987156 -0.159761 0
    outer loop
      vertex 39.4931 55.8459 27.25
      vertex 39.5216 55.6698 26.8
      vertex 39.5216 55.6698 27.25
    endloop
  endfacet
  facet normal -0.960204 -0.2793 0
    outer loop
      vertex 39.4931 55.8459 26.8
      vertex 39.4456 56.0092 27.25
      vertex 39.4456 56.0092 26.8
    endloop
  endfacet
  facet normal -0.960204 -0.2793 0
    outer loop
      vertex 39.4456 56.0092 27.25
      vertex 39.4931 55.8459 26.8
      vertex 39.4931 55.8459 27.25
    endloop
  endfacet
  facet normal -0.914911 -0.403655 0
    outer loop
      vertex 39.4456 56.0092 26.8
      vertex 39.3792 56.1597 27.25
      vertex 39.3792 56.1597 26.8
    endloop
  endfacet
  facet normal -0.914911 -0.403655 0
    outer loop
      vertex 39.3792 56.1597 27.25
      vertex 39.4456 56.0092 26.8
      vertex 39.4456 56.0092 27.25
    endloop
  endfacet
  facet normal -0.849726 -0.527225 0
    outer loop
      vertex 39.3792 56.1597 26.8
      vertex 39.2937 56.2975 27.25
      vertex 39.2937 56.2975 26.8
    endloop
  endfacet
  facet normal -0.849726 -0.527225 0
    outer loop
      vertex 39.2937 56.2975 27.25
      vertex 39.3792 56.1597 26.8
      vertex 39.3792 56.1597 27.25
    endloop
  endfacet
  facet normal -0.767516 -0.64103 0
    outer loop
      vertex 39.2937 56.2975 26.8
      vertex 39.1893 56.4225 27.25
      vertex 39.1893 56.4225 26.8
    endloop
  endfacet
  facet normal -0.767516 -0.64103 0
    outer loop
      vertex 39.1893 56.4225 27.25
      vertex 39.2937 56.2975 26.8
      vertex 39.2937 56.2975 27.25
    endloop
  endfacet
  facet normal -0.672404 -0.740184 0
    outer loop
      vertex 39.0659 56.5346 26.8
      vertex 39.1893 56.4225 27.25
      vertex 39.0659 56.5346 27.25
    endloop
  endfacet
  facet normal -0.672404 -0.740184 -0
    outer loop
      vertex 39.1893 56.4225 27.25
      vertex 39.0659 56.5346 26.8
      vertex 39.1893 56.4225 26.8
    endloop
  endfacet
  facet normal -0.571354 -0.820704 0
    outer loop
      vertex 38.9247 56.6329 26.8
      vertex 39.0659 56.5346 27.25
      vertex 38.9247 56.6329 27.25
    endloop
  endfacet
  facet normal -0.571354 -0.820704 -0
    outer loop
      vertex 39.0659 56.5346 27.25
      vertex 38.9247 56.6329 26.8
      vertex 39.0659 56.5346 26.8
    endloop
  endfacet
  facet normal -0.466186 -0.884687 0
    outer loop
      vertex 38.767 56.716 26.8
      vertex 38.9247 56.6329 27.25
      vertex 38.767 56.716 27.25
    endloop
  endfacet
  facet normal -0.466186 -0.884687 -0
    outer loop
      vertex 38.9247 56.6329 27.25
      vertex 38.767 56.716 26.8
      vertex 38.9247 56.6329 26.8
    endloop
  endfacet
  facet normal -0.363633 -0.931542 0
    outer loop
      vertex 38.5928 56.784 26.8
      vertex 38.767 56.716 27.25
      vertex 38.5928 56.784 27.25
    endloop
  endfacet
  facet normal -0.363633 -0.931542 -0
    outer loop
      vertex 38.767 56.716 27.25
      vertex 38.5928 56.784 26.8
      vertex 38.767 56.716 26.8
    endloop
  endfacet
  facet normal -0.267435 -0.963576 0
    outer loop
      vertex 38.4022 56.8369 26.8
      vertex 38.5928 56.784 27.25
      vertex 38.4022 56.8369 27.25
    endloop
  endfacet
  facet normal -0.267435 -0.963576 -0
    outer loop
      vertex 38.5928 56.784 27.25
      vertex 38.4022 56.8369 26.8
      vertex 38.5928 56.784 26.8
    endloop
  endfacet
  facet normal -0.17947 -0.983763 0
    outer loop
      vertex 38.195 56.8747 26.8
      vertex 38.4022 56.8369 27.25
      vertex 38.195 56.8747 27.25
    endloop
  endfacet
  facet normal -0.17947 -0.983763 -0
    outer loop
      vertex 38.4022 56.8369 27.25
      vertex 38.195 56.8747 26.8
      vertex 38.4022 56.8369 26.8
    endloop
  endfacet
  facet normal -0.100957 -0.994891 0
    outer loop
      vertex 37.9713 56.8974 26.8
      vertex 38.195 56.8747 27.25
      vertex 37.9713 56.8974 27.25
    endloop
  endfacet
  facet normal -0.100957 -0.994891 -0
    outer loop
      vertex 38.195 56.8747 27.25
      vertex 37.9713 56.8974 26.8
      vertex 38.195 56.8747 26.8
    endloop
  endfacet
  facet normal -0.0311958 -0.999513 0
    outer loop
      vertex 37.731 56.9049 26.8
      vertex 37.9713 56.8974 27.25
      vertex 37.731 56.9049 27.25
    endloop
  endfacet
  facet normal -0.0311958 -0.999513 -0
    outer loop
      vertex 37.9713 56.8974 27.25
      vertex 37.731 56.9049 26.8
      vertex 37.9713 56.8974 26.8
    endloop
  endfacet
  facet normal 0.0327345 -0.999464 0
    outer loop
      vertex 37.4959 56.8972 26.8
      vertex 37.731 56.9049 27.25
      vertex 37.4959 56.8972 27.25
    endloop
  endfacet
  facet normal 0.0327345 -0.999464 0
    outer loop
      vertex 37.731 56.9049 27.25
      vertex 37.4959 56.8972 26.8
      vertex 37.731 56.9049 26.8
    endloop
  endfacet
  facet normal 0.105557 -0.994413 0
    outer loop
      vertex 37.2764 56.8739 26.8
      vertex 37.4959 56.8972 27.25
      vertex 37.2764 56.8739 27.25
    endloop
  endfacet
  facet normal 0.105557 -0.994413 0
    outer loop
      vertex 37.4959 56.8972 27.25
      vertex 37.2764 56.8739 26.8
      vertex 37.4959 56.8972 26.8
    endloop
  endfacet
  facet normal 0.186647 -0.982427 0
    outer loop
      vertex 37.0727 56.8352 26.8
      vertex 37.2764 56.8739 27.25
      vertex 37.0727 56.8352 27.25
    endloop
  endfacet
  facet normal 0.186647 -0.982427 0
    outer loop
      vertex 37.2764 56.8739 27.25
      vertex 37.0727 56.8352 26.8
      vertex 37.2764 56.8739 26.8
    endloop
  endfacet
  facet normal 0.277487 -0.960729 0
    outer loop
      vertex 36.8847 56.7809 26.8
      vertex 37.0727 56.8352 27.25
      vertex 36.8847 56.7809 27.25
    endloop
  endfacet
  facet normal 0.277487 -0.960729 0
    outer loop
      vertex 37.0727 56.8352 27.25
      vertex 36.8847 56.7809 26.8
      vertex 37.0727 56.8352 26.8
    endloop
  endfacet
  facet normal 0.375655 -0.92676 0
    outer loop
      vertex 36.7125 56.7111 26.8
      vertex 36.8847 56.7809 27.25
      vertex 36.7125 56.7111 27.25
    endloop
  endfacet
  facet normal 0.375655 -0.92676 0
    outer loop
      vertex 36.8847 56.7809 27.25
      vertex 36.7125 56.7111 26.8
      vertex 36.8847 56.7809 26.8
    endloop
  endfacet
  facet normal 0.478144 -0.878281 0
    outer loop
      vertex 36.556 56.6259 26.8
      vertex 36.7125 56.7111 27.25
      vertex 36.556 56.6259 27.25
    endloop
  endfacet
  facet normal 0.478144 -0.878281 0
    outer loop
      vertex 36.7125 56.7111 27.25
      vertex 36.556 56.6259 26.8
      vertex 36.7125 56.7111 26.8
    endloop
  endfacet
  facet normal 0.582112 -0.813109 0
    outer loop
      vertex 36.4152 56.5251 26.8
      vertex 36.556 56.6259 27.25
      vertex 36.4152 56.5251 27.25
    endloop
  endfacet
  facet normal 0.582112 -0.813109 0
    outer loop
      vertex 36.556 56.6259 27.25
      vertex 36.4152 56.5251 26.8
      vertex 36.556 56.6259 26.8
    endloop
  endfacet
  facet normal 0.678898 -0.734233 0
    outer loop
      vertex 36.2918 56.411 26.8
      vertex 36.4152 56.5251 27.25
      vertex 36.2918 56.411 27.25
    endloop
  endfacet
  facet normal 0.678898 -0.734233 0
    outer loop
      vertex 36.4152 56.5251 27.25
      vertex 36.2918 56.411 26.8
      vertex 36.4152 56.5251 26.8
    endloop
  endfacet
  facet normal 0.768773 -0.639521 0
    outer loop
      vertex 36.1874 56.2855 27.25
      vertex 36.2918 56.411 26.8
      vertex 36.2918 56.411 27.25
    endloop
  endfacet
  facet normal 0.768773 -0.639521 0
    outer loop
      vertex 36.2918 56.411 26.8
      vertex 36.1874 56.2855 27.25
      vertex 36.1874 56.2855 26.8
    endloop
  endfacet
  facet normal 0.847998 -0.529999 0
    outer loop
      vertex 36.1019 56.1487 27.25
      vertex 36.1874 56.2855 26.8
      vertex 36.1874 56.2855 27.25
    endloop
  endfacet
  facet normal 0.847998 -0.529999 0
    outer loop
      vertex 36.1874 56.2855 26.8
      vertex 36.1019 56.1487 27.25
      vertex 36.1019 56.1487 26.8
    endloop
  endfacet
  facet normal 0.912486 -0.409109 0
    outer loop
      vertex 36.0355 56.0006 27.25
      vertex 36.1019 56.1487 26.8
      vertex 36.1019 56.1487 27.25
    endloop
  endfacet
  facet normal 0.912486 -0.409109 0
    outer loop
      vertex 36.1019 56.1487 26.8
      vertex 36.0355 56.0006 27.25
      vertex 36.0355 56.0006 26.8
    endloop
  endfacet
  facet normal 0.958354 -0.285582 0
    outer loop
      vertex 35.988 55.8412 27.25
      vertex 36.0355 56.0006 26.8
      vertex 36.0355 56.0006 27.25
    endloop
  endfacet
  facet normal 0.958354 -0.285582 0
    outer loop
      vertex 36.0355 56.0006 26.8
      vertex 35.988 55.8412 27.25
      vertex 35.988 55.8412 26.8
    endloop
  endfacet
  facet normal 0.986347 -0.16468 0
    outer loop
      vertex 35.9595 55.6705 27.25
      vertex 35.988 55.8412 26.8
      vertex 35.988 55.8412 27.25
    endloop
  endfacet
  facet normal 0.986347 -0.16468 0
    outer loop
      vertex 35.988 55.8412 26.8
      vertex 35.9595 55.6705 27.25
      vertex 35.9595 55.6705 26.8
    endloop
  endfacet
  facet normal 0.99864 -0.0521268 0
    outer loop
      vertex 35.95 55.4885 27.25
      vertex 35.9595 55.6705 26.8
      vertex 35.9595 55.6705 27.25
    endloop
  endfacet
  facet normal 0.99864 -0.0521268 0
    outer loop
      vertex 35.9595 55.6705 26.8
      vertex 35.95 55.4885 27.25
      vertex 35.95 55.4885 26.8
    endloop
  endfacet
  facet normal 0.998997 0.0447798 0
    outer loop
      vertex 35.9555 55.3658 27.25
      vertex 35.95 55.4885 26.8
      vertex 35.95 55.4885 27.25
    endloop
  endfacet
  facet normal 0.998997 0.0447798 0
    outer loop
      vertex 35.95 55.4885 26.8
      vertex 35.9555 55.3658 27.25
      vertex 35.9555 55.3658 26.8
    endloop
  endfacet
  facet normal 0.990784 0.135449 0
    outer loop
      vertex 35.9717 55.2473 27.25
      vertex 35.9555 55.3658 26.8
      vertex 35.9555 55.3658 27.25
    endloop
  endfacet
  facet normal 0.990784 0.135449 0
    outer loop
      vertex 35.9555 55.3658 26.8
      vertex 35.9717 55.2473 27.25
      vertex 35.9717 55.2473 26.8
    endloop
  endfacet
  facet normal 0.97307 0.230509 0
    outer loop
      vertex 35.9988 55.1329 27.25
      vertex 35.9717 55.2473 26.8
      vertex 35.9717 55.2473 27.25
    endloop
  endfacet
  facet normal 0.97307 0.230509 0
    outer loop
      vertex 35.9717 55.2473 26.8
      vertex 35.9988 55.1329 27.25
      vertex 35.9988 55.1329 26.8
    endloop
  endfacet
  facet normal 0.945282 0.326255 0
    outer loop
      vertex 36.0368 55.0228 27.25
      vertex 35.9988 55.1329 26.8
      vertex 35.9988 55.1329 27.25
    endloop
  endfacet
  facet normal 0.945282 0.326255 0
    outer loop
      vertex 35.9988 55.1329 26.8
      vertex 36.0368 55.0228 27.25
      vertex 36.0368 55.0228 26.8
    endloop
  endfacet
  facet normal 0.90821 0.418514 0
    outer loop
      vertex 36.0856 54.9169 27.25
      vertex 36.0368 55.0228 26.8
      vertex 36.0368 55.0228 27.25
    endloop
  endfacet
  facet normal 0.90821 0.418514 0
    outer loop
      vertex 36.0368 55.0228 26.8
      vertex 36.0856 54.9169 27.25
      vertex 36.0856 54.9169 26.8
    endloop
  endfacet
  facet normal 0.862609 0.505872 0
    outer loop
      vertex 36.1453 54.8151 27.25
      vertex 36.0856 54.9169 26.8
      vertex 36.0856 54.9169 27.25
    endloop
  endfacet
  facet normal 0.862609 0.505872 0
    outer loop
      vertex 36.0856 54.9169 26.8
      vertex 36.1453 54.8151 27.25
      vertex 36.1453 54.8151 26.8
    endloop
  endfacet
  facet normal 0.810635 0.585551 0
    outer loop
      vertex 36.2158 54.7175 27.25
      vertex 36.1453 54.8151 26.8
      vertex 36.1453 54.8151 27.25
    endloop
  endfacet
  facet normal 0.810635 0.585551 0
    outer loop
      vertex 36.1453 54.8151 26.8
      vertex 36.2158 54.7175 27.25
      vertex 36.2158 54.7175 26.8
    endloop
  endfacet
  facet normal 0.752062 0.659092 0
    outer loop
      vertex 36.2952 54.6269 27.25
      vertex 36.2158 54.7175 26.8
      vertex 36.2158 54.7175 27.25
    endloop
  endfacet
  facet normal 0.752062 0.659092 0
    outer loop
      vertex 36.2158 54.7175 26.8
      vertex 36.2952 54.6269 27.25
      vertex 36.2952 54.6269 26.8
    endloop
  endfacet
  facet normal 0.684307 0.729194 -0
    outer loop
      vertex 36.3813 54.5461 26.8
      vertex 36.2952 54.6269 27.25
      vertex 36.3813 54.5461 27.25
    endloop
  endfacet
  facet normal 0.684307 0.729194 0
    outer loop
      vertex 36.2952 54.6269 27.25
      vertex 36.3813 54.5461 26.8
      vertex 36.2952 54.6269 26.8
    endloop
  endfacet
  facet normal 0.607355 0.794431 -0
    outer loop
      vertex 36.4743 54.475 26.8
      vertex 36.3813 54.5461 27.25
      vertex 36.4743 54.475 27.25
    endloop
  endfacet
  facet normal 0.607355 0.794431 0
    outer loop
      vertex 36.3813 54.5461 27.25
      vertex 36.4743 54.475 26.8
      vertex 36.3813 54.5461 26.8
    endloop
  endfacet
  facet normal 0.523002 0.852331 -0
    outer loop
      vertex 36.5742 54.4137 26.8
      vertex 36.4743 54.475 27.25
      vertex 36.5742 54.4137 27.25
    endloop
  endfacet
  facet normal 0.523002 0.852331 0
    outer loop
      vertex 36.4743 54.475 27.25
      vertex 36.5742 54.4137 26.8
      vertex 36.4743 54.475 26.8
    endloop
  endfacet
  facet normal 0.435009 0.900426 -0
    outer loop
      vertex 36.6808 54.3622 26.8
      vertex 36.5742 54.4137 27.25
      vertex 36.6808 54.3622 27.25
    endloop
  endfacet
  facet normal 0.435009 0.900426 0
    outer loop
      vertex 36.5742 54.4137 27.25
      vertex 36.6808 54.3622 26.8
      vertex 36.5742 54.4137 26.8
    endloop
  endfacet
  facet normal 0.34559 0.938385 -0
    outer loop
      vertex 36.7943 54.3204 26.8
      vertex 36.6808 54.3622 27.25
      vertex 36.7943 54.3204 27.25
    endloop
  endfacet
  facet normal 0.34559 0.938385 0
    outer loop
      vertex 36.6808 54.3622 27.25
      vertex 36.7943 54.3204 26.8
      vertex 36.6808 54.3622 26.8
    endloop
  endfacet
  facet normal 0.257063 0.966395 -0
    outer loop
      vertex 36.9146 54.2884 26.8
      vertex 36.7943 54.3204 27.25
      vertex 36.9146 54.2884 27.25
    endloop
  endfacet
  facet normal 0.257063 0.966395 0
    outer loop
      vertex 36.7943 54.3204 27.25
      vertex 36.9146 54.2884 26.8
      vertex 36.7943 54.3204 26.8
    endloop
  endfacet
  facet normal 1 -0 0
    outer loop
      vertex 36.9146 54.2733 27.25
      vertex 36.9146 54.2884 26.8
      vertex 36.9146 54.2884 27.25
    endloop
  endfacet
  facet normal 1 0 0
    outer loop
      vertex 36.9146 54.2884 26.8
      vertex 36.9146 54.2733 27.25
      vertex 36.9146 54.2733 26.8
    endloop
  endfacet
  facet normal 0.208223 -0.978081 0
    outer loop
      vertex 36.7765 54.2439 26.8
      vertex 36.9146 54.2733 27.25
      vertex 36.7765 54.2439 27.25
    endloop
  endfacet
  facet normal 0.208223 -0.978081 0
    outer loop
      vertex 36.9146 54.2733 27.25
      vertex 36.7765 54.2439 26.8
      vertex 36.9146 54.2733 26.8
    endloop
  endfacet
  facet normal 0.295844 -0.955236 0
    outer loop
      vertex 36.6467 54.2037 26.8
      vertex 36.7765 54.2439 27.25
      vertex 36.6467 54.2037 27.25
    endloop
  endfacet
  facet normal 0.295844 -0.955236 0
    outer loop
      vertex 36.7765 54.2439 27.25
      vertex 36.6467 54.2037 26.8
      vertex 36.7765 54.2439 26.8
    endloop
  endfacet
  facet normal 0.388057 -0.921635 0
    outer loop
      vertex 36.5251 54.1525 26.8
      vertex 36.6467 54.2037 27.25
      vertex 36.5251 54.1525 27.25
    endloop
  endfacet
  facet normal 0.388057 -0.921635 0
    outer loop
      vertex 36.6467 54.2037 27.25
      vertex 36.5251 54.1525 26.8
      vertex 36.6467 54.2037 26.8
    endloop
  endfacet
  facet normal 0.481235 -0.876591 0
    outer loop
      vertex 36.4118 54.0903 26.8
      vertex 36.5251 54.1525 27.25
      vertex 36.4118 54.0903 27.25
    endloop
  endfacet
  facet normal 0.481235 -0.876591 0
    outer loop
      vertex 36.5251 54.1525 27.25
      vertex 36.4118 54.0903 26.8
      vertex 36.5251 54.1525 26.8
    endloop
  endfacet
  facet normal 0.570103 -0.821573 0
    outer loop
      vertex 36.3066 54.0173 26.8
      vertex 36.4118 54.0903 27.25
      vertex 36.3066 54.0173 27.25
    endloop
  endfacet
  facet normal 0.570103 -0.821573 0
    outer loop
      vertex 36.4118 54.0903 27.25
      vertex 36.3066 54.0173 26.8
      vertex 36.4118 54.0903 26.8
    endloop
  endfacet
  facet normal 0.654634 -0.755946 0
    outer loop
      vertex 36.2096 53.9333 26.8
      vertex 36.3066 54.0173 27.25
      vertex 36.2096 53.9333 27.25
    endloop
  endfacet
  facet normal 0.654634 -0.755946 0
    outer loop
      vertex 36.3066 54.0173 27.25
      vertex 36.2096 53.9333 26.8
      vertex 36.3066 54.0173 26.8
    endloop
  endfacet
  facet normal 0.730569 -0.682839 0
    outer loop
      vertex 36.1209 53.8384 27.25
      vertex 36.2096 53.9333 26.8
      vertex 36.2096 53.9333 27.25
    endloop
  endfacet
  facet normal 0.730569 -0.682839 0
    outer loop
      vertex 36.2096 53.9333 26.8
      vertex 36.1209 53.8384 27.25
      vertex 36.1209 53.8384 26.8
    endloop
  endfacet
  facet normal 0.796666 -0.60442 0
    outer loop
      vertex 36.0423 53.7348 27.25
      vertex 36.1209 53.8384 26.8
      vertex 36.1209 53.8384 27.25
    endloop
  endfacet
  facet normal 0.796666 -0.60442 0
    outer loop
      vertex 36.1209 53.8384 26.8
      vertex 36.0423 53.7348 27.25
      vertex 36.0423 53.7348 26.8
    endloop
  endfacet
  facet normal 0.856188 -0.516665 0
    outer loop
      vertex 35.9758 53.6246 27.25
      vertex 36.0423 53.7348 26.8
      vertex 36.0423 53.7348 27.25
    endloop
  endfacet
  facet normal 0.856188 -0.516665 0
    outer loop
      vertex 36.0423 53.7348 26.8
      vertex 35.9758 53.6246 27.25
      vertex 35.9758 53.6246 26.8
    endloop
  endfacet
  facet normal 0.906638 -0.421909 0
    outer loop
      vertex 35.9214 53.5077 27.25
      vertex 35.9758 53.6246 26.8
      vertex 35.9758 53.6246 27.25
    endloop
  endfacet
  facet normal 0.906638 -0.421909 0
    outer loop
      vertex 35.9758 53.6246 26.8
      vertex 35.9214 53.5077 27.25
      vertex 35.9214 53.5077 26.8
    endloop
  endfacet
  facet normal 0.945966 -0.324266 0
    outer loop
      vertex 35.8791 53.3843 27.25
      vertex 35.9214 53.5077 26.8
      vertex 35.9214 53.5077 27.25
    endloop
  endfacet
  facet normal 0.945966 -0.324266 0
    outer loop
      vertex 35.9214 53.5077 26.8
      vertex 35.8791 53.3843 27.25
      vertex 35.8791 53.3843 26.8
    endloop
  endfacet
  facet normal 0.974062 -0.226282 0
    outer loop
      vertex 35.8489 53.2543 27.25
      vertex 35.8791 53.3843 26.8
      vertex 35.8791 53.3843 27.25
    endloop
  endfacet
  facet normal 0.974062 -0.226282 0
    outer loop
      vertex 35.8791 53.3843 26.8
      vertex 35.8489 53.2543 27.25
      vertex 35.8489 53.2543 26.8
    endloop
  endfacet
  facet normal 0.991241 -0.132069 0
    outer loop
      vertex 35.8307 53.1177 27.25
      vertex 35.8489 53.2543 26.8
      vertex 35.8489 53.2543 27.25
    endloop
  endfacet
  facet normal 0.991241 -0.132069 0
    outer loop
      vertex 35.8489 53.2543 26.8
      vertex 35.8307 53.1177 27.25
      vertex 35.8307 53.1177 26.8
    endloop
  endfacet
  facet normal 0.999123 -0.0418627 0
    outer loop
      vertex 35.8247 52.9745 27.25
      vertex 35.8307 53.1177 26.8
      vertex 35.8307 53.1177 27.25
    endloop
  endfacet
  facet normal 0.999123 -0.0418627 0
    outer loop
      vertex 35.8307 53.1177 26.8
      vertex 35.8247 52.9745 27.25
      vertex 35.8247 52.9745 26.8
    endloop
  endfacet
  facet normal 0.998763 0.0497209 0
    outer loop
      vertex 35.835 52.7676 27.25
      vertex 35.8247 52.9745 26.8
      vertex 35.8247 52.9745 27.25
    endloop
  endfacet
  facet normal 0.998763 0.0497209 0
    outer loop
      vertex 35.8247 52.9745 26.8
      vertex 35.835 52.7676 27.25
      vertex 35.835 52.7676 26.8
    endloop
  endfacet
  facet normal 0.987542 0.157353 0
    outer loop
      vertex 35.8658 52.5743 27.25
      vertex 35.835 52.7676 26.8
      vertex 35.835 52.7676 27.25
    endloop
  endfacet
  facet normal 0.987542 0.157353 0
    outer loop
      vertex 35.835 52.7676 26.8
      vertex 35.8658 52.5743 27.25
      vertex 35.8658 52.5743 26.8
    endloop
  endfacet
  facet normal 0.961544 0.27465 0
    outer loop
      vertex 35.9171 52.3947 27.25
      vertex 35.8658 52.5743 26.8
      vertex 35.8658 52.5743 27.25
    endloop
  endfacet
  facet normal 0.961544 0.27465 0
    outer loop
      vertex 35.8658 52.5743 26.8
      vertex 35.9171 52.3947 27.25
      vertex 35.9171 52.3947 26.8
    endloop
  endfacet
  facet normal 0.917623 0.397452 0
    outer loop
      vertex 35.989 52.2287 27.25
      vertex 35.9171 52.3947 26.8
      vertex 35.9171 52.3947 27.25
    endloop
  endfacet
  facet normal 0.917623 0.397452 0
    outer loop
      vertex 35.9171 52.3947 26.8
      vertex 35.989 52.2287 27.25
      vertex 35.989 52.2287 26.8
    endloop
  endfacet
  facet normal 0.855107 0.518451 0
    outer loop
      vertex 36.0814 52.0763 27.25
      vertex 35.989 52.2287 26.8
      vertex 35.989 52.2287 27.25
    endloop
  endfacet
  facet normal 0.855107 0.518451 0
    outer loop
      vertex 35.989 52.2287 26.8
      vertex 36.0814 52.0763 27.25
      vertex 36.0814 52.0763 26.8
    endloop
  endfacet
  facet normal 0.775276 0.631623 0
    outer loop
      vertex 36.1944 51.9376 27.25
      vertex 36.0814 52.0763 26.8
      vertex 36.0814 52.0763 27.25
    endloop
  endfacet
  facet normal 0.775276 0.631623 0
    outer loop
      vertex 36.0814 52.0763 26.8
      vertex 36.1944 51.9376 27.25
      vertex 36.1944 51.9376 26.8
    endloop
  endfacet
  facet normal 0.683777 0.729691 -0
    outer loop
      vertex 36.3279 51.8125 26.8
      vertex 36.1944 51.9376 27.25
      vertex 36.3279 51.8125 27.25
    endloop
  endfacet
  facet normal 0.683777 0.729691 0
    outer loop
      vertex 36.1944 51.9376 27.25
      vertex 36.3279 51.8125 26.8
      vertex 36.1944 51.9376 26.8
    endloop
  endfacet
  facet normal 0.585315 0.810806 -0
    outer loop
      vertex 36.48 51.7027 26.8
      vertex 36.3279 51.8125 27.25
      vertex 36.48 51.7027 27.25
    endloop
  endfacet
  facet normal 0.585315 0.810806 0
    outer loop
      vertex 36.3279 51.8125 27.25
      vertex 36.48 51.7027 26.8
      vertex 36.3279 51.8125 26.8
    endloop
  endfacet
  facet normal 0.482118 0.876106 -0
    outer loop
      vertex 36.649 51.6097 26.8
      vertex 36.48 51.7027 27.25
      vertex 36.649 51.6097 27.25
    endloop
  endfacet
  facet normal 0.482118 0.876106 0
    outer loop
      vertex 36.48 51.7027 27.25
      vertex 36.649 51.6097 26.8
      vertex 36.48 51.7027 26.8
    endloop
  endfacet
  facet normal 0.378594 0.925563 -0
    outer loop
      vertex 36.8348 51.5337 26.8
      vertex 36.649 51.6097 27.25
      vertex 36.8348 51.5337 27.25
    endloop
  endfacet
  facet normal 0.378594 0.925563 0
    outer loop
      vertex 36.649 51.6097 27.25
      vertex 36.8348 51.5337 26.8
      vertex 36.649 51.6097 26.8
    endloop
  endfacet
  facet normal 0.280036 0.959989 -0
    outer loop
      vertex 37.0374 51.4746 26.8
      vertex 36.8348 51.5337 27.25
      vertex 37.0374 51.4746 27.25
    endloop
  endfacet
  facet normal 0.280036 0.959989 0
    outer loop
      vertex 36.8348 51.5337 27.25
      vertex 37.0374 51.4746 26.8
      vertex 36.8348 51.5337 26.8
    endloop
  endfacet
  facet normal 0.188798 0.982016 -0
    outer loop
      vertex 37.2569 51.4324 26.8
      vertex 37.0374 51.4746 27.25
      vertex 37.2569 51.4324 27.25
    endloop
  endfacet
  facet normal 0.188798 0.982016 0
    outer loop
      vertex 37.0374 51.4746 27.25
      vertex 37.2569 51.4324 26.8
      vertex 37.0374 51.4746 26.8
    endloop
  endfacet
  facet normal 0.10692 0.994268 -0
    outer loop
      vertex 37.4931 51.407 26.8
      vertex 37.2569 51.4324 27.25
      vertex 37.4931 51.407 27.25
    endloop
  endfacet
  facet normal 0.10692 0.994268 0
    outer loop
      vertex 37.2569 51.4324 27.25
      vertex 37.4931 51.407 26.8
      vertex 37.2569 51.4324 26.8
    endloop
  endfacet
  facet normal 0.0331702 0.99945 -0
    outer loop
      vertex 37.7462 51.3986 26.8
      vertex 37.4931 51.407 27.25
      vertex 37.7462 51.3986 27.25
    endloop
  endfacet
  facet normal 0.0331702 0.99945 0
    outer loop
      vertex 37.4931 51.407 27.25
      vertex 37.7462 51.3986 26.8
      vertex 37.4931 51.407 26.8
    endloop
  endfacet
  facet normal -0.0333148 0.999445 0
    outer loop
      vertex 38.0012 51.4071 26.8
      vertex 37.7462 51.3986 27.25
      vertex 38.0012 51.4071 27.25
    endloop
  endfacet
  facet normal -0.0333148 0.999445 0
    outer loop
      vertex 37.7462 51.3986 27.25
      vertex 38.0012 51.4071 26.8
      vertex 37.7462 51.3986 26.8
    endloop
  endfacet
  facet normal -0.286563 -0.958061 0
    outer loop
      vertex 37.3964 54.7194 26.8
      vertex 37.5532 54.6725 27.25
      vertex 37.3964 54.7194 27.25
    endloop
  endfacet
  facet normal -0.286563 -0.958061 -0
    outer loop
      vertex 37.5532 54.6725 27.25
      vertex 37.3964 54.7194 26.8
      vertex 37.5532 54.6725 26.8
    endloop
  endfacet
  facet normal -0.520643 -0.853775 0
    outer loop
      vertex 37.268 54.7977 26.8
      vertex 37.3964 54.7194 27.25
      vertex 37.268 54.7977 27.25
    endloop
  endfacet
  facet normal -0.520643 -0.853775 -0
    outer loop
      vertex 37.3964 54.7194 27.25
      vertex 37.268 54.7977 26.8
      vertex 37.3964 54.7194 26.8
    endloop
  endfacet
  facet normal -0.73939 -0.673277 0
    outer loop
      vertex 37.268 54.7977 26.8
      vertex 37.1682 54.9073 27.25
      vertex 37.1682 54.9073 26.8
    endloop
  endfacet
  facet normal -0.73939 -0.673277 0
    outer loop
      vertex 37.1682 54.9073 27.25
      vertex 37.268 54.7977 26.8
      vertex 37.268 54.7977 27.25
    endloop
  endfacet
  facet normal -0.892264 -0.451515 0
    outer loop
      vertex 37.1682 54.9073 26.8
      vertex 37.0969 55.0482 27.25
      vertex 37.0969 55.0482 26.8
    endloop
  endfacet
  facet normal -0.892264 -0.451515 0
    outer loop
      vertex 37.0969 55.0482 27.25
      vertex 37.1682 54.9073 26.8
      vertex 37.1682 54.9073 27.25
    endloop
  endfacet
  facet normal -0.970605 -0.240678 0
    outer loop
      vertex 37.0969 55.0482 26.8
      vertex 37.0542 55.2204 27.25
      vertex 37.0542 55.2204 26.8
    endloop
  endfacet
  facet normal -0.970605 -0.240678 0
    outer loop
      vertex 37.0542 55.2204 27.25
      vertex 37.0969 55.0482 26.8
      vertex 37.0969 55.0482 27.25
    endloop
  endfacet
  facet normal -0.99754 -0.0700974 0
    outer loop
      vertex 37.0542 55.2204 26.8
      vertex 37.0399 55.4239 27.25
      vertex 37.0399 55.4239 26.8
    endloop
  endfacet
  facet normal -0.99754 -0.0700974 0
    outer loop
      vertex 37.0399 55.4239 27.25
      vertex 37.0542 55.2204 26.8
      vertex 37.0542 55.2204 27.25
    endloop
  endfacet
  facet normal -0.99738 0.0723408 0
    outer loop
      vertex 37.0399 55.4239 26.8
      vertex 37.054 55.6183 27.25
      vertex 37.054 55.6183 26.8
    endloop
  endfacet
  facet normal -0.99738 0.0723408 0
    outer loop
      vertex 37.054 55.6183 27.25
      vertex 37.0399 55.4239 26.8
      vertex 37.0399 55.4239 27.25
    endloop
  endfacet
  facet normal -0.968529 0.248899 0
    outer loop
      vertex 37.054 55.6183 26.8
      vertex 37.0963 55.7829 27.25
      vertex 37.0963 55.7829 26.8
    endloop
  endfacet
  facet normal -0.968529 0.248899 0
    outer loop
      vertex 37.0963 55.7829 27.25
      vertex 37.054 55.6183 26.8
      vertex 37.054 55.6183 27.25
    endloop
  endfacet
  facet normal -0.885844 0.463982 0
    outer loop
      vertex 37.0963 55.7829 26.8
      vertex 37.1668 55.9175 27.25
      vertex 37.1668 55.9175 26.8
    endloop
  endfacet
  facet normal -0.885844 0.463982 0
    outer loop
      vertex 37.1668 55.9175 27.25
      vertex 37.0963 55.7829 26.8
      vertex 37.0963 55.7829 27.25
    endloop
  endfacet
  facet normal -0.727302 0.686318 0
    outer loop
      vertex 37.1668 55.9175 26.8
      vertex 37.2656 56.0222 27.25
      vertex 37.2656 56.0222 26.8
    endloop
  endfacet
  facet normal -0.727302 0.686318 0
    outer loop
      vertex 37.2656 56.0222 27.25
      vertex 37.1668 55.9175 26.8
      vertex 37.1668 55.9175 27.25
    endloop
  endfacet
  facet normal -0.507791 0.86148 0
    outer loop
      vertex 37.3925 56.097 26.8
      vertex 37.2656 56.0222 27.25
      vertex 37.3925 56.097 27.25
    endloop
  endfacet
  facet normal -0.507791 0.86148 0
    outer loop
      vertex 37.2656 56.0222 27.25
      vertex 37.3925 56.097 26.8
      vertex 37.2656 56.0222 26.8
    endloop
  endfacet
  facet normal -0.277908 0.960608 0
    outer loop
      vertex 37.5477 56.1419 26.8
      vertex 37.3925 56.097 27.25
      vertex 37.5477 56.1419 27.25
    endloop
  endfacet
  facet normal -0.277908 0.960608 0
    outer loop
      vertex 37.3925 56.097 27.25
      vertex 37.5477 56.1419 26.8
      vertex 37.3925 56.097 26.8
    endloop
  endfacet
  facet normal -0.0810203 0.996712 0
    outer loop
      vertex 37.731 56.1568 26.8
      vertex 37.5477 56.1419 27.25
      vertex 37.731 56.1568 27.25
    endloop
  endfacet
  facet normal -0.0810203 0.996712 0
    outer loop
      vertex 37.5477 56.1419 27.25
      vertex 37.731 56.1568 26.8
      vertex 37.5477 56.1419 26.8
    endloop
  endfacet
  facet normal 0.0369737 0.999316 -0
    outer loop
      vertex 37.8283 56.1532 26.8
      vertex 37.731 56.1568 27.25
      vertex 37.8283 56.1532 27.25
    endloop
  endfacet
  facet normal 0.0369737 0.999316 0
    outer loop
      vertex 37.731 56.1568 27.25
      vertex 37.8283 56.1532 26.8
      vertex 37.731 56.1568 26.8
    endloop
  endfacet
  facet normal 0.119145 0.992877 -0
    outer loop
      vertex 37.9183 56.1424 26.8
      vertex 37.8283 56.1532 27.25
      vertex 37.9183 56.1424 27.25
    endloop
  endfacet
  facet normal 0.119145 0.992877 0
    outer loop
      vertex 37.8283 56.1532 27.25
      vertex 37.9183 56.1424 26.8
      vertex 37.8283 56.1532 26.8
    endloop
  endfacet
  facet normal 0.212675 0.977123 -0
    outer loop
      vertex 38.001 56.1244 26.8
      vertex 37.9183 56.1424 27.25
      vertex 38.001 56.1244 27.25
    endloop
  endfacet
  facet normal 0.212675 0.977123 0
    outer loop
      vertex 37.9183 56.1424 27.25
      vertex 38.001 56.1244 26.8
      vertex 37.9183 56.1424 26.8
    endloop
  endfacet
  facet normal 0.318493 0.947925 -0
    outer loop
      vertex 38.0763 56.0991 26.8
      vertex 38.001 56.1244 27.25
      vertex 38.0763 56.0991 27.25
    endloop
  endfacet
  facet normal 0.318493 0.947925 0
    outer loop
      vertex 38.001 56.1244 27.25
      vertex 38.0763 56.0991 26.8
      vertex 38.001 56.1244 26.8
    endloop
  endfacet
  facet normal 0.429111 0.903252 -0
    outer loop
      vertex 38.1445 56.0667 26.8
      vertex 38.0763 56.0991 27.25
      vertex 38.1445 56.0667 27.25
    endloop
  endfacet
  facet normal 0.429111 0.903252 0
    outer loop
      vertex 38.0763 56.0991 27.25
      vertex 38.1445 56.0667 26.8
      vertex 38.0763 56.0991 26.8
    endloop
  endfacet
  facet normal 0.545763 0.837939 -0
    outer loop
      vertex 38.2053 56.0271 26.8
      vertex 38.1445 56.0667 27.25
      vertex 38.2053 56.0271 27.25
    endloop
  endfacet
  facet normal 0.545763 0.837939 0
    outer loop
      vertex 38.1445 56.0667 27.25
      vertex 38.2053 56.0271 26.8
      vertex 38.1445 56.0667 26.8
    endloop
  endfacet
  facet normal 0.659201 0.751967 -0
    outer loop
      vertex 38.2588 55.9802 26.8
      vertex 38.2053 56.0271 27.25
      vertex 38.2588 55.9802 27.25
    endloop
  endfacet
  facet normal 0.659201 0.751967 0
    outer loop
      vertex 38.2053 56.0271 27.25
      vertex 38.2588 55.9802 26.8
      vertex 38.2053 56.0271 26.8
    endloop
  endfacet
  facet normal 0.762008 0.647567 0
    outer loop
      vertex 38.3052 55.9256 27.25
      vertex 38.2588 55.9802 26.8
      vertex 38.2588 55.9802 27.25
    endloop
  endfacet
  facet normal 0.762008 0.647567 0
    outer loop
      vertex 38.2588 55.9802 26.8
      vertex 38.3052 55.9256 27.25
      vertex 38.3052 55.9256 26.8
    endloop
  endfacet
  facet normal 0.84868 0.528907 0
    outer loop
      vertex 38.3444 55.8627 27.25
      vertex 38.3052 55.9256 26.8
      vertex 38.3052 55.9256 27.25
    endloop
  endfacet
  facet normal 0.84868 0.528907 0
    outer loop
      vertex 38.3052 55.9256 26.8
      vertex 38.3444 55.8627 27.25
      vertex 38.3444 55.8627 26.8
    endloop
  endfacet
  facet normal 0.911634 0.411003 0
    outer loop
      vertex 38.3765 55.7915 27.25
      vertex 38.3444 55.8627 26.8
      vertex 38.3444 55.8627 27.25
    endloop
  endfacet
  facet normal 0.911634 0.411003 0
    outer loop
      vertex 38.3444 55.8627 26.8
      vertex 38.3765 55.7915 27.25
      vertex 38.3765 55.7915 26.8
    endloop
  endfacet
  facet normal 0.953837 0.300326 0
    outer loop
      vertex 38.4015 55.7121 27.25
      vertex 38.3765 55.7915 26.8
      vertex 38.3765 55.7915 27.25
    endloop
  endfacet
  facet normal 0.953837 0.300326 0
    outer loop
      vertex 38.3765 55.7915 26.8
      vertex 38.4015 55.7121 27.25
      vertex 38.4015 55.7121 26.8
    endloop
  endfacet
  facet normal 0.980062 0.198691 0
    outer loop
      vertex 38.4193 55.6243 27.25
      vertex 38.4015 55.7121 26.8
      vertex 38.4015 55.7121 27.25
    endloop
  endfacet
  facet normal 0.980062 0.198691 0
    outer loop
      vertex 38.4015 55.7121 26.8
      vertex 38.4193 55.6243 27.25
      vertex 38.4193 55.6243 26.8
    endloop
  endfacet
  facet normal 0.993858 0.110659 0
    outer loop
      vertex 38.43 55.5282 27.25
      vertex 38.4193 55.6243 26.8
      vertex 38.4193 55.6243 27.25
    endloop
  endfacet
  facet normal 0.993858 0.110659 0
    outer loop
      vertex 38.4193 55.6243 26.8
      vertex 38.43 55.5282 27.25
      vertex 38.43 55.5282 26.8
    endloop
  endfacet
  facet normal 0.999405 0.0344953 0
    outer loop
      vertex 38.4336 55.4239 27.25
      vertex 38.43 55.5282 26.8
      vertex 38.43 55.5282 27.25
    endloop
  endfacet
  facet normal 0.999405 0.0344953 0
    outer loop
      vertex 38.43 55.5282 26.8
      vertex 38.4336 55.4239 27.25
      vertex 38.4336 55.4239 26.8
    endloop
  endfacet
  facet normal 0.999488 -0.0319836 0
    outer loop
      vertex 38.43 55.3114 27.25
      vertex 38.4336 55.4239 26.8
      vertex 38.4336 55.4239 27.25
    endloop
  endfacet
  facet normal 0.999488 -0.0319836 0
    outer loop
      vertex 38.4336 55.4239 26.8
      vertex 38.43 55.3114 27.25
      vertex 38.43 55.3114 26.8
    endloop
  endfacet
  facet normal 0.994844 -0.101416 0
    outer loop
      vertex 38.4195 55.2084 27.25
      vertex 38.43 55.3114 26.8
      vertex 38.43 55.3114 27.25
    endloop
  endfacet
  facet normal 0.994844 -0.101416 0
    outer loop
      vertex 38.43 55.3114 26.8
      vertex 38.4195 55.2084 27.25
      vertex 38.4195 55.2084 26.8
    endloop
  endfacet
  facet normal 0.982549 -0.186001 0
    outer loop
      vertex 38.4018 55.1149 27.25
      vertex 38.4195 55.2084 26.8
      vertex 38.4195 55.2084 27.25
    endloop
  endfacet
  facet normal 0.982549 -0.186001 0
    outer loop
      vertex 38.4195 55.2084 26.8
      vertex 38.4018 55.1149 27.25
      vertex 38.4018 55.1149 26.8
    endloop
  endfacet
  facet normal 0.959474 -0.281796 0
    outer loop
      vertex 38.3771 55.0308 27.25
      vertex 38.4018 55.1149 26.8
      vertex 38.4018 55.1149 27.25
    endloop
  endfacet
  facet normal 0.959474 -0.281796 0
    outer loop
      vertex 38.4018 55.1149 26.8
      vertex 38.3771 55.0308 27.25
      vertex 38.3771 55.0308 26.8
    endloop
  endfacet
  facet normal 0.920353 -0.391088 0
    outer loop
      vertex 38.3454 54.9562 27.25
      vertex 38.3771 55.0308 26.8
      vertex 38.3771 55.0308 27.25
    endloop
  endfacet
  facet normal 0.920353 -0.391088 0
    outer loop
      vertex 38.3771 55.0308 26.8
      vertex 38.3454 54.9562 27.25
      vertex 38.3454 54.9562 26.8
    endloop
  endfacet
  facet normal 0.859348 -0.511391 0
    outer loop
      vertex 38.3066 54.891 27.25
      vertex 38.3454 54.9562 26.8
      vertex 38.3454 54.9562 27.25
    endloop
  endfacet
  facet normal 0.859348 -0.511391 0
    outer loop
      vertex 38.3454 54.9562 26.8
      vertex 38.3066 54.891 27.25
      vertex 38.3066 54.891 26.8
    endloop
  endfacet
  facet normal 0.77173 -0.63595 0
    outer loop
      vertex 38.2607 54.8353 27.25
      vertex 38.3066 54.891 26.8
      vertex 38.3066 54.891 27.25
    endloop
  endfacet
  facet normal 0.77173 -0.63595 0
    outer loop
      vertex 38.3066 54.891 26.8
      vertex 38.2607 54.8353 27.25
      vertex 38.2607 54.8353 26.8
    endloop
  endfacet
  facet normal 0.66733 -0.744762 0
    outer loop
      vertex 38.2078 54.7879 26.8
      vertex 38.2607 54.8353 27.25
      vertex 38.2078 54.7879 27.25
    endloop
  endfacet
  facet normal 0.66733 -0.744762 0
    outer loop
      vertex 38.2607 54.8353 27.25
      vertex 38.2078 54.7879 26.8
      vertex 38.2607 54.8353 26.8
    endloop
  endfacet
  facet normal 0.553422 -0.832901 0
    outer loop
      vertex 38.1476 54.7479 26.8
      vertex 38.2078 54.7879 27.25
      vertex 38.1476 54.7479 27.25
    endloop
  endfacet
  facet normal 0.553422 -0.832901 0
    outer loop
      vertex 38.2078 54.7879 27.25
      vertex 38.1476 54.7479 26.8
      vertex 38.2078 54.7879 26.8
    endloop
  endfacet
  facet normal 0.437582 -0.899178 0
    outer loop
      vertex 38.0802 54.7151 26.8
      vertex 38.1476 54.7479 27.25
      vertex 38.0802 54.7151 27.25
    endloop
  endfacet
  facet normal 0.437582 -0.899178 0
    outer loop
      vertex 38.1476 54.7479 27.25
      vertex 38.0802 54.7151 26.8
      vertex 38.1476 54.7479 26.8
    endloop
  endfacet
  facet normal 0.323449 -0.946246 0
    outer loop
      vertex 38.0056 54.6896 26.8
      vertex 38.0802 54.7151 27.25
      vertex 38.0056 54.6896 27.25
    endloop
  endfacet
  facet normal 0.323449 -0.946246 0
    outer loop
      vertex 38.0802 54.7151 27.25
      vertex 38.0056 54.6896 26.8
      vertex 38.0802 54.7151 26.8
    endloop
  endfacet
  facet normal 0.217183 -0.976131 0
    outer loop
      vertex 37.9238 54.6714 26.8
      vertex 38.0056 54.6896 27.25
      vertex 37.9238 54.6714 27.25
    endloop
  endfacet
  facet normal 0.217183 -0.976131 0
    outer loop
      vertex 38.0056 54.6896 27.25
      vertex 37.9238 54.6714 26.8
      vertex 38.0056 54.6896 26.8
    endloop
  endfacet
  facet normal 0.122662 -0.992448 0
    outer loop
      vertex 37.8348 54.6604 26.8
      vertex 37.9238 54.6714 27.25
      vertex 37.8348 54.6604 27.25
    endloop
  endfacet
  facet normal 0.122662 -0.992448 0
    outer loop
      vertex 37.9238 54.6714 27.25
      vertex 37.8348 54.6604 26.8
      vertex 37.9238 54.6714 26.8
    endloop
  endfacet
  facet normal 0.0373959 -0.999301 0
    outer loop
      vertex 37.7386 54.6568 26.8
      vertex 37.8348 54.6604 27.25
      vertex 37.7386 54.6568 27.25
    endloop
  endfacet
  facet normal 0.0373959 -0.999301 0
    outer loop
      vertex 37.8348 54.6604 27.25
      vertex 37.7386 54.6568 26.8
      vertex 37.8348 54.6604 26.8
    endloop
  endfacet
  facet normal -0.0843798 -0.996434 0
    outer loop
      vertex 37.5532 54.6725 26.8
      vertex 37.7386 54.6568 27.25
      vertex 37.5532 54.6725 27.25
    endloop
  endfacet
  facet normal -0.0843798 -0.996434 -0
    outer loop
      vertex 37.7386 54.6568 27.25
      vertex 37.5532 54.6725 26.8
      vertex 37.7386 54.6568 26.8
    endloop
  endfacet
  facet normal -0.122211 -0.992504 0
    outer loop
      vertex 37.5306 52.1681 26.8
      vertex 37.6378 52.1549 27.25
      vertex 37.5306 52.1681 27.25
    endloop
  endfacet
  facet normal -0.122211 -0.992504 -0
    outer loop
      vertex 37.6378 52.1549 27.25
      vertex 37.5306 52.1681 26.8
      vertex 37.6378 52.1549 26.8
    endloop
  endfacet
  facet normal -0.219347 -0.975647 0
    outer loop
      vertex 37.4323 52.1902 26.8
      vertex 37.5306 52.1681 27.25
      vertex 37.4323 52.1902 27.25
    endloop
  endfacet
  facet normal -0.219347 -0.975647 -0
    outer loop
      vertex 37.5306 52.1681 27.25
      vertex 37.4323 52.1902 26.8
      vertex 37.5306 52.1681 26.8
    endloop
  endfacet
  facet normal -0.326966 -0.945036 0
    outer loop
      vertex 37.3427 52.2212 26.8
      vertex 37.4323 52.1902 27.25
      vertex 37.3427 52.2212 27.25
    endloop
  endfacet
  facet normal -0.326966 -0.945036 -0
    outer loop
      vertex 37.4323 52.1902 27.25
      vertex 37.3427 52.2212 26.8
      vertex 37.4323 52.1902 26.8
    endloop
  endfacet
  facet normal -0.441863 -0.897082 0
    outer loop
      vertex 37.2621 52.2609 26.8
      vertex 37.3427 52.2212 27.25
      vertex 37.2621 52.2609 27.25
    endloop
  endfacet
  facet normal -0.441863 -0.897082 -0
    outer loop
      vertex 37.3427 52.2212 27.25
      vertex 37.2621 52.2609 26.8
      vertex 37.3427 52.2212 26.8
    endloop
  endfacet
  facet normal -0.560007 -0.828488 0
    outer loop
      vertex 37.1902 52.3095 26.8
      vertex 37.2621 52.2609 27.25
      vertex 37.1902 52.3095 27.25
    endloop
  endfacet
  facet normal -0.560007 -0.828488 -0
    outer loop
      vertex 37.2621 52.2609 27.25
      vertex 37.1902 52.3095 26.8
      vertex 37.2621 52.2609 26.8
    endloop
  endfacet
  facet normal -0.67349 -0.739196 0
    outer loop
      vertex 37.1272 52.3669 26.8
      vertex 37.1902 52.3095 27.25
      vertex 37.1272 52.3669 27.25
    endloop
  endfacet
  facet normal -0.67349 -0.739196 -0
    outer loop
      vertex 37.1902 52.3095 27.25
      vertex 37.1272 52.3669 26.8
      vertex 37.1902 52.3095 26.8
    endloop
  endfacet
  facet normal -0.776786 -0.629764 0
    outer loop
      vertex 37.1272 52.3669 26.8
      vertex 37.0728 52.434 27.25
      vertex 37.0728 52.434 26.8
    endloop
  endfacet
  facet normal -0.776786 -0.629764 0
    outer loop
      vertex 37.0728 52.434 27.25
      vertex 37.1272 52.3669 26.8
      vertex 37.1272 52.3669 27.25
    endloop
  endfacet
  facet normal -0.859641 -0.510898 0
    outer loop
      vertex 37.0728 52.434 26.8
      vertex 37.0268 52.5114 27.25
      vertex 37.0268 52.5114 26.8
    endloop
  endfacet
  facet normal -0.859641 -0.510898 0
    outer loop
      vertex 37.0268 52.5114 27.25
      vertex 37.0728 52.434 26.8
      vertex 37.0728 52.434 27.25
    endloop
  endfacet
  facet normal -0.918874 -0.394551 0
    outer loop
      vertex 37.0268 52.5114 26.8
      vertex 36.9891 52.5992 27.25
      vertex 36.9891 52.5992 26.8
    endloop
  endfacet
  facet normal -0.918874 -0.394551 0
    outer loop
      vertex 36.9891 52.5992 27.25
      vertex 37.0268 52.5114 26.8
      vertex 37.0268 52.5114 27.25
    endloop
  endfacet
  facet normal -0.958255 -0.285915 0
    outer loop
      vertex 36.9891 52.5992 26.8
      vertex 36.9598 52.6974 27.25
      vertex 36.9598 52.6974 26.8
    endloop
  endfacet
  facet normal -0.958255 -0.285915 0
    outer loop
      vertex 36.9598 52.6974 27.25
      vertex 36.9891 52.5992 26.8
      vertex 36.9891 52.5992 27.25
    endloop
  endfacet
  facet normal -0.981981 -0.188982 0
    outer loop
      vertex 36.9598 52.6974 26.8
      vertex 36.9389 52.806 27.25
      vertex 36.9389 52.806 26.8
    endloop
  endfacet
  facet normal -0.981981 -0.188982 0
    outer loop
      vertex 36.9389 52.806 27.25
      vertex 36.9598 52.6974 26.8
      vertex 36.9598 52.6974 27.25
    endloop
  endfacet
  facet normal -0.994519 -0.104554 0
    outer loop
      vertex 36.9389 52.806 26.8
      vertex 36.9264 52.9249 27.25
      vertex 36.9264 52.9249 26.8
    endloop
  endfacet
  facet normal -0.994519 -0.104554 0
    outer loop
      vertex 36.9264 52.9249 27.25
      vertex 36.9389 52.806 26.8
      vertex 36.9389 52.806 27.25
    endloop
  endfacet
  facet normal -0.999474 -0.0324404 0
    outer loop
      vertex 36.9264 52.9249 26.8
      vertex 36.9222 53.0543 27.25
      vertex 36.9222 53.0543 26.8
    endloop
  endfacet
  facet normal -0.999474 -0.0324404 0
    outer loop
      vertex 36.9222 53.0543 27.25
      vertex 36.9264 52.9249 26.8
      vertex 36.9264 52.9249 27.25
    endloop
  endfacet
  facet normal -0.999326 0.0367206 0
    outer loop
      vertex 36.9222 53.0543 26.8
      vertex 36.9264 53.1686 27.25
      vertex 36.9264 53.1686 26.8
    endloop
  endfacet
  facet normal -0.999326 0.0367206 0
    outer loop
      vertex 36.9264 53.1686 27.25
      vertex 36.9222 53.0543 26.8
      vertex 36.9222 53.0543 27.25
    endloop
  endfacet
  facet normal -0.992952 0.11852 0
    outer loop
      vertex 36.9264 53.1686 26.8
      vertex 36.9391 53.275 27.25
      vertex 36.9391 53.275 26.8
    endloop
  endfacet
  facet normal -0.992952 0.11852 0
    outer loop
      vertex 36.9391 53.275 27.25
      vertex 36.9264 53.1686 26.8
      vertex 36.9264 53.1686 27.25
    endloop
  endfacet
  facet normal -0.977817 0.209461 0
    outer loop
      vertex 36.9391 53.275 26.8
      vertex 36.9602 53.3735 27.25
      vertex 36.9602 53.3735 26.8
    endloop
  endfacet
  facet normal -0.977817 0.209461 0
    outer loop
      vertex 36.9602 53.3735 27.25
      vertex 36.9391 53.275 26.8
      vertex 36.9391 53.275 27.25
    endloop
  endfacet
  facet normal -0.950555 0.310557 0
    outer loop
      vertex 36.9602 53.3735 26.8
      vertex 36.9898 53.4641 27.25
      vertex 36.9898 53.4641 26.8
    endloop
  endfacet
  facet normal -0.950555 0.310557 0
    outer loop
      vertex 36.9898 53.4641 27.25
      vertex 36.9602 53.3735 26.8
      vertex 36.9602 53.3735 27.25
    endloop
  endfacet
  facet normal -0.909082 0.416617 0
    outer loop
      vertex 36.9898 53.4641 26.8
      vertex 37.0277 53.5468 27.25
      vertex 37.0277 53.5468 26.8
    endloop
  endfacet
  facet normal -0.909082 0.416617 0
    outer loop
      vertex 37.0277 53.5468 27.25
      vertex 36.9898 53.4641 26.8
      vertex 36.9898 53.4641 27.25
    endloop
  endfacet
  facet normal -0.849272 0.527956 0
    outer loop
      vertex 37.0277 53.5468 26.8
      vertex 37.0742 53.6216 27.25
      vertex 37.0742 53.6216 26.8
    endloop
  endfacet
  facet normal -0.849272 0.527956 0
    outer loop
      vertex 37.0742 53.6216 27.25
      vertex 37.0277 53.5468 26.8
      vertex 37.0277 53.5468 27.25
    endloop
  endfacet
  facet normal -0.77303 0.63437 0
    outer loop
      vertex 37.0742 53.6216 26.8
      vertex 37.1291 53.6885 27.25
      vertex 37.1291 53.6885 26.8
    endloop
  endfacet
  facet normal -0.77303 0.63437 0
    outer loop
      vertex 37.1291 53.6885 27.25
      vertex 37.0742 53.6216 26.8
      vertex 37.0742 53.6216 27.25
    endloop
  endfacet
  facet normal -0.680988 0.732295 0
    outer loop
      vertex 37.1919 53.7469 26.8
      vertex 37.1291 53.6885 27.25
      vertex 37.1919 53.7469 27.25
    endloop
  endfacet
  facet normal -0.680988 0.732295 0
    outer loop
      vertex 37.1291 53.6885 27.25
      vertex 37.1919 53.7469 26.8
      vertex 37.1291 53.6885 26.8
    endloop
  endfacet
  facet normal -0.576272 0.817258 0
    outer loop
      vertex 37.2621 53.7964 26.8
      vertex 37.1919 53.7469 27.25
      vertex 37.2621 53.7964 27.25
    endloop
  endfacet
  facet normal -0.576272 0.817258 0
    outer loop
      vertex 37.1919 53.7469 27.25
      vertex 37.2621 53.7964 26.8
      vertex 37.1919 53.7469 26.8
    endloop
  endfacet
  facet normal -0.462253 0.886748 0
    outer loop
      vertex 37.3396 53.8368 26.8
      vertex 37.2621 53.7964 27.25
      vertex 37.3396 53.8368 27.25
    endloop
  endfacet
  facet normal -0.462253 0.886748 0
    outer loop
      vertex 37.2621 53.7964 27.25
      vertex 37.3396 53.8368 26.8
      vertex 37.2621 53.7964 26.8
    endloop
  endfacet
  facet normal -0.347494 0.937682 0
    outer loop
      vertex 37.4246 53.8683 26.8
      vertex 37.3396 53.8368 27.25
      vertex 37.4246 53.8683 27.25
    endloop
  endfacet
  facet normal -0.347494 0.937682 0
    outer loop
      vertex 37.3396 53.8368 27.25
      vertex 37.4246 53.8683 26.8
      vertex 37.3396 53.8368 26.8
    endloop
  endfacet
  facet normal -0.236083 0.971733 0
    outer loop
      vertex 37.5168 53.8907 26.8
      vertex 37.4246 53.8683 27.25
      vertex 37.5168 53.8907 27.25
    endloop
  endfacet
  facet normal -0.236083 0.971733 0
    outer loop
      vertex 37.4246 53.8683 27.25
      vertex 37.5168 53.8907 26.8
      vertex 37.4246 53.8683 26.8
    endloop
  endfacet
  facet normal -0.134314 0.990939 0
    outer loop
      vertex 37.6164 53.9042 26.8
      vertex 37.5168 53.8907 27.25
      vertex 37.6164 53.9042 27.25
    endloop
  endfacet
  facet normal -0.134314 0.990939 0
    outer loop
      vertex 37.5168 53.8907 27.25
      vertex 37.6164 53.9042 26.8
      vertex 37.5168 53.8907 26.8
    endloop
  endfacet
  facet normal -0.0420189 0.999117 0
    outer loop
      vertex 37.7234 53.9087 26.8
      vertex 37.6164 53.9042 27.25
      vertex 37.7234 53.9087 27.25
    endloop
  endfacet
  facet normal -0.0420189 0.999117 0
    outer loop
      vertex 37.6164 53.9042 27.25
      vertex 37.7234 53.9087 26.8
      vertex 37.6164 53.9042 26.8
    endloop
  endfacet
  facet normal 0.0769028 0.997039 -0
    outer loop
      vertex 37.9451 53.8916 26.8
      vertex 37.7234 53.9087 27.25
      vertex 37.9451 53.8916 27.25
    endloop
  endfacet
  facet normal 0.0769028 0.997039 0
    outer loop
      vertex 37.7234 53.9087 27.25
      vertex 37.9451 53.8916 26.8
      vertex 37.7234 53.9087 26.8
    endloop
  endfacet
  facet normal 0.264379 0.964419 -0
    outer loop
      vertex 38.1326 53.8402 26.8
      vertex 37.9451 53.8916 27.25
      vertex 38.1326 53.8402 27.25
    endloop
  endfacet
  facet normal 0.264379 0.964419 0
    outer loop
      vertex 37.9451 53.8916 27.25
      vertex 38.1326 53.8402 26.8
      vertex 37.9451 53.8916 26.8
    endloop
  endfacet
  facet normal 0.487043 0.873378 -0
    outer loop
      vertex 38.2861 53.7546 26.8
      vertex 38.1326 53.8402 27.25
      vertex 38.2861 53.7546 27.25
    endloop
  endfacet
  facet normal 0.487043 0.873378 0
    outer loop
      vertex 38.1326 53.8402 27.25
      vertex 38.2861 53.7546 26.8
      vertex 38.1326 53.8402 26.8
    endloop
  endfacet
  facet normal 0.708878 0.705331 0
    outer loop
      vertex 38.4054 53.6347 27.25
      vertex 38.2861 53.7546 26.8
      vertex 38.2861 53.7546 27.25
    endloop
  endfacet
  facet normal 0.708878 0.705331 0
    outer loop
      vertex 38.2861 53.7546 26.8
      vertex 38.4054 53.6347 27.25
      vertex 38.4054 53.6347 26.8
    endloop
  endfacet
  facet normal 0.875039 0.484052 0
    outer loop
      vertex 38.4907 53.4805 27.25
      vertex 38.4054 53.6347 26.8
      vertex 38.4054 53.6347 27.25
    endloop
  endfacet
  facet normal 0.875039 0.484052 0
    outer loop
      vertex 38.4054 53.6347 26.8
      vertex 38.4907 53.4805 27.25
      vertex 38.4907 53.4805 26.8
    endloop
  endfacet
  facet normal 0.965129 0.261773 0
    outer loop
      vertex 38.5418 53.2921 27.25
      vertex 38.4907 53.4805 26.8
      vertex 38.4907 53.4805 27.25
    endloop
  endfacet
  facet normal 0.965129 0.261773 0
    outer loop
      vertex 38.4907 53.4805 26.8
      vertex 38.5418 53.2921 27.25
      vertex 38.5418 53.2921 26.8
    endloop
  endfacet
  facet normal 0.997065 0.0765595 0
    outer loop
      vertex 38.5589 53.0694 27.25
      vertex 38.5418 53.2921 26.8
      vertex 38.5418 53.2921 27.25
    endloop
  endfacet
  facet normal 0.997065 0.0765595 0
    outer loop
      vertex 38.5418 53.2921 26.8
      vertex 38.5589 53.0694 27.25
      vertex 38.5589 53.0694 26.8
    endloop
  endfacet
  facet normal 0.99955 -0.029994 0
    outer loop
      vertex 38.5549 52.9361 27.25
      vertex 38.5589 53.0694 26.8
      vertex 38.5589 53.0694 27.25
    endloop
  endfacet
  facet normal 0.99955 -0.029994 0
    outer loop
      vertex 38.5589 53.0694 26.8
      vertex 38.5549 52.9361 27.25
      vertex 38.5549 52.9361 26.8
    endloop
  endfacet
  facet normal 0.995229 -0.0975714 0
    outer loop
      vertex 38.5429 52.8137 27.25
      vertex 38.5549 52.9361 26.8
      vertex 38.5549 52.9361 27.25
    endloop
  endfacet
  facet normal 0.995229 -0.0975714 0
    outer loop
      vertex 38.5549 52.9361 26.8
      vertex 38.5429 52.8137 27.25
      vertex 38.5429 52.8137 26.8
    endloop
  endfacet
  facet normal 0.984417 -0.175852 0
    outer loop
      vertex 38.523 52.7023 27.25
      vertex 38.5429 52.8137 26.8
      vertex 38.5429 52.8137 27.25
    endloop
  endfacet
  facet normal 0.984417 -0.175852 0
    outer loop
      vertex 38.5429 52.8137 26.8
      vertex 38.523 52.7023 27.25
      vertex 38.523 52.7023 26.8
    endloop
  endfacet
  facet normal 0.963173 -0.268882 0
    outer loop
      vertex 38.495 52.602 27.25
      vertex 38.523 52.7023 26.8
      vertex 38.523 52.7023 27.25
    endloop
  endfacet
  facet normal 0.963173 -0.268882 0
    outer loop
      vertex 38.523 52.7023 26.8
      vertex 38.495 52.602 27.25
      vertex 38.495 52.602 26.8
    endloop
  endfacet
  facet normal 0.927975 -0.372643 0
    outer loop
      vertex 38.4591 52.5126 27.25
      vertex 38.495 52.602 26.8
      vertex 38.495 52.602 27.25
    endloop
  endfacet
  facet normal 0.927975 -0.372643 0
    outer loop
      vertex 38.495 52.602 26.8
      vertex 38.4591 52.5126 27.25
      vertex 38.4591 52.5126 26.8
    endloop
  endfacet
  facet normal 0.872259 -0.489044 0
    outer loop
      vertex 38.4152 52.4343 27.25
      vertex 38.4591 52.5126 26.8
      vertex 38.4591 52.5126 27.25
    endloop
  endfacet
  facet normal 0.872259 -0.489044 0
    outer loop
      vertex 38.4591 52.5126 26.8
      vertex 38.4152 52.4343 27.25
      vertex 38.4152 52.4343 26.8
    endloop
  endfacet
  facet normal 0.792318 -0.610108 0
    outer loop
      vertex 38.3633 52.3669 27.25
      vertex 38.4152 52.4343 26.8
      vertex 38.4152 52.4343 27.25
    endloop
  endfacet
  facet normal 0.792318 -0.610108 0
    outer loop
      vertex 38.4152 52.4343 26.8
      vertex 38.3633 52.3669 27.25
      vertex 38.3633 52.3669 26.8
    endloop
  endfacet
  facet normal 0.689475 -0.724309 0
    outer loop
      vertex 38.303 52.3095 26.8
      vertex 38.3633 52.3669 27.25
      vertex 38.303 52.3095 27.25
    endloop
  endfacet
  facet normal 0.689475 -0.724309 0
    outer loop
      vertex 38.3633 52.3669 27.25
      vertex 38.303 52.3095 26.8
      vertex 38.3633 52.3669 26.8
    endloop
  endfacet
  facet normal 0.574176 -0.818732 0
    outer loop
      vertex 38.2337 52.2609 26.8
      vertex 38.303 52.3095 27.25
      vertex 38.2337 52.2609 27.25
    endloop
  endfacet
  facet normal 0.574176 -0.818732 0
    outer loop
      vertex 38.303 52.3095 27.25
      vertex 38.2337 52.2609 26.8
      vertex 38.303 52.3095 26.8
    endloop
  endfacet
  facet normal 0.453139 -0.89144 0
    outer loop
      vertex 38.1556 52.2212 26.8
      vertex 38.2337 52.2609 27.25
      vertex 38.1556 52.2212 27.25
    endloop
  endfacet
  facet normal 0.453139 -0.89144 0
    outer loop
      vertex 38.2337 52.2609 27.25
      vertex 38.1556 52.2212 26.8
      vertex 38.2337 52.2609 26.8
    endloop
  endfacet
  facet normal 0.335308 -0.942108 0
    outer loop
      vertex 38.0685 52.1902 26.8
      vertex 38.1556 52.2212 27.25
      vertex 38.0685 52.1902 27.25
    endloop
  endfacet
  facet normal 0.335308 -0.942108 0
    outer loop
      vertex 38.1556 52.2212 27.25
      vertex 38.0685 52.1902 26.8
      vertex 38.1556 52.2212 26.8
    endloop
  endfacet
  facet normal 0.224341 -0.974511 0
    outer loop
      vertex 37.9725 52.1681 26.8
      vertex 38.0685 52.1902 27.25
      vertex 37.9725 52.1681 27.25
    endloop
  endfacet
  facet normal 0.224341 -0.974511 0
    outer loop
      vertex 38.0685 52.1902 27.25
      vertex 37.9725 52.1681 26.8
      vertex 38.0685 52.1902 26.8
    endloop
  endfacet
  facet normal 0.12485 -0.992176 0
    outer loop
      vertex 37.8676 52.1549 26.8
      vertex 37.9725 52.1681 27.25
      vertex 37.8676 52.1549 27.25
    endloop
  endfacet
  facet normal 0.12485 -0.992176 0
    outer loop
      vertex 37.9725 52.1681 27.25
      vertex 37.8676 52.1549 26.8
      vertex 37.9725 52.1681 26.8
    endloop
  endfacet
  facet normal 0.0386355 -0.999253 0
    outer loop
      vertex 37.7538 52.1505 26.8
      vertex 37.8676 52.1549 27.25
      vertex 37.7538 52.1505 27.25
    endloop
  endfacet
  facet normal 0.0386355 -0.999253 0
    outer loop
      vertex 37.8676 52.1549 27.25
      vertex 37.7538 52.1505 26.8
      vertex 37.8676 52.1549 26.8
    endloop
  endfacet
  facet normal -0.0379038 -0.999281 0
    outer loop
      vertex 37.6378 52.1549 26.8
      vertex 37.7538 52.1505 27.25
      vertex 37.6378 52.1549 27.25
    endloop
  endfacet
  facet normal -0.0379038 -0.999281 -0
    outer loop
      vertex 37.7538 52.1505 27.25
      vertex 37.6378 52.1549 26.8
      vertex 37.7538 52.1505 26.8
    endloop
  endfacet
  facet normal 0 1 -0
    outer loop
      vertex 15.2174 52.8416 26.8
      vertex 13.1781 52.8416 27.25
      vertex 15.2174 52.8416 27.25
    endloop
  endfacet
  facet normal 0 1 0
    outer loop
      vertex 13.1781 52.8416 27.25
      vertex 15.2174 52.8416 26.8
      vertex 13.1781 52.8416 26.8
    endloop
  endfacet
  facet normal 0.944671 0.328019 0
    outer loop
      vertex 15.6921 51.4745 27.25
      vertex 15.2174 52.8416 26.8
      vertex 15.2174 52.8416 27.25
    endloop
  endfacet
  facet normal 0.944671 0.328019 0
    outer loop
      vertex 15.2174 52.8416 26.8
      vertex 15.6921 51.4745 27.25
      vertex 15.6921 51.4745 26.8
    endloop
  endfacet
  facet normal 0 1 -0
    outer loop
      vertex 16.8009 51.4745 26.8
      vertex 15.6921 51.4745 27.25
      vertex 16.8009 51.4745 27.25
    endloop
  endfacet
  facet normal 0 1 0
    outer loop
      vertex 15.6921 51.4745 27.25
      vertex 16.8009 51.4745 26.8
      vertex 15.6921 51.4745 26.8
    endloop
  endfacet
  facet normal -0.939873 -0.341524 0
    outer loop
      vertex 16.8009 51.4745 26.8
      vertex 14.8566 56.8252 27.25
      vertex 14.8566 56.8252 26.8
    endloop
  endfacet
  facet normal -0.939873 -0.341524 0
    outer loop
      vertex 14.8566 56.8252 27.25
      vertex 16.8009 51.4745 26.8
      vertex 16.8009 51.4745 27.25
    endloop
  endfacet
  facet normal 0 -1 0
    outer loop
      vertex 13.5351 56.8252 26.8
      vertex 14.8566 56.8252 27.25
      vertex 13.5351 56.8252 27.25
    endloop
  endfacet
  facet normal 0 -1 -0
    outer loop
      vertex 14.8566 56.8252 27.25
      vertex 13.5351 56.8252 26.8
      vertex 14.8566 56.8252 26.8
    endloop
  endfacet
  facet normal 0.939438 -0.342718 0
    outer loop
      vertex 11.5831 51.4745 27.25
      vertex 13.5351 56.8252 26.8
      vertex 13.5351 56.8252 27.25
    endloop
  endfacet
  facet normal 0.939438 -0.342718 0
    outer loop
      vertex 13.5351 56.8252 26.8
      vertex 11.5831 51.4745 27.25
      vertex 11.5831 51.4745 26.8
    endloop
  endfacet
  facet normal 0 1 -0
    outer loop
      vertex 12.7034 51.4745 26.8
      vertex 11.5831 51.4745 27.25
      vertex 12.7034 51.4745 27.25
    endloop
  endfacet
  facet normal 0 1 0
    outer loop
      vertex 11.5831 51.4745 27.25
      vertex 12.7034 51.4745 26.8
      vertex 11.5831 51.4745 26.8
    endloop
  endfacet
  facet normal -0.944671 0.328019 0
    outer loop
      vertex 12.7034 51.4745 26.8
      vertex 13.1781 52.8416 27.25
      vertex 13.1781 52.8416 26.8
    endloop
  endfacet
  facet normal -0.944671 0.328019 0
    outer loop
      vertex 13.1781 52.8416 27.25
      vertex 12.7034 51.4745 26.8
      vertex 12.7034 51.4745 27.25
    endloop
  endfacet
  facet normal -0.94583 0.324661 0
    outer loop
      vertex 13.4287 53.6847 26.8
      vertex 13.589 54.1517 27.25
      vertex 13.589 54.1517 26.8
    endloop
  endfacet
  facet normal -0.94583 0.324661 0
    outer loop
      vertex 13.589 54.1517 27.25
      vertex 13.4287 53.6847 26.8
      vertex 13.4287 53.6847 27.25
    endloop
  endfacet
  facet normal -0.94602 0.324108 0
    outer loop
      vertex 13.589 54.1517 26.8
      vertex 13.727 54.5545 27.25
      vertex 13.727 54.5545 26.8
    endloop
  endfacet
  facet normal -0.94602 0.324108 0
    outer loop
      vertex 13.727 54.5545 27.25
      vertex 13.589 54.1517 26.8
      vertex 13.589 54.1517 27.25
    endloop
  endfacet
  facet normal -0.946396 0.32301 0
    outer loop
      vertex 13.727 54.5545 26.8
      vertex 13.8426 54.8932 27.25
      vertex 13.8426 54.8932 26.8
    endloop
  endfacet
  facet normal -0.946396 0.32301 0
    outer loop
      vertex 13.8426 54.8932 27.25
      vertex 13.727 54.5545 26.8
      vertex 13.727 54.5545 27.25
    endloop
  endfacet
  facet normal -0.946804 0.32181 0
    outer loop
      vertex 13.8426 54.8932 26.8
      vertex 13.9359 55.1677 27.25
      vertex 13.9359 55.1677 26.8
    endloop
  endfacet
  facet normal -0.946804 0.32181 0
    outer loop
      vertex 13.9359 55.1677 27.25
      vertex 13.8426 54.8932 26.8
      vertex 13.8426 54.8932 27.25
    endloop
  endfacet
  facet normal -0.94746 0.319875 0
    outer loop
      vertex 13.9359 55.1677 26.8
      vertex 14.0069 55.378 27.25
      vertex 14.0069 55.378 26.8
    endloop
  endfacet
  facet normal -0.94746 0.319875 0
    outer loop
      vertex 14.0069 55.378 27.25
      vertex 13.9359 55.1677 26.8
      vertex 13.9359 55.1677 27.25
    endloop
  endfacet
  facet normal -0.948943 0.315449 0
    outer loop
      vertex 14.0069 55.378 26.8
      vertex 14.0555 55.5242 27.25
      vertex 14.0555 55.5242 26.8
    endloop
  endfacet
  facet normal -0.948943 0.315449 0
    outer loop
      vertex 14.0555 55.5242 27.25
      vertex 14.0069 55.378 26.8
      vertex 14.0069 55.378 27.25
    endloop
  endfacet
  facet normal -0.951884 0.30646 0
    outer loop
      vertex 14.0555 55.5242 26.8
      vertex 14.0819 55.6062 27.25
      vertex 14.0819 55.6062 26.8
    endloop
  endfacet
  facet normal -0.951884 0.30646 0
    outer loop
      vertex 14.0819 55.6062 27.25
      vertex 14.0555 55.5242 26.8
      vertex 14.0555 55.5242 27.25
    endloop
  endfacet
  facet normal -0.95691 0.290386 0
    outer loop
      vertex 14.0819 55.6062 26.8
      vertex 14.0968 55.6553 27.25
      vertex 14.0968 55.6553 26.8
    endloop
  endfacet
  facet normal -0.95691 0.290386 0
    outer loop
      vertex 14.0968 55.6553 27.25
      vertex 14.0819 55.6062 26.8
      vertex 14.0819 55.6062 27.25
    endloop
  endfacet
  facet normal -0.958268 0.28587 0
    outer loop
      vertex 14.0968 55.6553 26.8
      vertex 14.111 55.7029 27.25
      vertex 14.111 55.7029 26.8
    endloop
  endfacet
  facet normal -0.958268 0.28587 0
    outer loop
      vertex 14.111 55.7029 27.25
      vertex 14.0968 55.6553 26.8
      vertex 14.0968 55.6553 27.25
    endloop
  endfacet
  facet normal -0.958398 0.285436 0
    outer loop
      vertex 14.111 55.7029 26.8
      vertex 14.1247 55.7489 27.25
      vertex 14.1247 55.7489 26.8
    endloop
  endfacet
  facet normal -0.958398 0.285436 0
    outer loop
      vertex 14.1247 55.7489 27.25
      vertex 14.111 55.7029 26.8
      vertex 14.111 55.7029 27.25
    endloop
  endfacet
  facet normal -0.959879 0.280414 0
    outer loop
      vertex 14.1247 55.7489 26.8
      vertex 14.1377 55.7934 27.25
      vertex 14.1377 55.7934 26.8
    endloop
  endfacet
  facet normal -0.959879 0.280414 0
    outer loop
      vertex 14.1377 55.7934 27.25
      vertex 14.1247 55.7489 26.8
      vertex 14.1247 55.7489 27.25
    endloop
  endfacet
  facet normal -0.960674 0.277677 0
    outer loop
      vertex 14.1377 55.7934 26.8
      vertex 14.1501 55.8363 27.25
      vertex 14.1501 55.8363 26.8
    endloop
  endfacet
  facet normal -0.960674 0.277677 0
    outer loop
      vertex 14.1501 55.8363 27.25
      vertex 14.1377 55.7934 26.8
      vertex 14.1377 55.7934 27.25
    endloop
  endfacet
  facet normal -0.961699 0.274107 0
    outer loop
      vertex 14.1501 55.8363 26.8
      vertex 14.1619 55.8777 27.25
      vertex 14.1619 55.8777 26.8
    endloop
  endfacet
  facet normal -0.961699 0.274107 0
    outer loop
      vertex 14.1619 55.8777 27.25
      vertex 14.1501 55.8363 26.8
      vertex 14.1501 55.8363 27.25
    endloop
  endfacet
  facet normal -0.962788 0.270256 0
    outer loop
      vertex 14.1619 55.8777 26.8
      vertex 14.1731 55.9176 27.25
      vertex 14.1731 55.9176 26.8
    endloop
  endfacet
  facet normal -0.962788 0.270256 0
    outer loop
      vertex 14.1731 55.9176 27.25
      vertex 14.1619 55.8777 26.8
      vertex 14.1619 55.8777 27.25
    endloop
  endfacet
  facet normal -0.964977 0.262335 0
    outer loop
      vertex 14.1731 55.9176 26.8
      vertex 14.1958 56.0011 27.25
      vertex 14.1958 56.0011 26.8
    endloop
  endfacet
  facet normal -0.964977 0.262335 0
    outer loop
      vertex 14.1958 56.0011 27.25
      vertex 14.1731 55.9176 26.8
      vertex 14.1731 55.9176 27.25
    endloop
  endfacet
  facet normal 0.956612 0.291365 0
    outer loop
      vertex 14.2756 55.7391 27.25
      vertex 14.1958 56.0011 26.8
      vertex 14.1958 56.0011 27.25
    endloop
  endfacet
  facet normal 0.956612 0.291365 0
    outer loop
      vertex 14.1958 56.0011 26.8
      vertex 14.2756 55.7391 27.25
      vertex 14.2756 55.7391 26.8
    endloop
  endfacet
  facet normal 0.953532 0.30129 0
    outer loop
      vertex 14.4388 55.2226 27.25
      vertex 14.2756 55.7391 26.8
      vertex 14.2756 55.7391 27.25
    endloop
  endfacet
  facet normal 0.953532 0.30129 0
    outer loop
      vertex 14.2756 55.7391 26.8
      vertex 14.4388 55.2226 27.25
      vertex 14.4388 55.2226 26.8
    endloop
  endfacet
  facet normal 0.945829 0.324666 0
    outer loop
      vertex 14.9667 53.6847 27.25
      vertex 14.4388 55.2226 26.8
      vertex 14.4388 55.2226 27.25
    endloop
  endfacet
  facet normal 0.945829 0.324666 0
    outer loop
      vertex 14.4388 55.2226 26.8
      vertex 14.9667 53.6847 27.25
      vertex 14.9667 53.6847 26.8
    endloop
  endfacet
  facet normal 0 -1 0
    outer loop
      vertex 13.4287 53.6847 26.8
      vertex 14.9667 53.6847 27.25
      vertex 13.4287 53.6847 27.25
    endloop
  endfacet
  facet normal 0 -1 -0
    outer loop
      vertex 14.9667 53.6847 27.25
      vertex 13.4287 53.6847 26.8
      vertex 14.9667 53.6847 26.8
    endloop
  endfacet
  facet normal 0 1 -0
    outer loop
      vertex 20.9781 55.9594 26.8
      vertex 19.2464 55.9594 27.25
      vertex 20.9781 55.9594 27.25
    endloop
  endfacet
  facet normal 0 1 0
    outer loop
      vertex 19.2464 55.9594 27.25
      vertex 20.9781 55.9594 26.8
      vertex 19.2464 55.9594 26.8
    endloop
  endfacet
  facet normal -1 0 0
    outer loop
      vertex 20.9781 55.9594 26.8
      vertex 20.9781 56.8252 27.25
      vertex 20.9781 56.8252 26.8
    endloop
  endfacet
  facet normal -1 -0 0
    outer loop
      vertex 20.9781 56.8252 27.25
      vertex 20.9781 55.9594 26.8
      vertex 20.9781 55.9594 27.25
    endloop
  endfacet
  facet normal 0 -1 0
    outer loop
      vertex 16.3983 56.8252 26.8
      vertex 20.9781 56.8252 27.25
      vertex 16.3983 56.8252 27.25
    endloop
  endfacet
  facet normal 0 -1 -0
    outer loop
      vertex 20.9781 56.8252 27.25
      vertex 16.3983 56.8252 26.8
      vertex 20.9781 56.8252 26.8
    endloop
  endfacet
  facet normal 1 -0 0
    outer loop
      vertex 16.3983 55.9594 27.25
      vertex 16.3983 56.8252 26.8
      vertex 16.3983 56.8252 27.25
    endloop
  endfacet
  facet normal 1 0 0
    outer loop
      vertex 16.3983 56.8252 26.8
      vertex 16.3983 55.9594 27.25
      vertex 16.3983 55.9594 26.8
    endloop
  endfacet
  facet normal 0 1 -0
    outer loop
      vertex 18.1262 55.9594 26.8
      vertex 16.3983 55.9594 27.25
      vertex 18.1262 55.9594 27.25
    endloop
  endfacet
  facet normal 0 1 0
    outer loop
      vertex 16.3983 55.9594 27.25
      vertex 18.1262 55.9594 26.8
      vertex 16.3983 55.9594 26.8
    endloop
  endfacet
  facet normal 1 -0 0
    outer loop
      vertex 18.1262 51.4745 27.25
      vertex 18.1262 55.9594 26.8
      vertex 18.1262 55.9594 27.25
    endloop
  endfacet
  facet normal 1 0 0
    outer loop
      vertex 18.1262 55.9594 26.8
      vertex 18.1262 51.4745 27.25
      vertex 18.1262 51.4745 26.8
    endloop
  endfacet
  facet normal 0 1 -0
    outer loop
      vertex 19.2464 51.4745 26.8
      vertex 18.1262 51.4745 27.25
      vertex 19.2464 51.4745 27.25
    endloop
  endfacet
  facet normal 0 1 0
    outer loop
      vertex 18.1262 51.4745 27.25
      vertex 19.2464 51.4745 26.8
      vertex 18.1262 51.4745 26.8
    endloop
  endfacet
  facet normal -1 0 0
    outer loop
      vertex 19.2464 51.4745 26.8
      vertex 19.2464 55.9594 27.25
      vertex 19.2464 55.9594 26.8
    endloop
  endfacet
  facet normal -1 -0 0
    outer loop
      vertex 19.2464 55.9594 27.25
      vertex 19.2464 51.4745 26.8
      vertex 19.2464 51.4745 27.25
    endloop
  endfacet
  facet normal 0 1 -0
    outer loop
      vertex 24.2148 52.8416 26.8
      vertex 22.1755 52.8416 27.25
      vertex 24.2148 52.8416 27.25
    endloop
  endfacet
  facet normal 0 1 0
    outer loop
      vertex 22.1755 52.8416 27.25
      vertex 24.2148 52.8416 26.8
      vertex 22.1755 52.8416 26.8
    endloop
  endfacet
  facet normal 0.944671 0.328019 0
    outer loop
      vertex 24.6895 51.4745 27.25
      vertex 24.2148 52.8416 26.8
      vertex 24.2148 52.8416 27.25
    endloop
  endfacet
  facet normal 0.944671 0.328019 0
    outer loop
      vertex 24.2148 52.8416 26.8
      vertex 24.6895 51.4745 27.25
      vertex 24.6895 51.4745 26.8
    endloop
  endfacet
  facet normal 0 1 -0
    outer loop
      vertex 25.7983 51.4745 26.8
      vertex 24.6895 51.4745 27.25
      vertex 25.7983 51.4745 27.25
    endloop
  endfacet
  facet normal 0 1 0
    outer loop
      vertex 24.6895 51.4745 27.25
      vertex 25.7983 51.4745 26.8
      vertex 24.6895 51.4745 26.8
    endloop
  endfacet
  facet normal -0.939873 -0.341524 0
    outer loop
      vertex 25.7983 51.4745 26.8
      vertex 23.854 56.8252 27.25
      vertex 23.854 56.8252 26.8
    endloop
  endfacet
  facet normal -0.939873 -0.341524 0
    outer loop
      vertex 23.854 56.8252 27.25
      vertex 25.7983 51.4745 26.8
      vertex 25.7983 51.4745 27.25
    endloop
  endfacet
  facet normal 0 -1 0
    outer loop
      vertex 22.5325 56.8252 26.8
      vertex 23.854 56.8252 27.25
      vertex 22.5325 56.8252 27.25
    endloop
  endfacet
  facet normal 0 -1 -0
    outer loop
      vertex 23.854 56.8252 27.25
      vertex 22.5325 56.8252 26.8
      vertex 23.854 56.8252 26.8
    endloop
  endfacet
  facet normal 0.939438 -0.342718 0
    outer loop
      vertex 20.5805 51.4745 27.25
      vertex 22.5325 56.8252 26.8
      vertex 22.5325 56.8252 27.25
    endloop
  endfacet
  facet normal 0.939438 -0.342718 0
    outer loop
      vertex 22.5325 56.8252 26.8
      vertex 20.5805 51.4745 27.25
      vertex 20.5805 51.4745 26.8
    endloop
  endfacet
  facet normal 0 1 -0
    outer loop
      vertex 21.7008 51.4745 26.8
      vertex 20.5805 51.4745 27.25
      vertex 21.7008 51.4745 27.25
    endloop
  endfacet
  facet normal 0 1 0
    outer loop
      vertex 20.5805 51.4745 27.25
      vertex 21.7008 51.4745 26.8
      vertex 20.5805 51.4745 26.8
    endloop
  endfacet
  facet normal -0.944671 0.328019 0
    outer loop
      vertex 21.7008 51.4745 26.8
      vertex 22.1755 52.8416 27.25
      vertex 22.1755 52.8416 26.8
    endloop
  endfacet
  facet normal -0.944671 0.328019 0
    outer loop
      vertex 22.1755 52.8416 27.25
      vertex 21.7008 51.4745 26.8
      vertex 21.7008 51.4745 27.25
    endloop
  endfacet
  facet normal -0.94583 0.324661 0
    outer loop
      vertex 22.4261 53.6847 26.8
      vertex 22.5864 54.1517 27.25
      vertex 22.5864 54.1517 26.8
    endloop
  endfacet
  facet normal -0.94583 0.324661 0
    outer loop
      vertex 22.5864 54.1517 27.25
      vertex 22.4261 53.6847 26.8
      vertex 22.4261 53.6847 27.25
    endloop
  endfacet
  facet normal -0.94602 0.324108 0
    outer loop
      vertex 22.5864 54.1517 26.8
      vertex 22.7244 54.5545 27.25
      vertex 22.7244 54.5545 26.8
    endloop
  endfacet
  facet normal -0.94602 0.324108 0
    outer loop
      vertex 22.7244 54.5545 27.25
      vertex 22.5864 54.1517 26.8
      vertex 22.5864 54.1517 27.25
    endloop
  endfacet
  facet normal -0.946396 0.32301 0
    outer loop
      vertex 22.7244 54.5545 26.8
      vertex 22.84 54.8932 27.25
      vertex 22.84 54.8932 26.8
    endloop
  endfacet
  facet normal -0.946396 0.32301 0
    outer loop
      vertex 22.84 54.8932 27.25
      vertex 22.7244 54.5545 26.8
      vertex 22.7244 54.5545 27.25
    endloop
  endfacet
  facet normal -0.946804 0.32181 0
    outer loop
      vertex 22.84 54.8932 26.8
      vertex 22.9333 55.1677 27.25
      vertex 22.9333 55.1677 26.8
    endloop
  endfacet
  facet normal -0.946804 0.32181 0
    outer loop
      vertex 22.9333 55.1677 27.25
      vertex 22.84 54.8932 26.8
      vertex 22.84 54.8932 27.25
    endloop
  endfacet
  facet normal -0.94746 0.319875 0
    outer loop
      vertex 22.9333 55.1677 26.8
      vertex 23.0043 55.378 27.25
      vertex 23.0043 55.378 26.8
    endloop
  endfacet
  facet normal -0.94746 0.319875 0
    outer loop
      vertex 23.0043 55.378 27.25
      vertex 22.9333 55.1677 26.8
      vertex 22.9333 55.1677 27.25
    endloop
  endfacet
  facet normal -0.948748 0.316033 0
    outer loop
      vertex 23.0043 55.378 26.8
      vertex 23.053 55.5242 27.25
      vertex 23.053 55.5242 26.8
    endloop
  endfacet
  facet normal -0.948748 0.316033 0
    outer loop
      vertex 23.053 55.5242 27.25
      vertex 23.0043 55.378 26.8
      vertex 23.0043 55.378 27.25
    endloop
  endfacet
  facet normal -0.952222 0.305408 0
    outer loop
      vertex 23.053 55.5242 26.8
      vertex 23.0793 55.6062 27.25
      vertex 23.0793 55.6062 26.8
    endloop
  endfacet
  facet normal -0.952222 0.305408 0
    outer loop
      vertex 23.0793 55.6062 27.25
      vertex 23.053 55.5242 26.8
      vertex 23.053 55.5242 27.25
    endloop
  endfacet
  facet normal -0.95691 0.290386 0
    outer loop
      vertex 23.0793 55.6062 26.8
      vertex 23.0942 55.6553 27.25
      vertex 23.0942 55.6553 26.8
    endloop
  endfacet
  facet normal -0.95691 0.290386 0
    outer loop
      vertex 23.0942 55.6553 27.25
      vertex 23.0793 55.6062 26.8
      vertex 23.0793 55.6062 27.25
    endloop
  endfacet
  facet normal -0.958268 0.28587 0
    outer loop
      vertex 23.0942 55.6553 26.8
      vertex 23.1084 55.7029 27.25
      vertex 23.1084 55.7029 26.8
    endloop
  endfacet
  facet normal -0.958268 0.28587 0
    outer loop
      vertex 23.1084 55.7029 27.25
      vertex 23.0942 55.6553 26.8
      vertex 23.0942 55.6553 27.25
    endloop
  endfacet
  facet normal -0.958398 0.285436 0
    outer loop
      vertex 23.1084 55.7029 26.8
      vertex 23.1221 55.7489 27.25
      vertex 23.1221 55.7489 26.8
    endloop
  endfacet
  facet normal -0.958398 0.285436 0
    outer loop
      vertex 23.1221 55.7489 27.25
      vertex 23.1084 55.7029 26.8
      vertex 23.1084 55.7029 27.25
    endloop
  endfacet
  facet normal -0.959879 0.280414 0
    outer loop
      vertex 23.1221 55.7489 26.8
      vertex 23.1351 55.7934 27.25
      vertex 23.1351 55.7934 26.8
    endloop
  endfacet
  facet normal -0.959879 0.280414 0
    outer loop
      vertex 23.1351 55.7934 27.25
      vertex 23.1221 55.7489 26.8
      vertex 23.1221 55.7489 27.25
    endloop
  endfacet
  facet normal -0.960674 0.277677 0
    outer loop
      vertex 23.1351 55.7934 26.8
      vertex 23.1475 55.8363 27.25
      vertex 23.1475 55.8363 26.8
    endloop
  endfacet
  facet normal -0.960674 0.277677 0
    outer loop
      vertex 23.1475 55.8363 27.25
      vertex 23.1351 55.7934 26.8
      vertex 23.1351 55.7934 27.25
    endloop
  endfacet
  facet normal -0.961699 0.274107 0
    outer loop
      vertex 23.1475 55.8363 26.8
      vertex 23.1593 55.8777 27.25
      vertex 23.1593 55.8777 26.8
    endloop
  endfacet
  facet normal -0.961699 0.274107 0
    outer loop
      vertex 23.1593 55.8777 27.25
      vertex 23.1475 55.8363 26.8
      vertex 23.1475 55.8363 27.25
    endloop
  endfacet
  facet normal -0.962788 0.270256 0
    outer loop
      vertex 23.1593 55.8777 26.8
      vertex 23.1705 55.9176 27.25
      vertex 23.1705 55.9176 26.8
    endloop
  endfacet
  facet normal -0.962788 0.270256 0
    outer loop
      vertex 23.1705 55.9176 27.25
      vertex 23.1593 55.8777 26.8
      vertex 23.1593 55.8777 27.25
    endloop
  endfacet
  facet normal -0.964977 0.262335 0
    outer loop
      vertex 23.1705 55.9176 26.8
      vertex 23.1932 56.0011 27.25
      vertex 23.1932 56.0011 26.8
    endloop
  endfacet
  facet normal -0.964977 0.262335 0
    outer loop
      vertex 23.1932 56.0011 27.25
      vertex 23.1705 55.9176 26.8
      vertex 23.1705 55.9176 27.25
    endloop
  endfacet
  facet normal 0.956612 0.291365 0
    outer loop
      vertex 23.273 55.7391 27.25
      vertex 23.1932 56.0011 26.8
      vertex 23.1932 56.0011 27.25
    endloop
  endfacet
  facet normal 0.956612 0.291365 0
    outer loop
      vertex 23.1932 56.0011 26.8
      vertex 23.273 55.7391 27.25
      vertex 23.273 55.7391 26.8
    endloop
  endfacet
  facet normal 0.953532 0.30129 0
    outer loop
      vertex 23.4362 55.2226 27.25
      vertex 23.273 55.7391 26.8
      vertex 23.273 55.7391 27.25
    endloop
  endfacet
  facet normal 0.953532 0.30129 0
    outer loop
      vertex 23.273 55.7391 26.8
      vertex 23.4362 55.2226 27.25
      vertex 23.4362 55.2226 26.8
    endloop
  endfacet
  facet normal 0.945829 0.324666 0
    outer loop
      vertex 23.9641 53.6847 27.25
      vertex 23.4362 55.2226 26.8
      vertex 23.4362 55.2226 27.25
    endloop
  endfacet
  facet normal 0.945829 0.324666 0
    outer loop
      vertex 23.4362 55.2226 26.8
      vertex 23.9641 53.6847 27.25
      vertex 23.9641 53.6847 26.8
    endloop
  endfacet
  facet normal 0 -1 0
    outer loop
      vertex 22.4261 53.6847 26.8
      vertex 23.9641 53.6847 27.25
      vertex 22.4261 53.6847 27.25
    endloop
  endfacet
  facet normal 0 -1 -0
    outer loop
      vertex 23.9641 53.6847 27.25
      vertex 22.4261 53.6847 26.8
      vertex 23.9641 53.6847 26.8
    endloop
  endfacet
  facet normal 0 1 -0
    outer loop
      vertex 28.8265 53.5062 26.8
      vertex 27.5126 53.5062 27.25
      vertex 28.8265 53.5062 27.25
    endloop
  endfacet
  facet normal 0 1 0
    outer loop
      vertex 27.5126 53.5062 27.25
      vertex 28.8265 53.5062 26.8
      vertex 27.5126 53.5062 26.8
    endloop
  endfacet
  facet normal 0.853243 0.521513 0
    outer loop
      vertex 30.0683 51.4745 27.25
      vertex 28.8265 53.5062 26.8
      vertex 28.8265 53.5062 27.25
    endloop
  endfacet
  facet normal 0.853243 0.521513 0
    outer loop
      vertex 28.8265 53.5062 26.8
      vertex 30.0683 51.4745 27.25
      vertex 30.0683 51.4745 26.8
    endloop
  endfacet
  facet normal 0 1 -0
    outer loop
      vertex 31.3291 51.4745 26.8
      vertex 30.0683 51.4745 27.25
      vertex 31.3291 51.4745 27.25
    endloop
  endfacet
  facet normal 0 1 0
    outer loop
      vertex 30.0683 51.4745 27.25
      vertex 31.3291 51.4745 26.8
      vertex 30.0683 51.4745 26.8
    endloop
  endfacet
  facet normal -0.84089 -0.541206 0
    outer loop
      vertex 31.3291 51.4745 26.8
      vertex 29.8822 53.7226 27.25
      vertex 29.8822 53.7226 26.8
    endloop
  endfacet
  facet normal -0.84089 -0.541206 0
    outer loop
      vertex 29.8822 53.7226 27.25
      vertex 31.3291 51.4745 26.8
      vertex 31.3291 51.4745 27.25
    endloop
  endfacet
  facet normal -0.272189 0.962244 0
    outer loop
      vertex 30.0328 53.7652 26.8
      vertex 29.8822 53.7226 27.25
      vertex 30.0328 53.7652 27.25
    endloop
  endfacet
  facet normal -0.272189 0.962244 0
    outer loop
      vertex 29.8822 53.7226 27.25
      vertex 30.0328 53.7652 26.8
      vertex 29.8822 53.7226 26.8
    endloop
  endfacet
  facet normal -0.356764 0.934194 0
    outer loop
      vertex 30.1742 53.8192 26.8
      vertex 30.0328 53.7652 27.25
      vertex 30.1742 53.8192 27.25
    endloop
  endfacet
  facet normal -0.356764 0.934194 0
    outer loop
      vertex 30.0328 53.7652 27.25
      vertex 30.1742 53.8192 26.8
      vertex 30.0328 53.7652 26.8
    endloop
  endfacet
  facet normal -0.443143 0.896451 0
    outer loop
      vertex 30.3065 53.8846 26.8
      vertex 30.1742 53.8192 27.25
      vertex 30.3065 53.8846 27.25
    endloop
  endfacet
  facet normal -0.443143 0.896451 0
    outer loop
      vertex 30.1742 53.8192 27.25
      vertex 30.3065 53.8846 26.8
      vertex 30.1742 53.8192 26.8
    endloop
  endfacet
  facet normal -0.528512 0.848926 0
    outer loop
      vertex 30.4297 53.9613 26.8
      vertex 30.3065 53.8846 27.25
      vertex 30.4297 53.9613 27.25
    endloop
  endfacet
  facet normal -0.528512 0.848926 0
    outer loop
      vertex 30.3065 53.8846 27.25
      vertex 30.4297 53.9613 26.8
      vertex 30.3065 53.8846 26.8
    endloop
  endfacet
  facet normal -0.611921 0.790919 0
    outer loop
      vertex 30.5437 54.0495 26.8
      vertex 30.4297 53.9613 27.25
      vertex 30.5437 54.0495 27.25
    endloop
  endfacet
  facet normal -0.611921 0.790919 0
    outer loop
      vertex 30.4297 53.9613 27.25
      vertex 30.5437 54.0495 26.8
      vertex 30.4297 53.9613 26.8
    endloop
  endfacet
  facet normal -0.688531 0.725207 0
    outer loop
      vertex 30.6485 54.149 26.8
      vertex 30.5437 54.0495 27.25
      vertex 30.6485 54.149 27.25
    endloop
  endfacet
  facet normal -0.688531 0.725207 0
    outer loop
      vertex 30.5437 54.0495 27.25
      vertex 30.6485 54.149 26.8
      vertex 30.5437 54.0495 26.8
    endloop
  endfacet
  facet normal -0.757084 0.653318 0
    outer loop
      vertex 30.6485 54.149 26.8
      vertex 30.7442 54.2599 27.25
      vertex 30.7442 54.2599 26.8
    endloop
  endfacet
  facet normal -0.757084 0.653318 0
    outer loop
      vertex 30.7442 54.2599 27.25
      vertex 30.6485 54.149 26.8
      vertex 30.6485 54.149 27.25
    endloop
  endfacet
  facet normal -0.816533 0.577299 0
    outer loop
      vertex 30.7442 54.2599 26.8
      vertex 30.8289 54.3797 27.25
      vertex 30.8289 54.3797 26.8
    endloop
  endfacet
  facet normal -0.816533 0.577299 0
    outer loop
      vertex 30.8289 54.3797 27.25
      vertex 30.7442 54.2599 26.8
      vertex 30.7442 54.2599 27.25
    endloop
  endfacet
  facet normal -0.869598 0.493761 0
    outer loop
      vertex 30.8289 54.3797 26.8
      vertex 30.9005 54.5058 27.25
      vertex 30.9005 54.5058 26.8
    endloop
  endfacet
  facet normal -0.869598 0.493761 0
    outer loop
      vertex 30.9005 54.5058 27.25
      vertex 30.8289 54.3797 26.8
      vertex 30.8289 54.3797 27.25
    endloop
  endfacet
  facet normal -0.914324 0.404984 0
    outer loop
      vertex 30.9005 54.5058 26.8
      vertex 30.9591 54.6381 27.25
      vertex 30.9591 54.6381 26.8
    endloop
  endfacet
  facet normal -0.914324 0.404984 0
    outer loop
      vertex 30.9591 54.6381 27.25
      vertex 30.9005 54.5058 26.8
      vertex 30.9005 54.5058 27.25
    endloop
  endfacet
  facet normal -0.94991 0.312524 0
    outer loop
      vertex 30.9591 54.6381 26.8
      vertex 31.0047 54.7767 27.25
      vertex 31.0047 54.7767 26.8
    endloop
  endfacet
  facet normal -0.94991 0.312524 0
    outer loop
      vertex 31.0047 54.7767 27.25
      vertex 30.9591 54.6381 26.8
      vertex 30.9591 54.6381 27.25
    endloop
  endfacet
  facet normal -0.975757 0.218855 0
    outer loop
      vertex 31.0047 54.7767 26.8
      vertex 31.0372 54.9216 27.25
      vertex 31.0372 54.9216 26.8
    endloop
  endfacet
  facet normal -0.975757 0.218855 0
    outer loop
      vertex 31.0372 54.9216 27.25
      vertex 31.0047 54.7767 26.8
      vertex 31.0047 54.7767 27.25
    endloop
  endfacet
  facet normal -0.991703 0.128554 0
    outer loop
      vertex 31.0372 54.9216 26.8
      vertex 31.0568 55.0728 27.25
      vertex 31.0568 55.0728 26.8
    endloop
  endfacet
  facet normal -0.991703 0.128554 0
    outer loop
      vertex 31.0568 55.0728 27.25
      vertex 31.0372 54.9216 26.8
      vertex 31.0372 54.9216 27.25
    endloop
  endfacet
  facet normal -0.999149 0.0412347 0
    outer loop
      vertex 31.0568 55.0728 26.8
      vertex 31.0633 55.2303 27.25
      vertex 31.0633 55.2303 26.8
    endloop
  endfacet
  facet normal -0.999149 0.0412347 0
    outer loop
      vertex 31.0633 55.2303 27.25
      vertex 31.0568 55.0728 26.8
      vertex 31.0568 55.0728 27.25
    endloop
  endfacet
  facet normal -0.998763 -0.049727 0
    outer loop
      vertex 31.0633 55.2303 26.8
      vertex 31.0527 55.4432 27.25
      vertex 31.0527 55.4432 26.8
    endloop
  endfacet
  facet normal -0.998763 -0.049727 0
    outer loop
      vertex 31.0527 55.4432 27.25
      vertex 31.0633 55.2303 26.8
      vertex 31.0633 55.2303 27.25
    endloop
  endfacet
  facet normal -0.987307 -0.158825 0
    outer loop
      vertex 31.0527 55.4432 26.8
      vertex 31.0208 55.6415 27.25
      vertex 31.0208 55.6415 26.8
    endloop
  endfacet
  facet normal -0.987307 -0.158825 0
    outer loop
      vertex 31.0208 55.6415 27.25
      vertex 31.0527 55.4432 26.8
      vertex 31.0527 55.4432 27.25
    endloop
  endfacet
  facet normal -0.96063 -0.277829 0
    outer loop
      vertex 31.0208 55.6415 26.8
      vertex 30.9677 55.8251 27.25
      vertex 30.9677 55.8251 26.8
    endloop
  endfacet
  facet normal -0.96063 -0.277829 0
    outer loop
      vertex 30.9677 55.8251 27.25
      vertex 31.0208 55.6415 26.8
      vertex 31.0208 55.6415 27.25
    endloop
  endfacet
  facet normal -0.915435 -0.402466 0
    outer loop
      vertex 30.9677 55.8251 26.8
      vertex 30.8934 55.9941 27.25
      vertex 30.8934 55.9941 26.8
    endloop
  endfacet
  facet normal -0.915435 -0.402466 0
    outer loop
      vertex 30.8934 55.9941 27.25
      vertex 30.9677 55.8251 26.8
      vertex 30.9677 55.8251 27.25
    endloop
  endfacet
  facet normal -0.850065 -0.526677 0
    outer loop
      vertex 30.8934 55.9941 26.8
      vertex 30.7978 56.1484 27.25
      vertex 30.7978 56.1484 26.8
    endloop
  endfacet
  facet normal -0.850065 -0.526677 0
    outer loop
      vertex 30.7978 56.1484 27.25
      vertex 30.8934 55.9941 26.8
      vertex 30.8934 55.9941 27.25
    endloop
  endfacet
  facet normal -0.767185 -0.641426 0
    outer loop
      vertex 30.7978 56.1484 26.8
      vertex 30.681 56.2881 27.25
      vertex 30.681 56.2881 26.8
    endloop
  endfacet
  facet normal -0.767185 -0.641426 0
    outer loop
      vertex 30.681 56.2881 27.25
      vertex 30.7978 56.1484 26.8
      vertex 30.7978 56.1484 27.25
    endloop
  endfacet
  facet normal -0.671335 -0.741154 0
    outer loop
      vertex 30.543 56.4131 26.8
      vertex 30.681 56.2881 27.25
      vertex 30.543 56.4131 27.25
    endloop
  endfacet
  facet normal -0.671335 -0.741154 -0
    outer loop
      vertex 30.681 56.2881 27.25
      vertex 30.543 56.4131 26.8
      vertex 30.681 56.2881 26.8
    endloop
  endfacet
  facet normal -0.57024 -0.821478 0
    outer loop
      vertex 30.3854 56.5225 26.8
      vertex 30.543 56.4131 27.25
      vertex 30.3854 56.5225 27.25
    endloop
  endfacet
  facet normal -0.57024 -0.821478 -0
    outer loop
      vertex 30.543 56.4131 27.25
      vertex 30.3854 56.5225 26.8
      vertex 30.543 56.4131 26.8
    endloop
  endfacet
  facet normal -0.466474 -0.884535 0
    outer loop
      vertex 30.21 56.615 26.8
      vertex 30.3854 56.5225 27.25
      vertex 30.21 56.615 27.25
    endloop
  endfacet
  facet normal -0.466474 -0.884535 -0
    outer loop
      vertex 30.3854 56.5225 27.25
      vertex 30.21 56.615 26.8
      vertex 30.3854 56.5225 26.8
    endloop
  endfacet
  facet normal -0.364399 -0.931243 0
    outer loop
      vertex 30.0168 56.6906 26.8
      vertex 30.21 56.615 27.25
      vertex 30.0168 56.6906 27.25
    endloop
  endfacet
  facet normal -0.364399 -0.931243 -0
    outer loop
      vertex 30.21 56.615 27.25
      vertex 30.0168 56.6906 26.8
      vertex 30.21 56.615 26.8
    endloop
  endfacet
  facet normal -0.268868 -0.963177 0
    outer loop
      vertex 29.8058 56.7495 26.8
      vertex 30.0168 56.6906 27.25
      vertex 29.8058 56.7495 27.25
    endloop
  endfacet
  facet normal -0.268868 -0.963177 -0
    outer loop
      vertex 30.0168 56.6906 27.25
      vertex 29.8058 56.7495 26.8
      vertex 30.0168 56.6906 26.8
    endloop
  endfacet
  facet normal -0.18055 -0.983566 0
    outer loop
      vertex 29.577 56.7915 26.8
      vertex 29.8058 56.7495 27.25
      vertex 29.577 56.7915 27.25
    endloop
  endfacet
  facet normal -0.18055 -0.983566 -0
    outer loop
      vertex 29.8058 56.7495 27.25
      vertex 29.577 56.7915 26.8
      vertex 29.8058 56.7495 26.8
    endloop
  endfacet
  facet normal -0.102019 -0.994782 0
    outer loop
      vertex 29.3303 56.8168 26.8
      vertex 29.577 56.7915 27.25
      vertex 29.3303 56.8168 27.25
    endloop
  endfacet
  facet normal -0.102019 -0.994782 -0
    outer loop
      vertex 29.577 56.7915 27.25
      vertex 29.3303 56.8168 26.8
      vertex 29.577 56.7915 26.8
    endloop
  endfacet
  facet normal -0.031742 -0.999496 0
    outer loop
      vertex 29.0658 56.8252 26.8
      vertex 29.3303 56.8168 27.25
      vertex 29.0658 56.8252 27.25
    endloop
  endfacet
  facet normal -0.031742 -0.999496 -0
    outer loop
      vertex 29.3303 56.8168 27.25
      vertex 29.0658 56.8252 26.8
      vertex 29.3303 56.8168 26.8
    endloop
  endfacet
  facet normal 0 -1 0
    outer loop
      vertex 26.3923 56.8252 26.8
      vertex 29.0658 56.8252 27.25
      vertex 26.3923 56.8252 27.25
    endloop
  endfacet
  facet normal 0 -1 -0
    outer loop
      vertex 29.0658 56.8252 27.25
      vertex 26.3923 56.8252 26.8
      vertex 29.0658 56.8252 26.8
    endloop
  endfacet
  facet normal 1 -0 0
    outer loop
      vertex 26.3923 51.4745 27.25
      vertex 26.3923 56.8252 26.8
      vertex 26.3923 56.8252 27.25
    endloop
  endfacet
  facet normal 1 0 0
    outer loop
      vertex 26.3923 56.8252 26.8
      vertex 26.3923 51.4745 27.25
      vertex 26.3923 51.4745 26.8
    endloop
  endfacet
  facet normal 0 1 -0
    outer loop
      vertex 27.5126 51.4745 26.8
      vertex 26.3923 51.4745 27.25
      vertex 27.5126 51.4745 27.25
    endloop
  endfacet
  facet normal 0 1 0
    outer loop
      vertex 26.3923 51.4745 27.25
      vertex 27.5126 51.4745 26.8
      vertex 26.3923 51.4745 26.8
    endloop
  endfacet
  facet normal -1 0 0
    outer loop
      vertex 27.5126 51.4745 26.8
      vertex 27.5126 53.5062 27.25
      vertex 27.5126 53.5062 26.8
    endloop
  endfacet
  facet normal -1 -0 0
    outer loop
      vertex 27.5126 53.5062 27.25
      vertex 27.5126 51.4745 26.8
      vertex 27.5126 51.4745 27.25
    endloop
  endfacet
  facet normal -1 0 0
    outer loop
      vertex 27.5126 54.3758 26.8
      vertex 27.5126 55.9556 27.25
      vertex 27.5126 55.9556 26.8
    endloop
  endfacet
  facet normal -1 -0 0
    outer loop
      vertex 27.5126 55.9556 27.25
      vertex 27.5126 54.3758 26.8
      vertex 27.5126 54.3758 27.25
    endloop
  endfacet
  facet normal 0 1 -0
    outer loop
      vertex 28.9481 55.9556 26.8
      vertex 27.5126 55.9556 27.25
      vertex 28.9481 55.9556 27.25
    endloop
  endfacet
  facet normal 0 1 0
    outer loop
      vertex 27.5126 55.9556 27.25
      vertex 28.9481 55.9556 26.8
      vertex 27.5126 55.9556 26.8
    endloop
  endfacet
  facet normal 0.0602189 0.998185 -0
    outer loop
      vertex 29.21 55.9398 26.8
      vertex 28.9481 55.9556 27.25
      vertex 29.21 55.9398 27.25
    endloop
  endfacet
  facet normal 0.0602189 0.998185 0
    outer loop
      vertex 28.9481 55.9556 27.25
      vertex 29.21 55.9398 26.8
      vertex 28.9481 55.9556 26.8
    endloop
  endfacet
  facet normal 0.208323 0.97806 -0
    outer loop
      vertex 29.4316 55.8926 26.8
      vertex 29.21 55.9398 27.25
      vertex 29.4316 55.8926 27.25
    endloop
  endfacet
  facet normal 0.208323 0.97806 0
    outer loop
      vertex 29.21 55.9398 27.25
      vertex 29.4316 55.8926 26.8
      vertex 29.21 55.9398 26.8
    endloop
  endfacet
  facet normal 0.397579 0.917568 -0
    outer loop
      vertex 29.613 55.814 26.8
      vertex 29.4316 55.8926 27.25
      vertex 29.613 55.814 27.25
    endloop
  endfacet
  facet normal 0.397579 0.917568 0
    outer loop
      vertex 29.4316 55.8926 27.25
      vertex 29.613 55.814 26.8
      vertex 29.4316 55.8926 26.8
    endloop
  endfacet
  facet normal 0.615525 0.788118 -0
    outer loop
      vertex 29.7541 55.7038 26.8
      vertex 29.613 55.814 27.25
      vertex 29.7541 55.7038 27.25
    endloop
  endfacet
  facet normal 0.615525 0.788118 0
    outer loop
      vertex 29.613 55.814 27.25
      vertex 29.7541 55.7038 26.8
      vertex 29.613 55.814 26.8
    endloop
  endfacet
  facet normal 0.814937 0.579549 0
    outer loop
      vertex 29.8548 55.5622 27.25
      vertex 29.7541 55.7038 26.8
      vertex 29.7541 55.7038 27.25
    endloop
  endfacet
  facet normal 0.814937 0.579549 0
    outer loop
      vertex 29.7541 55.7038 26.8
      vertex 29.8548 55.5622 27.25
      vertex 29.8548 55.5622 26.8
    endloop
  endfacet
  facet normal 0.944113 0.329621 0
    outer loop
      vertex 29.9152 55.3892 27.25
      vertex 29.8548 55.5622 26.8
      vertex 29.8548 55.5622 27.25
    endloop
  endfacet
  facet normal 0.944113 0.329621 0
    outer loop
      vertex 29.8548 55.5622 26.8
      vertex 29.9152 55.3892 27.25
      vertex 29.9152 55.3892 26.8
    endloop
  endfacet
  facet normal 0.995157 0.0982991 0
    outer loop
      vertex 29.9354 55.1847 27.25
      vertex 29.9152 55.3892 26.8
      vertex 29.9152 55.3892 27.25
    endloop
  endfacet
  facet normal 0.995157 0.0982991 0
    outer loop
      vertex 29.9152 55.3892 26.8
      vertex 29.9354 55.1847 27.25
      vertex 29.9354 55.1847 26.8
    endloop
  endfacet
  facet normal 0.998891 -0.0470731 0
    outer loop
      vertex 29.9304 55.0786 27.25
      vertex 29.9354 55.1847 26.8
      vertex 29.9354 55.1847 27.25
    endloop
  endfacet
  facet normal 0.998891 -0.0470731 0
    outer loop
      vertex 29.9354 55.1847 26.8
      vertex 29.9304 55.0786 27.25
      vertex 29.9304 55.0786 26.8
    endloop
  endfacet
  facet normal 0.988907 -0.148535 0
    outer loop
      vertex 29.9155 54.9794 27.25
      vertex 29.9304 55.0786 26.8
      vertex 29.9304 55.0786 27.25
    endloop
  endfacet
  facet normal 0.988907 -0.148535 0
    outer loop
      vertex 29.9304 55.0786 26.8
      vertex 29.9155 54.9794 27.25
      vertex 29.9155 54.9794 26.8
    endloop
  endfacet
  facet normal 0.965606 -0.260011 0
    outer loop
      vertex 29.8907 54.8873 27.25
      vertex 29.9155 54.9794 26.8
      vertex 29.9155 54.9794 27.25
    endloop
  endfacet
  facet normal 0.965606 -0.260011 0
    outer loop
      vertex 29.9155 54.9794 26.8
      vertex 29.8907 54.8873 27.25
      vertex 29.8907 54.8873 26.8
    endloop
  endfacet
  facet normal 0.926135 -0.377193 0
    outer loop
      vertex 29.856 54.8021 27.25
      vertex 29.8907 54.8873 26.8
      vertex 29.8907 54.8873 27.25
    endloop
  endfacet
  facet normal 0.926135 -0.377193 0
    outer loop
      vertex 29.8907 54.8873 26.8
      vertex 29.856 54.8021 27.25
      vertex 29.856 54.8021 26.8
    endloop
  endfacet
  facet normal 0.868653 -0.495421 0
    outer loop
      vertex 29.8114 54.7239 27.25
      vertex 29.856 54.8021 26.8
      vertex 29.856 54.8021 27.25
    endloop
  endfacet
  facet normal 0.868653 -0.495421 0
    outer loop
      vertex 29.856 54.8021 26.8
      vertex 29.8114 54.7239 27.25
      vertex 29.8114 54.7239 26.8
    endloop
  endfacet
  facet normal 0.793535 -0.608525 0
    outer loop
      vertex 29.7568 54.6527 27.25
      vertex 29.8114 54.7239 26.8
      vertex 29.8114 54.7239 27.25
    endloop
  endfacet
  facet normal 0.793535 -0.608525 0
    outer loop
      vertex 29.8114 54.7239 26.8
      vertex 29.7568 54.6527 27.25
      vertex 29.7568 54.6527 26.8
    endloop
  endfacet
  facet normal 0.706557 -0.707656 0
    outer loop
      vertex 29.6924 54.5884 26.8
      vertex 29.7568 54.6527 27.25
      vertex 29.6924 54.5884 27.25
    endloop
  endfacet
  facet normal 0.706557 -0.707656 0
    outer loop
      vertex 29.7568 54.6527 27.25
      vertex 29.6924 54.5884 26.8
      vertex 29.7568 54.6527 26.8
    endloop
  endfacet
  facet normal 0.605655 -0.795727 0
    outer loop
      vertex 29.6183 54.532 26.8
      vertex 29.6924 54.5884 27.25
      vertex 29.6183 54.532 27.25
    endloop
  endfacet
  facet normal 0.605655 -0.795727 0
    outer loop
      vertex 29.6924 54.5884 27.25
      vertex 29.6183 54.532 26.8
      vertex 29.6924 54.5884 26.8
    endloop
  endfacet
  facet normal 0.496475 -0.868051 0
    outer loop
      vertex 29.5349 54.4843 26.8
      vertex 29.6183 54.532 27.25
      vertex 29.5349 54.4843 27.25
    endloop
  endfacet
  facet normal 0.496475 -0.868051 0
    outer loop
      vertex 29.6183 54.532 27.25
      vertex 29.5349 54.4843 26.8
      vertex 29.6183 54.532 26.8
    endloop
  endfacet
  facet normal 0.388635 -0.921392 0
    outer loop
      vertex 29.4422 54.4452 26.8
      vertex 29.5349 54.4843 27.25
      vertex 29.4422 54.4452 27.25
    endloop
  endfacet
  facet normal 0.388635 -0.921392 0
    outer loop
      vertex 29.5349 54.4843 27.25
      vertex 29.4422 54.4452 26.8
      vertex 29.5349 54.4843 26.8
    endloop
  endfacet
  facet normal 0.28476 -0.958599 0
    outer loop
      vertex 29.3402 54.4149 26.8
      vertex 29.4422 54.4452 27.25
      vertex 29.3402 54.4149 27.25
    endloop
  endfacet
  facet normal 0.28476 -0.958599 0
    outer loop
      vertex 29.4422 54.4452 27.25
      vertex 29.3402 54.4149 26.8
      vertex 29.4422 54.4452 26.8
    endloop
  endfacet
  facet normal 0.191365 -0.981519 0
    outer loop
      vertex 29.2289 54.3932 26.8
      vertex 29.3402 54.4149 27.25
      vertex 29.2289 54.3932 27.25
    endloop
  endfacet
  facet normal 0.191365 -0.981519 0
    outer loop
      vertex 29.3402 54.4149 27.25
      vertex 29.2289 54.3932 26.8
      vertex 29.3402 54.4149 26.8
    endloop
  endfacet
  facet normal 0.107988 -0.994152 0
    outer loop
      vertex 29.1083 54.3801 26.8
      vertex 29.2289 54.3932 27.25
      vertex 29.1083 54.3801 27.25
    endloop
  endfacet
  facet normal 0.107988 -0.994152 0
    outer loop
      vertex 29.2289 54.3932 27.25
      vertex 29.1083 54.3801 26.8
      vertex 29.2289 54.3932 26.8
    endloop
  endfacet
  facet normal 0.0331097 -0.999452 0
    outer loop
      vertex 28.9785 54.3758 26.8
      vertex 29.1083 54.3801 27.25
      vertex 28.9785 54.3758 27.25
    endloop
  endfacet
  facet normal 0.0331097 -0.999452 0
    outer loop
      vertex 29.1083 54.3801 27.25
      vertex 28.9785 54.3758 26.8
      vertex 29.1083 54.3801 26.8
    endloop
  endfacet
  facet normal 0 -1 0
    outer loop
      vertex 27.5126 54.3758 26.8
      vertex 28.9785 54.3758 27.25
      vertex 27.5126 54.3758 27.25
    endloop
  endfacet
  facet normal 0 -1 -0
    outer loop
      vertex 28.9785 54.3758 27.25
      vertex 27.5126 54.3758 26.8
      vertex 28.9785 54.3758 26.8
    endloop
  endfacet
  facet normal 0 -1 0
    outer loop
      vertex 31.8775 56.8252 26.8
      vertex 32.9978 56.8252 27.25
      vertex 31.8775 56.8252 27.25
    endloop
  endfacet
  facet normal 0 -1 -0
    outer loop
      vertex 32.9978 56.8252 27.25
      vertex 31.8775 56.8252 26.8
      vertex 32.9978 56.8252 26.8
    endloop
  endfacet
  facet normal 1 -0 0
    outer loop
      vertex 31.8775 51.4745 27.25
      vertex 31.8775 56.8252 26.8
      vertex 31.8775 56.8252 27.25
    endloop
  endfacet
  facet normal 1 0 0
    outer loop
      vertex 31.8775 56.8252 26.8
      vertex 31.8775 51.4745 27.25
      vertex 31.8775 51.4745 26.8
    endloop
  endfacet
  facet normal 0 1 -0
    outer loop
      vertex 32.9978 51.4745 26.8
      vertex 31.8775 51.4745 27.25
      vertex 32.9978 51.4745 27.25
    endloop
  endfacet
  facet normal 0 1 0
    outer loop
      vertex 31.8775 51.4745 27.25
      vertex 32.9978 51.4745 26.8
      vertex 31.8775 51.4745 26.8
    endloop
  endfacet
  facet normal -1 0 0
    outer loop
      vertex 32.9978 51.4745 26.8
      vertex 32.9978 56.8252 27.25
      vertex 32.9978 56.8252 26.8
    endloop
  endfacet
  facet normal -1 -0 0
    outer loop
      vertex 32.9978 56.8252 27.25
      vertex 32.9978 51.4745 26.8
      vertex 32.9978 51.4745 27.25
    endloop
  endfacet
  facet normal -1 0 0
    outer loop
      vertex 57.24 7.5 15
      vertex 57.24 4 15
      vertex 57.24 7.5 18.775
    endloop
  endfacet
  facet normal -1 0 0
    outer loop
      vertex 57.24 10 18.775
      vertex 57.24 7.5 18.775
      vertex 57.24 10 19.775
    endloop
  endfacet
  facet normal -1 0 0
    outer loop
      vertex 57.24 15.3 19.775
      vertex 57.24 40.45 15
      vertex 57.24 15.3 15
    endloop
  endfacet
  facet normal -1 0 0
    outer loop
      vertex 57.24 50.7 23.6
      vertex 57.24 40.45 23.6
      vertex 57.24 50.7 26
    endloop
  endfacet
  facet normal -1 0 0
    outer loop
      vertex 57.24 55.1 23.6
      vertex 57.24 52.5 23.6
      vertex 57.24 55.1 26
    endloop
  endfacet
  facet normal -1 0 0
    outer loop
      vertex 57.24 93.7 15
      vertex 57.24 87.7 19.5
      vertex 57.24 93.7 26.05
    endloop
  endfacet
  facet normal -1 0 0
    outer loop
      vertex 57.24 93.7 15
      vertex 57.24 85.9 19.5
      vertex 57.24 87.7 19.5
    endloop
  endfacet
  facet normal -1 0 0
    outer loop
      vertex 57.24 85.9 19.5
      vertex 57.24 83.3 19.5
      vertex 57.24 85.9 26
    endloop
  endfacet
  facet normal -1 0 0
    outer loop
      vertex 57.24 93.7 15
      vertex 57.24 83.3 19.5
      vertex 57.24 85.9 19.5
    endloop
  endfacet
  facet normal -1 0 0
    outer loop
      vertex 57.24 93.7 15
      vertex 57.24 81.5 19.5
      vertex 57.24 83.3 19.5
    endloop
  endfacet
  facet normal -1 0 0
    outer loop
      vertex 57.24 81.5 19.5
      vertex 57.24 78.9 19.5
      vertex 57.24 81.5 26
    endloop
  endfacet
  facet normal -1 0 0
    outer loop
      vertex 57.24 93.7 15
      vertex 57.24 78.9 19.5
      vertex 57.24 81.5 19.5
    endloop
  endfacet
  facet normal -1 0 0
    outer loop
      vertex 57.24 93.7 15
      vertex 57.24 77.1 19.5
      vertex 57.24 78.9 19.5
    endloop
  endfacet
  facet normal -1 0 0
    outer loop
      vertex 57.24 77.1 19.5
      vertex 57.24 74.5 19.5
      vertex 57.24 77.1 26
    endloop
  endfacet
  facet normal -1 0 0
    outer loop
      vertex 57.24 93.7 15
      vertex 57.24 74.5 19.5
      vertex 57.24 77.1 19.5
    endloop
  endfacet
  facet normal -1 0 0
    outer loop
      vertex 57.24 56.45 15
      vertex 57.24 74.5 19.5
      vertex 57.24 93.7 15
    endloop
  endfacet
  facet normal -1 0 0
    outer loop
      vertex 57.24 72.7 19.5
      vertex 57.24 70.1 19.5
      vertex 57.24 72.7 26
    endloop
  endfacet
  facet normal -1 -0 0
    outer loop
      vertex 57.24 74.5 19.5
      vertex 57.24 56.45 15
      vertex 57.24 72.7 19.5
    endloop
  endfacet
  facet normal -1 -0 0
    outer loop
      vertex 57.24 72.7 19.5
      vertex 57.24 56.45 15
      vertex 57.24 70.1 19.5
    endloop
  endfacet
  facet normal -1 0 0
    outer loop
      vertex 57.24 68.3 19.5
      vertex 57.24 65.7 19.5
      vertex 57.24 68.3 26
    endloop
  endfacet
  facet normal -1 -0 0
    outer loop
      vertex 57.24 70.1 19.5
      vertex 57.24 56.45 15
      vertex 57.24 68.3 19.5
    endloop
  endfacet
  facet normal -1 -0 0
    outer loop
      vertex 57.24 68.3 19.5
      vertex 57.24 56.45 15
      vertex 57.24 65.7 19.5
    endloop
  endfacet
  facet normal -1 0 0
    outer loop
      vertex 57.24 63.9 19.5
      vertex 57.24 61.3 19.5
      vertex 57.24 63.9 26
    endloop
  endfacet
  facet normal -1 -0 0
    outer loop
      vertex 57.24 65.7 19.5
      vertex 57.24 56.45 15
      vertex 57.24 63.9 19.5
    endloop
  endfacet
  facet normal -1 -0 0
    outer loop
      vertex 57.24 63.9 19.5
      vertex 57.24 56.45 15
      vertex 57.24 61.3 19.5
    endloop
  endfacet
  facet normal -1 0 0
    outer loop
      vertex 57.24 59.5 19.5
      vertex 57.24 56.9 19.5
      vertex 57.24 59.5 26
    endloop
  endfacet
  facet normal -1 -0 0
    outer loop
      vertex 57.24 61.3 19.5
      vertex 57.24 56.45 15
      vertex 57.24 59.5 19.5
    endloop
  endfacet
  facet normal -1 -0 0
    outer loop
      vertex 57.24 59.5 19.5
      vertex 57.24 56.45 15
      vertex 57.24 56.9 19.5
    endloop
  endfacet
  facet normal -1 -0 0
    outer loop
      vertex 57.24 56.9 19.5
      vertex 57.24 56.45 15
      vertex 57.24 56.45 19.5
    endloop
  endfacet
  facet normal -1 0 0
    outer loop
      vertex 57.24 87.7 26
      vertex 57.24 93.7 26.05
      vertex 57.24 87.7 19.5
    endloop
  endfacet
  facet normal -1 0 0
    outer loop
      vertex 57.24 85.9 26
      vertex 57.24 93.7 26.05
      vertex 57.24 87.7 26
    endloop
  endfacet
  facet normal -1 0 0
    outer loop
      vertex 57.24 83.3 26
      vertex 57.24 85.9 26
      vertex 57.24 83.3 19.5
    endloop
  endfacet
  facet normal -1 0 0
    outer loop
      vertex 57.24 83.3 26
      vertex 57.24 93.7 26.05
      vertex 57.24 85.9 26
    endloop
  endfacet
  facet normal -1 0 0
    outer loop
      vertex 57.24 81.5 26
      vertex 57.24 93.7 26.05
      vertex 57.24 83.3 26
    endloop
  endfacet
  facet normal -1 0 0
    outer loop
      vertex 57.24 78.9 26
      vertex 57.24 81.5 26
      vertex 57.24 78.9 19.5
    endloop
  endfacet
  facet normal -1 0 0
    outer loop
      vertex 57.24 78.9 26
      vertex 57.24 93.7 26.05
      vertex 57.24 81.5 26
    endloop
  endfacet
  facet normal -1 0 0
    outer loop
      vertex 57.24 77.1 26
      vertex 57.24 93.7 26.05
      vertex 57.24 78.9 26
    endloop
  endfacet
  facet normal -1 0 0
    outer loop
      vertex 57.24 74.5 26
      vertex 57.24 77.1 26
      vertex 57.24 74.5 19.5
    endloop
  endfacet
  facet normal -1 0 0
    outer loop
      vertex 57.24 74.5 26
      vertex 57.24 93.7 26.05
      vertex 57.24 77.1 26
    endloop
  endfacet
  facet normal -1 0 0
    outer loop
      vertex 57.24 72.7 26
      vertex 57.24 93.7 26.05
      vertex 57.24 74.5 26
    endloop
  endfacet
  facet normal -1 0 0
    outer loop
      vertex 57.24 70.1 26
      vertex 57.24 72.7 26
      vertex 57.24 70.1 19.5
    endloop
  endfacet
  facet normal -1 0 0
    outer loop
      vertex 57.24 70.1 26
      vertex 57.24 93.7 26.05
      vertex 57.24 72.7 26
    endloop
  endfacet
  facet normal -1 0 0
    outer loop
      vertex 57.24 68.3 26
      vertex 57.24 93.7 26.05
      vertex 57.24 70.1 26
    endloop
  endfacet
  facet normal -1 0 0
    outer loop
      vertex 57.24 65.7 26
      vertex 57.24 68.3 26
      vertex 57.24 65.7 19.5
    endloop
  endfacet
  facet normal -1 0 0
    outer loop
      vertex 57.24 65.7 26
      vertex 57.24 93.7 26.05
      vertex 57.24 68.3 26
    endloop
  endfacet
  facet normal -1 0 0
    outer loop
      vertex 57.24 63.9 26
      vertex 57.24 93.7 26.05
      vertex 57.24 65.7 26
    endloop
  endfacet
  facet normal -1 0 0
    outer loop
      vertex 57.24 61.3 26
      vertex 57.24 63.9 26
      vertex 57.24 61.3 19.5
    endloop
  endfacet
  facet normal -1 0 0
    outer loop
      vertex 57.24 61.3 26
      vertex 57.24 93.7 26.05
      vertex 57.24 63.9 26
    endloop
  endfacet
  facet normal -1 0 0
    outer loop
      vertex 57.24 59.5 26
      vertex 57.24 93.7 26.05
      vertex 57.24 61.3 26
    endloop
  endfacet
  facet normal -1 0 0
    outer loop
      vertex 57.24 56.9 26
      vertex 57.24 59.5 26
      vertex 57.24 56.9 19.5
    endloop
  endfacet
  facet normal -1 0 0
    outer loop
      vertex 57.24 56.9 26
      vertex 57.24 93.7 26.05
      vertex 57.24 59.5 26
    endloop
  endfacet
  facet normal -1 0 0
    outer loop
      vertex 57.24 55.1 26
      vertex 57.24 93.7 26.05
      vertex 57.24 56.9 26
    endloop
  endfacet
  facet normal -1 0 0
    outer loop
      vertex 57.24 52.5 26
      vertex 57.24 55.1 26
      vertex 57.24 52.5 23.6
    endloop
  endfacet
  facet normal -1 0 0
    outer loop
      vertex 57.24 52.5 26
      vertex 57.24 93.7 26.05
      vertex 57.24 55.1 26
    endloop
  endfacet
  facet normal -1 0 0
    outer loop
      vertex 57.24 50.7 26
      vertex 57.24 93.7 26.05
      vertex 57.24 52.5 26
    endloop
  endfacet
  facet normal -1 0 0
    outer loop
      vertex 57.24 40.45 15
      vertex 57.24 15.3 19.775
      vertex 57.24 40.45 23.6
    endloop
  endfacet
  facet normal -1 0 0
    outer loop
      vertex 57.24 4 26.05
      vertex 57.24 40.45 23.6
      vertex 57.24 15.3 19.775
    endloop
  endfacet
  facet normal -1 0 0
    outer loop
      vertex 57.24 4 26.05
      vertex 57.24 15.3 19.775
      vertex 57.24 10 19.775
    endloop
  endfacet
  facet normal -1 0 0
    outer loop
      vertex 57.24 50.7 26
      vertex 57.24 4 26.05
      vertex 57.24 93.7 26.05
    endloop
  endfacet
  facet normal -1 0 0
    outer loop
      vertex 57.24 40.45 23.6
      vertex 57.24 4 26.05
      vertex 57.24 50.7 26
    endloop
  endfacet
  facet normal -1 0 0
    outer loop
      vertex 57.24 7.5 18.775
      vertex 57.24 4 26.05
      vertex 57.24 10 19.775
    endloop
  endfacet
  facet normal -1 0 0
    outer loop
      vertex 57.24 4 26.05
      vertex 57.24 7.5 18.775
      vertex 57.24 4 15
    endloop
  endfacet
  facet normal 0 0 -1
    outer loop
      vertex 8.94453 4 26.05
      vertex 8.84454 6.30451 26.05
      vertex 8.94453 6.30451 26.05
    endloop
  endfacet
  facet normal 0 0 -1
    outer loop
      vertex 2.502 9.9 26.05
      vertex 8.84454 8.30451 26.05
      vertex 8.84454 6.30451 26.05
    endloop
  endfacet
  facet normal 0 0 -1
    outer loop
      vertex 2.4 4 26.05
      vertex 8.84454 6.30451 26.05
      vertex 8.94453 4 26.05
    endloop
  endfacet
  facet normal 0 -0 -1
    outer loop
      vertex 2.502 9.9 26.05
      vertex 8.84454 6.30451 26.05
      vertex 2.4 4 26.05
    endloop
  endfacet
  facet normal -0 0 -1
    outer loop
      vertex 2.502 9.9 26.05
      vertex 2.4 4 26.05
      vertex 2.502 12.9 26.05
    endloop
  endfacet
  facet normal 0 0 -1
    outer loop
      vertex 8.84454 8.30451 26.05
      vertex 2.502 9.9 26.05
      vertex 8.502 9.9 26.05
    endloop
  endfacet
  facet normal 0 0 -1
    outer loop
      vertex 8.502 9.9 26.05
      vertex 8.94453 8.30451 26.05
      vertex 8.84454 8.30451 26.05
    endloop
  endfacet
  facet normal 0 0 -1
    outer loop
      vertex 57.24 93.7 26.05
      vertex 42.2376 67.1215 26.05
      vertex 42.2624 67.5 26.05
    endloop
  endfacet
  facet normal 0 0 -1
    outer loop
      vertex 51.138 12.9 26.05
      vertex 42.1636 66.7494 26.05
      vertex 42.2376 67.1215 26.05
    endloop
  endfacet
  facet normal 0 0 -1
    outer loop
      vertex 51.138 12.9 26.05
      vertex 42.0416 66.3902 26.05
      vertex 42.1636 66.7494 26.05
    endloop
  endfacet
  facet normal 0 0 -1
    outer loop
      vertex 51.138 12.9 26.05
      vertex 41.8739 66.05 26.05
      vertex 42.0416 66.3902 26.05
    endloop
  endfacet
  facet normal 0 0 -1
    outer loop
      vertex 51.138 12.9 26.05
      vertex 41.6631 65.7346 26.05
      vertex 41.8739 66.05 26.05
    endloop
  endfacet
  facet normal 0 0 -1
    outer loop
      vertex 51.138 12.9 26.05
      vertex 41.413 65.4494 26.05
      vertex 41.6631 65.7346 26.05
    endloop
  endfacet
  facet normal 0 0 -1
    outer loop
      vertex 51.138 12.9 26.05
      vertex 32.6212 33.7506 26.05
      vertex 41.413 65.4494 26.05
    endloop
  endfacet
  facet normal 0 0 -1
    outer loop
      vertex 41.413 65.4494 26.05
      vertex 32.6212 33.7506 26.05
      vertex 41.1278 65.1993 26.05
    endloop
  endfacet
  facet normal 0 0 -1
    outer loop
      vertex 32.4993 34.1098 26.05
      vertex 41.1278 65.1993 26.05
      vertex 32.6212 33.7506 26.05
    endloop
  endfacet
  facet normal 0 0 -1
    outer loop
      vertex 41.1278 65.1993 26.05
      vertex 32.4993 34.1098 26.05
      vertex 40.8124 64.9885 26.05
    endloop
  endfacet
  facet normal 0 0 -1
    outer loop
      vertex 32.3315 34.45 26.05
      vertex 40.8124 64.9885 26.05
      vertex 32.4993 34.1098 26.05
    endloop
  endfacet
  facet normal 0 0 -1
    outer loop
      vertex 40.8124 64.9885 26.05
      vertex 32.3315 34.45 26.05
      vertex 40.4722 64.8207 26.05
    endloop
  endfacet
  facet normal 0 0 -1
    outer loop
      vertex 32.1207 34.7654 26.05
      vertex 40.4722 64.8207 26.05
      vertex 32.3315 34.45 26.05
    endloop
  endfacet
  facet normal 0 0 -1
    outer loop
      vertex 40.4722 64.8207 26.05
      vertex 32.1207 34.7654 26.05
      vertex 40.113 64.6988 26.05
    endloop
  endfacet
  facet normal 0 0 -1
    outer loop
      vertex 31.8706 35.0506 26.05
      vertex 40.113 64.6988 26.05
      vertex 32.1207 34.7654 26.05
    endloop
  endfacet
  facet normal 0 0 -1
    outer loop
      vertex 40.113 64.6988 26.05
      vertex 31.8706 35.0506 26.05
      vertex 39.7409 64.6248 26.05
    endloop
  endfacet
  facet normal 0 0 -1
    outer loop
      vertex 31.5854 35.3007 26.05
      vertex 39.7409 64.6248 26.05
      vertex 31.8706 35.0506 26.05
    endloop
  endfacet
  facet normal 0 0 -1
    outer loop
      vertex 39.7409 64.6248 26.05
      vertex 31.5854 35.3007 26.05
      vertex 39.3624 64.6 26.05
    endloop
  endfacet
  facet normal 0 0 -1
    outer loop
      vertex 31.27 35.5115 26.05
      vertex 39.3624 64.6 26.05
      vertex 31.5854 35.3007 26.05
    endloop
  endfacet
  facet normal -0 0 -1
    outer loop
      vertex 39.3624 64.6 26.05
      vertex 31.27 35.5115 26.05
      vertex 38.9839 64.6248 26.05
    endloop
  endfacet
  facet normal 0 0 -1
    outer loop
      vertex 30.9298 35.6792 26.05
      vertex 38.9839 64.6248 26.05
      vertex 31.27 35.5115 26.05
    endloop
  endfacet
  facet normal -0 0 -1
    outer loop
      vertex 38.9839 64.6248 26.05
      vertex 30.9298 35.6792 26.05
      vertex 38.6118 64.6988 26.05
    endloop
  endfacet
  facet normal 0 0 -1
    outer loop
      vertex 30.5706 35.8012 26.05
      vertex 38.6118 64.6988 26.05
      vertex 30.9298 35.6792 26.05
    endloop
  endfacet
  facet normal 0 0 -1
    outer loop
      vertex 51.138 12.9 26.05
      vertex 32.6952 33.3785 26.05
      vertex 32.6212 33.7506 26.05
    endloop
  endfacet
  facet normal 0 0 -1
    outer loop
      vertex 51.138 12.9 26.05
      vertex 32.72 33 26.05
      vertex 32.6952 33.3785 26.05
    endloop
  endfacet
  facet normal 0 0 -1
    outer loop
      vertex 51.138 12.9 26.05
      vertex 32.6952 32.6215 26.05
      vertex 32.72 33 26.05
    endloop
  endfacet
  facet normal 0 0 -1
    outer loop
      vertex 51.138 12.9 26.05
      vertex 32.6212 32.2494 26.05
      vertex 32.6952 32.6215 26.05
    endloop
  endfacet
  facet normal 0 0 -1
    outer loop
      vertex 51.138 12.9 26.05
      vertex 32.4993 31.8902 26.05
      vertex 32.6212 32.2494 26.05
    endloop
  endfacet
  facet normal 0 0 -1
    outer loop
      vertex 48.7445 11.978 26.05
      vertex 32.3315 31.55 26.05
      vertex 32.4993 31.8902 26.05
    endloop
  endfacet
  facet normal 0 0 -1
    outer loop
      vertex 48.7445 11.978 26.05
      vertex 32.1207 31.2346 26.05
      vertex 32.3315 31.55 26.05
    endloop
  endfacet
  facet normal 0 0 -1
    outer loop
      vertex 48.7445 11.978 26.05
      vertex 31.8706 30.9494 26.05
      vertex 32.1207 31.2346 26.05
    endloop
  endfacet
  facet normal 0 0 -1
    outer loop
      vertex 48.7445 11.978 26.05
      vertex 31.5854 30.6993 26.05
      vertex 31.8706 30.9494 26.05
    endloop
  endfacet
  facet normal 0 0 -1
    outer loop
      vertex 48.7445 11.978 26.05
      vertex 31.27 30.4885 26.05
      vertex 31.5854 30.6993 26.05
    endloop
  endfacet
  facet normal 0 0 -1
    outer loop
      vertex 48.7445 11.978 26.05
      vertex 30.9298 30.3207 26.05
      vertex 31.27 30.4885 26.05
    endloop
  endfacet
  facet normal 0 0 -1
    outer loop
      vertex 48.7445 11.978 26.05
      vertex 30.5706 30.1988 26.05
      vertex 30.9298 30.3207 26.05
    endloop
  endfacet
  facet normal 0 0 -1
    outer loop
      vertex 48.7445 11.978 26.05
      vertex 30.1985 30.1248 26.05
      vertex 30.5706 30.1988 26.05
    endloop
  endfacet
  facet normal 0 0 -1
    outer loop
      vertex 48.7445 11.978 26.05
      vertex 29.82 30.1 26.05
      vertex 30.1985 30.1248 26.05
    endloop
  endfacet
  facet normal 0 0 -1
    outer loop
      vertex 8.94453 11.978 26.05
      vertex 29.82 30.1 26.05
      vertex 48.7445 11.978 26.05
    endloop
  endfacet
  facet normal -0 0 -1
    outer loop
      vertex 29.82 30.1 26.05
      vertex 8.94453 11.978 26.05
      vertex 29.4415 30.1248 26.05
    endloop
  endfacet
  facet normal -0 0 -1
    outer loop
      vertex 29.4415 30.1248 26.05
      vertex 8.94453 11.978 26.05
      vertex 29.0694 30.1988 26.05
    endloop
  endfacet
  facet normal -0 0 -1
    outer loop
      vertex 29.0694 30.1988 26.05
      vertex 8.94453 11.978 26.05
      vertex 28.7102 30.3207 26.05
    endloop
  endfacet
  facet normal -0 0 -1
    outer loop
      vertex 28.7102 30.3207 26.05
      vertex 8.94453 11.978 26.05
      vertex 28.37 30.4885 26.05
    endloop
  endfacet
  facet normal 0 0 -1
    outer loop
      vertex 8.502 12.9 26.05
      vertex 28.37 30.4885 26.05
      vertex 8.94453 11.978 26.05
    endloop
  endfacet
  facet normal 0 0 -1
    outer loop
      vertex 8.502 12.9 26.05
      vertex 26.92 33 26.05
      vertex 26.9448 32.6215 26.05
    endloop
  endfacet
  facet normal 0 0 -1
    outer loop
      vertex 26.92 33 26.05
      vertex 23.1528 67.1215 26.05
      vertex 23.1776 67.5 26.05
    endloop
  endfacet
  facet normal 0 0 -1
    outer loop
      vertex 26.92 33 26.05
      vertex 23.0788 66.7494 26.05
      vertex 23.1528 67.1215 26.05
    endloop
  endfacet
  facet normal 0 0 -1
    outer loop
      vertex 26.92 33 26.05
      vertex 22.9569 66.3902 26.05
      vertex 23.0788 66.7494 26.05
    endloop
  endfacet
  facet normal 0 0 -1
    outer loop
      vertex 26.92 33 26.05
      vertex 22.7891 66.05 26.05
      vertex 22.9569 66.3902 26.05
    endloop
  endfacet
  facet normal 0 0 -1
    outer loop
      vertex 26.92 33 26.05
      vertex 22.5783 65.7346 26.05
      vertex 22.7891 66.05 26.05
    endloop
  endfacet
  facet normal 0 0 -1
    outer loop
      vertex 26.92 33 26.05
      vertex 22.3282 65.4494 26.05
      vertex 22.5783 65.7346 26.05
    endloop
  endfacet
  facet normal 0 0 -1
    outer loop
      vertex 26.92 33 26.05
      vertex 22.043 65.1993 26.05
      vertex 22.3282 65.4494 26.05
    endloop
  endfacet
  facet normal 0 0 -1
    outer loop
      vertex 26.92 33 26.05
      vertex 21.7276 64.9885 26.05
      vertex 22.043 65.1993 26.05
    endloop
  endfacet
  facet normal 0 0 -1
    outer loop
      vertex 26.92 33 26.05
      vertex 21.3874 64.8207 26.05
      vertex 21.7276 64.9885 26.05
    endloop
  endfacet
  facet normal 0 0 -1
    outer loop
      vertex 26.92 33 26.05
      vertex 21.0282 64.6988 26.05
      vertex 21.3874 64.8207 26.05
    endloop
  endfacet
  facet normal 0 0 -1
    outer loop
      vertex 26.92 33 26.05
      vertex 20.6561 64.6248 26.05
      vertex 21.0282 64.6988 26.05
    endloop
  endfacet
  facet normal 0 0 -1
    outer loop
      vertex 26.92 33 26.05
      vertex 20.2776 64.6 26.05
      vertex 20.6561 64.6248 26.05
    endloop
  endfacet
  facet normal 0 0 -1
    outer loop
      vertex 8.502 12.9 26.05
      vertex 26.9448 32.6215 26.05
      vertex 27.0188 32.2494 26.05
    endloop
  endfacet
  facet normal 0 0 -1
    outer loop
      vertex 26.92 33 26.05
      vertex 19.8991 64.6248 26.05
      vertex 20.2776 64.6 26.05
    endloop
  endfacet
  facet normal 0 0 -1
    outer loop
      vertex 26.92 33 26.05
      vertex 19.527 64.6988 26.05
      vertex 19.8991 64.6248 26.05
    endloop
  endfacet
  facet normal 0 0 -1
    outer loop
      vertex 26.92 33 26.05
      vertex 19.1678 64.8207 26.05
      vertex 19.527 64.6988 26.05
    endloop
  endfacet
  facet normal 0 0 -1
    outer loop
      vertex 26.92 33 26.05
      vertex 18.8276 64.9885 26.05
      vertex 19.1678 64.8207 26.05
    endloop
  endfacet
  facet normal 0 0 -1
    outer loop
      vertex 26.92 33 26.05
      vertex 18.5122 65.1993 26.05
      vertex 18.8276 64.9885 26.05
    endloop
  endfacet
  facet normal -0 0 -1
    outer loop
      vertex 26.92 33 26.05
      vertex 2.502 12.9 26.05
      vertex 18.5122 65.1993 26.05
    endloop
  endfacet
  facet normal -0 0 -1
    outer loop
      vertex 18.5122 65.1993 26.05
      vertex 2.502 12.9 26.05
      vertex 18.227 65.4494 26.05
    endloop
  endfacet
  facet normal -0 0 -1
    outer loop
      vertex 18.227 65.4494 26.05
      vertex 2.502 12.9 26.05
      vertex 17.9769 65.7346 26.05
    endloop
  endfacet
  facet normal -0 0 -1
    outer loop
      vertex 17.9769 65.7346 26.05
      vertex 2.502 12.9 26.05
      vertex 17.7661 66.05 26.05
    endloop
  endfacet
  facet normal -0 0 -1
    outer loop
      vertex 17.7661 66.05 26.05
      vertex 2.502 12.9 26.05
      vertex 17.5983 66.3902 26.05
    endloop
  endfacet
  facet normal -0 0 -1
    outer loop
      vertex 17.5983 66.3902 26.05
      vertex 2.502 12.9 26.05
      vertex 17.4764 66.7494 26.05
    endloop
  endfacet
  facet normal 0 0 -1
    outer loop
      vertex 26.92 33 26.05
      vertex 8.502 12.9 26.05
      vertex 2.502 12.9 26.05
    endloop
  endfacet
  facet normal -0 0 -1
    outer loop
      vertex 27.1407 31.8902 26.05
      vertex 8.502 12.9 26.05
      vertex 27.0188 32.2494 26.05
    endloop
  endfacet
  facet normal -0 0 -1
    outer loop
      vertex 27.3085 31.55 26.05
      vertex 8.502 12.9 26.05
      vertex 27.1407 31.8902 26.05
    endloop
  endfacet
  facet normal -0 0 -1
    outer loop
      vertex 27.5193 31.2346 26.05
      vertex 8.502 12.9 26.05
      vertex 27.3085 31.55 26.05
    endloop
  endfacet
  facet normal -0 0 -1
    outer loop
      vertex 27.7694 30.9494 26.05
      vertex 8.502 12.9 26.05
      vertex 27.5193 31.2346 26.05
    endloop
  endfacet
  facet normal -0 0 -1
    outer loop
      vertex 28.0546 30.6993 26.05
      vertex 8.502 12.9 26.05
      vertex 27.7694 30.9494 26.05
    endloop
  endfacet
  facet normal -0 0 -1
    outer loop
      vertex 28.37 30.4885 26.05
      vertex 8.502 12.9 26.05
      vertex 28.0546 30.6993 26.05
    endloop
  endfacet
  facet normal 0 0 -1
    outer loop
      vertex 57.138 12.9 26.05
      vertex 57.24 4 26.05
      vertex 57.138 9.9 26.05
    endloop
  endfacet
  facet normal 0 0 -1
    outer loop
      vertex 57.24 4 26.05
      vertex 51.138 9.9 26.05
      vertex 57.138 9.9 26.05
    endloop
  endfacet
  facet normal 0 0 -1
    outer loop
      vertex 48.8645 8.30451 26.05
      vertex 51.138 9.9 26.05
      vertex 48.8645 6.30451 26.05
    endloop
  endfacet
  facet normal 0 0 -1
    outer loop
      vertex 57.24 4 26.05
      vertex 48.8645 6.30451 26.05
      vertex 51.138 9.9 26.05
    endloop
  endfacet
  facet normal 0 0 -1
    outer loop
      vertex 48.7445 4 26.05
      vertex 48.8645 6.30451 26.05
      vertex 57.24 4 26.05
    endloop
  endfacet
  facet normal -0 0 -1
    outer loop
      vertex 48.8645 6.30451 26.05
      vertex 48.7445 4 26.05
      vertex 48.7445 6.30451 26.05
    endloop
  endfacet
  facet normal 0 0 -1
    outer loop
      vertex 57.24 4 26.05
      vertex 57.138 12.9 26.05
      vertex 57.24 93.7 26.05
    endloop
  endfacet
  facet normal 0 0 -1
    outer loop
      vertex 42.2376 67.1215 26.05
      vertex 57.138 12.9 26.05
      vertex 51.138 12.9 26.05
    endloop
  endfacet
  facet normal 0 0 -1
    outer loop
      vertex 48.7445 11.978 26.05
      vertex 51.138 9.9 26.05
      vertex 48.8645 8.30451 26.05
    endloop
  endfacet
  facet normal 0 0 -1
    outer loop
      vertex 51.138 9.9 26.05
      vertex 48.7445 11.978 26.05
      vertex 51.138 12.9 26.05
    endloop
  endfacet
  facet normal 0 0 -1
    outer loop
      vertex 48.7445 11.978 26.05
      vertex 48.8645 8.30451 26.05
      vertex 48.7445 8.30451 26.05
    endloop
  endfacet
  facet normal 0 0 -1
    outer loop
      vertex 32.4993 31.8902 26.05
      vertex 51.138 12.9 26.05
      vertex 48.7445 11.978 26.05
    endloop
  endfacet
  facet normal 0 0 -1
    outer loop
      vertex 42.2376 67.1215 26.05
      vertex 57.24 93.7 26.05
      vertex 57.138 12.9 26.05
    endloop
  endfacet
  facet normal 0 0 -1
    outer loop
      vertex 42.2376 67.8785 26.05
      vertex 57.24 93.7 26.05
      vertex 42.2624 67.5 26.05
    endloop
  endfacet
  facet normal 0 0 -1
    outer loop
      vertex 42.1636 68.2506 26.05
      vertex 57.24 93.7 26.05
      vertex 42.2376 67.8785 26.05
    endloop
  endfacet
  facet normal 0 0 -1
    outer loop
      vertex 42.0416 68.6098 26.05
      vertex 57.24 93.7 26.05
      vertex 42.1636 68.2506 26.05
    endloop
  endfacet
  facet normal 0 0 -1
    outer loop
      vertex 41.8739 68.95 26.05
      vertex 57.24 93.7 26.05
      vertex 42.0416 68.6098 26.05
    endloop
  endfacet
  facet normal 0 0 -1
    outer loop
      vertex 41.6631 69.2654 26.05
      vertex 57.24 93.7 26.05
      vertex 41.8739 68.95 26.05
    endloop
  endfacet
  facet normal 0 0 -1
    outer loop
      vertex 41.413 69.5506 26.05
      vertex 57.24 93.7 26.05
      vertex 41.6631 69.2654 26.05
    endloop
  endfacet
  facet normal 0 0 -1
    outer loop
      vertex 41.1278 69.8007 26.05
      vertex 57.24 93.7 26.05
      vertex 41.413 69.5506 26.05
    endloop
  endfacet
  facet normal 0 0 -1
    outer loop
      vertex 40.8124 70.0115 26.05
      vertex 57.24 93.7 26.05
      vertex 41.1278 69.8007 26.05
    endloop
  endfacet
  facet normal 0 0 -1
    outer loop
      vertex 40.4722 70.1793 26.05
      vertex 57.24 93.7 26.05
      vertex 40.8124 70.0115 26.05
    endloop
  endfacet
  facet normal 0 0 -1
    outer loop
      vertex 40.113 70.3012 26.05
      vertex 57.24 93.7 26.05
      vertex 40.4722 70.1793 26.05
    endloop
  endfacet
  facet normal 0 0 -1
    outer loop
      vertex 39.7409 70.3752 26.05
      vertex 57.24 93.7 26.05
      vertex 40.113 70.3012 26.05
    endloop
  endfacet
  facet normal 0 0 -1
    outer loop
      vertex 39.3624 70.4 26.05
      vertex 57.24 93.7 26.05
      vertex 39.7409 70.3752 26.05
    endloop
  endfacet
  facet normal 0 0 -1
    outer loop
      vertex 38.9839 70.3752 26.05
      vertex 57.24 93.7 26.05
      vertex 39.3624 70.4 26.05
    endloop
  endfacet
  facet normal 0 0 -1
    outer loop
      vertex 38.6118 70.3012 26.05
      vertex 57.24 93.7 26.05
      vertex 38.9839 70.3752 26.05
    endloop
  endfacet
  facet normal 0 0 -1
    outer loop
      vertex 38.2526 70.1793 26.05
      vertex 57.24 93.7 26.05
      vertex 38.6118 70.3012 26.05
    endloop
  endfacet
  facet normal 0 0 -1
    outer loop
      vertex 21.3874 70.1793 26.05
      vertex 38.2526 70.1793 26.05
      vertex 37.9124 70.0115 26.05
    endloop
  endfacet
  facet normal 0 0 -1
    outer loop
      vertex 21.7276 70.0115 26.05
      vertex 37.9124 70.0115 26.05
      vertex 37.597 69.8007 26.05
    endloop
  endfacet
  facet normal 0 0 -1
    outer loop
      vertex 22.043 69.8007 26.05
      vertex 37.597 69.8007 26.05
      vertex 37.3118 69.5506 26.05
    endloop
  endfacet
  facet normal 0 0 -1
    outer loop
      vertex 22.3282 69.5506 26.05
      vertex 37.3118 69.5506 26.05
      vertex 37.0617 69.2654 26.05
    endloop
  endfacet
  facet normal -0 0 -1
    outer loop
      vertex 38.6118 64.6988 26.05
      vertex 30.5706 35.8012 26.05
      vertex 38.2526 64.8207 26.05
    endloop
  endfacet
  facet normal 0 0 -1
    outer loop
      vertex 30.1985 35.8752 26.05
      vertex 38.2526 64.8207 26.05
      vertex 30.5706 35.8012 26.05
    endloop
  endfacet
  facet normal -0 0 -1
    outer loop
      vertex 38.2526 64.8207 26.05
      vertex 30.1985 35.8752 26.05
      vertex 37.9124 64.9885 26.05
    endloop
  endfacet
  facet normal 0 0 -1
    outer loop
      vertex 29.82 35.9 26.05
      vertex 37.9124 64.9885 26.05
      vertex 30.1985 35.8752 26.05
    endloop
  endfacet
  facet normal -0 0 -1
    outer loop
      vertex 37.9124 64.9885 26.05
      vertex 29.82 35.9 26.05
      vertex 37.597 65.1993 26.05
    endloop
  endfacet
  facet normal 0 0 -1
    outer loop
      vertex 29.4415 35.8752 26.05
      vertex 37.597 65.1993 26.05
      vertex 29.82 35.9 26.05
    endloop
  endfacet
  facet normal 0 0 -1
    outer loop
      vertex 23.1776 67.5 26.05
      vertex 37.597 65.1993 26.05
      vertex 29.4415 35.8752 26.05
    endloop
  endfacet
  facet normal 0 0 -1
    outer loop
      vertex 37.597 65.1993 26.05
      vertex 23.1776 67.5 26.05
      vertex 37.3118 65.4494 26.05
    endloop
  endfacet
  facet normal 0 0 -1
    outer loop
      vertex 37.0617 65.7346 26.05
      vertex 23.1776 67.5 26.05
      vertex 36.8509 66.05 26.05
    endloop
  endfacet
  facet normal 0 0 -1
    outer loop
      vertex 36.8509 66.05 26.05
      vertex 23.1776 67.5 26.05
      vertex 36.6832 66.3902 26.05
    endloop
  endfacet
  facet normal 0 0 -1
    outer loop
      vertex 36.6832 66.3902 26.05
      vertex 23.1776 67.5 26.05
      vertex 36.5612 66.7494 26.05
    endloop
  endfacet
  facet normal 0 0 -1
    outer loop
      vertex 36.5612 66.7494 26.05
      vertex 23.1776 67.5 26.05
      vertex 36.4872 67.1215 26.05
    endloop
  endfacet
  facet normal 0 0 -1
    outer loop
      vertex 36.4872 67.1215 26.05
      vertex 23.1776 67.5 26.05
      vertex 36.4624 67.5 26.05
    endloop
  endfacet
  facet normal 0 0 -1
    outer loop
      vertex 36.4624 67.5 26.05
      vertex 23.1776 67.5 26.05
      vertex 36.4872 67.8785 26.05
    endloop
  endfacet
  facet normal 0 0 -1
    outer loop
      vertex 37.3118 65.4494 26.05
      vertex 23.1776 67.5 26.05
      vertex 37.0617 65.7346 26.05
    endloop
  endfacet
  facet normal 0 0 -1
    outer loop
      vertex 23.1776 67.5 26.05
      vertex 29.4415 35.8752 26.05
      vertex 29.0694 35.8012 26.05
    endloop
  endfacet
  facet normal 0 0 -1
    outer loop
      vertex 23.1776 67.5 26.05
      vertex 29.0694 35.8012 26.05
      vertex 28.7102 35.6792 26.05
    endloop
  endfacet
  facet normal 0 0 -1
    outer loop
      vertex 23.1776 67.5 26.05
      vertex 28.7102 35.6792 26.05
      vertex 28.37 35.5115 26.05
    endloop
  endfacet
  facet normal 0 0 -1
    outer loop
      vertex 23.1776 67.5 26.05
      vertex 28.37 35.5115 26.05
      vertex 28.0546 35.3007 26.05
    endloop
  endfacet
  facet normal 0 0 -1
    outer loop
      vertex 23.1776 67.5 26.05
      vertex 28.0546 35.3007 26.05
      vertex 27.7694 35.0506 26.05
    endloop
  endfacet
  facet normal 0 0 -1
    outer loop
      vertex 23.1776 67.5 26.05
      vertex 27.7694 35.0506 26.05
      vertex 27.5193 34.7654 26.05
    endloop
  endfacet
  facet normal 0 0 -1
    outer loop
      vertex 23.1776 67.5 26.05
      vertex 27.5193 34.7654 26.05
      vertex 27.3085 34.45 26.05
    endloop
  endfacet
  facet normal 0 0 -1
    outer loop
      vertex 23.1776 67.5 26.05
      vertex 27.3085 34.45 26.05
      vertex 27.1407 34.1098 26.05
    endloop
  endfacet
  facet normal 0 0 -1
    outer loop
      vertex 23.1776 67.5 26.05
      vertex 27.1407 34.1098 26.05
      vertex 27.0188 33.7506 26.05
    endloop
  endfacet
  facet normal 0 0 -1
    outer loop
      vertex 23.1776 67.5 26.05
      vertex 26.9448 33.3785 26.05
      vertex 26.92 33 26.05
    endloop
  endfacet
  facet normal 0 0 -1
    outer loop
      vertex 23.1776 67.5 26.05
      vertex 27.0188 33.7506 26.05
      vertex 26.9448 33.3785 26.05
    endloop
  endfacet
  facet normal 0 0 -1
    outer loop
      vertex 23.1528 67.8785 26.05
      vertex 36.4872 67.8785 26.05
      vertex 23.1776 67.5 26.05
    endloop
  endfacet
  facet normal 0 0 -1
    outer loop
      vertex 36.4872 67.8785 26.05
      vertex 23.1528 67.8785 26.05
      vertex 36.5612 68.2506 26.05
    endloop
  endfacet
  facet normal 0 0 -1
    outer loop
      vertex 23.0788 68.2506 26.05
      vertex 36.5612 68.2506 26.05
      vertex 23.1528 67.8785 26.05
    endloop
  endfacet
  facet normal 0 0 -1
    outer loop
      vertex 36.5612 68.2506 26.05
      vertex 23.0788 68.2506 26.05
      vertex 36.6832 68.6098 26.05
    endloop
  endfacet
  facet normal 0 0 -1
    outer loop
      vertex 22.9569 68.6098 26.05
      vertex 36.6832 68.6098 26.05
      vertex 23.0788 68.2506 26.05
    endloop
  endfacet
  facet normal 0 0 -1
    outer loop
      vertex 36.6832 68.6098 26.05
      vertex 22.9569 68.6098 26.05
      vertex 36.8509 68.95 26.05
    endloop
  endfacet
  facet normal 0 0 -1
    outer loop
      vertex 22.7891 68.95 26.05
      vertex 36.8509 68.95 26.05
      vertex 22.9569 68.6098 26.05
    endloop
  endfacet
  facet normal 0 0 -1
    outer loop
      vertex 36.8509 68.95 26.05
      vertex 22.7891 68.95 26.05
      vertex 37.0617 69.2654 26.05
    endloop
  endfacet
  facet normal 0 0 -1
    outer loop
      vertex 22.5783 69.2654 26.05
      vertex 37.0617 69.2654 26.05
      vertex 22.7891 68.95 26.05
    endloop
  endfacet
  facet normal 0 0 -1
    outer loop
      vertex 22.3282 69.5506 26.05
      vertex 37.0617 69.2654 26.05
      vertex 22.5783 69.2654 26.05
    endloop
  endfacet
  facet normal 0 0 -1
    outer loop
      vertex 37.3118 69.5506 26.05
      vertex 22.3282 69.5506 26.05
      vertex 22.043 69.8007 26.05
    endloop
  endfacet
  facet normal 0 0 -1
    outer loop
      vertex 37.597 69.8007 26.05
      vertex 22.043 69.8007 26.05
      vertex 21.7276 70.0115 26.05
    endloop
  endfacet
  facet normal 0 0 -1
    outer loop
      vertex 37.9124 70.0115 26.05
      vertex 21.7276 70.0115 26.05
      vertex 21.3874 70.1793 26.05
    endloop
  endfacet
  facet normal 0 0 -1
    outer loop
      vertex 38.2526 70.1793 26.05
      vertex 21.3874 70.1793 26.05
      vertex 57.24 93.7 26.05
    endloop
  endfacet
  facet normal 0 0 -1
    outer loop
      vertex 21.0282 70.3012 26.05
      vertex 57.24 93.7 26.05
      vertex 21.3874 70.1793 26.05
    endloop
  endfacet
  facet normal 0 0 -1
    outer loop
      vertex 2.4 93.7 26.05
      vertex 21.0282 70.3012 26.05
      vertex 20.6561 70.3752 26.05
    endloop
  endfacet
  facet normal 0 0 -1
    outer loop
      vertex 2.4 93.7 26.05
      vertex 20.6561 70.3752 26.05
      vertex 20.2776 70.4 26.05
    endloop
  endfacet
  facet normal 0 0 -1
    outer loop
      vertex 2.4 93.7 26.05
      vertex 20.2776 70.4 26.05
      vertex 19.8991 70.3752 26.05
    endloop
  endfacet
  facet normal 0 0 -1
    outer loop
      vertex 2.4 93.7 26.05
      vertex 19.8991 70.3752 26.05
      vertex 19.527 70.3012 26.05
    endloop
  endfacet
  facet normal 0 0 -1
    outer loop
      vertex 2.4 93.7 26.05
      vertex 19.527 70.3012 26.05
      vertex 19.1678 70.1793 26.05
    endloop
  endfacet
  facet normal 0 0 -1
    outer loop
      vertex 2.4 93.7 26.05
      vertex 19.1678 70.1793 26.05
      vertex 18.8276 70.0115 26.05
    endloop
  endfacet
  facet normal 0 0 -1
    outer loop
      vertex 2.4 93.7 26.05
      vertex 17.4764 66.7494 26.05
      vertex 2.502 12.9 26.05
    endloop
  endfacet
  facet normal 0 0 -1
    outer loop
      vertex 8.94453 8.30451 26.05
      vertex 8.502 9.9 26.05
      vertex 8.94453 11.978 26.05
    endloop
  endfacet
  facet normal 0 0 -1
    outer loop
      vertex 8.502 12.9 26.05
      vertex 8.94453 11.978 26.05
      vertex 8.502 9.9 26.05
    endloop
  endfacet
  facet normal 0 0 -1
    outer loop
      vertex 17.4764 66.7494 26.05
      vertex 2.4 93.7 26.05
      vertex 17.4024 67.1215 26.05
    endloop
  endfacet
  facet normal 0 0 -1
    outer loop
      vertex 17.4024 67.1215 26.05
      vertex 2.4 93.7 26.05
      vertex 17.3776 67.5 26.05
    endloop
  endfacet
  facet normal 0 0 -1
    outer loop
      vertex 17.3776 67.5 26.05
      vertex 2.4 93.7 26.05
      vertex 17.4024 67.8785 26.05
    endloop
  endfacet
  facet normal 0 0 -1
    outer loop
      vertex 21.0282 70.3012 26.05
      vertex 2.4 93.7 26.05
      vertex 57.24 93.7 26.05
    endloop
  endfacet
  facet normal 0 0 -1
    outer loop
      vertex 18.5122 69.8007 26.05
      vertex 2.4 93.7 26.05
      vertex 18.8276 70.0115 26.05
    endloop
  endfacet
  facet normal 0 0 -1
    outer loop
      vertex 18.227 69.5506 26.05
      vertex 2.4 93.7 26.05
      vertex 18.5122 69.8007 26.05
    endloop
  endfacet
  facet normal 0 0 -1
    outer loop
      vertex 17.9769 69.2654 26.05
      vertex 2.4 93.7 26.05
      vertex 18.227 69.5506 26.05
    endloop
  endfacet
  facet normal 0 0 -1
    outer loop
      vertex 17.7661 68.95 26.05
      vertex 2.4 93.7 26.05
      vertex 17.9769 69.2654 26.05
    endloop
  endfacet
  facet normal 0 0 -1
    outer loop
      vertex 17.5983 68.6098 26.05
      vertex 2.4 93.7 26.05
      vertex 17.7661 68.95 26.05
    endloop
  endfacet
  facet normal 0 0 -1
    outer loop
      vertex 17.4764 68.2506 26.05
      vertex 2.4 93.7 26.05
      vertex 17.5983 68.6098 26.05
    endloop
  endfacet
  facet normal 0 0 -1
    outer loop
      vertex 17.4024 67.8785 26.05
      vertex 2.4 93.7 26.05
      vertex 17.4764 68.2506 26.05
    endloop
  endfacet
  facet normal 0 0 -1
    outer loop
      vertex 2.4 93.7 26.05
      vertex 2.502 12.9 26.05
      vertex 2.4 4 26.05
    endloop
  endfacet
  facet normal 0 0 -1
    outer loop
      vertex 21.5665 67.3303 26.05
      vertex 21.5665 67.6697 26.05
      vertex 21.5776 67.5 26.05
    endloop
  endfacet
  facet normal 0 0 -1
    outer loop
      vertex 21.5333 67.1635 26.05
      vertex 21.5665 67.6697 26.05
      vertex 21.5665 67.3303 26.05
    endloop
  endfacet
  facet normal 0 0 -1
    outer loop
      vertex 21.5333 67.1635 26.05
      vertex 21.5333 67.8365 26.05
      vertex 21.5665 67.6697 26.05
    endloop
  endfacet
  facet normal 0 0 -1
    outer loop
      vertex 21.4786 67.0025 26.05
      vertex 21.5333 67.8365 26.05
      vertex 21.5333 67.1635 26.05
    endloop
  endfacet
  facet normal 0 0 -1
    outer loop
      vertex 21.4786 67.0025 26.05
      vertex 21.4786 67.9975 26.05
      vertex 21.5333 67.8365 26.05
    endloop
  endfacet
  facet normal 0 0 -1
    outer loop
      vertex 21.4034 66.85 26.05
      vertex 21.4786 67.9975 26.05
      vertex 21.4786 67.0025 26.05
    endloop
  endfacet
  facet normal 0 0 -1
    outer loop
      vertex 21.4034 66.85 26.05
      vertex 21.4034 68.15 26.05
      vertex 21.4786 67.9975 26.05
    endloop
  endfacet
  facet normal 0 0 -1
    outer loop
      vertex 21.309 66.7086 26.05
      vertex 21.4034 68.15 26.05
      vertex 21.4034 66.85 26.05
    endloop
  endfacet
  facet normal 0 0 -1
    outer loop
      vertex 21.309 66.7086 26.05
      vertex 21.309 68.2914 26.05
      vertex 21.4034 68.15 26.05
    endloop
  endfacet
  facet normal 0 0 -1
    outer loop
      vertex 21.1968 66.5808 26.05
      vertex 21.309 68.2914 26.05
      vertex 21.309 66.7086 26.05
    endloop
  endfacet
  facet normal 0 0 -1
    outer loop
      vertex 21.1968 66.5808 26.05
      vertex 21.1968 68.4192 26.05
      vertex 21.309 68.2914 26.05
    endloop
  endfacet
  facet normal 0 0 -1
    outer loop
      vertex 21.069 66.4686 26.05
      vertex 21.1968 68.4192 26.05
      vertex 21.1968 66.5808 26.05
    endloop
  endfacet
  facet normal 0 0 -1
    outer loop
      vertex 21.069 66.4686 26.05
      vertex 21.069 68.5314 26.05
      vertex 21.1968 68.4192 26.05
    endloop
  endfacet
  facet normal 0 0 -1
    outer loop
      vertex 20.9276 66.3742 26.05
      vertex 21.069 68.5314 26.05
      vertex 21.069 66.4686 26.05
    endloop
  endfacet
  facet normal 0 0 -1
    outer loop
      vertex 20.9276 66.3742 26.05
      vertex 20.9276 68.6258 26.05
      vertex 21.069 68.5314 26.05
    endloop
  endfacet
  facet normal 0 0 -1
    outer loop
      vertex 20.7751 66.299 26.05
      vertex 20.9276 68.6258 26.05
      vertex 20.9276 66.3742 26.05
    endloop
  endfacet
  facet normal 0 0 -1
    outer loop
      vertex 20.7751 66.299 26.05
      vertex 20.7751 68.701 26.05
      vertex 20.9276 68.6258 26.05
    endloop
  endfacet
  facet normal 0 0 -1
    outer loop
      vertex 20.6141 66.2443 26.05
      vertex 20.7751 68.701 26.05
      vertex 20.7751 66.299 26.05
    endloop
  endfacet
  facet normal 0 0 -1
    outer loop
      vertex 20.6141 66.2443 26.05
      vertex 20.6141 68.7557 26.05
      vertex 20.7751 68.701 26.05
    endloop
  endfacet
  facet normal 0 0 -1
    outer loop
      vertex 20.4473 66.2111 26.05
      vertex 20.6141 68.7557 26.05
      vertex 20.6141 66.2443 26.05
    endloop
  endfacet
  facet normal 0 0 -1
    outer loop
      vertex 20.4473 66.2111 26.05
      vertex 20.4473 68.7889 26.05
      vertex 20.6141 68.7557 26.05
    endloop
  endfacet
  facet normal 0 0 -1
    outer loop
      vertex 20.2776 66.2 26.05
      vertex 20.4473 68.7889 26.05
      vertex 20.4473 66.2111 26.05
    endloop
  endfacet
  facet normal 0 0 -1
    outer loop
      vertex 20.2776 66.2 26.05
      vertex 20.2776 68.8 26.05
      vertex 20.4473 68.7889 26.05
    endloop
  endfacet
  facet normal 0 0 -1
    outer loop
      vertex 20.1079 66.2111 26.05
      vertex 20.2776 68.8 26.05
      vertex 20.2776 66.2 26.05
    endloop
  endfacet
  facet normal 0 0 -1
    outer loop
      vertex 20.1079 66.2111 26.05
      vertex 20.1079 68.7889 26.05
      vertex 20.2776 68.8 26.05
    endloop
  endfacet
  facet normal 0 0 -1
    outer loop
      vertex 19.9411 66.2443 26.05
      vertex 20.1079 68.7889 26.05
      vertex 20.1079 66.2111 26.05
    endloop
  endfacet
  facet normal 0 0 -1
    outer loop
      vertex 19.9411 66.2443 26.05
      vertex 19.9411 68.7557 26.05
      vertex 20.1079 68.7889 26.05
    endloop
  endfacet
  facet normal 0 0 -1
    outer loop
      vertex 19.7801 66.299 26.05
      vertex 19.9411 68.7557 26.05
      vertex 19.9411 66.2443 26.05
    endloop
  endfacet
  facet normal 0 0 -1
    outer loop
      vertex 19.7801 66.299 26.05
      vertex 19.7801 68.701 26.05
      vertex 19.9411 68.7557 26.05
    endloop
  endfacet
  facet normal 0 0 -1
    outer loop
      vertex 19.6276 66.3742 26.05
      vertex 19.7801 68.701 26.05
      vertex 19.7801 66.299 26.05
    endloop
  endfacet
  facet normal 0 0 -1
    outer loop
      vertex 19.6276 66.3742 26.05
      vertex 19.6276 68.6258 26.05
      vertex 19.7801 68.701 26.05
    endloop
  endfacet
  facet normal 0 0 -1
    outer loop
      vertex 19.4862 66.4686 26.05
      vertex 19.6276 68.6258 26.05
      vertex 19.6276 66.3742 26.05
    endloop
  endfacet
  facet normal 0 0 -1
    outer loop
      vertex 19.4862 66.4686 26.05
      vertex 19.4862 68.5314 26.05
      vertex 19.6276 68.6258 26.05
    endloop
  endfacet
  facet normal 0 0 -1
    outer loop
      vertex 19.3584 66.5808 26.05
      vertex 19.4862 68.5314 26.05
      vertex 19.4862 66.4686 26.05
    endloop
  endfacet
  facet normal 0 0 -1
    outer loop
      vertex 19.3584 66.5808 26.05
      vertex 19.3584 68.4192 26.05
      vertex 19.4862 68.5314 26.05
    endloop
  endfacet
  facet normal 0 0 -1
    outer loop
      vertex 19.2462 66.7086 26.05
      vertex 19.3584 68.4192 26.05
      vertex 19.3584 66.5808 26.05
    endloop
  endfacet
  facet normal 0 0 -1
    outer loop
      vertex 19.2462 66.7086 26.05
      vertex 19.2462 68.2914 26.05
      vertex 19.3584 68.4192 26.05
    endloop
  endfacet
  facet normal 0 0 -1
    outer loop
      vertex 19.1518 66.85 26.05
      vertex 19.2462 68.2914 26.05
      vertex 19.2462 66.7086 26.05
    endloop
  endfacet
  facet normal 0 0 -1
    outer loop
      vertex 19.1518 66.85 26.05
      vertex 19.1518 68.15 26.05
      vertex 19.2462 68.2914 26.05
    endloop
  endfacet
  facet normal 0 0 -1
    outer loop
      vertex 19.0766 67.0025 26.05
      vertex 19.1518 68.15 26.05
      vertex 19.1518 66.85 26.05
    endloop
  endfacet
  facet normal 0 0 -1
    outer loop
      vertex 19.0766 67.0025 26.05
      vertex 19.0766 67.9975 26.05
      vertex 19.1518 68.15 26.05
    endloop
  endfacet
  facet normal 0 0 -1
    outer loop
      vertex 19.0219 67.1635 26.05
      vertex 19.0766 67.9975 26.05
      vertex 19.0766 67.0025 26.05
    endloop
  endfacet
  facet normal 0 0 -1
    outer loop
      vertex 19.0219 67.1635 26.05
      vertex 19.0219 67.8365 26.05
      vertex 19.0766 67.9975 26.05
    endloop
  endfacet
  facet normal 0 0 -1
    outer loop
      vertex 18.9887 67.3303 26.05
      vertex 19.0219 67.8365 26.05
      vertex 19.0219 67.1635 26.05
    endloop
  endfacet
  facet normal 0 0 -1
    outer loop
      vertex 18.9887 67.3303 26.05
      vertex 18.9887 67.6697 26.05
      vertex 19.0219 67.8365 26.05
    endloop
  endfacet
  facet normal 0 -0 -1
    outer loop
      vertex 18.9887 67.6697 26.05
      vertex 18.9887 67.3303 26.05
      vertex 18.9776 67.5 26.05
    endloop
  endfacet
  facet normal 0 0 -1
    outer loop
      vertex 31.1089 32.8303 26.05
      vertex 31.1089 33.1697 26.05
      vertex 31.12 33 26.05
    endloop
  endfacet
  facet normal 0 0 -1
    outer loop
      vertex 31.0757 32.6635 26.05
      vertex 31.1089 33.1697 26.05
      vertex 31.1089 32.8303 26.05
    endloop
  endfacet
  facet normal 0 0 -1
    outer loop
      vertex 31.0757 32.6635 26.05
      vertex 31.0757 33.3365 26.05
      vertex 31.1089 33.1697 26.05
    endloop
  endfacet
  facet normal 0 0 -1
    outer loop
      vertex 31.021 32.5025 26.05
      vertex 31.0757 33.3365 26.05
      vertex 31.0757 32.6635 26.05
    endloop
  endfacet
  facet normal 0 0 -1
    outer loop
      vertex 31.021 32.5025 26.05
      vertex 31.021 33.4975 26.05
      vertex 31.0757 33.3365 26.05
    endloop
  endfacet
  facet normal 0 0 -1
    outer loop
      vertex 30.9458 32.35 26.05
      vertex 31.021 33.4975 26.05
      vertex 31.021 32.5025 26.05
    endloop
  endfacet
  facet normal 0 0 -1
    outer loop
      vertex 30.9458 32.35 26.05
      vertex 30.9458 33.65 26.05
      vertex 31.021 33.4975 26.05
    endloop
  endfacet
  facet normal 0 0 -1
    outer loop
      vertex 30.8514 32.2086 26.05
      vertex 30.9458 33.65 26.05
      vertex 30.9458 32.35 26.05
    endloop
  endfacet
  facet normal 0 0 -1
    outer loop
      vertex 30.8514 32.2086 26.05
      vertex 30.8514 33.7914 26.05
      vertex 30.9458 33.65 26.05
    endloop
  endfacet
  facet normal 0 0 -1
    outer loop
      vertex 30.7392 32.0808 26.05
      vertex 30.8514 33.7914 26.05
      vertex 30.8514 32.2086 26.05
    endloop
  endfacet
  facet normal 0 0 -1
    outer loop
      vertex 30.7392 32.0808 26.05
      vertex 30.7392 33.9192 26.05
      vertex 30.8514 33.7914 26.05
    endloop
  endfacet
  facet normal 0 0 -1
    outer loop
      vertex 30.6114 31.9686 26.05
      vertex 30.7392 33.9192 26.05
      vertex 30.7392 32.0808 26.05
    endloop
  endfacet
  facet normal 0 0 -1
    outer loop
      vertex 30.6114 31.9686 26.05
      vertex 30.6114 34.0314 26.05
      vertex 30.7392 33.9192 26.05
    endloop
  endfacet
  facet normal 0 0 -1
    outer loop
      vertex 30.47 31.8742 26.05
      vertex 30.6114 34.0314 26.05
      vertex 30.6114 31.9686 26.05
    endloop
  endfacet
  facet normal 0 0 -1
    outer loop
      vertex 30.47 31.8742 26.05
      vertex 30.47 34.1258 26.05
      vertex 30.6114 34.0314 26.05
    endloop
  endfacet
  facet normal 0 0 -1
    outer loop
      vertex 30.3175 31.799 26.05
      vertex 30.47 34.1258 26.05
      vertex 30.47 31.8742 26.05
    endloop
  endfacet
  facet normal 0 0 -1
    outer loop
      vertex 30.3175 31.799 26.05
      vertex 30.3175 34.201 26.05
      vertex 30.47 34.1258 26.05
    endloop
  endfacet
  facet normal 0 0 -1
    outer loop
      vertex 30.1565 31.7443 26.05
      vertex 30.3175 34.201 26.05
      vertex 30.3175 31.799 26.05
    endloop
  endfacet
  facet normal 0 0 -1
    outer loop
      vertex 30.1565 31.7443 26.05
      vertex 30.1565 34.2557 26.05
      vertex 30.3175 34.201 26.05
    endloop
  endfacet
  facet normal 0 0 -1
    outer loop
      vertex 29.9897 31.7111 26.05
      vertex 30.1565 34.2557 26.05
      vertex 30.1565 31.7443 26.05
    endloop
  endfacet
  facet normal 0 0 -1
    outer loop
      vertex 29.9897 31.7111 26.05
      vertex 29.9897 34.2889 26.05
      vertex 30.1565 34.2557 26.05
    endloop
  endfacet
  facet normal 0 0 -1
    outer loop
      vertex 29.82 31.7 26.05
      vertex 29.9897 34.2889 26.05
      vertex 29.9897 31.7111 26.05
    endloop
  endfacet
  facet normal 0 0 -1
    outer loop
      vertex 29.82 31.7 26.05
      vertex 29.82 34.3 26.05
      vertex 29.9897 34.2889 26.05
    endloop
  endfacet
  facet normal 0 0 -1
    outer loop
      vertex 29.6503 31.7111 26.05
      vertex 29.82 34.3 26.05
      vertex 29.82 31.7 26.05
    endloop
  endfacet
  facet normal 0 0 -1
    outer loop
      vertex 29.6503 31.7111 26.05
      vertex 29.6503 34.2889 26.05
      vertex 29.82 34.3 26.05
    endloop
  endfacet
  facet normal 0 0 -1
    outer loop
      vertex 29.4835 31.7443 26.05
      vertex 29.6503 34.2889 26.05
      vertex 29.6503 31.7111 26.05
    endloop
  endfacet
  facet normal 0 0 -1
    outer loop
      vertex 29.4835 31.7443 26.05
      vertex 29.4835 34.2557 26.05
      vertex 29.6503 34.2889 26.05
    endloop
  endfacet
  facet normal 0 0 -1
    outer loop
      vertex 29.3225 31.799 26.05
      vertex 29.4835 34.2557 26.05
      vertex 29.4835 31.7443 26.05
    endloop
  endfacet
  facet normal 0 0 -1
    outer loop
      vertex 29.3225 31.799 26.05
      vertex 29.3225 34.201 26.05
      vertex 29.4835 34.2557 26.05
    endloop
  endfacet
  facet normal 0 0 -1
    outer loop
      vertex 29.17 31.8742 26.05
      vertex 29.3225 34.201 26.05
      vertex 29.3225 31.799 26.05
    endloop
  endfacet
  facet normal 0 0 -1
    outer loop
      vertex 29.17 31.8742 26.05
      vertex 29.17 34.1258 26.05
      vertex 29.3225 34.201 26.05
    endloop
  endfacet
  facet normal 0 0 -1
    outer loop
      vertex 29.0286 31.9686 26.05
      vertex 29.17 34.1258 26.05
      vertex 29.17 31.8742 26.05
    endloop
  endfacet
  facet normal 0 0 -1
    outer loop
      vertex 29.0286 31.9686 26.05
      vertex 29.0286 34.0314 26.05
      vertex 29.17 34.1258 26.05
    endloop
  endfacet
  facet normal 0 0 -1
    outer loop
      vertex 28.9008 32.0808 26.05
      vertex 29.0286 34.0314 26.05
      vertex 29.0286 31.9686 26.05
    endloop
  endfacet
  facet normal 0 0 -1
    outer loop
      vertex 28.9008 32.0808 26.05
      vertex 28.9008 33.9192 26.05
      vertex 29.0286 34.0314 26.05
    endloop
  endfacet
  facet normal 0 0 -1
    outer loop
      vertex 28.7886 32.2086 26.05
      vertex 28.9008 33.9192 26.05
      vertex 28.9008 32.0808 26.05
    endloop
  endfacet
  facet normal 0 0 -1
    outer loop
      vertex 28.7886 32.2086 26.05
      vertex 28.7886 33.7914 26.05
      vertex 28.9008 33.9192 26.05
    endloop
  endfacet
  facet normal 0 0 -1
    outer loop
      vertex 28.6942 32.35 26.05
      vertex 28.7886 33.7914 26.05
      vertex 28.7886 32.2086 26.05
    endloop
  endfacet
  facet normal 0 0 -1
    outer loop
      vertex 28.6942 32.35 26.05
      vertex 28.6942 33.65 26.05
      vertex 28.7886 33.7914 26.05
    endloop
  endfacet
  facet normal 0 0 -1
    outer loop
      vertex 28.619 32.5025 26.05
      vertex 28.6942 33.65 26.05
      vertex 28.6942 32.35 26.05
    endloop
  endfacet
  facet normal 0 0 -1
    outer loop
      vertex 28.619 32.5025 26.05
      vertex 28.619 33.4975 26.05
      vertex 28.6942 33.65 26.05
    endloop
  endfacet
  facet normal 0 0 -1
    outer loop
      vertex 28.5643 32.6635 26.05
      vertex 28.619 33.4975 26.05
      vertex 28.619 32.5025 26.05
    endloop
  endfacet
  facet normal 0 0 -1
    outer loop
      vertex 28.5643 32.6635 26.05
      vertex 28.5643 33.3365 26.05
      vertex 28.619 33.4975 26.05
    endloop
  endfacet
  facet normal 0 0 -1
    outer loop
      vertex 28.5311 32.8303 26.05
      vertex 28.5643 33.3365 26.05
      vertex 28.5643 32.6635 26.05
    endloop
  endfacet
  facet normal 0 0 -1
    outer loop
      vertex 28.5311 32.8303 26.05
      vertex 28.5311 33.1697 26.05
      vertex 28.5643 33.3365 26.05
    endloop
  endfacet
  facet normal 0 -0 -1
    outer loop
      vertex 28.5311 33.1697 26.05
      vertex 28.5311 32.8303 26.05
      vertex 28.52 33 26.05
    endloop
  endfacet
  facet normal 0 0 -1
    outer loop
      vertex 40.6513 67.3303 26.05
      vertex 40.6513 67.6697 26.05
      vertex 40.6624 67.5 26.05
    endloop
  endfacet
  facet normal 0 0 -1
    outer loop
      vertex 40.6181 67.1635 26.05
      vertex 40.6513 67.6697 26.05
      vertex 40.6513 67.3303 26.05
    endloop
  endfacet
  facet normal 0 0 -1
    outer loop
      vertex 40.6181 67.1635 26.05
      vertex 40.6181 67.8365 26.05
      vertex 40.6513 67.6697 26.05
    endloop
  endfacet
  facet normal 0 0 -1
    outer loop
      vertex 40.5634 67.0025 26.05
      vertex 40.6181 67.8365 26.05
      vertex 40.6181 67.1635 26.05
    endloop
  endfacet
  facet normal 0 0 -1
    outer loop
      vertex 40.5634 67.0025 26.05
      vertex 40.5634 67.9975 26.05
      vertex 40.6181 67.8365 26.05
    endloop
  endfacet
  facet normal 0 0 -1
    outer loop
      vertex 40.4882 66.85 26.05
      vertex 40.5634 67.9975 26.05
      vertex 40.5634 67.0025 26.05
    endloop
  endfacet
  facet normal 0 0 -1
    outer loop
      vertex 40.4882 66.85 26.05
      vertex 40.4882 68.15 26.05
      vertex 40.5634 67.9975 26.05
    endloop
  endfacet
  facet normal 0 0 -1
    outer loop
      vertex 40.3938 66.7086 26.05
      vertex 40.4882 68.15 26.05
      vertex 40.4882 66.85 26.05
    endloop
  endfacet
  facet normal 0 0 -1
    outer loop
      vertex 40.3938 66.7086 26.05
      vertex 40.3938 68.2914 26.05
      vertex 40.4882 68.15 26.05
    endloop
  endfacet
  facet normal 0 0 -1
    outer loop
      vertex 40.2816 66.5808 26.05
      vertex 40.3938 68.2914 26.05
      vertex 40.3938 66.7086 26.05
    endloop
  endfacet
  facet normal 0 0 -1
    outer loop
      vertex 40.2816 66.5808 26.05
      vertex 40.2816 68.4192 26.05
      vertex 40.3938 68.2914 26.05
    endloop
  endfacet
  facet normal 0 0 -1
    outer loop
      vertex 40.1538 66.4686 26.05
      vertex 40.2816 68.4192 26.05
      vertex 40.2816 66.5808 26.05
    endloop
  endfacet
  facet normal 0 0 -1
    outer loop
      vertex 40.1538 66.4686 26.05
      vertex 40.1538 68.5314 26.05
      vertex 40.2816 68.4192 26.05
    endloop
  endfacet
  facet normal 0 0 -1
    outer loop
      vertex 40.0124 66.3742 26.05
      vertex 40.1538 68.5314 26.05
      vertex 40.1538 66.4686 26.05
    endloop
  endfacet
  facet normal 0 0 -1
    outer loop
      vertex 40.0124 66.3742 26.05
      vertex 40.0124 68.6258 26.05
      vertex 40.1538 68.5314 26.05
    endloop
  endfacet
  facet normal 0 0 -1
    outer loop
      vertex 39.8599 66.299 26.05
      vertex 40.0124 68.6258 26.05
      vertex 40.0124 66.3742 26.05
    endloop
  endfacet
  facet normal 0 0 -1
    outer loop
      vertex 39.8599 66.299 26.05
      vertex 39.8599 68.701 26.05
      vertex 40.0124 68.6258 26.05
    endloop
  endfacet
  facet normal 0 0 -1
    outer loop
      vertex 39.6989 66.2443 26.05
      vertex 39.8599 68.701 26.05
      vertex 39.8599 66.299 26.05
    endloop
  endfacet
  facet normal 0 0 -1
    outer loop
      vertex 39.6989 66.2443 26.05
      vertex 39.6989 68.7557 26.05
      vertex 39.8599 68.701 26.05
    endloop
  endfacet
  facet normal 0 0 -1
    outer loop
      vertex 39.5321 66.2111 26.05
      vertex 39.6989 68.7557 26.05
      vertex 39.6989 66.2443 26.05
    endloop
  endfacet
  facet normal 0 0 -1
    outer loop
      vertex 39.5321 66.2111 26.05
      vertex 39.5321 68.7889 26.05
      vertex 39.6989 68.7557 26.05
    endloop
  endfacet
  facet normal 0 0 -1
    outer loop
      vertex 39.3624 66.2 26.05
      vertex 39.5321 68.7889 26.05
      vertex 39.5321 66.2111 26.05
    endloop
  endfacet
  facet normal 0 0 -1
    outer loop
      vertex 39.3624 66.2 26.05
      vertex 39.3624 68.8 26.05
      vertex 39.5321 68.7889 26.05
    endloop
  endfacet
  facet normal 0 0 -1
    outer loop
      vertex 39.1927 66.2111 26.05
      vertex 39.3624 68.8 26.05
      vertex 39.3624 66.2 26.05
    endloop
  endfacet
  facet normal 0 0 -1
    outer loop
      vertex 39.1927 66.2111 26.05
      vertex 39.1927 68.7889 26.05
      vertex 39.3624 68.8 26.05
    endloop
  endfacet
  facet normal 0 0 -1
    outer loop
      vertex 39.0259 66.2443 26.05
      vertex 39.1927 68.7889 26.05
      vertex 39.1927 66.2111 26.05
    endloop
  endfacet
  facet normal 0 0 -1
    outer loop
      vertex 39.0259 66.2443 26.05
      vertex 39.0259 68.7557 26.05
      vertex 39.1927 68.7889 26.05
    endloop
  endfacet
  facet normal 0 0 -1
    outer loop
      vertex 38.8649 66.299 26.05
      vertex 39.0259 68.7557 26.05
      vertex 39.0259 66.2443 26.05
    endloop
  endfacet
  facet normal 0 0 -1
    outer loop
      vertex 38.8649 66.299 26.05
      vertex 38.8649 68.701 26.05
      vertex 39.0259 68.7557 26.05
    endloop
  endfacet
  facet normal 0 0 -1
    outer loop
      vertex 38.7124 66.3742 26.05
      vertex 38.8649 68.701 26.05
      vertex 38.8649 66.299 26.05
    endloop
  endfacet
  facet normal 0 0 -1
    outer loop
      vertex 38.7124 66.3742 26.05
      vertex 38.7124 68.6258 26.05
      vertex 38.8649 68.701 26.05
    endloop
  endfacet
  facet normal 0 0 -1
    outer loop
      vertex 38.571 66.4686 26.05
      vertex 38.7124 68.6258 26.05
      vertex 38.7124 66.3742 26.05
    endloop
  endfacet
  facet normal 0 0 -1
    outer loop
      vertex 38.571 66.4686 26.05
      vertex 38.571 68.5314 26.05
      vertex 38.7124 68.6258 26.05
    endloop
  endfacet
  facet normal 0 0 -1
    outer loop
      vertex 38.4432 66.5808 26.05
      vertex 38.571 68.5314 26.05
      vertex 38.571 66.4686 26.05
    endloop
  endfacet
  facet normal 0 0 -1
    outer loop
      vertex 38.4432 66.5808 26.05
      vertex 38.4432 68.4192 26.05
      vertex 38.571 68.5314 26.05
    endloop
  endfacet
  facet normal 0 0 -1
    outer loop
      vertex 38.331 66.7086 26.05
      vertex 38.4432 68.4192 26.05
      vertex 38.4432 66.5808 26.05
    endloop
  endfacet
  facet normal 0 0 -1
    outer loop
      vertex 38.331 66.7086 26.05
      vertex 38.331 68.2914 26.05
      vertex 38.4432 68.4192 26.05
    endloop
  endfacet
  facet normal 0 0 -1
    outer loop
      vertex 38.2366 66.85 26.05
      vertex 38.331 68.2914 26.05
      vertex 38.331 66.7086 26.05
    endloop
  endfacet
  facet normal 0 0 -1
    outer loop
      vertex 38.2366 66.85 26.05
      vertex 38.2366 68.15 26.05
      vertex 38.331 68.2914 26.05
    endloop
  endfacet
  facet normal 0 0 -1
    outer loop
      vertex 38.1614 67.0025 26.05
      vertex 38.2366 68.15 26.05
      vertex 38.2366 66.85 26.05
    endloop
  endfacet
  facet normal 0 0 -1
    outer loop
      vertex 38.1614 67.0025 26.05
      vertex 38.1614 67.9975 26.05
      vertex 38.2366 68.15 26.05
    endloop
  endfacet
  facet normal 0 0 -1
    outer loop
      vertex 38.1067 67.1635 26.05
      vertex 38.1614 67.9975 26.05
      vertex 38.1614 67.0025 26.05
    endloop
  endfacet
  facet normal 0 0 -1
    outer loop
      vertex 38.1067 67.1635 26.05
      vertex 38.1067 67.8365 26.05
      vertex 38.1614 67.9975 26.05
    endloop
  endfacet
  facet normal 0 0 -1
    outer loop
      vertex 38.0735 67.3303 26.05
      vertex 38.1067 67.8365 26.05
      vertex 38.1067 67.1635 26.05
    endloop
  endfacet
  facet normal 0 0 -1
    outer loop
      vertex 38.0735 67.3303 26.05
      vertex 38.0735 67.6697 26.05
      vertex 38.1067 67.8365 26.05
    endloop
  endfacet
  facet normal 0 -0 -1
    outer loop
      vertex 38.0735 67.6697 26.05
      vertex 38.0735 67.3303 26.05
      vertex 38.0624 67.5 26.05
    endloop
  endfacet
  facet normal 1 0 0
    outer loop
      vertex 2.4 87.7 19.5
      vertex 2.4 93.7 26.05
      vertex 2.4 87.7 26
    endloop
  endfacet
  facet normal 1 0 0
    outer loop
      vertex 2.4 93.7 26.05
      vertex 2.4 85.9 26
      vertex 2.4 87.7 26
    endloop
  endfacet
  facet normal 1 0 0
    outer loop
      vertex 2.4 85.9 26
      vertex 2.4 83.3 26
      vertex 2.4 85.9 19.5
    endloop
  endfacet
  facet normal 1 0 0
    outer loop
      vertex 2.4 93.7 26.05
      vertex 2.4 83.3 26
      vertex 2.4 85.9 26
    endloop
  endfacet
  facet normal 1 0 0
    outer loop
      vertex 2.4 93.7 26.05
      vertex 2.4 81.5 26
      vertex 2.4 83.3 26
    endloop
  endfacet
  facet normal 1 0 0
    outer loop
      vertex 2.4 81.5 26
      vertex 2.4 78.9 26
      vertex 2.4 81.5 19.5
    endloop
  endfacet
  facet normal 1 0 0
    outer loop
      vertex 2.4 93.7 26.05
      vertex 2.4 78.9 26
      vertex 2.4 81.5 26
    endloop
  endfacet
  facet normal 1 0 0
    outer loop
      vertex 2.4 93.7 26.05
      vertex 2.4 77.1 26
      vertex 2.4 78.9 26
    endloop
  endfacet
  facet normal 1 0 0
    outer loop
      vertex 2.4 77.1 26
      vertex 2.4 74.5 26
      vertex 2.4 77.1 19.5
    endloop
  endfacet
  facet normal 1 0 0
    outer loop
      vertex 2.4 93.7 26.05
      vertex 2.4 74.5 26
      vertex 2.4 77.1 26
    endloop
  endfacet
  facet normal 1 0 0
    outer loop
      vertex 2.4 93.7 26.05
      vertex 2.4 72.7 26
      vertex 2.4 74.5 26
    endloop
  endfacet
  facet normal 1 0 0
    outer loop
      vertex 2.4 72.7 26
      vertex 2.4 70.1 26
      vertex 2.4 72.7 19.5
    endloop
  endfacet
  facet normal 1 0 0
    outer loop
      vertex 2.4 93.7 26.05
      vertex 2.4 70.1 26
      vertex 2.4 72.7 26
    endloop
  endfacet
  facet normal 1 0 0
    outer loop
      vertex 2.4 93.7 26.05
      vertex 2.4 68.3 26
      vertex 2.4 70.1 26
    endloop
  endfacet
  facet normal 1 0 0
    outer loop
      vertex 2.4 68.3 26
      vertex 2.4 65.7 26
      vertex 2.4 68.3 19.5
    endloop
  endfacet
  facet normal 1 0 0
    outer loop
      vertex 2.4 93.7 26.05
      vertex 2.4 65.7 26
      vertex 2.4 68.3 26
    endloop
  endfacet
  facet normal 1 0 0
    outer loop
      vertex 2.4 93.7 26.05
      vertex 2.4 63.9 26
      vertex 2.4 65.7 26
    endloop
  endfacet
  facet normal 1 0 0
    outer loop
      vertex 2.4 63.9 26
      vertex 2.4 61.3 26
      vertex 2.4 63.9 19.5
    endloop
  endfacet
  facet normal 1 0 0
    outer loop
      vertex 2.4 93.7 26.05
      vertex 2.4 61.3 26
      vertex 2.4 63.9 26
    endloop
  endfacet
  facet normal 1 0 0
    outer loop
      vertex 2.4 93.7 26.05
      vertex 2.4 59.5 26
      vertex 2.4 61.3 26
    endloop
  endfacet
  facet normal 1 0 0
    outer loop
      vertex 2.4 59.5 26
      vertex 2.4 56.9 26
      vertex 2.4 59.5 19.5
    endloop
  endfacet
  facet normal 1 0 0
    outer loop
      vertex 2.4 93.7 26.05
      vertex 2.4 56.9 26
      vertex 2.4 59.5 26
    endloop
  endfacet
  facet normal 1 0 0
    outer loop
      vertex 2.4 93.7 26.05
      vertex 2.4 55.1 26
      vertex 2.4 56.9 26
    endloop
  endfacet
  facet normal 1 0 0
    outer loop
      vertex 2.4 55.1 26
      vertex 2.4 52.5 26
      vertex 2.4 55.1 19.5
    endloop
  endfacet
  facet normal 1 0 0
    outer loop
      vertex 2.4 93.7 26.05
      vertex 2.4 52.5 26
      vertex 2.4 55.1 26
    endloop
  endfacet
  facet normal 1 0 0
    outer loop
      vertex 2.4 93.7 26.05
      vertex 2.4 50.7 26
      vertex 2.4 52.5 26
    endloop
  endfacet
  facet normal 1 0 0
    outer loop
      vertex 2.4 50.7 26
      vertex 2.4 14 20.275
      vertex 2.4 50.7 19.5
    endloop
  endfacet
  facet normal 1 -0 0
    outer loop
      vertex 2.4 4 26.05
      vertex 2.4 50.7 26
      vertex 2.4 93.7 26.05
    endloop
  endfacet
  facet normal 1 0 0
    outer loop
      vertex 2.4 4 26.05
      vertex 2.4 14 20.275
      vertex 2.4 50.7 26
    endloop
  endfacet
  facet normal 1 0 0
    outer loop
      vertex 2.4 14 20.275
      vertex 2.4 4 26.05
      vertex 2.4 4 20.275
    endloop
  endfacet
  facet normal 1 0 0
    outer loop
      vertex 2.4 93.7 26.05
      vertex 2.4 87.7 19.5
      vertex 2.4 93.7 15
    endloop
  endfacet
  facet normal 1 -0 0
    outer loop
      vertex 2.4 85.9 19.5
      vertex 2.4 93.7 15
      vertex 2.4 87.7 19.5
    endloop
  endfacet
  facet normal 1 0 0
    outer loop
      vertex 2.4 83.3 19.5
      vertex 2.4 85.9 19.5
      vertex 2.4 83.3 26
    endloop
  endfacet
  facet normal 1 -0 0
    outer loop
      vertex 2.4 83.3 19.5
      vertex 2.4 93.7 15
      vertex 2.4 85.9 19.5
    endloop
  endfacet
  facet normal 1 -0 0
    outer loop
      vertex 2.4 81.5 19.5
      vertex 2.4 93.7 15
      vertex 2.4 83.3 19.5
    endloop
  endfacet
  facet normal 1 0 0
    outer loop
      vertex 2.4 78.9 19.5
      vertex 2.4 81.5 19.5
      vertex 2.4 78.9 26
    endloop
  endfacet
  facet normal 1 -0 0
    outer loop
      vertex 2.4 78.9 19.5
      vertex 2.4 93.7 15
      vertex 2.4 81.5 19.5
    endloop
  endfacet
  facet normal 1 -0 0
    outer loop
      vertex 2.4 77.1 19.5
      vertex 2.4 93.7 15
      vertex 2.4 78.9 19.5
    endloop
  endfacet
  facet normal 1 0 0
    outer loop
      vertex 2.4 74.5 19.5
      vertex 2.4 77.1 19.5
      vertex 2.4 74.5 26
    endloop
  endfacet
  facet normal 1 -0 0
    outer loop
      vertex 2.4 74.5 19.5
      vertex 2.4 93.7 15
      vertex 2.4 77.1 19.5
    endloop
  endfacet
  facet normal 1 -0 0
    outer loop
      vertex 2.4 72.7 19.5
      vertex 2.4 93.7 15
      vertex 2.4 74.5 19.5
    endloop
  endfacet
  facet normal 1 0 0
    outer loop
      vertex 2.4 70.1 19.5
      vertex 2.4 72.7 19.5
      vertex 2.4 70.1 26
    endloop
  endfacet
  facet normal 1 -0 0
    outer loop
      vertex 2.4 70.1 19.5
      vertex 2.4 93.7 15
      vertex 2.4 72.7 19.5
    endloop
  endfacet
  facet normal 1 -0 0
    outer loop
      vertex 2.4 68.3 19.5
      vertex 2.4 93.7 15
      vertex 2.4 70.1 19.5
    endloop
  endfacet
  facet normal 1 0 0
    outer loop
      vertex 2.4 65.7 19.5
      vertex 2.4 68.3 19.5
      vertex 2.4 65.7 26
    endloop
  endfacet
  facet normal 1 -0 0
    outer loop
      vertex 2.4 65.7 19.5
      vertex 2.4 93.7 15
      vertex 2.4 68.3 19.5
    endloop
  endfacet
  facet normal 1 -0 0
    outer loop
      vertex 2.4 63.9 19.5
      vertex 2.4 93.7 15
      vertex 2.4 65.7 19.5
    endloop
  endfacet
  facet normal 1 0 0
    outer loop
      vertex 2.4 61.3 19.5
      vertex 2.4 63.9 19.5
      vertex 2.4 61.3 26
    endloop
  endfacet
  facet normal 1 -0 0
    outer loop
      vertex 2.4 61.3 19.5
      vertex 2.4 93.7 15
      vertex 2.4 63.9 19.5
    endloop
  endfacet
  facet normal 1 -0 0
    outer loop
      vertex 2.4 59.5 19.5
      vertex 2.4 93.7 15
      vertex 2.4 61.3 19.5
    endloop
  endfacet
  facet normal 1 0 0
    outer loop
      vertex 2.4 56.9 19.5
      vertex 2.4 59.5 19.5
      vertex 2.4 56.9 26
    endloop
  endfacet
  facet normal 1 -0 0
    outer loop
      vertex 2.4 56.9 19.5
      vertex 2.4 93.7 15
      vertex 2.4 59.5 19.5
    endloop
  endfacet
  facet normal 1 -0 0
    outer loop
      vertex 2.4 55.1 19.5
      vertex 2.4 93.7 15
      vertex 2.4 56.9 19.5
    endloop
  endfacet
  facet normal 1 0 0
    outer loop
      vertex 2.4 52.5 19.5
      vertex 2.4 55.1 19.5
      vertex 2.4 52.5 26
    endloop
  endfacet
  facet normal 1 -0 0
    outer loop
      vertex 2.4 52.5 19.5
      vertex 2.4 93.7 15
      vertex 2.4 55.1 19.5
    endloop
  endfacet
  facet normal 1 0 0
    outer loop
      vertex 2.4 14 15
      vertex 2.4 52.5 19.5
      vertex 2.4 50.7 19.5
    endloop
  endfacet
  facet normal 1 0 0
    outer loop
      vertex 2.4 14 15
      vertex 2.4 50.7 19.5
      vertex 2.4 14 20.275
    endloop
  endfacet
  facet normal 1 0 0
    outer loop
      vertex 2.4 52.5 19.5
      vertex 2.4 14 15
      vertex 2.4 93.7 15
    endloop
  endfacet
  facet normal 0 -1 0
    outer loop
      vertex 45 93.7 19.5
      vertex 47.6 93.7 26
      vertex 45 93.7 26
    endloop
  endfacet
  facet normal 0 -1 -0
    outer loop
      vertex 47.6 93.7 26
      vertex 45 93.7 19.5
      vertex 47.6 93.7 19.5
    endloop
  endfacet
  facet normal 0 -1 0
    outer loop
      vertex 40.6 93.7 19.5
      vertex 43.2 93.7 26
      vertex 40.6 93.7 26
    endloop
  endfacet
  facet normal 0 -1 -0
    outer loop
      vertex 43.2 93.7 26
      vertex 40.6 93.7 19.5
      vertex 43.2 93.7 19.5
    endloop
  endfacet
  facet normal 0 -1 0
    outer loop
      vertex 36.2 93.7 19.5
      vertex 38.8 93.7 26
      vertex 36.2 93.7 26
    endloop
  endfacet
  facet normal 0 -1 -0
    outer loop
      vertex 38.8 93.7 26
      vertex 36.2 93.7 19.5
      vertex 38.8 93.7 19.5
    endloop
  endfacet
  facet normal 0 -1 0
    outer loop
      vertex 31.8 93.7 19.5
      vertex 34.4 93.7 26
      vertex 31.8 93.7 26
    endloop
  endfacet
  facet normal 0 -1 -0
    outer loop
      vertex 34.4 93.7 26
      vertex 31.8 93.7 19.5
      vertex 34.4 93.7 19.5
    endloop
  endfacet
  facet normal 0 -1 0
    outer loop
      vertex 27.4 93.7 19.5
      vertex 30 93.7 26
      vertex 27.4 93.7 26
    endloop
  endfacet
  facet normal 0 -1 -0
    outer loop
      vertex 30 93.7 26
      vertex 27.4 93.7 19.5
      vertex 30 93.7 19.5
    endloop
  endfacet
  facet normal 0 -1 0
    outer loop
      vertex 23 93.7 19.5
      vertex 25.6 93.7 26
      vertex 23 93.7 26
    endloop
  endfacet
  facet normal 0 -1 -0
    outer loop
      vertex 25.6 93.7 26
      vertex 23 93.7 19.5
      vertex 25.6 93.7 19.5
    endloop
  endfacet
  facet normal 0 -1 0
    outer loop
      vertex 18.6 93.7 19.5
      vertex 21.2 93.7 26
      vertex 18.6 93.7 26
    endloop
  endfacet
  facet normal 0 -1 -0
    outer loop
      vertex 21.2 93.7 26
      vertex 18.6 93.7 19.5
      vertex 21.2 93.7 19.5
    endloop
  endfacet
  facet normal 0 -1 0
    outer loop
      vertex 14.2 93.7 19.5
      vertex 16.8 93.7 26
      vertex 14.2 93.7 26
    endloop
  endfacet
  facet normal 0 -1 -0
    outer loop
      vertex 16.8 93.7 26
      vertex 14.2 93.7 19.5
      vertex 16.8 93.7 19.5
    endloop
  endfacet
  facet normal 0 -1 0
    outer loop
      vertex 9.8 93.7 19.5
      vertex 12.4 93.7 26
      vertex 9.8 93.7 26
    endloop
  endfacet
  facet normal 0 -1 -0
    outer loop
      vertex 12.4 93.7 26
      vertex 9.8 93.7 19.5
      vertex 12.4 93.7 19.5
    endloop
  endfacet
  facet normal 0 -1 0
    outer loop
      vertex 2.4 93.7 26.05
      vertex 8 93.7 26
      vertex 57.24 93.7 26.05
    endloop
  endfacet
  facet normal 0 -1 0
    outer loop
      vertex 2.4 93.7 26.05
      vertex 8 93.7 19.5
      vertex 8 93.7 26
    endloop
  endfacet
  facet normal 0 -1 0
    outer loop
      vertex 7.4 93.7 16
      vertex 9.8 93.7 19.5
      vertex 8 93.7 19.5
    endloop
  endfacet
  facet normal 0 -1 -0
    outer loop
      vertex 9.8 93.7 19.5
      vertex 7.4 93.7 16
      vertex 12.4 93.7 19.5
    endloop
  endfacet
  facet normal 0 -1 -0
    outer loop
      vertex 12.4 93.7 19.5
      vertex 7.4 93.7 16
      vertex 14.2 93.7 19.5
    endloop
  endfacet
  facet normal 0 -1 -0
    outer loop
      vertex 14.2 93.7 19.5
      vertex 7.4 93.7 16
      vertex 16.8 93.7 19.5
    endloop
  endfacet
  facet normal 0 -1 -0
    outer loop
      vertex 16.8 93.7 19.5
      vertex 7.4 93.7 16
      vertex 18.6 93.7 19.5
    endloop
  endfacet
  facet normal 0 -1 -0
    outer loop
      vertex 18.6 93.7 19.5
      vertex 7.4 93.7 16
      vertex 21.2 93.7 19.5
    endloop
  endfacet
  facet normal 0 -1 -0
    outer loop
      vertex 21.2 93.7 19.5
      vertex 7.4 93.7 16
      vertex 23 93.7 19.5
    endloop
  endfacet
  facet normal 0 -1 -0
    outer loop
      vertex 23 93.7 19.5
      vertex 7.4 93.7 16
      vertex 25.6 93.7 19.5
    endloop
  endfacet
  facet normal 0 -1 -0
    outer loop
      vertex 25.6 93.7 19.5
      vertex 7.4 93.7 16
      vertex 27.4 93.7 19.5
    endloop
  endfacet
  facet normal 0 -1 -0
    outer loop
      vertex 27.4 93.7 19.5
      vertex 7.4 93.7 16
      vertex 30 93.7 19.5
    endloop
  endfacet
  facet normal 0 -1 0
    outer loop
      vertex 52.24 93.7 16
      vertex 30 93.7 19.5
      vertex 7.4 93.7 16
    endloop
  endfacet
  facet normal 0 -1 0
    outer loop
      vertex 30 93.7 19.5
      vertex 52.24 93.7 16
      vertex 31.8 93.7 19.5
    endloop
  endfacet
  facet normal 0 -1 0
    outer loop
      vertex 31.8 93.7 19.5
      vertex 52.24 93.7 16
      vertex 34.4 93.7 19.5
    endloop
  endfacet
  facet normal 0 -1 0
    outer loop
      vertex 34.4 93.7 19.5
      vertex 52.24 93.7 16
      vertex 36.2 93.7 19.5
    endloop
  endfacet
  facet normal 0 -1 0
    outer loop
      vertex 36.2 93.7 19.5
      vertex 52.24 93.7 16
      vertex 38.8 93.7 19.5
    endloop
  endfacet
  facet normal 0 -1 0
    outer loop
      vertex 38.8 93.7 19.5
      vertex 52.24 93.7 16
      vertex 40.6 93.7 19.5
    endloop
  endfacet
  facet normal 0 -1 0
    outer loop
      vertex 40.6 93.7 19.5
      vertex 52.24 93.7 16
      vertex 43.2 93.7 19.5
    endloop
  endfacet
  facet normal 0 -1 0
    outer loop
      vertex 43.2 93.7 19.5
      vertex 52.24 93.7 16
      vertex 45 93.7 19.5
    endloop
  endfacet
  facet normal 0 -1 0
    outer loop
      vertex 45 93.7 19.5
      vertex 52.24 93.7 16
      vertex 47.6 93.7 19.5
    endloop
  endfacet
  facet normal 0 -1 0
    outer loop
      vertex 2.4 93.7 15
      vertex 8 93.7 19.5
      vertex 2.4 93.7 26.05
    endloop
  endfacet
  facet normal 0 -1 0
    outer loop
      vertex 8 93.7 19.5
      vertex 2.4 93.7 15
      vertex 7.4 93.7 16
    endloop
  endfacet
  facet normal 0 -1 -0
    outer loop
      vertex 7.4 93.7 16
      vertex 2.4 93.7 15
      vertex 7.4 93.7 15
    endloop
  endfacet
  facet normal 0 -1 0
    outer loop
      vertex 9.8 93.7 26
      vertex 57.24 93.7 26.05
      vertex 8 93.7 26
    endloop
  endfacet
  facet normal 0 -1 0
    outer loop
      vertex 12.4 93.7 26
      vertex 57.24 93.7 26.05
      vertex 9.8 93.7 26
    endloop
  endfacet
  facet normal 0 -1 0
    outer loop
      vertex 14.2 93.7 26
      vertex 57.24 93.7 26.05
      vertex 12.4 93.7 26
    endloop
  endfacet
  facet normal 0 -1 0
    outer loop
      vertex 16.8 93.7 26
      vertex 57.24 93.7 26.05
      vertex 14.2 93.7 26
    endloop
  endfacet
  facet normal 0 -1 0
    outer loop
      vertex 18.6 93.7 26
      vertex 57.24 93.7 26.05
      vertex 16.8 93.7 26
    endloop
  endfacet
  facet normal 0 -1 0
    outer loop
      vertex 21.2 93.7 26
      vertex 57.24 93.7 26.05
      vertex 18.6 93.7 26
    endloop
  endfacet
  facet normal 0 -1 0
    outer loop
      vertex 23 93.7 26
      vertex 57.24 93.7 26.05
      vertex 21.2 93.7 26
    endloop
  endfacet
  facet normal 0 -1 0
    outer loop
      vertex 25.6 93.7 26
      vertex 57.24 93.7 26.05
      vertex 23 93.7 26
    endloop
  endfacet
  facet normal 0 -1 0
    outer loop
      vertex 27.4 93.7 26
      vertex 57.24 93.7 26.05
      vertex 25.6 93.7 26
    endloop
  endfacet
  facet normal 0 -1 0
    outer loop
      vertex 30 93.7 26
      vertex 57.24 93.7 26.05
      vertex 27.4 93.7 26
    endloop
  endfacet
  facet normal 0 -1 0
    outer loop
      vertex 31.8 93.7 26
      vertex 57.24 93.7 26.05
      vertex 30 93.7 26
    endloop
  endfacet
  facet normal 0 -1 0
    outer loop
      vertex 34.4 93.7 26
      vertex 57.24 93.7 26.05
      vertex 31.8 93.7 26
    endloop
  endfacet
  facet normal 0 -1 0
    outer loop
      vertex 36.2 93.7 26
      vertex 57.24 93.7 26.05
      vertex 34.4 93.7 26
    endloop
  endfacet
  facet normal 0 -1 0
    outer loop
      vertex 38.8 93.7 26
      vertex 57.24 93.7 26.05
      vertex 36.2 93.7 26
    endloop
  endfacet
  facet normal 0 -1 0
    outer loop
      vertex 40.6 93.7 26
      vertex 57.24 93.7 26.05
      vertex 38.8 93.7 26
    endloop
  endfacet
  facet normal 0 -1 0
    outer loop
      vertex 43.2 93.7 26
      vertex 57.24 93.7 26.05
      vertex 40.6 93.7 26
    endloop
  endfacet
  facet normal 0 -1 0
    outer loop
      vertex 45 93.7 26
      vertex 57.24 93.7 26.05
      vertex 43.2 93.7 26
    endloop
  endfacet
  facet normal 0 -1 0
    outer loop
      vertex 47.6 93.7 26
      vertex 57.24 93.7 26.05
      vertex 45 93.7 26
    endloop
  endfacet
  facet normal 0 -1 0
    outer loop
      vertex 49.4 93.7 26
      vertex 57.24 93.7 26.05
      vertex 47.6 93.7 26
    endloop
  endfacet
  facet normal 0 -1 0
    outer loop
      vertex 49.4 93.7 19.5
      vertex 57.24 93.7 26.05
      vertex 49.4 93.7 26
    endloop
  endfacet
  facet normal 0 -1 0
    outer loop
      vertex 47.6 93.7 19.5
      vertex 52.24 93.7 16
      vertex 49.4 93.7 19.5
    endloop
  endfacet
  facet normal 0 -1 0
    outer loop
      vertex 52.24 93.7 16
      vertex 57.24 93.7 26.05
      vertex 49.4 93.7 19.5
    endloop
  endfacet
  facet normal 0 -1 0
    outer loop
      vertex 57.24 93.7 15
      vertex 52.24 93.7 16
      vertex 52.24 93.7 15
    endloop
  endfacet
  facet normal 0 -1 0
    outer loop
      vertex 52.24 93.7 16
      vertex 57.24 93.7 15
      vertex 57.24 93.7 26.05
    endloop
  endfacet
  facet normal 0 1 -0
    outer loop
      vertex 52.3221 4 23.5158
      vertex 48.7445 4 26.05
      vertex 57.24 4 26.05
    endloop
  endfacet
  facet normal 0 1 0
    outer loop
      vertex 48.7445 4 26.05
      vertex 52.3221 4 23.5158
      vertex 51.8 4 23.55
    endloop
  endfacet
  facet normal 0 1 0
    outer loop
      vertex 57.24 4 26.05
      vertex 52.8353 4 23.4137
      vertex 52.3221 4 23.5158
    endloop
  endfacet
  facet normal 0 1 0
    outer loop
      vertex 57.24 4 26.05
      vertex 53.3307 4 23.2455
      vertex 52.8353 4 23.4137
    endloop
  endfacet
  facet normal 0 1 0
    outer loop
      vertex 57.24 4 26.05
      vertex 53.8 4 23.0141
      vertex 53.3307 4 23.2455
    endloop
  endfacet
  facet normal 0 1 0
    outer loop
      vertex 57.24 4 26.05
      vertex 54.235 4 22.7234
      vertex 53.8 4 23.0141
    endloop
  endfacet
  facet normal 0 1 0
    outer loop
      vertex 57.24 4 26.05
      vertex 54.6284 4 22.3784
      vertex 54.235 4 22.7234
    endloop
  endfacet
  facet normal 0 1 0
    outer loop
      vertex 57.24 4 26.05
      vertex 54.9734 4 21.985
      vertex 54.6284 4 22.3784
    endloop
  endfacet
  facet normal 0 1 0
    outer loop
      vertex 57.24 4 26.05
      vertex 55.2641 4 21.55
      vertex 54.9734 4 21.985
    endloop
  endfacet
  facet normal 0 1 0
    outer loop
      vertex 57.24 4 26.05
      vertex 55.4955 4 21.0807
      vertex 55.2641 4 21.55
    endloop
  endfacet
  facet normal 0 1 0
    outer loop
      vertex 57.24 4 26.05
      vertex 55.6637 4 20.5853
      vertex 55.4955 4 21.0807
    endloop
  endfacet
  facet normal 0 1 0
    outer loop
      vertex 57.24 4 26.05
      vertex 55.7658 4 20.0721
      vertex 55.6637 4 20.5853
    endloop
  endfacet
  facet normal 0 1 0
    outer loop
      vertex 57.24 4 26.05
      vertex 55.8 4 19.55
      vertex 55.7658 4 20.0721
    endloop
  endfacet
  facet normal 0 1 -0
    outer loop
      vertex 57.24 4 15
      vertex 55.8 4 19.55
      vertex 57.24 4 26.05
    endloop
  endfacet
  facet normal 0 1 0
    outer loop
      vertex 55.8 4 19.55
      vertex 57.24 4 15
      vertex 55.7658 4 19.0279
    endloop
  endfacet
  facet normal 0 1 0
    outer loop
      vertex 55.7658 4 19.0279
      vertex 57.24 4 15
      vertex 55.6637 4 18.5147
    endloop
  endfacet
  facet normal 0 1 0
    outer loop
      vertex 57.24 4 15
      vertex 55.4955 4 18.0193
      vertex 55.6637 4 18.5147
    endloop
  endfacet
  facet normal 0 1 0
    outer loop
      vertex 57.24 4 15
      vertex 55.2641 4 17.55
      vertex 55.4955 4 18.0193
    endloop
  endfacet
  facet normal 0 1 0
    outer loop
      vertex 57.24 4 15
      vertex 54.9734 4 17.115
      vertex 55.2641 4 17.55
    endloop
  endfacet
  facet normal 0 1 0
    outer loop
      vertex 57.24 4 15
      vertex 54.6284 4 16.7216
      vertex 54.9734 4 17.115
    endloop
  endfacet
  facet normal 0 1 0
    outer loop
      vertex 57.24 4 15
      vertex 54.235 4 16.3766
      vertex 54.6284 4 16.7216
    endloop
  endfacet
  facet normal 0 1 0
    outer loop
      vertex 57.24 4 15
      vertex 53.8 4 16.0859
      vertex 54.235 4 16.3766
    endloop
  endfacet
  facet normal 0 1 0
    outer loop
      vertex 57.24 4 15
      vertex 53.3307 4 15.8545
      vertex 53.8 4 16.0859
    endloop
  endfacet
  facet normal 0 1 0
    outer loop
      vertex 52.24 4 15
      vertex 53.3307 4 15.8545
      vertex 57.24 4 15
    endloop
  endfacet
  facet normal 0 1 0
    outer loop
      vertex 53.3307 4 15.8545
      vertex 52.24 4 15
      vertex 52.8353 4 15.6863
    endloop
  endfacet
  facet normal 0 1 0
    outer loop
      vertex 52.8353 4 15.6863
      vertex 52.24 4 15
      vertex 52.3221 4 15.5842
    endloop
  endfacet
  facet normal 0 1 0
    outer loop
      vertex 52.3221 4 15.5842
      vertex 52.24 4 15
      vertex 52.24 4 15.5788
    endloop
  endfacet
  facet normal 0 1 -0
    outer loop
      vertex 51.2779 4 23.5158
      vertex 48.7445 4 26.05
      vertex 51.8 4 23.55
    endloop
  endfacet
  facet normal 0 1 -0
    outer loop
      vertex 50.7647 4 23.4137
      vertex 48.7445 4 26.05
      vertex 51.2779 4 23.5158
    endloop
  endfacet
  facet normal 0 1 -0
    outer loop
      vertex 50.2693 4 23.2455
      vertex 48.7445 4 26.05
      vertex 50.7647 4 23.4137
    endloop
  endfacet
  facet normal 0 1 -0
    outer loop
      vertex 49.8 4 23.0141
      vertex 48.7445 4 26.05
      vertex 50.2693 4 23.2455
    endloop
  endfacet
  facet normal 0 1 -0
    outer loop
      vertex 49.365 4 22.7234
      vertex 48.7445 4 26.05
      vertex 49.8 4 23.0141
    endloop
  endfacet
  facet normal 0 1 -0
    outer loop
      vertex 48.9716 4 22.3784
      vertex 48.7445 4 26.05
      vertex 49.365 4 22.7234
    endloop
  endfacet
  facet normal 0 1 0
    outer loop
      vertex 48.9716 4 22.3784
      vertex 46.8424 4 22.15
      vertex 48.7445 4 26.05
    endloop
  endfacet
  facet normal 0 1 -0
    outer loop
      vertex 48.3359 4 21.55
      vertex 46.8424 4 22.15
      vertex 48.6266 4 21.985
    endloop
  endfacet
  facet normal 0 1 -0
    outer loop
      vertex 48.6266 4 21.985
      vertex 46.8424 4 22.15
      vertex 48.9716 4 22.3784
    endloop
  endfacet
  facet normal 0 1 -0
    outer loop
      vertex 7.04238 4 22.15
      vertex 2.4 4 26.05
      vertex 8.94453 4 26.05
    endloop
  endfacet
  facet normal 0 1 -0
    outer loop
      vertex 48.1045 4 21.0807
      vertex 46.8424 4 22.15
      vertex 48.3359 4 21.55
    endloop
  endfacet
  facet normal 0 1 -0
    outer loop
      vertex 47.9363 4 20.5853
      vertex 46.8424 4 22.15
      vertex 48.1045 4 21.0807
    endloop
  endfacet
  facet normal 0 1 -0
    outer loop
      vertex 47.8342 4 20.0721
      vertex 46.8424 4 22.15
      vertex 47.9363 4 20.5853
    endloop
  endfacet
  facet normal 0 1 -0
    outer loop
      vertex 47.8 4 19.55
      vertex 46.8424 4 22.15
      vertex 47.8342 4 20.0721
    endloop
  endfacet
  facet normal 0 1 -0
    outer loop
      vertex 3.4 4 20.275
      vertex 2.4 4 26.05
      vertex 7.04238 4 22.15
    endloop
  endfacet
  facet normal 0 1 0
    outer loop
      vertex 2.4 4 26.05
      vertex 3.4 4 20.275
      vertex 2.4 4 20.275
    endloop
  endfacet
  facet normal 0 1 0
    outer loop
      vertex 47.8342 4 19.0279
      vertex 46.8424 4 22.15
      vertex 47.8 4 19.55
    endloop
  endfacet
  facet normal 0 1 0
    outer loop
      vertex 46.8424 4 22.15
      vertex 7.4 4 16
      vertex 7.04238 4 22.15
    endloop
  endfacet
  facet normal 0 1 0
    outer loop
      vertex 47.9363 4 18.5147
      vertex 46.8424 4 22.15
      vertex 47.8342 4 19.0279
    endloop
  endfacet
  facet normal 0 1 0
    outer loop
      vertex 46.8424 4 22.15
      vertex 47.9363 4 18.5147
      vertex 7.4 4 16
    endloop
  endfacet
  facet normal 0 1 0
    outer loop
      vertex 7.4 4 16
      vertex 47.9363 4 18.5147
      vertex 48.1045 4 18.0193
    endloop
  endfacet
  facet normal 0 1 0
    outer loop
      vertex 7.4 4 16
      vertex 48.1045 4 18.0193
      vertex 48.3359 4 17.55
    endloop
  endfacet
  facet normal 0 1 0
    outer loop
      vertex 7.4 4 16
      vertex 48.3359 4 17.55
      vertex 48.6266 4 17.115
    endloop
  endfacet
  facet normal 0 1 0
    outer loop
      vertex 7.4 4 16
      vertex 48.6266 4 17.115
      vertex 48.9716 4 16.7216
    endloop
  endfacet
  facet normal 0 1 0
    outer loop
      vertex 7.4 4 16
      vertex 48.9716 4 16.7216
      vertex 49.365 4 16.3766
    endloop
  endfacet
  facet normal 0 1 0
    outer loop
      vertex 7.4 4 16
      vertex 49.365 4 16.3766
      vertex 49.8 4 16.0859
    endloop
  endfacet
  facet normal 0 1 0
    outer loop
      vertex 7.4 4 16
      vertex 49.8 4 16.0859
      vertex 49.9742 4 16
    endloop
  endfacet
  facet normal 0 1 0
    outer loop
      vertex 7.04238 4 22.15
      vertex 7.4 4 16
      vertex 3.4 4 20.275
    endloop
  endfacet
  facet normal 0 1 0
    outer loop
      vertex 3.4 4 15
      vertex 7.4 4 16
      vertex 7.4 4 15
    endloop
  endfacet
  facet normal 0 1 0
    outer loop
      vertex 7.4 4 16
      vertex 3.4 4 15
      vertex 3.4 4 20.275
    endloop
  endfacet
  facet normal -0.898799 7.70731e-06 0.438361
    outer loop
      vertex 47.9578 2.7232 24.437
      vertex 48.7445 4 26.05
      vertex 46.8424 4 22.15
    endloop
  endfacet
  facet normal -0.898751 -3.61267e-05 0.438459
    outer loop
      vertex 48.7445 4 26.05
      vertex 48.5674 3.00961 25.6869
      vertex 48.746 3.09351 26.053
    endloop
  endfacet
  facet normal -0.8988 9.13945e-06 0.43836
    outer loop
      vertex 48.7445 4 26.05
      vertex 47.9578 2.7232 24.437
      vertex 48.5674 3.00961 25.6869
    endloop
  endfacet
  facet normal -0.898801 0 0.438357
    outer loop
      vertex 47.9578 2.7232 24.437
      vertex 46.8424 4 22.15
      vertex 46.8424 2.19913 22.15
    endloop
  endfacet
  facet normal -0.894427 0 0.447214
    outer loop
      vertex 48.7445 8.30451 26.05
      vertex 48.746 11.978 26.053
      vertex 48.7445 11.978 26.05
    endloop
  endfacet
  facet normal -0.894427 0 0.447214
    outer loop
      vertex 48.7445 6.30451 26.05
      vertex 48.746 11.978 26.053
      vertex 48.7445 8.30451 26.05
    endloop
  endfacet
  facet normal -0.894427 0 0.447214
    outer loop
      vertex 48.7445 4 26.05
      vertex 48.746 11.978 26.053
      vertex 48.7445 6.30451 26.05
    endloop
  endfacet
  facet normal -0.894427 0 0.447214
    outer loop
      vertex 48.746 11.978 26.053
      vertex 48.7445 4 26.05
      vertex 48.746 3.09351 26.053
    endloop
  endfacet
  facet normal -0.898772 0 0.438416
    outer loop
      vertex 46.8424 0 22.15
      vertex 47.0602 0.118971 22.5965
      vertex 46.8424 0.0218949 22.15
    endloop
  endfacet
  facet normal -0.8988 0.000268735 0.438358
    outer loop
      vertex 47.0602 0.118971 22.5965
      vertex 46.8424 0 22.15
      vertex 47.5252 0 23.55
    endloop
  endfacet
  facet normal -0.898815 -2.40246e-05 0.438328
    outer loop
      vertex 47.0602 0.118971 22.5965
      vertex 47.5252 0 23.55
      vertex 47.7285 0.416861 23.9669
    endloop
  endfacet
  facet normal 0 0 1
    outer loop
      vertex 46.8424 4 22.15
      vertex 45.7003 2.19913 22.15
      vertex 46.8424 2.19913 22.15
    endloop
  endfacet
  facet normal 0 0 1
    outer loop
      vertex 46.8424 4 22.15
      vertex 45.6832 2.19913 22.15
      vertex 45.7003 2.19913 22.15
    endloop
  endfacet
  facet normal 0 0 1
    outer loop
      vertex 46.8424 4 22.15
      vertex 45.6494 2.19913 22.15
      vertex 45.6832 2.19913 22.15
    endloop
  endfacet
  facet normal 0 0 1
    outer loop
      vertex 45.6494 2.19913 22.15
      vertex 43.6494 2.19913 22.15
      vertex 45.6494 0.0218949 22.15
    endloop
  endfacet
  facet normal 0 0 1
    outer loop
      vertex 46.8424 4 22.15
      vertex 43.6494 2.19913 22.15
      vertex 45.6494 2.19913 22.15
    endloop
  endfacet
  facet normal 0 0 1
    outer loop
      vertex 46.8424 4 22.15
      vertex 43.5994 2.19913 22.15
      vertex 43.6494 2.19913 22.15
    endloop
  endfacet
  facet normal 0 0 1
    outer loop
      vertex 46.8424 4 22.15
      vertex 42.9424 2.19913 22.15
      vertex 43.5994 2.19913 22.15
    endloop
  endfacet
  facet normal 0 0 1
    outer loop
      vertex 46.8424 4 22.15
      vertex 41.7003 2.19913 22.15
      vertex 42.9424 2.19913 22.15
    endloop
  endfacet
  facet normal 0 0 1
    outer loop
      vertex 46.8424 4 22.15
      vertex 41.6832 2.19913 22.15
      vertex 41.7003 2.19913 22.15
    endloop
  endfacet
  facet normal 0 0 1
    outer loop
      vertex 46.8424 4 22.15
      vertex 41.6494 2.19913 22.15
      vertex 41.6832 2.19913 22.15
    endloop
  endfacet
  facet normal 0 0 1
    outer loop
      vertex 41.6494 2.19913 22.15
      vertex 39.6494 2.19913 22.15
      vertex 41.6494 0.0218949 22.15
    endloop
  endfacet
  facet normal 0 0 1
    outer loop
      vertex 46.8424 4 22.15
      vertex 39.6494 2.19913 22.15
      vertex 41.6494 2.19913 22.15
    endloop
  endfacet
  facet normal 0 0 1
    outer loop
      vertex 46.8424 4 22.15
      vertex 39.5994 2.19913 22.15
      vertex 39.6494 2.19913 22.15
    endloop
  endfacet
  facet normal 0 0 1
    outer loop
      vertex 46.8424 4 22.15
      vertex 38.9424 2.19913 22.15
      vertex 39.5994 2.19913 22.15
    endloop
  endfacet
  facet normal 0 0 1
    outer loop
      vertex 46.8424 4 22.15
      vertex 37.7003 2.19913 22.15
      vertex 38.9424 2.19913 22.15
    endloop
  endfacet
  facet normal 0 0 1
    outer loop
      vertex 46.8424 4 22.15
      vertex 37.6832 2.19913 22.15
      vertex 37.7003 2.19913 22.15
    endloop
  endfacet
  facet normal 0 0 1
    outer loop
      vertex 46.8424 4 22.15
      vertex 37.6494 2.19913 22.15
      vertex 37.6832 2.19913 22.15
    endloop
  endfacet
  facet normal 0 0 1
    outer loop
      vertex 37.6494 2.19913 22.15
      vertex 35.6494 2.19913 22.15
      vertex 37.6494 0.0218949 22.15
    endloop
  endfacet
  facet normal 0 0 1
    outer loop
      vertex 46.8424 4 22.15
      vertex 35.6494 2.19913 22.15
      vertex 37.6494 2.19913 22.15
    endloop
  endfacet
  facet normal 0 0 1
    outer loop
      vertex 46.8424 4 22.15
      vertex 35.5994 2.19913 22.15
      vertex 35.6494 2.19913 22.15
    endloop
  endfacet
  facet normal 0 0 1
    outer loop
      vertex 46.8424 4 22.15
      vertex 34.9424 2.19913 22.15
      vertex 35.5994 2.19913 22.15
    endloop
  endfacet
  facet normal 0 0 1
    outer loop
      vertex 46.8424 4 22.15
      vertex 33.7003 2.19913 22.15
      vertex 34.9424 2.19913 22.15
    endloop
  endfacet
  facet normal 0 0 1
    outer loop
      vertex 46.8424 4 22.15
      vertex 33.6832 2.19913 22.15
      vertex 33.7003 2.19913 22.15
    endloop
  endfacet
  facet normal 0 0 1
    outer loop
      vertex 46.8424 4 22.15
      vertex 33.6494 2.19913 22.15
      vertex 33.6832 2.19913 22.15
    endloop
  endfacet
  facet normal 0 0 1
    outer loop
      vertex 33.6494 2.19913 22.15
      vertex 31.6494 2.19913 22.15
      vertex 33.6494 0.0218949 22.15
    endloop
  endfacet
  facet normal 0 0 1
    outer loop
      vertex 46.8424 4 22.15
      vertex 31.6494 2.19913 22.15
      vertex 33.6494 2.19913 22.15
    endloop
  endfacet
  facet normal 0 0 1
    outer loop
      vertex 46.8424 4 22.15
      vertex 31.5994 2.19913 22.15
      vertex 31.6494 2.19913 22.15
    endloop
  endfacet
  facet normal 0 0 1
    outer loop
      vertex 46.8424 4 22.15
      vertex 30.9424 2.19913 22.15
      vertex 31.5994 2.19913 22.15
    endloop
  endfacet
  facet normal 0 0 1
    outer loop
      vertex 46.8424 4 22.15
      vertex 29.7003 2.19913 22.15
      vertex 30.9424 2.19913 22.15
    endloop
  endfacet
  facet normal 0 0 1
    outer loop
      vertex 46.8424 4 22.15
      vertex 29.6832 2.19913 22.15
      vertex 29.7003 2.19913 22.15
    endloop
  endfacet
  facet normal 0 0 1
    outer loop
      vertex 46.8424 4 22.15
      vertex 29.6494 2.19913 22.15
      vertex 29.6832 2.19913 22.15
    endloop
  endfacet
  facet normal 0 0 1
    outer loop
      vertex 29.6494 2.19913 22.15
      vertex 27.6494 2.19913 22.15
      vertex 29.6494 0.0218949 22.15
    endloop
  endfacet
  facet normal 0 0 1
    outer loop
      vertex 46.8424 4 22.15
      vertex 27.6494 2.19913 22.15
      vertex 29.6494 2.19913 22.15
    endloop
  endfacet
  facet normal 0 0 1
    outer loop
      vertex 46.8424 4 22.15
      vertex 27.5994 2.19913 22.15
      vertex 27.6494 2.19913 22.15
    endloop
  endfacet
  facet normal 0 0 1
    outer loop
      vertex 46.8424 4 22.15
      vertex 26.9424 2.19913 22.15
      vertex 27.5994 2.19913 22.15
    endloop
  endfacet
  facet normal 0 0 1
    outer loop
      vertex 46.8424 4 22.15
      vertex 25.7003 2.19913 22.15
      vertex 26.9424 2.19913 22.15
    endloop
  endfacet
  facet normal -0 0 1
    outer loop
      vertex 7.04238 4 22.15
      vertex 25.7003 2.19913 22.15
      vertex 46.8424 4 22.15
    endloop
  endfacet
  facet normal 0 0 1
    outer loop
      vertex 25.7003 2.19913 22.15
      vertex 7.04238 4 22.15
      vertex 25.6832 2.19913 22.15
    endloop
  endfacet
  facet normal 0 0 1
    outer loop
      vertex 25.6494 2.19913 22.15
      vertex 23.6494 2.19913 22.15
      vertex 25.6494 0.0218949 22.15
    endloop
  endfacet
  facet normal 0 0 1
    outer loop
      vertex 25.6832 2.19913 22.15
      vertex 7.04238 4 22.15
      vertex 25.6494 2.19913 22.15
    endloop
  endfacet
  facet normal 0 0 1
    outer loop
      vertex 25.6494 2.19913 22.15
      vertex 7.04238 4 22.15
      vertex 23.6494 2.19913 22.15
    endloop
  endfacet
  facet normal 0 0 1
    outer loop
      vertex 23.6494 2.19913 22.15
      vertex 7.04238 4 22.15
      vertex 23.5994 2.19913 22.15
    endloop
  endfacet
  facet normal 0 0 1
    outer loop
      vertex 23.5994 2.19913 22.15
      vertex 7.04238 4 22.15
      vertex 22.9424 2.19913 22.15
    endloop
  endfacet
  facet normal 0 0 1
    outer loop
      vertex 22.9424 2.19913 22.15
      vertex 7.04238 4 22.15
      vertex 21.7003 2.19913 22.15
    endloop
  endfacet
  facet normal 0 0 1
    outer loop
      vertex 21.7003 2.19913 22.15
      vertex 7.04238 4 22.15
      vertex 21.6832 2.19913 22.15
    endloop
  endfacet
  facet normal 0 0 1
    outer loop
      vertex 21.6494 2.19913 22.15
      vertex 19.6494 2.19913 22.15
      vertex 21.6494 0.0218949 22.15
    endloop
  endfacet
  facet normal 0 0 1
    outer loop
      vertex 21.6832 2.19913 22.15
      vertex 7.04238 4 22.15
      vertex 21.6494 2.19913 22.15
    endloop
  endfacet
  facet normal 0 0 1
    outer loop
      vertex 21.6494 2.19913 22.15
      vertex 7.04238 4 22.15
      vertex 19.6494 2.19913 22.15
    endloop
  endfacet
  facet normal 0 0 1
    outer loop
      vertex 19.6494 2.19913 22.15
      vertex 7.04238 4 22.15
      vertex 19.5994 2.19913 22.15
    endloop
  endfacet
  facet normal 0 0 1
    outer loop
      vertex 19.5994 2.19913 22.15
      vertex 7.04238 4 22.15
      vertex 18.9424 2.19913 22.15
    endloop
  endfacet
  facet normal 0 0 1
    outer loop
      vertex 18.9424 2.19913 22.15
      vertex 7.04238 4 22.15
      vertex 17.7003 2.19913 22.15
    endloop
  endfacet
  facet normal 0 0 1
    outer loop
      vertex 17.7003 2.19913 22.15
      vertex 7.04238 4 22.15
      vertex 17.6832 2.19913 22.15
    endloop
  endfacet
  facet normal 0 0 1
    outer loop
      vertex 17.6494 2.19913 22.15
      vertex 15.6494 2.19913 22.15
      vertex 17.6494 0.0218949 22.15
    endloop
  endfacet
  facet normal 0 0 1
    outer loop
      vertex 17.6832 2.19913 22.15
      vertex 7.04238 4 22.15
      vertex 17.6494 2.19913 22.15
    endloop
  endfacet
  facet normal 0 0 1
    outer loop
      vertex 17.6494 2.19913 22.15
      vertex 7.04238 4 22.15
      vertex 15.6494 2.19913 22.15
    endloop
  endfacet
  facet normal 0 0 1
    outer loop
      vertex 15.6494 2.19913 22.15
      vertex 7.04238 4 22.15
      vertex 15.5994 2.19913 22.15
    endloop
  endfacet
  facet normal 0 0 1
    outer loop
      vertex 15.5994 2.19913 22.15
      vertex 7.04238 4 22.15
      vertex 14.9424 2.19913 22.15
    endloop
  endfacet
  facet normal 0 0 1
    outer loop
      vertex 14.9424 2.19913 22.15
      vertex 7.04238 4 22.15
      vertex 13.7003 2.19913 22.15
    endloop
  endfacet
  facet normal 0 0 1
    outer loop
      vertex 13.7003 2.19913 22.15
      vertex 7.04238 4 22.15
      vertex 13.6832 2.19913 22.15
    endloop
  endfacet
  facet normal 0 0 1
    outer loop
      vertex 13.6494 2.19913 22.15
      vertex 11.6494 2.19913 22.15
      vertex 13.6494 0.0218949 22.15
    endloop
  endfacet
  facet normal 0 0 1
    outer loop
      vertex 13.6832 2.19913 22.15
      vertex 7.04238 4 22.15
      vertex 13.6494 2.19913 22.15
    endloop
  endfacet
  facet normal 0 0 1
    outer loop
      vertex 13.6494 2.19913 22.15
      vertex 7.04238 4 22.15
      vertex 11.6494 2.19913 22.15
    endloop
  endfacet
  facet normal 0 0 1
    outer loop
      vertex 11.6494 2.19913 22.15
      vertex 7.04238 4 22.15
      vertex 11.5994 2.19913 22.15
    endloop
  endfacet
  facet normal 0 0 1
    outer loop
      vertex 11.5994 2.19913 22.15
      vertex 7.04238 4 22.15
      vertex 10.9424 2.19913 22.15
    endloop
  endfacet
  facet normal 0 0 1
    outer loop
      vertex 10.9424 2.19913 22.15
      vertex 7.04238 4 22.15
      vertex 9.70032 2.19913 22.15
    endloop
  endfacet
  facet normal 0 0 1
    outer loop
      vertex 9.70032 2.19913 22.15
      vertex 7.04238 4 22.15
      vertex 9.68315 2.19913 22.15
    endloop
  endfacet
  facet normal 0 0 1
    outer loop
      vertex 9.64938 2.19913 22.15
      vertex 7.64938 2.19913 22.15
      vertex 9.64938 0.0218949 22.15
    endloop
  endfacet
  facet normal 0 0 1
    outer loop
      vertex 9.68315 2.19913 22.15
      vertex 7.04238 4 22.15
      vertex 9.64938 2.19913 22.15
    endloop
  endfacet
  facet normal 0 0 1
    outer loop
      vertex 9.64938 2.19913 22.15
      vertex 7.04238 4 22.15
      vertex 7.64938 2.19913 22.15
    endloop
  endfacet
  facet normal 0 0 1
    outer loop
      vertex 7.64938 2.19913 22.15
      vertex 7.04238 4 22.15
      vertex 7.59937 2.19913 22.15
    endloop
  endfacet
  facet normal 0 0 1
    outer loop
      vertex 7.59937 2.19913 22.15
      vertex 7.04238 4 22.15
      vertex 7.04238 2.19913 22.15
    endloop
  endfacet
  facet normal -0 0 1
    outer loop
      vertex 45.6494 0.0218949 22.15
      vertex 46.8424 0 22.15
      vertex 46.8424 0.0218949 22.15
    endloop
  endfacet
  facet normal 0 0 1
    outer loop
      vertex 43.6494 0.0218949 22.15
      vertex 45.6494 0.0218949 22.15
      vertex 43.6494 2.19913 22.15
    endloop
  endfacet
  facet normal -0 0 1
    outer loop
      vertex 43.6494 0.0218949 22.15
      vertex 46.8424 0 22.15
      vertex 45.6494 0.0218949 22.15
    endloop
  endfacet
  facet normal -0 0 1
    outer loop
      vertex 43.649 0.0218949 22.15
      vertex 46.8424 0 22.15
      vertex 43.6494 0.0218949 22.15
    endloop
  endfacet
  facet normal -0 0 1
    outer loop
      vertex 43.6308 0.0218949 22.15
      vertex 46.8424 0 22.15
      vertex 43.649 0.0218949 22.15
    endloop
  endfacet
  facet normal 0 0 1
    outer loop
      vertex 42.9624 0.0218946 22.15
      vertex 43.6308 0.0218949 22.15
      vertex 42.9624 0.0218949 22.15
    endloop
  endfacet
  facet normal 0 0 1
    outer loop
      vertex 43.6308 0.0218949 22.15
      vertex 42.9624 0.0218946 22.15
      vertex 46.8424 0 22.15
    endloop
  endfacet
  facet normal -0 0 1
    outer loop
      vertex 42.962 0.0218946 22.15
      vertex 46.8424 0 22.15
      vertex 42.9624 0.0218946 22.15
    endloop
  endfacet
  facet normal 0 0 1
    outer loop
      vertex 42.9401 0.0218949 22.15
      vertex 46.8424 0 22.15
      vertex 42.962 0.0218946 22.15
    endloop
  endfacet
  facet normal -0 0 1
    outer loop
      vertex 41.6494 0.0218949 22.15
      vertex 46.8424 0 22.15
      vertex 42.9401 0.0218949 22.15
    endloop
  endfacet
  facet normal 0 0 1
    outer loop
      vertex 39.6494 0.0218949 22.15
      vertex 41.6494 0.0218949 22.15
      vertex 39.6494 2.19913 22.15
    endloop
  endfacet
  facet normal -0 0 1
    outer loop
      vertex 39.6494 0.0218949 22.15
      vertex 46.8424 0 22.15
      vertex 41.6494 0.0218949 22.15
    endloop
  endfacet
  facet normal -0 0 1
    outer loop
      vertex 39.649 0.0218949 22.15
      vertex 46.8424 0 22.15
      vertex 39.6494 0.0218949 22.15
    endloop
  endfacet
  facet normal -0 0 1
    outer loop
      vertex 39.6308 0.0218949 22.15
      vertex 46.8424 0 22.15
      vertex 39.649 0.0218949 22.15
    endloop
  endfacet
  facet normal 0 0 1
    outer loop
      vertex 38.9624 0.0218946 22.15
      vertex 39.6308 0.0218949 22.15
      vertex 38.9624 0.0218949 22.15
    endloop
  endfacet
  facet normal 0 0 1
    outer loop
      vertex 39.6308 0.0218949 22.15
      vertex 38.9624 0.0218946 22.15
      vertex 46.8424 0 22.15
    endloop
  endfacet
  facet normal -0 0 1
    outer loop
      vertex 38.962 0.0218946 22.15
      vertex 46.8424 0 22.15
      vertex 38.9624 0.0218946 22.15
    endloop
  endfacet
  facet normal 0 0 1
    outer loop
      vertex 38.9401 0.0218949 22.15
      vertex 46.8424 0 22.15
      vertex 38.962 0.0218946 22.15
    endloop
  endfacet
  facet normal -0 0 1
    outer loop
      vertex 37.6494 0.0218949 22.15
      vertex 46.8424 0 22.15
      vertex 38.9401 0.0218949 22.15
    endloop
  endfacet
  facet normal 0 0 1
    outer loop
      vertex 35.6494 0.0218949 22.15
      vertex 37.6494 0.0218949 22.15
      vertex 35.6494 2.19913 22.15
    endloop
  endfacet
  facet normal -0 0 1
    outer loop
      vertex 35.6494 0.0218949 22.15
      vertex 46.8424 0 22.15
      vertex 37.6494 0.0218949 22.15
    endloop
  endfacet
  facet normal -0 0 1
    outer loop
      vertex 35.649 0.0218949 22.15
      vertex 46.8424 0 22.15
      vertex 35.6494 0.0218949 22.15
    endloop
  endfacet
  facet normal -0 0 1
    outer loop
      vertex 35.6308 0.0218949 22.15
      vertex 46.8424 0 22.15
      vertex 35.649 0.0218949 22.15
    endloop
  endfacet
  facet normal 0 0 1
    outer loop
      vertex 34.9624 0.0218946 22.15
      vertex 35.6308 0.0218949 22.15
      vertex 34.9624 0.0218949 22.15
    endloop
  endfacet
  facet normal 0 0 1
    outer loop
      vertex 35.6308 0.0218949 22.15
      vertex 34.9624 0.0218946 22.15
      vertex 46.8424 0 22.15
    endloop
  endfacet
  facet normal -0 0 1
    outer loop
      vertex 34.962 0.0218946 22.15
      vertex 46.8424 0 22.15
      vertex 34.9624 0.0218946 22.15
    endloop
  endfacet
  facet normal 0 0 1
    outer loop
      vertex 34.9401 0.0218949 22.15
      vertex 46.8424 0 22.15
      vertex 34.962 0.0218946 22.15
    endloop
  endfacet
  facet normal -0 0 1
    outer loop
      vertex 33.6494 0.0218949 22.15
      vertex 46.8424 0 22.15
      vertex 34.9401 0.0218949 22.15
    endloop
  endfacet
  facet normal 0 0 1
    outer loop
      vertex 31.6494 0.0218949 22.15
      vertex 33.6494 0.0218949 22.15
      vertex 31.6494 2.19913 22.15
    endloop
  endfacet
  facet normal -0 0 1
    outer loop
      vertex 31.6494 0.0218949 22.15
      vertex 46.8424 0 22.15
      vertex 33.6494 0.0218949 22.15
    endloop
  endfacet
  facet normal -0 0 1
    outer loop
      vertex 31.649 0.0218949 22.15
      vertex 46.8424 0 22.15
      vertex 31.6494 0.0218949 22.15
    endloop
  endfacet
  facet normal -0 0 1
    outer loop
      vertex 31.6308 0.0218949 22.15
      vertex 46.8424 0 22.15
      vertex 31.649 0.0218949 22.15
    endloop
  endfacet
  facet normal 0 0 1
    outer loop
      vertex 30.9624 0.0218946 22.15
      vertex 31.6308 0.0218949 22.15
      vertex 30.9624 0.0218949 22.15
    endloop
  endfacet
  facet normal 0 0 1
    outer loop
      vertex 31.6308 0.0218949 22.15
      vertex 30.9624 0.0218946 22.15
      vertex 46.8424 0 22.15
    endloop
  endfacet
  facet normal -0 0 1
    outer loop
      vertex 30.962 0.0218946 22.15
      vertex 46.8424 0 22.15
      vertex 30.9624 0.0218946 22.15
    endloop
  endfacet
  facet normal 0 0 1
    outer loop
      vertex 30.9401 0.0218949 22.15
      vertex 46.8424 0 22.15
      vertex 30.962 0.0218946 22.15
    endloop
  endfacet
  facet normal -0 0 1
    outer loop
      vertex 29.6494 0.0218949 22.15
      vertex 46.8424 0 22.15
      vertex 30.9401 0.0218949 22.15
    endloop
  endfacet
  facet normal 0 0 1
    outer loop
      vertex 27.6494 0.0218949 22.15
      vertex 29.6494 0.0218949 22.15
      vertex 27.6494 2.19913 22.15
    endloop
  endfacet
  facet normal -0 0 1
    outer loop
      vertex 27.6494 0.0218949 22.15
      vertex 46.8424 0 22.15
      vertex 29.6494 0.0218949 22.15
    endloop
  endfacet
  facet normal -0 0 1
    outer loop
      vertex 27.649 0.0218949 22.15
      vertex 46.8424 0 22.15
      vertex 27.6494 0.0218949 22.15
    endloop
  endfacet
  facet normal -0 0 1
    outer loop
      vertex 27.6308 0.0218949 22.15
      vertex 46.8424 0 22.15
      vertex 27.649 0.0218949 22.15
    endloop
  endfacet
  facet normal 0 0 1
    outer loop
      vertex 26.9624 0.0218946 22.15
      vertex 27.6308 0.0218949 22.15
      vertex 26.9624 0.0218949 22.15
    endloop
  endfacet
  facet normal 0 0 1
    outer loop
      vertex 27.6308 0.0218949 22.15
      vertex 26.9624 0.0218946 22.15
      vertex 46.8424 0 22.15
    endloop
  endfacet
  facet normal -0 0 1
    outer loop
      vertex 26.962 0.0218946 22.15
      vertex 46.8424 0 22.15
      vertex 26.9624 0.0218946 22.15
    endloop
  endfacet
  facet normal 0 0 1
    outer loop
      vertex 26.9401 0.0218949 22.15
      vertex 46.8424 0 22.15
      vertex 26.962 0.0218946 22.15
    endloop
  endfacet
  facet normal -0 0 1
    outer loop
      vertex 25.6494 0.0218949 22.15
      vertex 46.8424 0 22.15
      vertex 26.9401 0.0218949 22.15
    endloop
  endfacet
  facet normal 0 0 1
    outer loop
      vertex 23.6494 0.0218949 22.15
      vertex 25.6494 0.0218949 22.15
      vertex 23.6494 2.19913 22.15
    endloop
  endfacet
  facet normal -0 0 1
    outer loop
      vertex 23.6494 0.0218949 22.15
      vertex 46.8424 0 22.15
      vertex 25.6494 0.0218949 22.15
    endloop
  endfacet
  facet normal -0 0 1
    outer loop
      vertex 23.649 0.0218949 22.15
      vertex 46.8424 0 22.15
      vertex 23.6494 0.0218949 22.15
    endloop
  endfacet
  facet normal -0 0 1
    outer loop
      vertex 23.6308 0.0218949 22.15
      vertex 46.8424 0 22.15
      vertex 23.649 0.0218949 22.15
    endloop
  endfacet
  facet normal 0 0 1
    outer loop
      vertex 22.9624 0.0218946 22.15
      vertex 23.6308 0.0218949 22.15
      vertex 22.9624 0.0218949 22.15
    endloop
  endfacet
  facet normal 0 0 1
    outer loop
      vertex 23.6308 0.0218949 22.15
      vertex 22.9624 0.0218946 22.15
      vertex 46.8424 0 22.15
    endloop
  endfacet
  facet normal -0 0 1
    outer loop
      vertex 22.962 0.0218946 22.15
      vertex 46.8424 0 22.15
      vertex 22.9624 0.0218946 22.15
    endloop
  endfacet
  facet normal 0 0 1
    outer loop
      vertex 22.9401 0.0218949 22.15
      vertex 46.8424 0 22.15
      vertex 22.962 0.0218946 22.15
    endloop
  endfacet
  facet normal -0 0 1
    outer loop
      vertex 21.6494 0.0218949 22.15
      vertex 46.8424 0 22.15
      vertex 22.9401 0.0218949 22.15
    endloop
  endfacet
  facet normal 0 0 1
    outer loop
      vertex 19.6494 0.0218949 22.15
      vertex 21.6494 0.0218949 22.15
      vertex 19.6494 2.19913 22.15
    endloop
  endfacet
  facet normal -0 0 1
    outer loop
      vertex 19.6494 0.0218949 22.15
      vertex 46.8424 0 22.15
      vertex 21.6494 0.0218949 22.15
    endloop
  endfacet
  facet normal -0 0 1
    outer loop
      vertex 19.649 0.0218949 22.15
      vertex 46.8424 0 22.15
      vertex 19.6494 0.0218949 22.15
    endloop
  endfacet
  facet normal -0 0 1
    outer loop
      vertex 19.6308 0.0218949 22.15
      vertex 46.8424 0 22.15
      vertex 19.649 0.0218949 22.15
    endloop
  endfacet
  facet normal 0 0 1
    outer loop
      vertex 18.9624 0.0218946 22.15
      vertex 19.6308 0.0218949 22.15
      vertex 18.9624 0.0218949 22.15
    endloop
  endfacet
  facet normal 0 0 1
    outer loop
      vertex 19.6308 0.0218949 22.15
      vertex 18.9624 0.0218946 22.15
      vertex 46.8424 0 22.15
    endloop
  endfacet
  facet normal -0 0 1
    outer loop
      vertex 18.962 0.0218946 22.15
      vertex 46.8424 0 22.15
      vertex 18.9624 0.0218946 22.15
    endloop
  endfacet
  facet normal 0 0 1
    outer loop
      vertex 18.9401 0.0218949 22.15
      vertex 46.8424 0 22.15
      vertex 18.962 0.0218946 22.15
    endloop
  endfacet
  facet normal -0 0 1
    outer loop
      vertex 17.6494 0.0218949 22.15
      vertex 46.8424 0 22.15
      vertex 18.9401 0.0218949 22.15
    endloop
  endfacet
  facet normal 0 0 1
    outer loop
      vertex 15.6494 0.0218949 22.15
      vertex 17.6494 0.0218949 22.15
      vertex 15.6494 2.19913 22.15
    endloop
  endfacet
  facet normal -0 0 1
    outer loop
      vertex 15.6494 0.0218949 22.15
      vertex 46.8424 0 22.15
      vertex 17.6494 0.0218949 22.15
    endloop
  endfacet
  facet normal -0 0 1
    outer loop
      vertex 15.649 0.0218949 22.15
      vertex 46.8424 0 22.15
      vertex 15.6494 0.0218949 22.15
    endloop
  endfacet
  facet normal -0 0 1
    outer loop
      vertex 15.6308 0.0218949 22.15
      vertex 46.8424 0 22.15
      vertex 15.649 0.0218949 22.15
    endloop
  endfacet
  facet normal 0 0 1
    outer loop
      vertex 14.9624 0.0218946 22.15
      vertex 15.6308 0.0218949 22.15
      vertex 14.9624 0.0218949 22.15
    endloop
  endfacet
  facet normal 0 0 1
    outer loop
      vertex 15.6308 0.0218949 22.15
      vertex 14.9624 0.0218946 22.15
      vertex 46.8424 0 22.15
    endloop
  endfacet
  facet normal -0 0 1
    outer loop
      vertex 14.962 0.0218946 22.15
      vertex 46.8424 0 22.15
      vertex 14.9624 0.0218946 22.15
    endloop
  endfacet
  facet normal 0 0 1
    outer loop
      vertex 14.9401 0.0218949 22.15
      vertex 46.8424 0 22.15
      vertex 14.962 0.0218946 22.15
    endloop
  endfacet
  facet normal -0 0 1
    outer loop
      vertex 13.6494 0.0218949 22.15
      vertex 46.8424 0 22.15
      vertex 14.9401 0.0218949 22.15
    endloop
  endfacet
  facet normal 0 0 1
    outer loop
      vertex 11.6494 0.0218949 22.15
      vertex 13.6494 0.0218949 22.15
      vertex 11.6494 2.19913 22.15
    endloop
  endfacet
  facet normal -0 0 1
    outer loop
      vertex 11.6494 0.0218949 22.15
      vertex 46.8424 0 22.15
      vertex 13.6494 0.0218949 22.15
    endloop
  endfacet
  facet normal -0 0 1
    outer loop
      vertex 11.649 0.0218949 22.15
      vertex 46.8424 0 22.15
      vertex 11.6494 0.0218949 22.15
    endloop
  endfacet
  facet normal -0 0 1
    outer loop
      vertex 11.6308 0.0218949 22.15
      vertex 46.8424 0 22.15
      vertex 11.649 0.0218949 22.15
    endloop
  endfacet
  facet normal 0 0 1
    outer loop
      vertex 10.9624 0.0218946 22.15
      vertex 11.6308 0.0218949 22.15
      vertex 10.9624 0.0218949 22.15
    endloop
  endfacet
  facet normal 0 0 1
    outer loop
      vertex 11.6308 0.0218949 22.15
      vertex 10.9624 0.0218946 22.15
      vertex 46.8424 0 22.15
    endloop
  endfacet
  facet normal -0 0 1
    outer loop
      vertex 10.962 0.0218946 22.15
      vertex 46.8424 0 22.15
      vertex 10.9624 0.0218946 22.15
    endloop
  endfacet
  facet normal 0 0 1
    outer loop
      vertex 10.9401 0.0218949 22.15
      vertex 46.8424 0 22.15
      vertex 10.962 0.0218946 22.15
    endloop
  endfacet
  facet normal -0 0 1
    outer loop
      vertex 9.64938 0.0218949 22.15
      vertex 46.8424 0 22.15
      vertex 10.9401 0.0218949 22.15
    endloop
  endfacet
  facet normal 0 0 1
    outer loop
      vertex 7.64938 0.0218949 22.15
      vertex 9.64938 0.0218949 22.15
      vertex 7.64938 2.19913 22.15
    endloop
  endfacet
  facet normal 0 0 1
    outer loop
      vertex 7.04238 0 22.15
      vertex 9.64938 0.0218949 22.15
      vertex 7.64938 0.0218949 22.15
    endloop
  endfacet
  facet normal 0 0 1
    outer loop
      vertex 7.04238 0 22.15
      vertex 7.64938 0.0218949 22.15
      vertex 7.64902 0.0218949 22.15
    endloop
  endfacet
  facet normal 0 0 1
    outer loop
      vertex 7.04238 0 22.15
      vertex 7.64902 0.0218949 22.15
      vertex 7.63079 0.0218949 22.15
    endloop
  endfacet
  facet normal 0 0 1
    outer loop
      vertex 7.04238 0 22.15
      vertex 7.63079 0.0218949 22.15
      vertex 7.04238 0.0218949 22.15
    endloop
  endfacet
  facet normal 0 0 1
    outer loop
      vertex 9.64938 0.0218949 22.15
      vertex 7.04238 0 22.15
      vertex 46.8424 0 22.15
    endloop
  endfacet
  facet normal 0.89799 0 -0.440015
    outer loop
      vertex 8.946 11.978 26.053
      vertex 8.94453 8.30451 26.05
      vertex 8.94453 11.978 26.05
    endloop
  endfacet
  facet normal 0.89799 0 -0.440015
    outer loop
      vertex 8.946 11.978 26.053
      vertex 8.94453 6.30451 26.05
      vertex 8.94453 8.30451 26.05
    endloop
  endfacet
  facet normal 0.89799 0 -0.440015
    outer loop
      vertex 8.946 11.978 26.053
      vertex 8.94453 4 26.05
      vertex 8.94453 6.30451 26.05
    endloop
  endfacet
  facet normal 0.89799 0 -0.440015
    outer loop
      vertex 8.946 3.09351 26.053
      vertex 8.94453 4 26.05
      vertex 8.946 11.978 26.053
    endloop
  endfacet
  facet normal 0.898793 6.73876e-06 -0.438373
    outer loop
      vertex 7.86177 2.58411 23.83
      vertex 8.94453 4 26.05
      vertex 8.946 3.09351 26.053
    endloop
  endfacet
  facet normal 0.898795 1.4649e-06 -0.43837
    outer loop
      vertex 8.94453 4 26.05
      vertex 7.86177 2.58411 23.83
      vertex 7.04238 4 22.15
    endloop
  endfacet
  facet normal 0.898796 5.83356e-06 -0.438367
    outer loop
      vertex 7.58562 2.45436 23.2638
      vertex 7.04238 4 22.15
      vertex 7.86177 2.58411 23.83
    endloop
  endfacet
  facet normal 0.898793 0 -0.438373
    outer loop
      vertex 7.04238 4 22.15
      vertex 7.58562 2.45436 23.2638
      vertex 7.04238 2.19913 22.15
    endloop
  endfacet
  facet normal 0.898796 2.98081e-05 -0.438368
    outer loop
      vertex 7.7252 0 23.55
      vertex 7.04238 0.0218949 22.15
      vertex 7.92852 0.416867 23.9669
    endloop
  endfacet
  facet normal 0.898795 0 -0.438368
    outer loop
      vertex 7.04238 0.0218949 22.15
      vertex 7.7252 0 23.55
      vertex 7.04238 0 22.15
    endloop
  endfacet
  facet normal 0 -1 0
    outer loop
      vertex 8.94453 11.978 26.05
      vertex 9.553 11.978 26.053
      vertex 8.946 11.978 26.053
    endloop
  endfacet
  facet normal 0 -1 -0
    outer loop
      vertex 9.553 11.978 26.053
      vertex 8.94453 11.978 26.05
      vertex 11.553 11.978 26.053
    endloop
  endfacet
  facet normal 0 -1 -0
    outer loop
      vertex 11.553 11.978 26.053
      vertex 8.94453 11.978 26.05
      vertex 13.553 11.978 26.053
    endloop
  endfacet
  facet normal 0 -1 -0
    outer loop
      vertex 13.553 11.978 26.053
      vertex 8.94453 11.978 26.05
      vertex 15.553 11.978 26.053
    endloop
  endfacet
  facet normal 0 -1 -0
    outer loop
      vertex 15.553 11.978 26.053
      vertex 8.94453 11.978 26.05
      vertex 17.553 11.978 26.053
    endloop
  endfacet
  facet normal 0 -1 -0
    outer loop
      vertex 17.553 11.978 26.053
      vertex 8.94453 11.978 26.05
      vertex 19.553 11.978 26.053
    endloop
  endfacet
  facet normal 0 -1 -0
    outer loop
      vertex 19.553 11.978 26.053
      vertex 8.94453 11.978 26.05
      vertex 21.553 11.978 26.053
    endloop
  endfacet
  facet normal 0 -1 -0
    outer loop
      vertex 21.553 11.978 26.053
      vertex 8.94453 11.978 26.05
      vertex 23.553 11.978 26.053
    endloop
  endfacet
  facet normal 0 -1 -0
    outer loop
      vertex 23.553 11.978 26.053
      vertex 8.94453 11.978 26.05
      vertex 25.553 11.978 26.053
    endloop
  endfacet
  facet normal 0 -1 -0
    outer loop
      vertex 25.553 11.978 26.053
      vertex 8.94453 11.978 26.05
      vertex 27.553 11.978 26.053
    endloop
  endfacet
  facet normal 0 -1 -0
    outer loop
      vertex 27.553 11.978 26.053
      vertex 8.94453 11.978 26.05
      vertex 29.553 11.978 26.053
    endloop
  endfacet
  facet normal 0 -1 -0
    outer loop
      vertex 29.553 11.978 26.053
      vertex 8.94453 11.978 26.05
      vertex 31.553 11.978 26.053
    endloop
  endfacet
  facet normal 0 -1 -0
    outer loop
      vertex 31.553 11.978 26.053
      vertex 8.94453 11.978 26.05
      vertex 33.553 11.978 26.053
    endloop
  endfacet
  facet normal 0 -1 -0
    outer loop
      vertex 33.553 11.978 26.053
      vertex 8.94453 11.978 26.05
      vertex 35.553 11.978 26.053
    endloop
  endfacet
  facet normal 0 -1 -0
    outer loop
      vertex 35.553 11.978 26.053
      vertex 8.94453 11.978 26.05
      vertex 37.553 11.978 26.053
    endloop
  endfacet
  facet normal 0 -1 -0
    outer loop
      vertex 37.553 11.978 26.053
      vertex 8.94453 11.978 26.05
      vertex 39.553 11.978 26.053
    endloop
  endfacet
  facet normal 0 -1 -0
    outer loop
      vertex 39.553 11.978 26.053
      vertex 8.94453 11.978 26.05
      vertex 41.553 11.978 26.053
    endloop
  endfacet
  facet normal 0 -1 -0
    outer loop
      vertex 41.553 11.978 26.053
      vertex 8.94453 11.978 26.05
      vertex 43.553 11.978 26.053
    endloop
  endfacet
  facet normal 0 -1 -0
    outer loop
      vertex 43.553 11.978 26.053
      vertex 8.94453 11.978 26.05
      vertex 45.553 11.978 26.053
    endloop
  endfacet
  facet normal 0 -1 -0
    outer loop
      vertex 45.553 11.978 26.053
      vertex 8.94453 11.978 26.05
      vertex 47.553 11.978 26.053
    endloop
  endfacet
  facet normal 0 -1 -0
    outer loop
      vertex 47.553 11.978 26.053
      vertex 8.94453 11.978 26.05
      vertex 48.7445 11.978 26.05
    endloop
  endfacet
  facet normal 0 -1 0
    outer loop
      vertex 47.553 11.978 26.053
      vertex 48.7445 11.978 26.05
      vertex 48.746 11.978 26.053
    endloop
  endfacet
  facet normal 0 -1 0
    outer loop
      vertex 11.553 11.978 26.053
      vertex 10.527 11.978 28.05
      vertex 9.553 11.978 26.053
    endloop
  endfacet
  facet normal 0 -1 0
    outer loop
      vertex 10.527 11.978 28.05
      vertex 11.553 11.978 26.053
      vertex 12.527 11.978 28.05
    endloop
  endfacet
  facet normal 0 -1 0
    outer loop
      vertex 15.553 11.978 26.053
      vertex 14.527 11.978 28.05
      vertex 13.553 11.978 26.053
    endloop
  endfacet
  facet normal 0 -1 0
    outer loop
      vertex 14.527 11.978 28.05
      vertex 15.553 11.978 26.053
      vertex 16.527 11.978 28.05
    endloop
  endfacet
  facet normal 0 -1 0
    outer loop
      vertex 19.553 11.978 26.053
      vertex 18.527 11.978 28.05
      vertex 17.553 11.978 26.053
    endloop
  endfacet
  facet normal 0 -1 0
    outer loop
      vertex 18.527 11.978 28.05
      vertex 19.553 11.978 26.053
      vertex 20.527 11.978 28.05
    endloop
  endfacet
  facet normal 0 -1 0
    outer loop
      vertex 23.553 11.978 26.053
      vertex 22.527 11.978 28.05
      vertex 21.553 11.978 26.053
    endloop
  endfacet
  facet normal 0 -1 0
    outer loop
      vertex 22.527 11.978 28.05
      vertex 23.553 11.978 26.053
      vertex 24.527 11.978 28.05
    endloop
  endfacet
  facet normal 0 -1 0
    outer loop
      vertex 27.553 11.978 26.053
      vertex 26.527 11.978 28.05
      vertex 25.553 11.978 26.053
    endloop
  endfacet
  facet normal 0 -1 0
    outer loop
      vertex 26.527 11.978 28.05
      vertex 27.553 11.978 26.053
      vertex 28.527 11.978 28.05
    endloop
  endfacet
  facet normal 0 -1 0
    outer loop
      vertex 31.553 11.978 26.053
      vertex 30.527 11.978 28.05
      vertex 29.553 11.978 26.053
    endloop
  endfacet
  facet normal 0 -1 0
    outer loop
      vertex 30.527 11.978 28.05
      vertex 31.553 11.978 26.053
      vertex 32.527 11.978 28.05
    endloop
  endfacet
  facet normal 0 -1 0
    outer loop
      vertex 35.553 11.978 26.053
      vertex 34.527 11.978 28.05
      vertex 33.553 11.978 26.053
    endloop
  endfacet
  facet normal 0 -1 0
    outer loop
      vertex 34.527 11.978 28.05
      vertex 35.553 11.978 26.053
      vertex 36.527 11.978 28.05
    endloop
  endfacet
  facet normal 0 -1 0
    outer loop
      vertex 39.553 11.978 26.053
      vertex 38.527 11.978 28.05
      vertex 37.553 11.978 26.053
    endloop
  endfacet
  facet normal 0 -1 0
    outer loop
      vertex 38.527 11.978 28.05
      vertex 39.553 11.978 26.053
      vertex 40.527 11.978 28.05
    endloop
  endfacet
  facet normal 0 -1 0
    outer loop
      vertex 43.553 11.978 26.053
      vertex 42.527 11.978 28.05
      vertex 41.553 11.978 26.053
    endloop
  endfacet
  facet normal 0 -1 0
    outer loop
      vertex 42.527 11.978 28.05
      vertex 43.553 11.978 26.053
      vertex 44.527 11.978 28.05
    endloop
  endfacet
  facet normal 0 -1 0
    outer loop
      vertex 47.553 11.978 26.053
      vertex 46.527 11.978 28.05
      vertex 45.553 11.978 26.053
    endloop
  endfacet
  facet normal 0 -1 0
    outer loop
      vertex 46.527 11.978 28.05
      vertex 47.553 11.978 26.053
      vertex 48.527 11.978 28.05
    endloop
  endfacet
  facet normal 0 0.974736 -0.223361
    outer loop
      vertex 8.946 3.09351 26.053
      vertex 9.553 3.09351 26.053
      vertex 7.86177 2.58411 23.83
    endloop
  endfacet
  facet normal 0 -0.977176 0.212432
    outer loop
      vertex 10.527 1.30451 28.05
      vertex 9.82 1.30451 28.05
      vertex 8.78517 0.843265 25.9283
    endloop
  endfacet
  facet normal -0.898794 0 0.438371
    outer loop
      vertex 6.89361 6.30451 22.05
      vertex 8.84454 8.30451 26.05
      vertex 6.89361 8.30451 22.05
    endloop
  endfacet
  facet normal -0.898794 0 0.438371
    outer loop
      vertex 8.84454 8.30451 26.05
      vertex 6.89361 6.30451 22.05
      vertex 8.84454 6.30451 26.05
    endloop
  endfacet
  facet normal -0 0 1
    outer loop
      vertex 8.94453 8.30451 26.05
      vertex 48.7445 6.30451 26.05
      vertex 48.7445 8.30451 26.05
    endloop
  endfacet
  facet normal 0 0 1
    outer loop
      vertex 48.7445 6.30451 26.05
      vertex 8.94453 8.30451 26.05
      vertex 8.94453 6.30451 26.05
    endloop
  endfacet
  facet normal 0 1 0
    outer loop
      vertex 46.9136 8.30451 22.05
      vertex 48.7445 8.30451 26.05
      vertex 48.8645 8.30451 26.05
    endloop
  endfacet
  facet normal 0 1 0
    outer loop
      vertex 48.7445 8.30451 26.05
      vertex 46.9136 8.30451 22.05
      vertex 8.94453 8.30451 26.05
    endloop
  endfacet
  facet normal 0 1 0
    outer loop
      vertex 6.89361 8.30451 22.05
      vertex 8.94453 8.30451 26.05
      vertex 46.9136 8.30451 22.05
    endloop
  endfacet
  facet normal 0 1 0
    outer loop
      vertex 8.94453 8.30451 26.05
      vertex 6.89361 8.30451 22.05
      vertex 8.84454 8.30451 26.05
    endloop
  endfacet
  facet normal 0 -0.977176 0.212433
    outer loop
      vertex 13.84 1.30451 28.05
      vertex 12.527 1.30451 28.05
      vertex 11.9182 0.44791 24.1097
    endloop
  endfacet
  facet normal -0 0 1
    outer loop
      vertex 9.82 12.078 28.05
      vertex 10.527 1.30451 28.05
      vertex 10.527 12.078 28.05
    endloop
  endfacet
  facet normal 0 0 1
    outer loop
      vertex 10.527 1.30451 28.05
      vertex 9.82 12.078 28.05
      vertex 9.82 1.30451 28.05
    endloop
  endfacet
  facet normal -0.898793 0 0.438374
    outer loop
      vertex 9.82 4.5 28.05
      vertex 8.78517 0.843265 25.9283
      vertex 9.82 1.30451 28.05
    endloop
  endfacet
  facet normal -0.898792 -1.25377e-06 0.438376
    outer loop
      vertex 8.78517 0.843265 25.9283
      vertex 9.82 4.5 28.05
      vertex 7.82852 0.416867 23.9669
    endloop
  endfacet
  facet normal -0 0 0
    outer loop
      vertex 9.82 4.5 28.05
      vertex 9.82 1.30451 28.05
      vertex 9.82 12.078 28.05
    endloop
  endfacet
  facet normal 0 0 1
    outer loop
      vertex 14.527 12.078 28.05
      vertex 13.84 1.30451 28.05
      vertex 14.527 1.30451 28.05
    endloop
  endfacet
  facet normal -0 0 1
    outer loop
      vertex 12.527 12.078 28.05
      vertex 13.84 1.30451 28.05
      vertex 14.527 12.078 28.05
    endloop
  endfacet
  facet normal 0 0 1
    outer loop
      vertex 13.84 1.30451 28.05
      vertex 12.527 12.078 28.05
      vertex 12.527 1.30451 28.05
    endloop
  endfacet
  facet normal 0 0 -1
    outer loop
      vertex 12.866 3.09351 26.053
      vertex 13.553 11.978 26.053
      vertex 13.553 3.09351 26.053
    endloop
  endfacet
  facet normal 0 0 -1
    outer loop
      vertex 12.846 3.09351 26.053
      vertex 13.553 11.978 26.053
      vertex 12.866 3.09351 26.053
    endloop
  endfacet
  facet normal 0 0 -1
    outer loop
      vertex 11.553 11.978 26.053
      vertex 12.846 3.09351 26.053
      vertex 11.553 3.09351 26.053
    endloop
  endfacet
  facet normal 0 0 -1
    outer loop
      vertex 12.846 3.09351 26.053
      vertex 11.553 11.978 26.053
      vertex 13.553 11.978 26.053
    endloop
  endfacet
  facet normal -0.442813 0.896552 0.0105322
    outer loop
      vertex 12.195 2.77826 24.6773
      vertex 12.866 3.09351 26.053
      vertex 12.1516 2.75787 24.5883
    endloop
  endfacet
  facet normal 0.108582 0.959088 -0.261459
    outer loop
      vertex 11.9182 0.44791 24.1097
      vertex 12.8344 0.856313 25.9883
      vertex 13.84 1.30451 28.05
    endloop
  endfacet
  facet normal 0.247768 -0.964733 0.0888932
    outer loop
      vertex 11.9182 0.44791 24.1097
      vertex 12.7516 0.819402 25.8185
      vertex 12.8344 0.856313 25.9883
    endloop
  endfacet
  facet normal 0.507529 0.756728 -0.41204
    outer loop
      vertex 11.9182 0.44791 24.1097
      vertex 10.9624 0.0218949 22.15
      vertex 12.7516 0.819402 25.8185
    endloop
  endfacet
  facet normal 0.898796 0 -0.438368
    outer loop
      vertex 10.9624 0.0218949 22.15
      vertex 11.9182 0.44791 24.1097
      vertex 10.9624 0.0218946 22.15
    endloop
  endfacet
  facet normal -0.898794 0 0.43837
    outer loop
      vertex 11.553 3.09351 26.053
      vertex 12.527 11.978 28.05
      vertex 11.553 11.978 26.053
    endloop
  endfacet
  facet normal -0.898794 0 0.43837
    outer loop
      vertex 11.553 3.09351 26.053
      vertex 12.527 1.30451 28.05
      vertex 12.527 11.978 28.05
    endloop
  endfacet
  facet normal -0.898794 0 0.438371
    outer loop
      vertex 9.64938 0.0218949 22.15
      vertex 11.553 3.09351 26.053
      vertex 9.64938 2.19913 22.15
    endloop
  endfacet
  facet normal -0.898794 4.89262e-07 0.438371
    outer loop
      vertex 11.553 3.09351 26.053
      vertex 9.64938 0.0218949 22.15
      vertex 12.527 1.30451 28.05
    endloop
  endfacet
  facet normal -0 0 0
    outer loop
      vertex 12.527 11.978 28.05
      vertex 12.527 1.30451 28.05
      vertex 12.527 12.078 28.05
    endloop
  endfacet
  facet normal 0.898794 0 -0.43837
    outer loop
      vertex 10.527 11.978 28.05
      vertex 9.553 3.09351 26.053
      vertex 9.553 11.978 26.053
    endloop
  endfacet
  facet normal 0.898794 0 -0.43837
    outer loop
      vertex 10.527 1.30451 28.05
      vertex 9.553 3.09351 26.053
      vertex 10.527 11.978 28.05
    endloop
  endfacet
  facet normal 0.898794 -4.89262e-07 -0.438371
    outer loop
      vertex 7.64938 0.0218949 22.15
      vertex 9.553 3.09351 26.053
      vertex 10.527 1.30451 28.05
    endloop
  endfacet
  facet normal 0.898794 0 -0.438371
    outer loop
      vertex 9.553 3.09351 26.053
      vertex 7.64938 0.0218949 22.15
      vertex 7.64938 2.19913 22.15
    endloop
  endfacet
  facet normal 0 0 0
    outer loop
      vertex 10.527 1.30451 28.05
      vertex 10.527 11.978 28.05
      vertex 10.527 12.078 28.05
    endloop
  endfacet
  facet normal 0 0 -1
    outer loop
      vertex 8.946 3.09351 26.053
      vertex 9.553 11.978 26.053
      vertex 9.553 3.09351 26.053
    endloop
  endfacet
  facet normal -0 0 -1
    outer loop
      vertex 9.553 11.978 26.053
      vertex 8.946 3.09351 26.053
      vertex 8.946 11.978 26.053
    endloop
  endfacet
  facet normal 0 -0.977176 0.21243
    outer loop
      vertex 7.64902 0.0218949 22.15
      vertex 8.78517 0.843265 25.9283
      vertex 7.63079 0.0218949 22.15
    endloop
  endfacet
  facet normal 4.93026e-06 -0.977177 0.212428
    outer loop
      vertex 8.78517 0.843265 25.9283
      vertex 7.64902 0.0218949 22.15
      vertex 10.527 1.30451 28.05
    endloop
  endfacet
  facet normal 7.62796e-06 0.974735 -0.223366
    outer loop
      vertex 7.64938 2.19913 22.15
      vertex 7.86177 2.58411 23.83
      vertex 9.553 3.09351 26.053
    endloop
  endfacet
  facet normal -1.22637e-05 0.974735 -0.223364
    outer loop
      vertex 7.86177 2.58411 23.83
      vertex 7.64938 2.19913 22.15
      vertex 7.58562 2.45436 23.2638
    endloop
  endfacet
  facet normal 0 0.974735 -0.223363
    outer loop
      vertex 7.58562 2.45436 23.2638
      vertex 7.64938 2.19913 22.15
      vertex 7.59937 2.19913 22.15
    endloop
  endfacet
  facet normal 0 0.974729 -0.223389
    outer loop
      vertex 12.8162 3.07953 25.992
      vertex 11.553 3.09351 26.053
      vertex 12.846 3.09351 26.053
    endloop
  endfacet
  facet normal 1.30626e-06 0.974735 -0.223363
    outer loop
      vertex 9.68315 2.19913 22.15
      vertex 11.553 3.09351 26.053
      vertex 12.8162 3.07953 25.992
    endloop
  endfacet
  facet normal 0 0.974735 -0.223363
    outer loop
      vertex 11.553 3.09351 26.053
      vertex 9.68315 2.19913 22.15
      vertex 9.64938 2.19913 22.15
    endloop
  endfacet
  facet normal -1.89936e-05 -0.977175 0.212436
    outer loop
      vertex 10.9401 0.0218949 22.15
      vertex 11.9182 0.44791 24.1097
      vertex 12.527 1.30451 28.05
    endloop
  endfacet
  facet normal -1.3386e-05 -0.977176 0.212433
    outer loop
      vertex 11.9182 0.44791 24.1097
      vertex 10.9401 0.0218949 22.15
      vertex 10.962 0.0218946 22.15
    endloop
  endfacet
  facet normal -0.000360487 0.974773 -0.223199
    outer loop
      vertex 12.866 3.09351 26.053
      vertex 12.195 2.77826 24.6773
      vertex 12.5244 2.94242 25.3937
    endloop
  endfacet
  facet normal 0 0.974736 -0.22336
    outer loop
      vertex 9.68315 2.19913 22.15
      vertex 12.195 2.77826 24.6773
      vertex 9.70032 2.19913 22.15
    endloop
  endfacet
  facet normal -7.22135e-06 0.974737 -0.223354
    outer loop
      vertex 12.195 2.77826 24.6773
      vertex 9.68315 2.19913 22.15
      vertex 12.5244 2.94242 25.3937
    endloop
  endfacet
  facet normal 4.30821e-05 0.974728 -0.223395
    outer loop
      vertex 12.5244 2.94242 25.3937
      vertex 9.68315 2.19913 22.15
      vertex 12.8162 3.07953 25.992
    endloop
  endfacet
  facet normal 0 -0.977176 0.212431
    outer loop
      vertex 7.64938 0.0218949 22.15
      vertex 10.527 1.30451 28.05
      vertex 7.64902 0.0218949 22.15
    endloop
  endfacet
  facet normal 0 0.974735 -0.223363
    outer loop
      vertex 7.58562 2.45436 23.2638
      vertex 7.59937 2.19913 22.15
      vertex 7.04238 2.19913 22.15
    endloop
  endfacet
  facet normal 0 -1 0
    outer loop
      vertex 6.89361 6.30451 22.05
      vertex 8.94453 6.30451 26.05
      vertex 8.84454 6.30451 26.05
    endloop
  endfacet
  facet normal 0 -1 0
    outer loop
      vertex 8.94453 6.30451 26.05
      vertex 46.9136 6.30451 22.05
      vertex 48.7445 6.30451 26.05
    endloop
  endfacet
  facet normal 0 -1 -0
    outer loop
      vertex 8.94453 6.30451 26.05
      vertex 6.89361 6.30451 22.05
      vertex 46.9136 6.30451 22.05
    endloop
  endfacet
  facet normal 0 -1 -0
    outer loop
      vertex 48.7445 6.30451 26.05
      vertex 46.9136 6.30451 22.05
      vertex 48.8645 6.30451 26.05
    endloop
  endfacet
  facet normal 0 -0.977177 0.212427
    outer loop
      vertex 10.9624 0.0218946 22.15
      vertex 11.9182 0.44791 24.1097
      vertex 10.962 0.0218946 22.15
    endloop
  endfacet
  facet normal 0 -0.977176 0.212433
    outer loop
      vertex 7.92852 0.416867 23.9669
      vertex 8.78517 0.843265 25.9283
      vertex 7.82852 0.416867 23.9669
    endloop
  endfacet
  facet normal 2.43664e-05 -0.977178 0.212423
    outer loop
      vertex 7.92852 0.416867 23.9669
      vertex 7.63079 0.0218949 22.15
      vertex 8.78517 0.843265 25.9283
    endloop
  endfacet
  facet normal 0 -0.977177 0.212426
    outer loop
      vertex 7.63079 0.0218949 22.15
      vertex 7.92852 0.416867 23.9669
      vertex 7.04238 0.0218949 22.15
    endloop
  endfacet
  facet normal 0 -0.977176 0.212431
    outer loop
      vertex 10.9401 0.0218949 22.15
      vertex 12.527 1.30451 28.05
      vertex 9.64938 0.0218949 22.15
    endloop
  endfacet
  facet normal 0 0.974746 -0.223315
    outer loop
      vertex 12.1316 2.75787 24.5883
      vertex 12.195 2.77826 24.6773
      vertex 12.1516 2.75787 24.5883
    endloop
  endfacet
  facet normal -0.000172301 0.974773 -0.223199
    outer loop
      vertex 12.1316 2.75787 24.5883
      vertex 9.70032 2.19913 22.15
      vertex 12.195 2.77826 24.6773
    endloop
  endfacet
  facet normal 0 0.974736 -0.223362
    outer loop
      vertex 9.70032 2.19913 22.15
      vertex 12.1316 2.75787 24.5883
      vertex 10.9424 2.19913 22.15
    endloop
  endfacet
  facet normal 0 0 -1
    outer loop
      vertex 6.89361 6.30451 22.05
      vertex 46.9136 8.30451 22.05
      vertex 46.9136 6.30451 22.05
    endloop
  endfacet
  facet normal -0 0 -1
    outer loop
      vertex 46.9136 8.30451 22.05
      vertex 6.89361 6.30451 22.05
      vertex 6.89361 8.30451 22.05
    endloop
  endfacet
  facet normal 0 0.974732 -0.223377
    outer loop
      vertex 12.846 3.09351 26.053
      vertex 12.866 3.09351 26.053
      vertex 12.5244 2.94242 25.3937
    endloop
  endfacet
  facet normal 0 0.974735 -0.223363
    outer loop
      vertex 13.553 3.09351 26.053
      vertex 12.1516 2.75787 24.5883
      vertex 12.866 3.09351 26.053
    endloop
  endfacet
  facet normal 0 0.974736 -0.223361
    outer loop
      vertex 12.1516 2.75787 24.5883
      vertex 11.5831 2.50019 23.4638
      vertex 12.1316 2.75787 24.5883
    endloop
  endfacet
  facet normal -4.30714e-06 0.974736 -0.223359
    outer loop
      vertex 11.5831 2.50019 23.4638
      vertex 12.1516 2.75787 24.5883
      vertex 13.553 3.09351 26.053
    endloop
  endfacet
  facet normal 0 -0.977176 0.21243
    outer loop
      vertex 14.527 1.30451 28.05
      vertex 13.84 1.30451 28.05
      vertex 12.8344 0.856313 25.9883
    endloop
  endfacet
  facet normal 0 -0.977176 0.212433
    outer loop
      vertex 17.84 1.30451 28.05
      vertex 16.527 1.30451 28.05
      vertex 15.9182 0.44791 24.1097
    endloop
  endfacet
  facet normal -0.0173199 0.976392 -0.215309
    outer loop
      vertex 12.8162 3.07953 25.992
      vertex 12.846 3.09351 26.053
      vertex 12.5244 2.94242 25.3937
    endloop
  endfacet
  facet normal -0.0127043 -0.97329 0.229227
    outer loop
      vertex 11.5831 2.50019 23.4638
      vertex 10.9424 2.19913 22.15
      vertex 12.1316 2.75787 24.5883
    endloop
  endfacet
  facet normal 0 0 1
    outer loop
      vertex 18.527 12.078 28.05
      vertex 17.84 1.30451 28.05
      vertex 18.527 1.30451 28.05
    endloop
  endfacet
  facet normal -0 0 1
    outer loop
      vertex 16.527 12.078 28.05
      vertex 17.84 1.30451 28.05
      vertex 18.527 12.078 28.05
    endloop
  endfacet
  facet normal 0 0 1
    outer loop
      vertex 17.84 1.30451 28.05
      vertex 16.527 12.078 28.05
      vertex 16.527 1.30451 28.05
    endloop
  endfacet
  facet normal 0 0 -1
    outer loop
      vertex 16.866 3.09351 26.053
      vertex 17.553 11.978 26.053
      vertex 17.553 3.09351 26.053
    endloop
  endfacet
  facet normal 0 0 -1
    outer loop
      vertex 16.846 3.09351 26.053
      vertex 17.553 11.978 26.053
      vertex 16.866 3.09351 26.053
    endloop
  endfacet
  facet normal 0 0 -1
    outer loop
      vertex 15.553 11.978 26.053
      vertex 16.846 3.09351 26.053
      vertex 15.553 3.09351 26.053
    endloop
  endfacet
  facet normal 0 0 -1
    outer loop
      vertex 16.846 3.09351 26.053
      vertex 15.553 11.978 26.053
      vertex 17.553 11.978 26.053
    endloop
  endfacet
  facet normal -0.442813 0.896552 0.0105322
    outer loop
      vertex 16.195 2.77826 24.6773
      vertex 16.866 3.09351 26.053
      vertex 16.1516 2.75787 24.5883
    endloop
  endfacet
  facet normal 0.108582 0.959088 -0.261459
    outer loop
      vertex 15.9182 0.44791 24.1097
      vertex 16.8344 0.856313 25.9883
      vertex 17.84 1.30451 28.05
    endloop
  endfacet
  facet normal 0.247768 -0.964733 0.0888932
    outer loop
      vertex 15.9182 0.44791 24.1097
      vertex 16.7516 0.819402 25.8185
      vertex 16.8344 0.856313 25.9883
    endloop
  endfacet
  facet normal 0.507529 0.756728 -0.41204
    outer loop
      vertex 15.9182 0.44791 24.1097
      vertex 14.9624 0.0218949 22.15
      vertex 16.7516 0.819402 25.8185
    endloop
  endfacet
  facet normal 0.898796 0 -0.438368
    outer loop
      vertex 14.9624 0.0218949 22.15
      vertex 15.9182 0.44791 24.1097
      vertex 14.9624 0.0218946 22.15
    endloop
  endfacet
  facet normal -0.898794 0 0.43837
    outer loop
      vertex 15.553 3.09351 26.053
      vertex 16.527 11.978 28.05
      vertex 15.553 11.978 26.053
    endloop
  endfacet
  facet normal -0.898794 0 0.43837
    outer loop
      vertex 15.553 3.09351 26.053
      vertex 16.527 1.30451 28.05
      vertex 16.527 11.978 28.05
    endloop
  endfacet
  facet normal -0.898796 0 0.438367
    outer loop
      vertex 13.6494 0.0218949 22.15
      vertex 15.553 3.09351 26.053
      vertex 13.6494 2.19913 22.15
    endloop
  endfacet
  facet normal -0.898795 -2.24759e-06 0.438369
    outer loop
      vertex 15.553 3.09351 26.053
      vertex 13.6494 0.0218949 22.15
      vertex 16.527 1.30451 28.05
    endloop
  endfacet
  facet normal -0 0 0
    outer loop
      vertex 16.527 11.978 28.05
      vertex 16.527 1.30451 28.05
      vertex 16.527 12.078 28.05
    endloop
  endfacet
  facet normal 0.898794 0 -0.43837
    outer loop
      vertex 14.527 11.978 28.05
      vertex 13.553 3.09351 26.053
      vertex 13.553 11.978 26.053
    endloop
  endfacet
  facet normal 0.898794 0 -0.43837
    outer loop
      vertex 14.527 1.30451 28.05
      vertex 13.553 3.09351 26.053
      vertex 14.527 11.978 28.05
    endloop
  endfacet
  facet normal 0.898795 2.24759e-06 -0.438369
    outer loop
      vertex 11.6494 0.0218949 22.15
      vertex 13.553 3.09351 26.053
      vertex 14.527 1.30451 28.05
    endloop
  endfacet
  facet normal 0.898796 0 -0.438367
    outer loop
      vertex 13.553 3.09351 26.053
      vertex 11.6494 0.0218949 22.15
      vertex 11.6494 2.19913 22.15
    endloop
  endfacet
  facet normal 0 0 0
    outer loop
      vertex 14.527 1.30451 28.05
      vertex 14.527 11.978 28.05
      vertex 14.527 12.078 28.05
    endloop
  endfacet
  facet normal 3.71957e-05 -0.977183 0.212401
    outer loop
      vertex 12.7516 0.819402 25.8185
      vertex 14.527 1.30451 28.05
      vertex 12.8344 0.856313 25.9883
    endloop
  endfacet
  facet normal 0 -0.977176 0.212431
    outer loop
      vertex 11.649 0.0218949 22.15
      vertex 12.7516 0.819402 25.8185
      vertex 11.6308 0.0218949 22.15
    endloop
  endfacet
  facet normal -4.43561e-06 -0.977176 0.212433
    outer loop
      vertex 12.7516 0.819402 25.8185
      vertex 11.649 0.0218949 22.15
      vertex 14.527 1.30451 28.05
    endloop
  endfacet
  facet normal 2.59956e-07 0.974735 -0.223363
    outer loop
      vertex 11.6494 2.19913 22.15
      vertex 11.5831 2.50019 23.4638
      vertex 13.553 3.09351 26.053
    endloop
  endfacet
  facet normal 0 0.974735 -0.223363
    outer loop
      vertex 11.5831 2.50019 23.4638
      vertex 11.6494 2.19913 22.15
      vertex 11.5994 2.19913 22.15
    endloop
  endfacet
  facet normal 0 0.974729 -0.223389
    outer loop
      vertex 16.8162 3.07953 25.992
      vertex 15.553 3.09351 26.053
      vertex 16.846 3.09351 26.053
    endloop
  endfacet
  facet normal 1.30626e-06 0.974735 -0.223363
    outer loop
      vertex 13.6832 2.19913 22.15
      vertex 15.553 3.09351 26.053
      vertex 16.8162 3.07953 25.992
    endloop
  endfacet
  facet normal 0 0.974735 -0.223363
    outer loop
      vertex 15.553 3.09351 26.053
      vertex 13.6832 2.19913 22.15
      vertex 13.6494 2.19913 22.15
    endloop
  endfacet
  facet normal -1.89936e-05 -0.977175 0.212436
    outer loop
      vertex 14.9401 0.0218949 22.15
      vertex 15.9182 0.44791 24.1097
      vertex 16.527 1.30451 28.05
    endloop
  endfacet
  facet normal -1.3386e-05 -0.977176 0.212433
    outer loop
      vertex 15.9182 0.44791 24.1097
      vertex 14.9401 0.0218949 22.15
      vertex 14.962 0.0218946 22.15
    endloop
  endfacet
  facet normal -0.000360487 0.974773 -0.223199
    outer loop
      vertex 16.866 3.09351 26.053
      vertex 16.195 2.77826 24.6773
      vertex 16.5244 2.94242 25.3937
    endloop
  endfacet
  facet normal 0 0.974736 -0.22336
    outer loop
      vertex 13.6832 2.19913 22.15
      vertex 16.195 2.77826 24.6773
      vertex 13.7003 2.19913 22.15
    endloop
  endfacet
  facet normal -7.22162e-06 0.974737 -0.223354
    outer loop
      vertex 16.195 2.77826 24.6773
      vertex 13.6832 2.19913 22.15
      vertex 16.5244 2.94242 25.3937
    endloop
  endfacet
  facet normal 4.30839e-05 0.974728 -0.223395
    outer loop
      vertex 16.5244 2.94242 25.3937
      vertex 13.6832 2.19913 22.15
      vertex 16.8162 3.07953 25.992
    endloop
  endfacet
  facet normal 0 -0.977176 0.212431
    outer loop
      vertex 11.6494 0.0218949 22.15
      vertex 14.527 1.30451 28.05
      vertex 11.649 0.0218949 22.15
    endloop
  endfacet
  facet normal 0 0.974735 -0.223363
    outer loop
      vertex 11.5831 2.50019 23.4638
      vertex 11.5994 2.19913 22.15
      vertex 10.9424 2.19913 22.15
    endloop
  endfacet
  facet normal 0 -0.977177 0.212427
    outer loop
      vertex 14.9624 0.0218946 22.15
      vertex 15.9182 0.44791 24.1097
      vertex 14.962 0.0218946 22.15
    endloop
  endfacet
  facet normal 0 -0.977176 0.212431
    outer loop
      vertex 11.6308 0.0218949 22.15
      vertex 12.7516 0.819402 25.8185
      vertex 10.9624 0.0218949 22.15
    endloop
  endfacet
  facet normal 0 -0.977176 0.212431
    outer loop
      vertex 14.9401 0.0218949 22.15
      vertex 16.527 1.30451 28.05
      vertex 13.6494 0.0218949 22.15
    endloop
  endfacet
  facet normal 0 0.974746 -0.223315
    outer loop
      vertex 16.1316 2.75787 24.5883
      vertex 16.195 2.77826 24.6773
      vertex 16.1516 2.75787 24.5883
    endloop
  endfacet
  facet normal -0.000172296 0.974773 -0.223199
    outer loop
      vertex 16.1316 2.75787 24.5883
      vertex 13.7003 2.19913 22.15
      vertex 16.195 2.77826 24.6773
    endloop
  endfacet
  facet normal 0 0.974736 -0.223362
    outer loop
      vertex 13.7003 2.19913 22.15
      vertex 16.1316 2.75787 24.5883
      vertex 14.9424 2.19913 22.15
    endloop
  endfacet
  facet normal 0 0.974735 -0.223363
    outer loop
      vertex 17.553 3.09351 26.053
      vertex 16.1516 2.75787 24.5883
      vertex 16.866 3.09351 26.053
    endloop
  endfacet
  facet normal 0 0.974736 -0.223361
    outer loop
      vertex 16.1516 2.75787 24.5883
      vertex 15.5831 2.50019 23.4638
      vertex 16.1316 2.75787 24.5883
    endloop
  endfacet
  facet normal -4.30714e-06 0.974736 -0.223359
    outer loop
      vertex 15.5831 2.50019 23.4638
      vertex 16.1516 2.75787 24.5883
      vertex 17.553 3.09351 26.053
    endloop
  endfacet
  facet normal 0 0.974732 -0.223377
    outer loop
      vertex 16.846 3.09351 26.053
      vertex 16.866 3.09351 26.053
      vertex 16.5244 2.94242 25.3937
    endloop
  endfacet
  facet normal 0 -0.977176 0.21243
    outer loop
      vertex 18.527 1.30451 28.05
      vertex 17.84 1.30451 28.05
      vertex 16.8344 0.856313 25.9883
    endloop
  endfacet
  facet normal 0 -0.977176 0.212433
    outer loop
      vertex 21.84 1.30451 28.05
      vertex 20.527 1.30451 28.05
      vertex 19.9182 0.44791 24.1097
    endloop
  endfacet
  facet normal -0.0173199 0.976392 -0.215309
    outer loop
      vertex 16.8162 3.07953 25.992
      vertex 16.846 3.09351 26.053
      vertex 16.5244 2.94242 25.3937
    endloop
  endfacet
  facet normal -0.0127043 -0.97329 0.229227
    outer loop
      vertex 15.5831 2.50019 23.4638
      vertex 14.9424 2.19913 22.15
      vertex 16.1316 2.75787 24.5883
    endloop
  endfacet
  facet normal 0 0 1
    outer loop
      vertex 22.527 12.078 28.05
      vertex 21.84 1.30451 28.05
      vertex 22.527 1.30451 28.05
    endloop
  endfacet
  facet normal -0 0 1
    outer loop
      vertex 20.527 12.078 28.05
      vertex 21.84 1.30451 28.05
      vertex 22.527 12.078 28.05
    endloop
  endfacet
  facet normal 0 0 1
    outer loop
      vertex 21.84 1.30451 28.05
      vertex 20.527 12.078 28.05
      vertex 20.527 1.30451 28.05
    endloop
  endfacet
  facet normal 0 0 -1
    outer loop
      vertex 20.866 3.09351 26.053
      vertex 21.553 11.978 26.053
      vertex 21.553 3.09351 26.053
    endloop
  endfacet
  facet normal 0 0 -1
    outer loop
      vertex 20.846 3.09351 26.053
      vertex 21.553 11.978 26.053
      vertex 20.866 3.09351 26.053
    endloop
  endfacet
  facet normal 0 0 -1
    outer loop
      vertex 19.553 11.978 26.053
      vertex 20.846 3.09351 26.053
      vertex 19.553 3.09351 26.053
    endloop
  endfacet
  facet normal 0 0 -1
    outer loop
      vertex 20.846 3.09351 26.053
      vertex 19.553 11.978 26.053
      vertex 21.553 11.978 26.053
    endloop
  endfacet
  facet normal -0.442813 0.896552 0.0105322
    outer loop
      vertex 20.195 2.77826 24.6773
      vertex 20.866 3.09351 26.053
      vertex 20.1516 2.75787 24.5883
    endloop
  endfacet
  facet normal 0.108582 0.959088 -0.261459
    outer loop
      vertex 19.9182 0.44791 24.1097
      vertex 20.8344 0.856313 25.9883
      vertex 21.84 1.30451 28.05
    endloop
  endfacet
  facet normal 0.247768 -0.964733 0.0888932
    outer loop
      vertex 19.9182 0.44791 24.1097
      vertex 20.7516 0.819402 25.8185
      vertex 20.8344 0.856313 25.9883
    endloop
  endfacet
  facet normal 0.507529 0.756728 -0.41204
    outer loop
      vertex 19.9182 0.44791 24.1097
      vertex 18.9624 0.0218949 22.15
      vertex 20.7516 0.819402 25.8185
    endloop
  endfacet
  facet normal 0.898796 0 -0.438368
    outer loop
      vertex 18.9624 0.0218949 22.15
      vertex 19.9182 0.44791 24.1097
      vertex 18.9624 0.0218946 22.15
    endloop
  endfacet
  facet normal -0.898794 0 0.43837
    outer loop
      vertex 19.553 3.09351 26.053
      vertex 20.527 11.978 28.05
      vertex 19.553 11.978 26.053
    endloop
  endfacet
  facet normal -0.898794 0 0.43837
    outer loop
      vertex 19.553 3.09351 26.053
      vertex 20.527 1.30451 28.05
      vertex 20.527 11.978 28.05
    endloop
  endfacet
  facet normal -0.898796 0 0.438367
    outer loop
      vertex 17.6494 0.0218949 22.15
      vertex 19.553 3.09351 26.053
      vertex 17.6494 2.19913 22.15
    endloop
  endfacet
  facet normal -0.898795 -2.24759e-06 0.438369
    outer loop
      vertex 19.553 3.09351 26.053
      vertex 17.6494 0.0218949 22.15
      vertex 20.527 1.30451 28.05
    endloop
  endfacet
  facet normal -0 0 0
    outer loop
      vertex 20.527 11.978 28.05
      vertex 20.527 1.30451 28.05
      vertex 20.527 12.078 28.05
    endloop
  endfacet
  facet normal 0.898794 0 -0.43837
    outer loop
      vertex 18.527 11.978 28.05
      vertex 17.553 3.09351 26.053
      vertex 17.553 11.978 26.053
    endloop
  endfacet
  facet normal 0.898794 0 -0.43837
    outer loop
      vertex 18.527 1.30451 28.05
      vertex 17.553 3.09351 26.053
      vertex 18.527 11.978 28.05
    endloop
  endfacet
  facet normal 0.898795 2.24759e-06 -0.438369
    outer loop
      vertex 15.6494 0.0218949 22.15
      vertex 17.553 3.09351 26.053
      vertex 18.527 1.30451 28.05
    endloop
  endfacet
  facet normal 0.898796 0 -0.438367
    outer loop
      vertex 17.553 3.09351 26.053
      vertex 15.6494 0.0218949 22.15
      vertex 15.6494 2.19913 22.15
    endloop
  endfacet
  facet normal 0 0 0
    outer loop
      vertex 18.527 1.30451 28.05
      vertex 18.527 11.978 28.05
      vertex 18.527 12.078 28.05
    endloop
  endfacet
  facet normal 3.71957e-05 -0.977183 0.212401
    outer loop
      vertex 16.7516 0.819402 25.8185
      vertex 18.527 1.30451 28.05
      vertex 16.8344 0.856313 25.9883
    endloop
  endfacet
  facet normal 0 -0.977176 0.212431
    outer loop
      vertex 15.649 0.0218949 22.15
      vertex 16.7516 0.819402 25.8185
      vertex 15.6308 0.0218949 22.15
    endloop
  endfacet
  facet normal -4.43561e-06 -0.977176 0.212433
    outer loop
      vertex 16.7516 0.819402 25.8185
      vertex 15.649 0.0218949 22.15
      vertex 18.527 1.30451 28.05
    endloop
  endfacet
  facet normal 2.59956e-07 0.974735 -0.223363
    outer loop
      vertex 15.6494 2.19913 22.15
      vertex 15.5831 2.50019 23.4638
      vertex 17.553 3.09351 26.053
    endloop
  endfacet
  facet normal 0 0.974735 -0.223363
    outer loop
      vertex 15.5831 2.50019 23.4638
      vertex 15.6494 2.19913 22.15
      vertex 15.5994 2.19913 22.15
    endloop
  endfacet
  facet normal 0 0.974729 -0.223389
    outer loop
      vertex 20.8162 3.07953 25.992
      vertex 19.553 3.09351 26.053
      vertex 20.846 3.09351 26.053
    endloop
  endfacet
  facet normal 1.30626e-06 0.974735 -0.223363
    outer loop
      vertex 17.6832 2.19913 22.15
      vertex 19.553 3.09351 26.053
      vertex 20.8162 3.07953 25.992
    endloop
  endfacet
  facet normal 0 0.974735 -0.223363
    outer loop
      vertex 19.553 3.09351 26.053
      vertex 17.6832 2.19913 22.15
      vertex 17.6494 2.19913 22.15
    endloop
  endfacet
  facet normal -1.89936e-05 -0.977175 0.212436
    outer loop
      vertex 18.9401 0.0218949 22.15
      vertex 19.9182 0.44791 24.1097
      vertex 20.527 1.30451 28.05
    endloop
  endfacet
  facet normal -1.3386e-05 -0.977176 0.212433
    outer loop
      vertex 19.9182 0.44791 24.1097
      vertex 18.9401 0.0218949 22.15
      vertex 18.962 0.0218946 22.15
    endloop
  endfacet
  facet normal -0.000360487 0.974773 -0.223199
    outer loop
      vertex 20.866 3.09351 26.053
      vertex 20.195 2.77826 24.6773
      vertex 20.5244 2.94242 25.3937
    endloop
  endfacet
  facet normal 0 0.974736 -0.22336
    outer loop
      vertex 17.6832 2.19913 22.15
      vertex 20.195 2.77826 24.6773
      vertex 17.7003 2.19913 22.15
    endloop
  endfacet
  facet normal -7.22162e-06 0.974737 -0.223354
    outer loop
      vertex 20.195 2.77826 24.6773
      vertex 17.6832 2.19913 22.15
      vertex 20.5244 2.94242 25.3937
    endloop
  endfacet
  facet normal 4.30839e-05 0.974728 -0.223395
    outer loop
      vertex 20.5244 2.94242 25.3937
      vertex 17.6832 2.19913 22.15
      vertex 20.8162 3.07953 25.992
    endloop
  endfacet
  facet normal 0 -0.977176 0.212431
    outer loop
      vertex 15.6494 0.0218949 22.15
      vertex 18.527 1.30451 28.05
      vertex 15.649 0.0218949 22.15
    endloop
  endfacet
  facet normal 0 0.974735 -0.223363
    outer loop
      vertex 15.5831 2.50019 23.4638
      vertex 15.5994 2.19913 22.15
      vertex 14.9424 2.19913 22.15
    endloop
  endfacet
  facet normal 0 -0.977177 0.212427
    outer loop
      vertex 18.9624 0.0218946 22.15
      vertex 19.9182 0.44791 24.1097
      vertex 18.962 0.0218946 22.15
    endloop
  endfacet
  facet normal 0 -0.977176 0.212431
    outer loop
      vertex 15.6308 0.0218949 22.15
      vertex 16.7516 0.819402 25.8185
      vertex 14.9624 0.0218949 22.15
    endloop
  endfacet
  facet normal 0 -0.977176 0.212431
    outer loop
      vertex 18.9401 0.0218949 22.15
      vertex 20.527 1.30451 28.05
      vertex 17.6494 0.0218949 22.15
    endloop
  endfacet
  facet normal 0 0.974746 -0.223315
    outer loop
      vertex 20.1316 2.75787 24.5883
      vertex 20.195 2.77826 24.6773
      vertex 20.1516 2.75787 24.5883
    endloop
  endfacet
  facet normal -0.000172296 0.974773 -0.223199
    outer loop
      vertex 20.1316 2.75787 24.5883
      vertex 17.7003 2.19913 22.15
      vertex 20.195 2.77826 24.6773
    endloop
  endfacet
  facet normal 0 0.974736 -0.223362
    outer loop
      vertex 17.7003 2.19913 22.15
      vertex 20.1316 2.75787 24.5883
      vertex 18.9424 2.19913 22.15
    endloop
  endfacet
  facet normal 0 0.974732 -0.223377
    outer loop
      vertex 20.846 3.09351 26.053
      vertex 20.866 3.09351 26.053
      vertex 20.5244 2.94242 25.3937
    endloop
  endfacet
  facet normal 0 0.974735 -0.223363
    outer loop
      vertex 21.553 3.09351 26.053
      vertex 20.1516 2.75787 24.5883
      vertex 20.866 3.09351 26.053
    endloop
  endfacet
  facet normal 0 0.974736 -0.223361
    outer loop
      vertex 20.1516 2.75787 24.5883
      vertex 19.5831 2.50019 23.4638
      vertex 20.1316 2.75787 24.5883
    endloop
  endfacet
  facet normal -4.30714e-06 0.974736 -0.223359
    outer loop
      vertex 19.5831 2.50019 23.4638
      vertex 20.1516 2.75787 24.5883
      vertex 21.553 3.09351 26.053
    endloop
  endfacet
  facet normal 0 -0.977176 0.21243
    outer loop
      vertex 22.527 1.30451 28.05
      vertex 21.84 1.30451 28.05
      vertex 20.8344 0.856313 25.9883
    endloop
  endfacet
  facet normal 0 -0.977176 0.212433
    outer loop
      vertex 25.84 1.30451 28.05
      vertex 24.527 1.30451 28.05
      vertex 23.9182 0.44791 24.1097
    endloop
  endfacet
  facet normal -0.0173199 0.976392 -0.215309
    outer loop
      vertex 20.8162 3.07953 25.992
      vertex 20.846 3.09351 26.053
      vertex 20.5244 2.94242 25.3937
    endloop
  endfacet
  facet normal -0.0127043 -0.97329 0.229227
    outer loop
      vertex 19.5831 2.50019 23.4638
      vertex 18.9424 2.19913 22.15
      vertex 20.1316 2.75787 24.5883
    endloop
  endfacet
  facet normal 0 0 1
    outer loop
      vertex 26.527 12.078 28.05
      vertex 25.84 1.30451 28.05
      vertex 26.527 1.30451 28.05
    endloop
  endfacet
  facet normal -0 0 1
    outer loop
      vertex 24.527 12.078 28.05
      vertex 25.84 1.30451 28.05
      vertex 26.527 12.078 28.05
    endloop
  endfacet
  facet normal 0 0 1
    outer loop
      vertex 25.84 1.30451 28.05
      vertex 24.527 12.078 28.05
      vertex 24.527 1.30451 28.05
    endloop
  endfacet
  facet normal 0 0 -1
    outer loop
      vertex 24.866 3.09351 26.053
      vertex 25.553 11.978 26.053
      vertex 25.553 3.09351 26.053
    endloop
  endfacet
  facet normal 0 0 -1
    outer loop
      vertex 24.846 3.09351 26.053
      vertex 25.553 11.978 26.053
      vertex 24.866 3.09351 26.053
    endloop
  endfacet
  facet normal 0 0 -1
    outer loop
      vertex 23.553 11.978 26.053
      vertex 24.846 3.09351 26.053
      vertex 23.553 3.09351 26.053
    endloop
  endfacet
  facet normal 0 0 -1
    outer loop
      vertex 24.846 3.09351 26.053
      vertex 23.553 11.978 26.053
      vertex 25.553 11.978 26.053
    endloop
  endfacet
  facet normal -0.442813 0.896552 0.0105322
    outer loop
      vertex 24.195 2.77826 24.6773
      vertex 24.866 3.09351 26.053
      vertex 24.1516 2.75787 24.5883
    endloop
  endfacet
  facet normal 0.108582 0.959088 -0.261459
    outer loop
      vertex 23.9182 0.44791 24.1097
      vertex 24.8344 0.856313 25.9883
      vertex 25.84 1.30451 28.05
    endloop
  endfacet
  facet normal 0.247768 -0.964733 0.0888932
    outer loop
      vertex 23.9182 0.44791 24.1097
      vertex 24.7516 0.819402 25.8185
      vertex 24.8344 0.856313 25.9883
    endloop
  endfacet
  facet normal 0.507529 0.756728 -0.41204
    outer loop
      vertex 23.9182 0.44791 24.1097
      vertex 22.9624 0.0218949 22.15
      vertex 24.7516 0.819402 25.8185
    endloop
  endfacet
  facet normal 0.898796 0 -0.438368
    outer loop
      vertex 22.9624 0.0218949 22.15
      vertex 23.9182 0.44791 24.1097
      vertex 22.9624 0.0218946 22.15
    endloop
  endfacet
  facet normal -0.898794 0 0.43837
    outer loop
      vertex 23.553 3.09351 26.053
      vertex 24.527 11.978 28.05
      vertex 23.553 11.978 26.053
    endloop
  endfacet
  facet normal -0.898794 0 0.43837
    outer loop
      vertex 23.553 3.09351 26.053
      vertex 24.527 1.30451 28.05
      vertex 24.527 11.978 28.05
    endloop
  endfacet
  facet normal -0.898796 0 0.438367
    outer loop
      vertex 21.6494 0.0218949 22.15
      vertex 23.553 3.09351 26.053
      vertex 21.6494 2.19913 22.15
    endloop
  endfacet
  facet normal -0.898795 -2.24759e-06 0.438369
    outer loop
      vertex 23.553 3.09351 26.053
      vertex 21.6494 0.0218949 22.15
      vertex 24.527 1.30451 28.05
    endloop
  endfacet
  facet normal -0 0 0
    outer loop
      vertex 24.527 11.978 28.05
      vertex 24.527 1.30451 28.05
      vertex 24.527 12.078 28.05
    endloop
  endfacet
  facet normal 0.898794 0 -0.43837
    outer loop
      vertex 22.527 11.978 28.05
      vertex 21.553 3.09351 26.053
      vertex 21.553 11.978 26.053
    endloop
  endfacet
  facet normal 0.898794 0 -0.43837
    outer loop
      vertex 22.527 1.30451 28.05
      vertex 21.553 3.09351 26.053
      vertex 22.527 11.978 28.05
    endloop
  endfacet
  facet normal 0.898795 2.24759e-06 -0.438369
    outer loop
      vertex 19.6494 0.0218949 22.15
      vertex 21.553 3.09351 26.053
      vertex 22.527 1.30451 28.05
    endloop
  endfacet
  facet normal 0.898796 0 -0.438367
    outer loop
      vertex 21.553 3.09351 26.053
      vertex 19.6494 0.0218949 22.15
      vertex 19.6494 2.19913 22.15
    endloop
  endfacet
  facet normal 0 0 0
    outer loop
      vertex 22.527 1.30451 28.05
      vertex 22.527 11.978 28.05
      vertex 22.527 12.078 28.05
    endloop
  endfacet
  facet normal 3.71957e-05 -0.977183 0.212401
    outer loop
      vertex 20.7516 0.819402 25.8185
      vertex 22.527 1.30451 28.05
      vertex 20.8344 0.856313 25.9883
    endloop
  endfacet
  facet normal 0 -0.977176 0.212431
    outer loop
      vertex 19.649 0.0218949 22.15
      vertex 20.7516 0.819402 25.8185
      vertex 19.6308 0.0218949 22.15
    endloop
  endfacet
  facet normal -4.43561e-06 -0.977176 0.212433
    outer loop
      vertex 20.7516 0.819402 25.8185
      vertex 19.649 0.0218949 22.15
      vertex 22.527 1.30451 28.05
    endloop
  endfacet
  facet normal 2.59956e-07 0.974735 -0.223363
    outer loop
      vertex 19.6494 2.19913 22.15
      vertex 19.5831 2.50019 23.4638
      vertex 21.553 3.09351 26.053
    endloop
  endfacet
  facet normal 0 0.974735 -0.223363
    outer loop
      vertex 19.5831 2.50019 23.4638
      vertex 19.6494 2.19913 22.15
      vertex 19.5994 2.19913 22.15
    endloop
  endfacet
  facet normal 0 0.974729 -0.223389
    outer loop
      vertex 24.8162 3.07953 25.992
      vertex 23.553 3.09351 26.053
      vertex 24.846 3.09351 26.053
    endloop
  endfacet
  facet normal 1.30626e-06 0.974735 -0.223363
    outer loop
      vertex 21.6832 2.19913 22.15
      vertex 23.553 3.09351 26.053
      vertex 24.8162 3.07953 25.992
    endloop
  endfacet
  facet normal 0 0.974735 -0.223363
    outer loop
      vertex 23.553 3.09351 26.053
      vertex 21.6832 2.19913 22.15
      vertex 21.6494 2.19913 22.15
    endloop
  endfacet
  facet normal -1.89936e-05 -0.977175 0.212436
    outer loop
      vertex 22.9401 0.0218949 22.15
      vertex 23.9182 0.44791 24.1097
      vertex 24.527 1.30451 28.05
    endloop
  endfacet
  facet normal -1.3386e-05 -0.977176 0.212433
    outer loop
      vertex 23.9182 0.44791 24.1097
      vertex 22.9401 0.0218949 22.15
      vertex 22.962 0.0218946 22.15
    endloop
  endfacet
  facet normal -0.000360487 0.974773 -0.223199
    outer loop
      vertex 24.866 3.09351 26.053
      vertex 24.195 2.77826 24.6773
      vertex 24.5244 2.94242 25.3937
    endloop
  endfacet
  facet normal 0 0.974736 -0.22336
    outer loop
      vertex 21.6832 2.19913 22.15
      vertex 24.195 2.77826 24.6773
      vertex 21.7003 2.19913 22.15
    endloop
  endfacet
  facet normal -7.22162e-06 0.974737 -0.223354
    outer loop
      vertex 24.195 2.77826 24.6773
      vertex 21.6832 2.19913 22.15
      vertex 24.5244 2.94242 25.3937
    endloop
  endfacet
  facet normal 4.30839e-05 0.974728 -0.223395
    outer loop
      vertex 24.5244 2.94242 25.3937
      vertex 21.6832 2.19913 22.15
      vertex 24.8162 3.07953 25.992
    endloop
  endfacet
  facet normal 0 -0.977176 0.212431
    outer loop
      vertex 19.6494 0.0218949 22.15
      vertex 22.527 1.30451 28.05
      vertex 19.649 0.0218949 22.15
    endloop
  endfacet
  facet normal 0 0.974735 -0.223363
    outer loop
      vertex 19.5831 2.50019 23.4638
      vertex 19.5994 2.19913 22.15
      vertex 18.9424 2.19913 22.15
    endloop
  endfacet
  facet normal 0 -0.977177 0.212427
    outer loop
      vertex 22.9624 0.0218946 22.15
      vertex 23.9182 0.44791 24.1097
      vertex 22.962 0.0218946 22.15
    endloop
  endfacet
  facet normal 0 -0.977176 0.212431
    outer loop
      vertex 19.6308 0.0218949 22.15
      vertex 20.7516 0.819402 25.8185
      vertex 18.9624 0.0218949 22.15
    endloop
  endfacet
  facet normal 0 -0.977176 0.212431
    outer loop
      vertex 22.9401 0.0218949 22.15
      vertex 24.527 1.30451 28.05
      vertex 21.6494 0.0218949 22.15
    endloop
  endfacet
  facet normal 0 0.974746 -0.223315
    outer loop
      vertex 24.1316 2.75787 24.5883
      vertex 24.195 2.77826 24.6773
      vertex 24.1516 2.75787 24.5883
    endloop
  endfacet
  facet normal -0.000172296 0.974773 -0.223199
    outer loop
      vertex 24.1316 2.75787 24.5883
      vertex 21.7003 2.19913 22.15
      vertex 24.195 2.77826 24.6773
    endloop
  endfacet
  facet normal 0 0.974736 -0.223362
    outer loop
      vertex 21.7003 2.19913 22.15
      vertex 24.1316 2.75787 24.5883
      vertex 22.9424 2.19913 22.15
    endloop
  endfacet
  facet normal 0 0.974735 -0.223363
    outer loop
      vertex 25.553 3.09351 26.053
      vertex 24.1516 2.75787 24.5883
      vertex 24.866 3.09351 26.053
    endloop
  endfacet
  facet normal 0 0.974736 -0.223361
    outer loop
      vertex 24.1516 2.75787 24.5883
      vertex 23.5831 2.50019 23.4638
      vertex 24.1316 2.75787 24.5883
    endloop
  endfacet
  facet normal -4.30714e-06 0.974736 -0.223359
    outer loop
      vertex 23.5831 2.50019 23.4638
      vertex 24.1516 2.75787 24.5883
      vertex 25.553 3.09351 26.053
    endloop
  endfacet
  facet normal 0 0.974732 -0.223377
    outer loop
      vertex 24.846 3.09351 26.053
      vertex 24.866 3.09351 26.053
      vertex 24.5244 2.94242 25.3937
    endloop
  endfacet
  facet normal 0 -0.977176 0.21243
    outer loop
      vertex 26.527 1.30451 28.05
      vertex 25.84 1.30451 28.05
      vertex 24.8344 0.856313 25.9883
    endloop
  endfacet
  facet normal 0 -0.977176 0.212433
    outer loop
      vertex 29.84 1.30451 28.05
      vertex 28.527 1.30451 28.05
      vertex 27.9182 0.44791 24.1097
    endloop
  endfacet
  facet normal -0.0173199 0.976392 -0.215309
    outer loop
      vertex 24.8162 3.07953 25.992
      vertex 24.846 3.09351 26.053
      vertex 24.5244 2.94242 25.3937
    endloop
  endfacet
  facet normal -0.0127043 -0.97329 0.229227
    outer loop
      vertex 23.5831 2.50019 23.4638
      vertex 22.9424 2.19913 22.15
      vertex 24.1316 2.75787 24.5883
    endloop
  endfacet
  facet normal 0 0 1
    outer loop
      vertex 30.527 12.078 28.05
      vertex 29.84 1.30451 28.05
      vertex 30.527 1.30451 28.05
    endloop
  endfacet
  facet normal -0 0 1
    outer loop
      vertex 28.527 12.078 28.05
      vertex 29.84 1.30451 28.05
      vertex 30.527 12.078 28.05
    endloop
  endfacet
  facet normal 0 0 1
    outer loop
      vertex 29.84 1.30451 28.05
      vertex 28.527 12.078 28.05
      vertex 28.527 1.30451 28.05
    endloop
  endfacet
  facet normal 0 0 -1
    outer loop
      vertex 28.866 3.09351 26.053
      vertex 29.553 11.978 26.053
      vertex 29.553 3.09351 26.053
    endloop
  endfacet
  facet normal 0 0 -1
    outer loop
      vertex 28.846 3.09351 26.053
      vertex 29.553 11.978 26.053
      vertex 28.866 3.09351 26.053
    endloop
  endfacet
  facet normal 0 0 -1
    outer loop
      vertex 27.553 11.978 26.053
      vertex 28.846 3.09351 26.053
      vertex 27.553 3.09351 26.053
    endloop
  endfacet
  facet normal 0 0 -1
    outer loop
      vertex 28.846 3.09351 26.053
      vertex 27.553 11.978 26.053
      vertex 29.553 11.978 26.053
    endloop
  endfacet
  facet normal -0.442813 0.896552 0.0105322
    outer loop
      vertex 28.195 2.77826 24.6773
      vertex 28.866 3.09351 26.053
      vertex 28.1516 2.75787 24.5883
    endloop
  endfacet
  facet normal 0.108582 0.959088 -0.261459
    outer loop
      vertex 27.9182 0.44791 24.1097
      vertex 28.8344 0.856313 25.9883
      vertex 29.84 1.30451 28.05
    endloop
  endfacet
  facet normal 0.247768 -0.964733 0.0888932
    outer loop
      vertex 27.9182 0.44791 24.1097
      vertex 28.7516 0.819402 25.8185
      vertex 28.8344 0.856313 25.9883
    endloop
  endfacet
  facet normal 0.507529 0.756728 -0.41204
    outer loop
      vertex 27.9182 0.44791 24.1097
      vertex 26.9624 0.0218949 22.15
      vertex 28.7516 0.819402 25.8185
    endloop
  endfacet
  facet normal 0.898796 0 -0.438368
    outer loop
      vertex 26.9624 0.0218949 22.15
      vertex 27.9182 0.44791 24.1097
      vertex 26.9624 0.0218946 22.15
    endloop
  endfacet
  facet normal -0.898794 0 0.43837
    outer loop
      vertex 27.553 3.09351 26.053
      vertex 28.527 11.978 28.05
      vertex 27.553 11.978 26.053
    endloop
  endfacet
  facet normal -0.898794 0 0.43837
    outer loop
      vertex 27.553 3.09351 26.053
      vertex 28.527 1.30451 28.05
      vertex 28.527 11.978 28.05
    endloop
  endfacet
  facet normal -0.898796 0 0.438367
    outer loop
      vertex 25.6494 0.0218949 22.15
      vertex 27.553 3.09351 26.053
      vertex 25.6494 2.19913 22.15
    endloop
  endfacet
  facet normal -0.898795 -2.24759e-06 0.438369
    outer loop
      vertex 27.553 3.09351 26.053
      vertex 25.6494 0.0218949 22.15
      vertex 28.527 1.30451 28.05
    endloop
  endfacet
  facet normal -0 0 0
    outer loop
      vertex 28.527 11.978 28.05
      vertex 28.527 1.30451 28.05
      vertex 28.527 12.078 28.05
    endloop
  endfacet
  facet normal 0.898794 0 -0.43837
    outer loop
      vertex 26.527 11.978 28.05
      vertex 25.553 3.09351 26.053
      vertex 25.553 11.978 26.053
    endloop
  endfacet
  facet normal 0.898794 0 -0.43837
    outer loop
      vertex 26.527 1.30451 28.05
      vertex 25.553 3.09351 26.053
      vertex 26.527 11.978 28.05
    endloop
  endfacet
  facet normal 0.898795 2.24759e-06 -0.438369
    outer loop
      vertex 23.6494 0.0218949 22.15
      vertex 25.553 3.09351 26.053
      vertex 26.527 1.30451 28.05
    endloop
  endfacet
  facet normal 0.898796 0 -0.438367
    outer loop
      vertex 25.553 3.09351 26.053
      vertex 23.6494 0.0218949 22.15
      vertex 23.6494 2.19913 22.15
    endloop
  endfacet
  facet normal 0 0 0
    outer loop
      vertex 26.527 12.078 28.05
      vertex 26.527 1.30451 28.05
      vertex 26.527 11.978 28.05
    endloop
  endfacet
  facet normal 3.71957e-05 -0.977183 0.212401
    outer loop
      vertex 24.7516 0.819402 25.8185
      vertex 26.527 1.30451 28.05
      vertex 24.8344 0.856313 25.9883
    endloop
  endfacet
  facet normal 0 -0.977176 0.212431
    outer loop
      vertex 23.649 0.0218949 22.15
      vertex 24.7516 0.819402 25.8185
      vertex 23.6308 0.0218949 22.15
    endloop
  endfacet
  facet normal -4.43561e-06 -0.977176 0.212433
    outer loop
      vertex 24.7516 0.819402 25.8185
      vertex 23.649 0.0218949 22.15
      vertex 26.527 1.30451 28.05
    endloop
  endfacet
  facet normal 2.59956e-07 0.974735 -0.223363
    outer loop
      vertex 23.6494 2.19913 22.15
      vertex 23.5831 2.50019 23.4638
      vertex 25.553 3.09351 26.053
    endloop
  endfacet
  facet normal 0 0.974735 -0.223363
    outer loop
      vertex 23.5831 2.50019 23.4638
      vertex 23.6494 2.19913 22.15
      vertex 23.5994 2.19913 22.15
    endloop
  endfacet
  facet normal 0 0.974729 -0.223389
    outer loop
      vertex 28.8162 3.07953 25.992
      vertex 27.553 3.09351 26.053
      vertex 28.846 3.09351 26.053
    endloop
  endfacet
  facet normal 1.30626e-06 0.974735 -0.223363
    outer loop
      vertex 25.6832 2.19913 22.15
      vertex 27.553 3.09351 26.053
      vertex 28.8162 3.07953 25.992
    endloop
  endfacet
  facet normal 0 0.974735 -0.223363
    outer loop
      vertex 27.553 3.09351 26.053
      vertex 25.6832 2.19913 22.15
      vertex 25.6494 2.19913 22.15
    endloop
  endfacet
  facet normal -1.89936e-05 -0.977175 0.212436
    outer loop
      vertex 26.9401 0.0218949 22.15
      vertex 27.9182 0.44791 24.1097
      vertex 28.527 1.30451 28.05
    endloop
  endfacet
  facet normal -1.3386e-05 -0.977176 0.212433
    outer loop
      vertex 27.9182 0.44791 24.1097
      vertex 26.9401 0.0218949 22.15
      vertex 26.962 0.0218946 22.15
    endloop
  endfacet
  facet normal -0.000360487 0.974773 -0.223199
    outer loop
      vertex 28.866 3.09351 26.053
      vertex 28.195 2.77826 24.6773
      vertex 28.5244 2.94242 25.3937
    endloop
  endfacet
  facet normal 0 0.974736 -0.22336
    outer loop
      vertex 25.6832 2.19913 22.15
      vertex 28.195 2.77826 24.6773
      vertex 25.7003 2.19913 22.15
    endloop
  endfacet
  facet normal -7.22162e-06 0.974737 -0.223354
    outer loop
      vertex 28.195 2.77826 24.6773
      vertex 25.6832 2.19913 22.15
      vertex 28.5244 2.94242 25.3937
    endloop
  endfacet
  facet normal 4.30839e-05 0.974728 -0.223395
    outer loop
      vertex 28.5244 2.94242 25.3937
      vertex 25.6832 2.19913 22.15
      vertex 28.8162 3.07953 25.992
    endloop
  endfacet
  facet normal 0 -0.977176 0.212431
    outer loop
      vertex 23.6494 0.0218949 22.15
      vertex 26.527 1.30451 28.05
      vertex 23.649 0.0218949 22.15
    endloop
  endfacet
  facet normal 0 0.974735 -0.223363
    outer loop
      vertex 23.5831 2.50019 23.4638
      vertex 23.5994 2.19913 22.15
      vertex 22.9424 2.19913 22.15
    endloop
  endfacet
  facet normal 0 -0.977177 0.212427
    outer loop
      vertex 26.9624 0.0218946 22.15
      vertex 27.9182 0.44791 24.1097
      vertex 26.962 0.0218946 22.15
    endloop
  endfacet
  facet normal 0 -0.977176 0.212431
    outer loop
      vertex 23.6308 0.0218949 22.15
      vertex 24.7516 0.819402 25.8185
      vertex 22.9624 0.0218949 22.15
    endloop
  endfacet
  facet normal 0 -0.977176 0.212431
    outer loop
      vertex 26.9401 0.0218949 22.15
      vertex 28.527 1.30451 28.05
      vertex 25.6494 0.0218949 22.15
    endloop
  endfacet
  facet normal 0 0.974746 -0.223315
    outer loop
      vertex 28.1316 2.75787 24.5883
      vertex 28.195 2.77826 24.6773
      vertex 28.1516 2.75787 24.5883
    endloop
  endfacet
  facet normal -0.000172296 0.974773 -0.223199
    outer loop
      vertex 28.1316 2.75787 24.5883
      vertex 25.7003 2.19913 22.15
      vertex 28.195 2.77826 24.6773
    endloop
  endfacet
  facet normal 0 0.974736 -0.223362
    outer loop
      vertex 25.7003 2.19913 22.15
      vertex 28.1316 2.75787 24.5883
      vertex 26.9424 2.19913 22.15
    endloop
  endfacet
  facet normal 0 0.974735 -0.223363
    outer loop
      vertex 29.553 3.09351 26.053
      vertex 28.1516 2.75787 24.5883
      vertex 28.866 3.09351 26.053
    endloop
  endfacet
  facet normal 0 0.974736 -0.223361
    outer loop
      vertex 28.1516 2.75787 24.5883
      vertex 27.5831 2.50019 23.4638
      vertex 28.1316 2.75787 24.5883
    endloop
  endfacet
  facet normal -4.30714e-06 0.974736 -0.223359
    outer loop
      vertex 27.5831 2.50019 23.4638
      vertex 28.1516 2.75787 24.5883
      vertex 29.553 3.09351 26.053
    endloop
  endfacet
  facet normal 0 0.974732 -0.223377
    outer loop
      vertex 28.846 3.09351 26.053
      vertex 28.866 3.09351 26.053
      vertex 28.5244 2.94242 25.3937
    endloop
  endfacet
  facet normal 0 -0.977176 0.21243
    outer loop
      vertex 30.527 1.30451 28.05
      vertex 29.84 1.30451 28.05
      vertex 28.8344 0.856313 25.9883
    endloop
  endfacet
  facet normal 0 -0.977176 0.212433
    outer loop
      vertex 33.84 1.30451 28.05
      vertex 32.527 1.30451 28.05
      vertex 31.9182 0.44791 24.1097
    endloop
  endfacet
  facet normal -0.0173199 0.976392 -0.215309
    outer loop
      vertex 28.8162 3.07953 25.992
      vertex 28.846 3.09351 26.053
      vertex 28.5244 2.94242 25.3937
    endloop
  endfacet
  facet normal -0.0127043 -0.97329 0.229227
    outer loop
      vertex 27.5831 2.50019 23.4638
      vertex 26.9424 2.19913 22.15
      vertex 28.1316 2.75787 24.5883
    endloop
  endfacet
  facet normal 0 0 1
    outer loop
      vertex 34.527 12.078 28.05
      vertex 33.84 1.30451 28.05
      vertex 34.527 1.30451 28.05
    endloop
  endfacet
  facet normal -0 0 1
    outer loop
      vertex 32.527 12.078 28.05
      vertex 33.84 1.30451 28.05
      vertex 34.527 12.078 28.05
    endloop
  endfacet
  facet normal 0 0 1
    outer loop
      vertex 33.84 1.30451 28.05
      vertex 32.527 12.078 28.05
      vertex 32.527 1.30451 28.05
    endloop
  endfacet
  facet normal 0 0 -1
    outer loop
      vertex 32.866 3.09351 26.053
      vertex 33.553 11.978 26.053
      vertex 33.553 3.09351 26.053
    endloop
  endfacet
  facet normal 0 0 -1
    outer loop
      vertex 32.846 3.09351 26.053
      vertex 33.553 11.978 26.053
      vertex 32.866 3.09351 26.053
    endloop
  endfacet
  facet normal 0 0 -1
    outer loop
      vertex 31.553 11.978 26.053
      vertex 32.846 3.09351 26.053
      vertex 31.553 3.09351 26.053
    endloop
  endfacet
  facet normal 0 0 -1
    outer loop
      vertex 32.846 3.09351 26.053
      vertex 31.553 11.978 26.053
      vertex 33.553 11.978 26.053
    endloop
  endfacet
  facet normal -0.442813 0.896552 0.0105322
    outer loop
      vertex 32.195 2.77826 24.6773
      vertex 32.866 3.09351 26.053
      vertex 32.1516 2.75787 24.5883
    endloop
  endfacet
  facet normal 0.108582 0.959088 -0.261459
    outer loop
      vertex 31.9182 0.44791 24.1097
      vertex 32.8344 0.856313 25.9883
      vertex 33.84 1.30451 28.05
    endloop
  endfacet
  facet normal 0.247768 -0.964733 0.0888932
    outer loop
      vertex 31.9182 0.44791 24.1097
      vertex 32.7516 0.819402 25.8185
      vertex 32.8344 0.856313 25.9883
    endloop
  endfacet
  facet normal 0.507529 0.756728 -0.41204
    outer loop
      vertex 31.9182 0.44791 24.1097
      vertex 30.9624 0.0218949 22.15
      vertex 32.7516 0.819402 25.8185
    endloop
  endfacet
  facet normal 0.898796 0 -0.438368
    outer loop
      vertex 30.9624 0.0218949 22.15
      vertex 31.9182 0.44791 24.1097
      vertex 30.9624 0.0218946 22.15
    endloop
  endfacet
  facet normal -0.898794 0 0.43837
    outer loop
      vertex 31.553 3.09351 26.053
      vertex 32.527 11.978 28.05
      vertex 31.553 11.978 26.053
    endloop
  endfacet
  facet normal -0.898794 0 0.43837
    outer loop
      vertex 31.553 3.09351 26.053
      vertex 32.527 1.30451 28.05
      vertex 32.527 11.978 28.05
    endloop
  endfacet
  facet normal -0.898796 0 0.438367
    outer loop
      vertex 29.6494 0.0218949 22.15
      vertex 31.553 3.09351 26.053
      vertex 29.6494 2.19913 22.15
    endloop
  endfacet
  facet normal -0.898795 -2.24759e-06 0.438369
    outer loop
      vertex 31.553 3.09351 26.053
      vertex 29.6494 0.0218949 22.15
      vertex 32.527 1.30451 28.05
    endloop
  endfacet
  facet normal -0 0 0
    outer loop
      vertex 32.527 11.978 28.05
      vertex 32.527 1.30451 28.05
      vertex 32.527 12.078 28.05
    endloop
  endfacet
  facet normal 0.898794 0 -0.43837
    outer loop
      vertex 30.527 11.978 28.05
      vertex 29.553 3.09351 26.053
      vertex 29.553 11.978 26.053
    endloop
  endfacet
  facet normal 0.898794 0 -0.43837
    outer loop
      vertex 30.527 1.30451 28.05
      vertex 29.553 3.09351 26.053
      vertex 30.527 11.978 28.05
    endloop
  endfacet
  facet normal 0.898795 2.24759e-06 -0.438369
    outer loop
      vertex 27.6494 0.0218949 22.15
      vertex 29.553 3.09351 26.053
      vertex 30.527 1.30451 28.05
    endloop
  endfacet
  facet normal 0.898796 0 -0.438367
    outer loop
      vertex 29.553 3.09351 26.053
      vertex 27.6494 0.0218949 22.15
      vertex 27.6494 2.19913 22.15
    endloop
  endfacet
  facet normal 0 0 0
    outer loop
      vertex 30.527 12.078 28.05
      vertex 30.527 1.30451 28.05
      vertex 30.527 11.978 28.05
    endloop
  endfacet
  facet normal 3.71957e-05 -0.977183 0.212401
    outer loop
      vertex 28.7516 0.819402 25.8185
      vertex 30.527 1.30451 28.05
      vertex 28.8344 0.856313 25.9883
    endloop
  endfacet
  facet normal 0 -0.977176 0.212431
    outer loop
      vertex 27.649 0.0218949 22.15
      vertex 28.7516 0.819402 25.8185
      vertex 27.6308 0.0218949 22.15
    endloop
  endfacet
  facet normal -4.43561e-06 -0.977176 0.212433
    outer loop
      vertex 28.7516 0.819402 25.8185
      vertex 27.649 0.0218949 22.15
      vertex 30.527 1.30451 28.05
    endloop
  endfacet
  facet normal 2.59956e-07 0.974735 -0.223363
    outer loop
      vertex 27.6494 2.19913 22.15
      vertex 27.5831 2.50019 23.4638
      vertex 29.553 3.09351 26.053
    endloop
  endfacet
  facet normal 0 0.974735 -0.223363
    outer loop
      vertex 27.5831 2.50019 23.4638
      vertex 27.6494 2.19913 22.15
      vertex 27.5994 2.19913 22.15
    endloop
  endfacet
  facet normal 0 0.974729 -0.223389
    outer loop
      vertex 32.8162 3.07953 25.992
      vertex 31.553 3.09351 26.053
      vertex 32.846 3.09351 26.053
    endloop
  endfacet
  facet normal 1.30626e-06 0.974735 -0.223363
    outer loop
      vertex 29.6832 2.19913 22.15
      vertex 31.553 3.09351 26.053
      vertex 32.8162 3.07953 25.992
    endloop
  endfacet
  facet normal 0 0.974735 -0.223363
    outer loop
      vertex 31.553 3.09351 26.053
      vertex 29.6832 2.19913 22.15
      vertex 29.6494 2.19913 22.15
    endloop
  endfacet
  facet normal -1.89936e-05 -0.977175 0.212436
    outer loop
      vertex 30.9401 0.0218949 22.15
      vertex 31.9182 0.44791 24.1097
      vertex 32.527 1.30451 28.05
    endloop
  endfacet
  facet normal -1.3386e-05 -0.977176 0.212433
    outer loop
      vertex 31.9182 0.44791 24.1097
      vertex 30.9401 0.0218949 22.15
      vertex 30.962 0.0218946 22.15
    endloop
  endfacet
  facet normal -0.000360487 0.974773 -0.223199
    outer loop
      vertex 32.866 3.09351 26.053
      vertex 32.195 2.77826 24.6773
      vertex 32.5244 2.94242 25.3937
    endloop
  endfacet
  facet normal 0 0.974736 -0.22336
    outer loop
      vertex 29.6832 2.19913 22.15
      vertex 32.195 2.77826 24.6773
      vertex 29.7003 2.19913 22.15
    endloop
  endfacet
  facet normal -7.22162e-06 0.974737 -0.223354
    outer loop
      vertex 32.195 2.77826 24.6773
      vertex 29.6832 2.19913 22.15
      vertex 32.5244 2.94242 25.3937
    endloop
  endfacet
  facet normal 4.30839e-05 0.974728 -0.223395
    outer loop
      vertex 32.5244 2.94242 25.3937
      vertex 29.6832 2.19913 22.15
      vertex 32.8162 3.07953 25.992
    endloop
  endfacet
  facet normal 0 -0.977176 0.212431
    outer loop
      vertex 27.6494 0.0218949 22.15
      vertex 30.527 1.30451 28.05
      vertex 27.649 0.0218949 22.15
    endloop
  endfacet
  facet normal 0 0.974735 -0.223363
    outer loop
      vertex 27.5831 2.50019 23.4638
      vertex 27.5994 2.19913 22.15
      vertex 26.9424 2.19913 22.15
    endloop
  endfacet
  facet normal 0 -0.977177 0.212427
    outer loop
      vertex 30.9624 0.0218946 22.15
      vertex 31.9182 0.44791 24.1097
      vertex 30.962 0.0218946 22.15
    endloop
  endfacet
  facet normal 0 -0.977176 0.212431
    outer loop
      vertex 27.6308 0.0218949 22.15
      vertex 28.7516 0.819402 25.8185
      vertex 26.9624 0.0218949 22.15
    endloop
  endfacet
  facet normal 0 -0.977176 0.212431
    outer loop
      vertex 30.9401 0.0218949 22.15
      vertex 32.527 1.30451 28.05
      vertex 29.6494 0.0218949 22.15
    endloop
  endfacet
  facet normal 0 0.974746 -0.223315
    outer loop
      vertex 32.1316 2.75787 24.5883
      vertex 32.195 2.77826 24.6773
      vertex 32.1516 2.75787 24.5883
    endloop
  endfacet
  facet normal -0.000172296 0.974773 -0.223199
    outer loop
      vertex 32.1316 2.75787 24.5883
      vertex 29.7003 2.19913 22.15
      vertex 32.195 2.77826 24.6773
    endloop
  endfacet
  facet normal 0 0.974736 -0.223362
    outer loop
      vertex 29.7003 2.19913 22.15
      vertex 32.1316 2.75787 24.5883
      vertex 30.9424 2.19913 22.15
    endloop
  endfacet
  facet normal 0 0.974732 -0.223377
    outer loop
      vertex 32.846 3.09351 26.053
      vertex 32.866 3.09351 26.053
      vertex 32.5244 2.94242 25.3937
    endloop
  endfacet
  facet normal 0 0.974735 -0.223363
    outer loop
      vertex 33.553 3.09351 26.053
      vertex 32.1516 2.75787 24.5883
      vertex 32.866 3.09351 26.053
    endloop
  endfacet
  facet normal 0 0.974736 -0.223361
    outer loop
      vertex 32.1516 2.75787 24.5883
      vertex 31.5831 2.50019 23.4638
      vertex 32.1316 2.75787 24.5883
    endloop
  endfacet
  facet normal -4.30714e-06 0.974736 -0.223359
    outer loop
      vertex 31.5831 2.50019 23.4638
      vertex 32.1516 2.75787 24.5883
      vertex 33.553 3.09351 26.053
    endloop
  endfacet
  facet normal 0 -0.977176 0.21243
    outer loop
      vertex 34.527 1.30451 28.05
      vertex 33.84 1.30451 28.05
      vertex 32.8344 0.856313 25.9883
    endloop
  endfacet
  facet normal 0 -0.977176 0.212433
    outer loop
      vertex 37.84 1.30451 28.05
      vertex 36.527 1.30451 28.05
      vertex 35.9182 0.44791 24.1097
    endloop
  endfacet
  facet normal -0.0173199 0.976392 -0.215309
    outer loop
      vertex 32.8162 3.07953 25.992
      vertex 32.846 3.09351 26.053
      vertex 32.5244 2.94242 25.3937
    endloop
  endfacet
  facet normal -0.0127043 -0.97329 0.229227
    outer loop
      vertex 31.5831 2.50019 23.4638
      vertex 30.9424 2.19913 22.15
      vertex 32.1316 2.75787 24.5883
    endloop
  endfacet
  facet normal 0 0 1
    outer loop
      vertex 38.527 12.078 28.05
      vertex 37.84 1.30451 28.05
      vertex 38.527 1.30451 28.05
    endloop
  endfacet
  facet normal -0 0 1
    outer loop
      vertex 36.527 12.078 28.05
      vertex 37.84 1.30451 28.05
      vertex 38.527 12.078 28.05
    endloop
  endfacet
  facet normal 0 0 1
    outer loop
      vertex 37.84 1.30451 28.05
      vertex 36.527 12.078 28.05
      vertex 36.527 1.30451 28.05
    endloop
  endfacet
  facet normal 0 0 -1
    outer loop
      vertex 36.866 3.09351 26.053
      vertex 37.553 11.978 26.053
      vertex 37.553 3.09351 26.053
    endloop
  endfacet
  facet normal 0 0 -1
    outer loop
      vertex 36.846 3.09351 26.053
      vertex 37.553 11.978 26.053
      vertex 36.866 3.09351 26.053
    endloop
  endfacet
  facet normal 0 0 -1
    outer loop
      vertex 35.553 11.978 26.053
      vertex 36.846 3.09351 26.053
      vertex 35.553 3.09351 26.053
    endloop
  endfacet
  facet normal 0 0 -1
    outer loop
      vertex 36.846 3.09351 26.053
      vertex 35.553 11.978 26.053
      vertex 37.553 11.978 26.053
    endloop
  endfacet
  facet normal -0.442813 0.896552 0.0105322
    outer loop
      vertex 36.195 2.77826 24.6773
      vertex 36.866 3.09351 26.053
      vertex 36.1516 2.75787 24.5883
    endloop
  endfacet
  facet normal 0.108582 0.959088 -0.261459
    outer loop
      vertex 35.9182 0.44791 24.1097
      vertex 36.8344 0.856313 25.9883
      vertex 37.84 1.30451 28.05
    endloop
  endfacet
  facet normal 0.247768 -0.964733 0.0888932
    outer loop
      vertex 35.9182 0.44791 24.1097
      vertex 36.7516 0.819402 25.8185
      vertex 36.8344 0.856313 25.9883
    endloop
  endfacet
  facet normal 0.507529 0.756728 -0.41204
    outer loop
      vertex 35.9182 0.44791 24.1097
      vertex 34.9624 0.0218949 22.15
      vertex 36.7516 0.819402 25.8185
    endloop
  endfacet
  facet normal 0.898796 0 -0.438368
    outer loop
      vertex 34.9624 0.0218949 22.15
      vertex 35.9182 0.44791 24.1097
      vertex 34.9624 0.0218946 22.15
    endloop
  endfacet
  facet normal -0.898794 0 0.43837
    outer loop
      vertex 35.553 3.09351 26.053
      vertex 36.527 11.978 28.05
      vertex 35.553 11.978 26.053
    endloop
  endfacet
  facet normal -0.898794 0 0.43837
    outer loop
      vertex 35.553 3.09351 26.053
      vertex 36.527 1.30451 28.05
      vertex 36.527 11.978 28.05
    endloop
  endfacet
  facet normal -0.898796 0 0.438367
    outer loop
      vertex 33.6494 0.0218949 22.15
      vertex 35.553 3.09351 26.053
      vertex 33.6494 2.19913 22.15
    endloop
  endfacet
  facet normal -0.898795 -2.24759e-06 0.438369
    outer loop
      vertex 35.553 3.09351 26.053
      vertex 33.6494 0.0218949 22.15
      vertex 36.527 1.30451 28.05
    endloop
  endfacet
  facet normal -0 0 0
    outer loop
      vertex 36.527 11.978 28.05
      vertex 36.527 1.30451 28.05
      vertex 36.527 12.078 28.05
    endloop
  endfacet
  facet normal 0.898794 0 -0.43837
    outer loop
      vertex 34.527 11.978 28.05
      vertex 33.553 3.09351 26.053
      vertex 33.553 11.978 26.053
    endloop
  endfacet
  facet normal 0.898794 0 -0.43837
    outer loop
      vertex 34.527 1.30451 28.05
      vertex 33.553 3.09351 26.053
      vertex 34.527 11.978 28.05
    endloop
  endfacet
  facet normal 0.898795 2.24759e-06 -0.438369
    outer loop
      vertex 31.6494 0.0218949 22.15
      vertex 33.553 3.09351 26.053
      vertex 34.527 1.30451 28.05
    endloop
  endfacet
  facet normal 0.898796 0 -0.438367
    outer loop
      vertex 33.553 3.09351 26.053
      vertex 31.6494 0.0218949 22.15
      vertex 31.6494 2.19913 22.15
    endloop
  endfacet
  facet normal 0 0 0
    outer loop
      vertex 34.527 1.30451 28.05
      vertex 34.527 11.978 28.05
      vertex 34.527 12.078 28.05
    endloop
  endfacet
  facet normal 3.71957e-05 -0.977183 0.212401
    outer loop
      vertex 32.7516 0.819402 25.8185
      vertex 34.527 1.30451 28.05
      vertex 32.8344 0.856313 25.9883
    endloop
  endfacet
  facet normal 0 -0.977176 0.212431
    outer loop
      vertex 31.649 0.0218949 22.15
      vertex 32.7516 0.819402 25.8185
      vertex 31.6308 0.0218949 22.15
    endloop
  endfacet
  facet normal -4.43561e-06 -0.977176 0.212433
    outer loop
      vertex 32.7516 0.819402 25.8185
      vertex 31.649 0.0218949 22.15
      vertex 34.527 1.30451 28.05
    endloop
  endfacet
  facet normal 2.59956e-07 0.974735 -0.223363
    outer loop
      vertex 31.6494 2.19913 22.15
      vertex 31.5831 2.50019 23.4638
      vertex 33.553 3.09351 26.053
    endloop
  endfacet
  facet normal 0 0.974735 -0.223363
    outer loop
      vertex 31.5831 2.50019 23.4638
      vertex 31.6494 2.19913 22.15
      vertex 31.5994 2.19913 22.15
    endloop
  endfacet
  facet normal 0 0.974729 -0.223389
    outer loop
      vertex 36.8162 3.07953 25.992
      vertex 35.553 3.09351 26.053
      vertex 36.846 3.09351 26.053
    endloop
  endfacet
  facet normal 1.30626e-06 0.974735 -0.223363
    outer loop
      vertex 33.6832 2.19913 22.15
      vertex 35.553 3.09351 26.053
      vertex 36.8162 3.07953 25.992
    endloop
  endfacet
  facet normal 0 0.974735 -0.223363
    outer loop
      vertex 35.553 3.09351 26.053
      vertex 33.6832 2.19913 22.15
      vertex 33.6494 2.19913 22.15
    endloop
  endfacet
  facet normal -1.89936e-05 -0.977175 0.212436
    outer loop
      vertex 34.9401 0.0218949 22.15
      vertex 35.9182 0.44791 24.1097
      vertex 36.527 1.30451 28.05
    endloop
  endfacet
  facet normal -1.3386e-05 -0.977176 0.212433
    outer loop
      vertex 35.9182 0.44791 24.1097
      vertex 34.9401 0.0218949 22.15
      vertex 34.962 0.0218946 22.15
    endloop
  endfacet
  facet normal -0.000360487 0.974773 -0.223199
    outer loop
      vertex 36.866 3.09351 26.053
      vertex 36.195 2.77826 24.6773
      vertex 36.5244 2.94242 25.3937
    endloop
  endfacet
  facet normal 0 0.974736 -0.22336
    outer loop
      vertex 33.6832 2.19913 22.15
      vertex 36.195 2.77826 24.6773
      vertex 33.7003 2.19913 22.15
    endloop
  endfacet
  facet normal -7.22162e-06 0.974737 -0.223354
    outer loop
      vertex 36.195 2.77826 24.6773
      vertex 33.6832 2.19913 22.15
      vertex 36.5244 2.94242 25.3937
    endloop
  endfacet
  facet normal 4.30839e-05 0.974728 -0.223395
    outer loop
      vertex 36.5244 2.94242 25.3937
      vertex 33.6832 2.19913 22.15
      vertex 36.8162 3.07953 25.992
    endloop
  endfacet
  facet normal 0 -0.977176 0.212431
    outer loop
      vertex 31.6494 0.0218949 22.15
      vertex 34.527 1.30451 28.05
      vertex 31.649 0.0218949 22.15
    endloop
  endfacet
  facet normal 0 0.974735 -0.223363
    outer loop
      vertex 31.5831 2.50019 23.4638
      vertex 31.5994 2.19913 22.15
      vertex 30.9424 2.19913 22.15
    endloop
  endfacet
  facet normal 0 -0.977177 0.212427
    outer loop
      vertex 34.9624 0.0218946 22.15
      vertex 35.9182 0.44791 24.1097
      vertex 34.962 0.0218946 22.15
    endloop
  endfacet
  facet normal 0 -0.977176 0.212431
    outer loop
      vertex 31.6308 0.0218949 22.15
      vertex 32.7516 0.819402 25.8185
      vertex 30.9624 0.0218949 22.15
    endloop
  endfacet
  facet normal 0 -0.977176 0.212431
    outer loop
      vertex 34.9401 0.0218949 22.15
      vertex 36.527 1.30451 28.05
      vertex 33.6494 0.0218949 22.15
    endloop
  endfacet
  facet normal 0 0.974746 -0.223315
    outer loop
      vertex 36.1316 2.75787 24.5883
      vertex 36.195 2.77826 24.6773
      vertex 36.1516 2.75787 24.5883
    endloop
  endfacet
  facet normal -0.000172296 0.974773 -0.223199
    outer loop
      vertex 36.1316 2.75787 24.5883
      vertex 33.7003 2.19913 22.15
      vertex 36.195 2.77826 24.6773
    endloop
  endfacet
  facet normal 0 0.974736 -0.223362
    outer loop
      vertex 33.7003 2.19913 22.15
      vertex 36.1316 2.75787 24.5883
      vertex 34.9424 2.19913 22.15
    endloop
  endfacet
  facet normal 0 0.974732 -0.223377
    outer loop
      vertex 36.846 3.09351 26.053
      vertex 36.866 3.09351 26.053
      vertex 36.5244 2.94242 25.3937
    endloop
  endfacet
  facet normal 0 0.974735 -0.223363
    outer loop
      vertex 37.553 3.09351 26.053
      vertex 36.1516 2.75787 24.5883
      vertex 36.866 3.09351 26.053
    endloop
  endfacet
  facet normal 0 0.974736 -0.223361
    outer loop
      vertex 36.1516 2.75787 24.5883
      vertex 35.5831 2.50019 23.4638
      vertex 36.1316 2.75787 24.5883
    endloop
  endfacet
  facet normal -4.30714e-06 0.974736 -0.223359
    outer loop
      vertex 35.5831 2.50019 23.4638
      vertex 36.1516 2.75787 24.5883
      vertex 37.553 3.09351 26.053
    endloop
  endfacet
  facet normal 0 -0.977176 0.21243
    outer loop
      vertex 38.527 1.30451 28.05
      vertex 37.84 1.30451 28.05
      vertex 36.8344 0.856313 25.9883
    endloop
  endfacet
  facet normal 0 -0.977176 0.212433
    outer loop
      vertex 41.84 1.30451 28.05
      vertex 40.527 1.30451 28.05
      vertex 39.9182 0.44791 24.1097
    endloop
  endfacet
  facet normal -0.0173199 0.976392 -0.215309
    outer loop
      vertex 36.8162 3.07953 25.992
      vertex 36.846 3.09351 26.053
      vertex 36.5244 2.94242 25.3937
    endloop
  endfacet
  facet normal -0.0127043 -0.97329 0.229227
    outer loop
      vertex 35.5831 2.50019 23.4638
      vertex 34.9424 2.19913 22.15
      vertex 36.1316 2.75787 24.5883
    endloop
  endfacet
  facet normal 0 0 1
    outer loop
      vertex 42.527 12.078 28.05
      vertex 41.84 1.30451 28.05
      vertex 42.527 1.30451 28.05
    endloop
  endfacet
  facet normal -0 0 1
    outer loop
      vertex 40.527 12.078 28.05
      vertex 41.84 1.30451 28.05
      vertex 42.527 12.078 28.05
    endloop
  endfacet
  facet normal 0 0 1
    outer loop
      vertex 41.84 1.30451 28.05
      vertex 40.527 12.078 28.05
      vertex 40.527 1.30451 28.05
    endloop
  endfacet
  facet normal 0 0 -1
    outer loop
      vertex 40.866 3.09351 26.053
      vertex 41.553 11.978 26.053
      vertex 41.553 3.09351 26.053
    endloop
  endfacet
  facet normal 0 0 -1
    outer loop
      vertex 40.846 3.09351 26.053
      vertex 41.553 11.978 26.053
      vertex 40.866 3.09351 26.053
    endloop
  endfacet
  facet normal 0 0 -1
    outer loop
      vertex 39.553 11.978 26.053
      vertex 40.846 3.09351 26.053
      vertex 39.553 3.09351 26.053
    endloop
  endfacet
  facet normal 0 0 -1
    outer loop
      vertex 40.846 3.09351 26.053
      vertex 39.553 11.978 26.053
      vertex 41.553 11.978 26.053
    endloop
  endfacet
  facet normal -0.442813 0.896552 0.0105322
    outer loop
      vertex 40.195 2.77826 24.6773
      vertex 40.866 3.09351 26.053
      vertex 40.1516 2.75787 24.5883
    endloop
  endfacet
  facet normal 0.108582 0.959088 -0.261459
    outer loop
      vertex 39.9182 0.44791 24.1097
      vertex 40.8344 0.856313 25.9883
      vertex 41.84 1.30451 28.05
    endloop
  endfacet
  facet normal 0.247768 -0.964733 0.0888932
    outer loop
      vertex 39.9182 0.44791 24.1097
      vertex 40.7516 0.819402 25.8185
      vertex 40.8344 0.856313 25.9883
    endloop
  endfacet
  facet normal 0.507529 0.756728 -0.41204
    outer loop
      vertex 39.9182 0.44791 24.1097
      vertex 38.9624 0.0218949 22.15
      vertex 40.7516 0.819402 25.8185
    endloop
  endfacet
  facet normal 0.898796 0 -0.438368
    outer loop
      vertex 38.9624 0.0218949 22.15
      vertex 39.9182 0.44791 24.1097
      vertex 38.9624 0.0218946 22.15
    endloop
  endfacet
  facet normal -0.898794 0 0.43837
    outer loop
      vertex 39.553 3.09351 26.053
      vertex 40.527 11.978 28.05
      vertex 39.553 11.978 26.053
    endloop
  endfacet
  facet normal -0.898794 0 0.43837
    outer loop
      vertex 39.553 3.09351 26.053
      vertex 40.527 1.30451 28.05
      vertex 40.527 11.978 28.05
    endloop
  endfacet
  facet normal -0.898796 0 0.438367
    outer loop
      vertex 37.6494 0.0218949 22.15
      vertex 39.553 3.09351 26.053
      vertex 37.6494 2.19913 22.15
    endloop
  endfacet
  facet normal -0.898795 -2.24759e-06 0.438369
    outer loop
      vertex 39.553 3.09351 26.053
      vertex 37.6494 0.0218949 22.15
      vertex 40.527 1.30451 28.05
    endloop
  endfacet
  facet normal -0 0 0
    outer loop
      vertex 40.527 11.978 28.05
      vertex 40.527 1.30451 28.05
      vertex 40.527 12.078 28.05
    endloop
  endfacet
  facet normal 0.898794 0 -0.43837
    outer loop
      vertex 38.527 11.978 28.05
      vertex 37.553 3.09351 26.053
      vertex 37.553 11.978 26.053
    endloop
  endfacet
  facet normal 0.898794 0 -0.43837
    outer loop
      vertex 38.527 1.30451 28.05
      vertex 37.553 3.09351 26.053
      vertex 38.527 11.978 28.05
    endloop
  endfacet
  facet normal 0.898795 2.24759e-06 -0.438369
    outer loop
      vertex 35.6494 0.0218949 22.15
      vertex 37.553 3.09351 26.053
      vertex 38.527 1.30451 28.05
    endloop
  endfacet
  facet normal 0.898796 0 -0.438367
    outer loop
      vertex 37.553 3.09351 26.053
      vertex 35.6494 0.0218949 22.15
      vertex 35.6494 2.19913 22.15
    endloop
  endfacet
  facet normal 0 0 0
    outer loop
      vertex 38.527 1.30451 28.05
      vertex 38.527 11.978 28.05
      vertex 38.527 12.078 28.05
    endloop
  endfacet
  facet normal 3.71957e-05 -0.977183 0.212401
    outer loop
      vertex 36.7516 0.819402 25.8185
      vertex 38.527 1.30451 28.05
      vertex 36.8344 0.856313 25.9883
    endloop
  endfacet
  facet normal 0 -0.977176 0.212431
    outer loop
      vertex 35.649 0.0218949 22.15
      vertex 36.7516 0.819402 25.8185
      vertex 35.6308 0.0218949 22.15
    endloop
  endfacet
  facet normal -4.43561e-06 -0.977176 0.212433
    outer loop
      vertex 36.7516 0.819402 25.8185
      vertex 35.649 0.0218949 22.15
      vertex 38.527 1.30451 28.05
    endloop
  endfacet
  facet normal 2.59956e-07 0.974735 -0.223363
    outer loop
      vertex 35.6494 2.19913 22.15
      vertex 35.5831 2.50019 23.4638
      vertex 37.553 3.09351 26.053
    endloop
  endfacet
  facet normal 0 0.974735 -0.223363
    outer loop
      vertex 35.5831 2.50019 23.4638
      vertex 35.6494 2.19913 22.15
      vertex 35.5994 2.19913 22.15
    endloop
  endfacet
  facet normal 0 0.974729 -0.223389
    outer loop
      vertex 40.8162 3.07953 25.992
      vertex 39.553 3.09351 26.053
      vertex 40.846 3.09351 26.053
    endloop
  endfacet
  facet normal 1.30626e-06 0.974735 -0.223363
    outer loop
      vertex 37.6832 2.19913 22.15
      vertex 39.553 3.09351 26.053
      vertex 40.8162 3.07953 25.992
    endloop
  endfacet
  facet normal 0 0.974735 -0.223363
    outer loop
      vertex 39.553 3.09351 26.053
      vertex 37.6832 2.19913 22.15
      vertex 37.6494 2.19913 22.15
    endloop
  endfacet
  facet normal -1.89936e-05 -0.977175 0.212436
    outer loop
      vertex 38.9401 0.0218949 22.15
      vertex 39.9182 0.44791 24.1097
      vertex 40.527 1.30451 28.05
    endloop
  endfacet
  facet normal -1.3386e-05 -0.977176 0.212433
    outer loop
      vertex 39.9182 0.44791 24.1097
      vertex 38.9401 0.0218949 22.15
      vertex 38.962 0.0218946 22.15
    endloop
  endfacet
  facet normal -0.000360487 0.974773 -0.223199
    outer loop
      vertex 40.866 3.09351 26.053
      vertex 40.195 2.77826 24.6773
      vertex 40.5244 2.94242 25.3937
    endloop
  endfacet
  facet normal 0 0.974736 -0.22336
    outer loop
      vertex 37.6832 2.19913 22.15
      vertex 40.195 2.77826 24.6773
      vertex 37.7003 2.19913 22.15
    endloop
  endfacet
  facet normal -7.22162e-06 0.974737 -0.223354
    outer loop
      vertex 40.195 2.77826 24.6773
      vertex 37.6832 2.19913 22.15
      vertex 40.5244 2.94242 25.3937
    endloop
  endfacet
  facet normal 4.30839e-05 0.974728 -0.223395
    outer loop
      vertex 40.5244 2.94242 25.3937
      vertex 37.6832 2.19913 22.15
      vertex 40.8162 3.07953 25.992
    endloop
  endfacet
  facet normal 0 -0.977176 0.212431
    outer loop
      vertex 35.6494 0.0218949 22.15
      vertex 38.527 1.30451 28.05
      vertex 35.649 0.0218949 22.15
    endloop
  endfacet
  facet normal 0 0.974735 -0.223363
    outer loop
      vertex 35.5831 2.50019 23.4638
      vertex 35.5994 2.19913 22.15
      vertex 34.9424 2.19913 22.15
    endloop
  endfacet
  facet normal 0 -0.977177 0.212427
    outer loop
      vertex 38.9624 0.0218946 22.15
      vertex 39.9182 0.44791 24.1097
      vertex 38.962 0.0218946 22.15
    endloop
  endfacet
  facet normal 0 -0.977176 0.212431
    outer loop
      vertex 35.6308 0.0218949 22.15
      vertex 36.7516 0.819402 25.8185
      vertex 34.9624 0.0218949 22.15
    endloop
  endfacet
  facet normal 0 -0.977176 0.212431
    outer loop
      vertex 38.9401 0.0218949 22.15
      vertex 40.527 1.30451 28.05
      vertex 37.6494 0.0218949 22.15
    endloop
  endfacet
  facet normal 0 0.974746 -0.223315
    outer loop
      vertex 40.1316 2.75787 24.5883
      vertex 40.195 2.77826 24.6773
      vertex 40.1516 2.75787 24.5883
    endloop
  endfacet
  facet normal -0.000172296 0.974773 -0.223199
    outer loop
      vertex 40.1316 2.75787 24.5883
      vertex 37.7003 2.19913 22.15
      vertex 40.195 2.77826 24.6773
    endloop
  endfacet
  facet normal 0 0.974736 -0.223362
    outer loop
      vertex 37.7003 2.19913 22.15
      vertex 40.1316 2.75787 24.5883
      vertex 38.9424 2.19913 22.15
    endloop
  endfacet
  facet normal 0 0.974735 -0.223363
    outer loop
      vertex 41.553 3.09351 26.053
      vertex 40.1516 2.75787 24.5883
      vertex 40.866 3.09351 26.053
    endloop
  endfacet
  facet normal 0 0.974736 -0.223361
    outer loop
      vertex 40.1516 2.75787 24.5883
      vertex 39.5831 2.50019 23.4638
      vertex 40.1316 2.75787 24.5883
    endloop
  endfacet
  facet normal -4.30714e-06 0.974736 -0.223359
    outer loop
      vertex 39.5831 2.50019 23.4638
      vertex 40.1516 2.75787 24.5883
      vertex 41.553 3.09351 26.053
    endloop
  endfacet
  facet normal 0 0.974732 -0.223377
    outer loop
      vertex 40.846 3.09351 26.053
      vertex 40.866 3.09351 26.053
      vertex 40.5244 2.94242 25.3937
    endloop
  endfacet
  facet normal 0 -0.977176 0.21243
    outer loop
      vertex 42.527 1.30451 28.05
      vertex 41.84 1.30451 28.05
      vertex 40.8344 0.856313 25.9883
    endloop
  endfacet
  facet normal 0 -0.977176 0.212433
    outer loop
      vertex 45.84 1.30451 28.05
      vertex 44.527 1.30451 28.05
      vertex 43.9182 0.44791 24.1097
    endloop
  endfacet
  facet normal -0.0173199 0.976392 -0.215309
    outer loop
      vertex 40.8162 3.07953 25.992
      vertex 40.846 3.09351 26.053
      vertex 40.5244 2.94242 25.3937
    endloop
  endfacet
  facet normal -0.0127043 -0.97329 0.229227
    outer loop
      vertex 39.5831 2.50019 23.4638
      vertex 38.9424 2.19913 22.15
      vertex 40.1316 2.75787 24.5883
    endloop
  endfacet
  facet normal 0 0 1
    outer loop
      vertex 46.527 12.078 28.05
      vertex 45.84 1.30451 28.05
      vertex 46.527 1.30451 28.05
    endloop
  endfacet
  facet normal -0 0 1
    outer loop
      vertex 44.527 12.078 28.05
      vertex 45.84 1.30451 28.05
      vertex 46.527 12.078 28.05
    endloop
  endfacet
  facet normal 0 0 1
    outer loop
      vertex 45.84 1.30451 28.05
      vertex 44.527 12.078 28.05
      vertex 44.527 1.30451 28.05
    endloop
  endfacet
  facet normal 0 0 -1
    outer loop
      vertex 44.866 3.09351 26.053
      vertex 45.553 11.978 26.053
      vertex 45.553 3.09351 26.053
    endloop
  endfacet
  facet normal 0 0 -1
    outer loop
      vertex 44.846 3.09351 26.053
      vertex 45.553 11.978 26.053
      vertex 44.866 3.09351 26.053
    endloop
  endfacet
  facet normal 0 0 -1
    outer loop
      vertex 43.553 11.978 26.053
      vertex 44.846 3.09351 26.053
      vertex 43.553 3.09351 26.053
    endloop
  endfacet
  facet normal 0 0 -1
    outer loop
      vertex 44.846 3.09351 26.053
      vertex 43.553 11.978 26.053
      vertex 45.553 11.978 26.053
    endloop
  endfacet
  facet normal -0.442813 0.896552 0.0105322
    outer loop
      vertex 44.195 2.77826 24.6773
      vertex 44.866 3.09351 26.053
      vertex 44.1516 2.75787 24.5883
    endloop
  endfacet
  facet normal 0.108582 0.959088 -0.261459
    outer loop
      vertex 43.9182 0.44791 24.1097
      vertex 44.8344 0.856313 25.9883
      vertex 45.84 1.30451 28.05
    endloop
  endfacet
  facet normal 0.247768 -0.964733 0.0888932
    outer loop
      vertex 43.9182 0.44791 24.1097
      vertex 44.7516 0.819402 25.8185
      vertex 44.8344 0.856313 25.9883
    endloop
  endfacet
  facet normal 0.507529 0.756728 -0.41204
    outer loop
      vertex 43.9182 0.44791 24.1097
      vertex 42.9624 0.0218949 22.15
      vertex 44.7516 0.819402 25.8185
    endloop
  endfacet
  facet normal 0.898796 0 -0.438368
    outer loop
      vertex 42.9624 0.0218949 22.15
      vertex 43.9182 0.44791 24.1097
      vertex 42.9624 0.0218946 22.15
    endloop
  endfacet
  facet normal -0.898794 0 0.43837
    outer loop
      vertex 43.553 3.09351 26.053
      vertex 44.527 11.978 28.05
      vertex 43.553 11.978 26.053
    endloop
  endfacet
  facet normal -0.898794 0 0.43837
    outer loop
      vertex 43.553 3.09351 26.053
      vertex 44.527 1.30451 28.05
      vertex 44.527 11.978 28.05
    endloop
  endfacet
  facet normal -0.898796 0 0.438367
    outer loop
      vertex 41.6494 0.0218949 22.15
      vertex 43.553 3.09351 26.053
      vertex 41.6494 2.19913 22.15
    endloop
  endfacet
  facet normal -0.898795 -2.24759e-06 0.438369
    outer loop
      vertex 43.553 3.09351 26.053
      vertex 41.6494 0.0218949 22.15
      vertex 44.527 1.30451 28.05
    endloop
  endfacet
  facet normal -0 0 0
    outer loop
      vertex 44.527 11.978 28.05
      vertex 44.527 1.30451 28.05
      vertex 44.527 12.078 28.05
    endloop
  endfacet
  facet normal 0.898794 0 -0.43837
    outer loop
      vertex 42.527 11.978 28.05
      vertex 41.553 3.09351 26.053
      vertex 41.553 11.978 26.053
    endloop
  endfacet
  facet normal 0.898794 0 -0.43837
    outer loop
      vertex 42.527 1.30451 28.05
      vertex 41.553 3.09351 26.053
      vertex 42.527 11.978 28.05
    endloop
  endfacet
  facet normal 0.898795 2.24759e-06 -0.438369
    outer loop
      vertex 39.6494 0.0218949 22.15
      vertex 41.553 3.09351 26.053
      vertex 42.527 1.30451 28.05
    endloop
  endfacet
  facet normal 0.898796 0 -0.438367
    outer loop
      vertex 41.553 3.09351 26.053
      vertex 39.6494 0.0218949 22.15
      vertex 39.6494 2.19913 22.15
    endloop
  endfacet
  facet normal 0 0 0
    outer loop
      vertex 42.527 12.078 28.05
      vertex 42.527 1.30451 28.05
      vertex 42.527 11.978 28.05
    endloop
  endfacet
  facet normal 3.71957e-05 -0.977183 0.212401
    outer loop
      vertex 40.7516 0.819402 25.8185
      vertex 42.527 1.30451 28.05
      vertex 40.8344 0.856313 25.9883
    endloop
  endfacet
  facet normal 0 -0.977176 0.212431
    outer loop
      vertex 39.649 0.0218949 22.15
      vertex 40.7516 0.819402 25.8185
      vertex 39.6308 0.0218949 22.15
    endloop
  endfacet
  facet normal -4.43561e-06 -0.977176 0.212433
    outer loop
      vertex 40.7516 0.819402 25.8185
      vertex 39.649 0.0218949 22.15
      vertex 42.527 1.30451 28.05
    endloop
  endfacet
  facet normal 2.59956e-07 0.974735 -0.223363
    outer loop
      vertex 39.6494 2.19913 22.15
      vertex 39.5831 2.50019 23.4638
      vertex 41.553 3.09351 26.053
    endloop
  endfacet
  facet normal 0 0.974735 -0.223363
    outer loop
      vertex 39.5831 2.50019 23.4638
      vertex 39.6494 2.19913 22.15
      vertex 39.5994 2.19913 22.15
    endloop
  endfacet
  facet normal 0 0.974729 -0.223389
    outer loop
      vertex 44.8162 3.07953 25.992
      vertex 43.553 3.09351 26.053
      vertex 44.846 3.09351 26.053
    endloop
  endfacet
  facet normal 1.30626e-06 0.974735 -0.223363
    outer loop
      vertex 41.6832 2.19913 22.15
      vertex 43.553 3.09351 26.053
      vertex 44.8162 3.07953 25.992
    endloop
  endfacet
  facet normal 0 0.974735 -0.223363
    outer loop
      vertex 43.553 3.09351 26.053
      vertex 41.6832 2.19913 22.15
      vertex 41.6494 2.19913 22.15
    endloop
  endfacet
  facet normal -1.89936e-05 -0.977175 0.212436
    outer loop
      vertex 42.9401 0.0218949 22.15
      vertex 43.9182 0.44791 24.1097
      vertex 44.527 1.30451 28.05
    endloop
  endfacet
  facet normal -1.3386e-05 -0.977176 0.212433
    outer loop
      vertex 43.9182 0.44791 24.1097
      vertex 42.9401 0.0218949 22.15
      vertex 42.962 0.0218946 22.15
    endloop
  endfacet
  facet normal -0.000360487 0.974773 -0.223199
    outer loop
      vertex 44.866 3.09351 26.053
      vertex 44.195 2.77826 24.6773
      vertex 44.5244 2.94242 25.3937
    endloop
  endfacet
  facet normal 0 0.974736 -0.22336
    outer loop
      vertex 41.6832 2.19913 22.15
      vertex 44.195 2.77826 24.6773
      vertex 41.7003 2.19913 22.15
    endloop
  endfacet
  facet normal -7.22162e-06 0.974737 -0.223354
    outer loop
      vertex 44.195 2.77826 24.6773
      vertex 41.6832 2.19913 22.15
      vertex 44.5244 2.94242 25.3937
    endloop
  endfacet
  facet normal 4.30839e-05 0.974728 -0.223395
    outer loop
      vertex 44.5244 2.94242 25.3937
      vertex 41.6832 2.19913 22.15
      vertex 44.8162 3.07953 25.992
    endloop
  endfacet
  facet normal 0 -0.977176 0.212431
    outer loop
      vertex 39.6494 0.0218949 22.15
      vertex 42.527 1.30451 28.05
      vertex 39.649 0.0218949 22.15
    endloop
  endfacet
  facet normal 0 0.974735 -0.223363
    outer loop
      vertex 39.5831 2.50019 23.4638
      vertex 39.5994 2.19913 22.15
      vertex 38.9424 2.19913 22.15
    endloop
  endfacet
  facet normal 0 -0.977177 0.212427
    outer loop
      vertex 42.9624 0.0218946 22.15
      vertex 43.9182 0.44791 24.1097
      vertex 42.962 0.0218946 22.15
    endloop
  endfacet
  facet normal 0 -0.977176 0.212431
    outer loop
      vertex 39.6308 0.0218949 22.15
      vertex 40.7516 0.819402 25.8185
      vertex 38.9624 0.0218949 22.15
    endloop
  endfacet
  facet normal 0 -0.977176 0.212431
    outer loop
      vertex 42.9401 0.0218949 22.15
      vertex 44.527 1.30451 28.05
      vertex 41.6494 0.0218949 22.15
    endloop
  endfacet
  facet normal 0 0.974746 -0.223315
    outer loop
      vertex 44.1316 2.75787 24.5883
      vertex 44.195 2.77826 24.6773
      vertex 44.1516 2.75787 24.5883
    endloop
  endfacet
  facet normal -0.000172296 0.974773 -0.223199
    outer loop
      vertex 44.1316 2.75787 24.5883
      vertex 41.7003 2.19913 22.15
      vertex 44.195 2.77826 24.6773
    endloop
  endfacet
  facet normal 0 0.974736 -0.223362
    outer loop
      vertex 41.7003 2.19913 22.15
      vertex 44.1316 2.75787 24.5883
      vertex 42.9424 2.19913 22.15
    endloop
  endfacet
  facet normal 0 0.974732 -0.223377
    outer loop
      vertex 44.846 3.09351 26.053
      vertex 44.866 3.09351 26.053
      vertex 44.5244 2.94242 25.3937
    endloop
  endfacet
  facet normal 0 0.974735 -0.223363
    outer loop
      vertex 45.553 3.09351 26.053
      vertex 44.1516 2.75787 24.5883
      vertex 44.866 3.09351 26.053
    endloop
  endfacet
  facet normal 0 0.974736 -0.223361
    outer loop
      vertex 44.1516 2.75787 24.5883
      vertex 43.5831 2.50019 23.4638
      vertex 44.1316 2.75787 24.5883
    endloop
  endfacet
  facet normal -4.30714e-06 0.974736 -0.223359
    outer loop
      vertex 43.5831 2.50019 23.4638
      vertex 44.1516 2.75787 24.5883
      vertex 45.553 3.09351 26.053
    endloop
  endfacet
  facet normal 0 -0.977176 0.21243
    outer loop
      vertex 46.527 1.30451 28.05
      vertex 45.84 1.30451 28.05
      vertex 44.8344 0.856313 25.9883
    endloop
  endfacet
  facet normal 0 -0.977176 0.212433
    outer loop
      vertex 49.84 1.30451 28.05
      vertex 48.527 1.30451 28.05
      vertex 47.9182 0.44791 24.1097
    endloop
  endfacet
  facet normal 0.898797 0 -0.438366
    outer loop
      vertex 48.8645 6.30451 26.05
      vertex 46.9136 8.30451 22.05
      vertex 48.8645 8.30451 26.05
    endloop
  endfacet
  facet normal 0.898797 0 -0.438366
    outer loop
      vertex 46.9136 8.30451 22.05
      vertex 48.8645 6.30451 26.05
      vertex 46.9136 6.30451 22.05
    endloop
  endfacet
  facet normal -0.0173199 0.976392 -0.215309
    outer loop
      vertex 44.8162 3.07953 25.992
      vertex 44.846 3.09351 26.053
      vertex 44.5244 2.94242 25.3937
    endloop
  endfacet
  facet normal -0.0127043 -0.97329 0.229227
    outer loop
      vertex 43.5831 2.50019 23.4638
      vertex 42.9424 2.19913 22.15
      vertex 44.1316 2.75787 24.5883
    endloop
  endfacet
  facet normal -0 0 1
    outer loop
      vertex 48.527 12.078 28.05
      vertex 49.84 1.30451 28.05
      vertex 49.84 12.078 28.05
    endloop
  endfacet
  facet normal 0 0 1
    outer loop
      vertex 49.84 1.30451 28.05
      vertex 48.527 12.078 28.05
      vertex 48.527 1.30451 28.05
    endloop
  endfacet
  facet normal 0 0 -1
    outer loop
      vertex 47.553 3.09351 26.053
      vertex 48.746 11.978 26.053
      vertex 48.746 3.09351 26.053
    endloop
  endfacet
  facet normal -0 0 -1
    outer loop
      vertex 48.746 11.978 26.053
      vertex 47.553 3.09351 26.053
      vertex 47.553 11.978 26.053
    endloop
  endfacet
  facet normal 0.898795 0 -0.438369
    outer loop
      vertex 47.9182 0.44791 24.1097
      vertex 49.84 4.5 28.05
      vertex 49.84 1.30451 28.05
    endloop
  endfacet
  facet normal 0.898631 0.000405448 -0.438706
    outer loop
      vertex 49.84 4.5 28.05
      vertex 47.9182 0.44791 24.1097
      vertex 47.8485 0.416859 23.9669
    endloop
  endfacet
  facet normal 0 0 0
    outer loop
      vertex 49.84 1.30451 28.05
      vertex 49.84 4.5 28.05
      vertex 49.84 12.078 28.05
    endloop
  endfacet
  facet normal -0.898794 0 0.43837
    outer loop
      vertex 47.553 3.09351 26.053
      vertex 48.527 11.978 28.05
      vertex 47.553 11.978 26.053
    endloop
  endfacet
  facet normal -0.898794 0 0.43837
    outer loop
      vertex 47.553 3.09351 26.053
      vertex 48.527 1.30451 28.05
      vertex 48.527 11.978 28.05
    endloop
  endfacet
  facet normal -0.898796 0 0.438367
    outer loop
      vertex 45.6494 0.0218949 22.15
      vertex 47.553 3.09351 26.053
      vertex 45.6494 2.19913 22.15
    endloop
  endfacet
  facet normal -0.898795 -2.24759e-06 0.438369
    outer loop
      vertex 47.553 3.09351 26.053
      vertex 45.6494 0.0218949 22.15
      vertex 48.527 1.30451 28.05
    endloop
  endfacet
  facet normal -0 0 0
    outer loop
      vertex 48.527 11.978 28.05
      vertex 48.527 1.30451 28.05
      vertex 48.527 12.078 28.05
    endloop
  endfacet
  facet normal 0.898794 0 -0.43837
    outer loop
      vertex 46.527 11.978 28.05
      vertex 45.553 3.09351 26.053
      vertex 45.553 11.978 26.053
    endloop
  endfacet
  facet normal 0.898794 0 -0.43837
    outer loop
      vertex 46.527 1.30451 28.05
      vertex 45.553 3.09351 26.053
      vertex 46.527 11.978 28.05
    endloop
  endfacet
  facet normal 0.898795 2.24759e-06 -0.438369
    outer loop
      vertex 43.6494 0.0218949 22.15
      vertex 45.553 3.09351 26.053
      vertex 46.527 1.30451 28.05
    endloop
  endfacet
  facet normal 0.898796 0 -0.438367
    outer loop
      vertex 45.553 3.09351 26.053
      vertex 43.6494 0.0218949 22.15
      vertex 43.6494 2.19913 22.15
    endloop
  endfacet
  facet normal 0 0 0
    outer loop
      vertex 46.527 1.30451 28.05
      vertex 46.527 11.978 28.05
      vertex 46.527 12.078 28.05
    endloop
  endfacet
  facet normal 3.71957e-05 -0.977183 0.212401
    outer loop
      vertex 44.7516 0.819402 25.8185
      vertex 46.527 1.30451 28.05
      vertex 44.8344 0.856313 25.9883
    endloop
  endfacet
  facet normal 0 -0.977176 0.212431
    outer loop
      vertex 43.649 0.0218949 22.15
      vertex 44.7516 0.819402 25.8185
      vertex 43.6308 0.0218949 22.15
    endloop
  endfacet
  facet normal -4.43561e-06 -0.977176 0.212433
    outer loop
      vertex 44.7516 0.819402 25.8185
      vertex 43.649 0.0218949 22.15
      vertex 46.527 1.30451 28.05
    endloop
  endfacet
  facet normal 2.59956e-07 0.974735 -0.223363
    outer loop
      vertex 43.6494 2.19913 22.15
      vertex 43.5831 2.50019 23.4638
      vertex 45.553 3.09351 26.053
    endloop
  endfacet
  facet normal 0 0.974735 -0.223363
    outer loop
      vertex 43.5831 2.50019 23.4638
      vertex 43.6494 2.19913 22.15
      vertex 43.5994 2.19913 22.15
    endloop
  endfacet
  facet normal 0 0.974731 -0.223381
    outer loop
      vertex 48.5674 3.00961 25.6869
      vertex 47.553 3.09351 26.053
      vertex 48.746 3.09351 26.053
    endloop
  endfacet
  facet normal 6.12539e-06 0.974735 -0.223365
    outer loop
      vertex 45.6832 2.19913 22.15
      vertex 47.553 3.09351 26.053
      vertex 48.5674 3.00961 25.6869
    endloop
  endfacet
  facet normal 0 0.974735 -0.223363
    outer loop
      vertex 47.553 3.09351 26.053
      vertex 45.6832 2.19913 22.15
      vertex 45.6494 2.19913 22.15
    endloop
  endfacet
  facet normal 2.94315e-05 -0.977177 0.212428
    outer loop
      vertex 48.527 1.30451 28.05
      vertex 47.7285 0.416861 23.9669
      vertex 47.9182 0.44791 24.1097
    endloop
  endfacet
  facet normal -7.14617e-05 -0.977173 0.212447
    outer loop
      vertex 47.7285 0.416861 23.9669
      vertex 48.527 1.30451 28.05
      vertex 47.0602 0.118971 22.5965
    endloop
  endfacet
  facet normal -1.62861e-05 -0.977164 0.212486
    outer loop
      vertex 47.9182 0.44791 24.1097
      vertex 47.7285 0.416861 23.9669
      vertex 47.8485 0.416859 23.9669
    endloop
  endfacet
  facet normal 0 0.974735 -0.223362
    outer loop
      vertex 45.6832 2.19913 22.15
      vertex 47.9578 2.7232 24.437
      vertex 45.7003 2.19913 22.15
    endloop
  endfacet
  facet normal -1.0376e-05 0.974738 -0.223353
    outer loop
      vertex 47.9578 2.7232 24.437
      vertex 45.6832 2.19913 22.15
      vertex 48.5674 3.00961 25.6869
    endloop
  endfacet
  facet normal 0 -0.977176 0.212431
    outer loop
      vertex 43.6494 0.0218949 22.15
      vertex 46.527 1.30451 28.05
      vertex 43.649 0.0218949 22.15
    endloop
  endfacet
  facet normal 0 0.974735 -0.223363
    outer loop
      vertex 43.5831 2.50019 23.4638
      vertex 43.5994 2.19913 22.15
      vertex 42.9424 2.19913 22.15
    endloop
  endfacet
  facet normal 0 -0.977176 0.212431
    outer loop
      vertex 43.6308 0.0218949 22.15
      vertex 44.7516 0.819402 25.8185
      vertex 42.9624 0.0218949 22.15
    endloop
  endfacet
  facet normal 8.51666e-06 -0.977177 0.212427
    outer loop
      vertex 45.6494 0.0218949 22.15
      vertex 47.0602 0.118971 22.5965
      vertex 48.527 1.30451 28.05
    endloop
  endfacet
  facet normal 0 -0.977171 0.212452
    outer loop
      vertex 47.0602 0.118971 22.5965
      vertex 45.6494 0.0218949 22.15
      vertex 46.8424 0.0218949 22.15
    endloop
  endfacet
  facet normal 0 0.974735 -0.223362
    outer loop
      vertex 47.9578 2.7232 24.437
      vertex 46.8424 2.19913 22.15
      vertex 45.7003 2.19913 22.15
    endloop
  endfacet
  facet normal 1 0 0
    outer loop
      vertex 52.24 5 15.5788
      vertex 52.24 5.55 16
      vertex 52.24 5 16
    endloop
  endfacet
  facet normal 1 0 0
    outer loop
      vertex 52.24 5.55 16
      vertex 52.24 5 15.5788
      vertex 52.24 5.55 12.5
    endloop
  endfacet
  facet normal 1 0 0
    outer loop
      vertex 52.24 4 15
      vertex 52.24 5 15.5788
      vertex 52.24 4 15.5788
    endloop
  endfacet
  facet normal 1 0 0
    outer loop
      vertex 52.24 5 15.5788
      vertex 52.24 4 15
      vertex 52.24 5.55 12.5
    endloop
  endfacet
  facet normal 1 0 0
    outer loop
      vertex 52.24 3.4 12.5
      vertex 52.24 4 15
      vertex 52.24 3.4 15
    endloop
  endfacet
  facet normal 1 0 0
    outer loop
      vertex 52.24 4 15
      vertex 52.24 3.4 12.5
      vertex 52.24 5.55 12.5
    endloop
  endfacet
  facet normal 0 0 1
    outer loop
      vertex 52.24 5.55 16
      vertex 49.9742 5 16
      vertex 52.24 5 16
    endloop
  endfacet
  facet normal -0 0 1
    outer loop
      vertex 7.4 5.55 16
      vertex 49.9742 5 16
      vertex 52.24 5.55 16
    endloop
  endfacet
  facet normal 0 0 1
    outer loop
      vertex 7.4 4 16
      vertex 49.9742 5 16
      vertex 7.4 5.55 16
    endloop
  endfacet
  facet normal 0 0 1
    outer loop
      vertex 49.9742 5 16
      vertex 7.4 4 16
      vertex 49.9742 4 16
    endloop
  endfacet
  facet normal 0 0 -1
    outer loop
      vertex 7.4 3.4 12.5
      vertex 52.24 5.55 12.5
      vertex 52.24 3.4 12.5
    endloop
  endfacet
  facet normal -0 0 -1
    outer loop
      vertex 52.24 5.55 12.5
      vertex 7.4 3.4 12.5
      vertex 7.4 5.55 12.5
    endloop
  endfacet
  facet normal -1 0 0
    outer loop
      vertex 7.4 5.55 12.5
      vertex 7.4 4 15
      vertex 7.4 5.55 16
    endloop
  endfacet
  facet normal -1 0 0
    outer loop
      vertex 7.4 3.4 12.5
      vertex 7.4 4 15
      vertex 7.4 5.55 12.5
    endloop
  endfacet
  facet normal -1 -0 0
    outer loop
      vertex 7.4 4 15
      vertex 7.4 3.4 12.5
      vertex 7.4 3.4 15
    endloop
  endfacet
  facet normal -1 -0 0
    outer loop
      vertex 7.4 5.55 16
      vertex 7.4 4 15
      vertex 7.4 4 16
    endloop
  endfacet
  facet normal 0 1 -0
    outer loop
      vertex 52.24 5.55 12.5
      vertex 7.4 5.55 16
      vertex 52.24 5.55 16
    endloop
  endfacet
  facet normal 0 1 0
    outer loop
      vertex 7.4 5.55 16
      vertex 52.24 5.55 12.5
      vertex 7.4 5.55 12.5
    endloop
  endfacet
  facet normal 0 -1 0
    outer loop
      vertex 7.4 3.4 12.5
      vertex 52.24 3.4 15
      vertex 7.4 3.4 15
    endloop
  endfacet
  facet normal 0 -1 -0
    outer loop
      vertex 52.24 3.4 15
      vertex 7.4 3.4 12.5
      vertex 52.24 3.4 12.5
    endloop
  endfacet
  facet normal 1 0 0
    outer loop
      vertex 52.24 93.7 16
      vertex 52.24 92.15 16
      vertex 52.24 93.7 15
    endloop
  endfacet
  facet normal 1 -0 0
    outer loop
      vertex 52.24 93.7 15
      vertex 52.24 94.3 12.5
      vertex 52.24 94.3 15
    endloop
  endfacet
  facet normal 1 0 0
    outer loop
      vertex 52.24 92.15 12.5
      vertex 52.24 93.7 15
      vertex 52.24 92.15 16
    endloop
  endfacet
  facet normal 1 0 0
    outer loop
      vertex 52.24 93.7 15
      vertex 52.24 92.15 12.5
      vertex 52.24 94.3 12.5
    endloop
  endfacet
  facet normal -0 0 1
    outer loop
      vertex 7.4 93.7 16
      vertex 52.24 92.15 16
      vertex 52.24 93.7 16
    endloop
  endfacet
  facet normal 0 0 1
    outer loop
      vertex 52.24 92.15 16
      vertex 7.4 93.7 16
      vertex 7.4 92.15 16
    endloop
  endfacet
  facet normal 0 0 -1
    outer loop
      vertex 7.4 92.15 12.5
      vertex 52.24 94.3 12.5
      vertex 52.24 92.15 12.5
    endloop
  endfacet
  facet normal -0 0 -1
    outer loop
      vertex 52.24 94.3 12.5
      vertex 7.4 92.15 12.5
      vertex 7.4 94.3 12.5
    endloop
  endfacet
  facet normal -1 0 0
    outer loop
      vertex 7.4 94.3 12.5
      vertex 7.4 93.7 15
      vertex 7.4 94.3 15
    endloop
  endfacet
  facet normal -1 0 0
    outer loop
      vertex 7.4 92.15 12.5
      vertex 7.4 93.7 15
      vertex 7.4 94.3 12.5
    endloop
  endfacet
  facet normal -1 0 0
    outer loop
      vertex 7.4 92.15 16
      vertex 7.4 93.7 15
      vertex 7.4 92.15 12.5
    endloop
  endfacet
  facet normal -1 0 0
    outer loop
      vertex 7.4 93.7 15
      vertex 7.4 92.15 16
      vertex 7.4 93.7 16
    endloop
  endfacet
  facet normal 0 1 -0
    outer loop
      vertex 52.24 94.3 12.5
      vertex 7.4 94.3 15
      vertex 52.24 94.3 15
    endloop
  endfacet
  facet normal 0 1 0
    outer loop
      vertex 7.4 94.3 15
      vertex 52.24 94.3 12.5
      vertex 7.4 94.3 12.5
    endloop
  endfacet
  facet normal 0 -1 0
    outer loop
      vertex 7.4 92.15 12.5
      vertex 52.24 92.15 16
      vertex 7.4 92.15 16
    endloop
  endfacet
  facet normal 0 -1 -0
    outer loop
      vertex 52.24 92.15 16
      vertex 7.4 92.15 12.5
      vertex 52.24 92.15 12.5
    endloop
  endfacet
  facet normal 1 -0 0
    outer loop
      vertex 8.502 9.9 26.05
      vertex 8.502 12.9 24.8
      vertex 8.502 12.9 26.05
    endloop
  endfacet
  facet normal 1 0 0
    outer loop
      vertex 8.502 12.9 24.8
      vertex 8.502 9.9 26.05
      vertex 8.502 9.9 24.8
    endloop
  endfacet
  facet normal 0 0 -1
    outer loop
      vertex 2.502 9.9 24.8
      vertex 8.502 12.9 24.8
      vertex 8.502 9.9 24.8
    endloop
  endfacet
  facet normal -0 0 -1
    outer loop
      vertex 8.502 12.9 24.8
      vertex 2.502 9.9 24.8
      vertex 2.502 12.9 24.8
    endloop
  endfacet
  facet normal -1 0 0
    outer loop
      vertex 2.502 9.9 24.8
      vertex 2.502 12.9 26.05
      vertex 2.502 12.9 24.8
    endloop
  endfacet
  facet normal -1 -0 0
    outer loop
      vertex 2.502 12.9 26.05
      vertex 2.502 9.9 24.8
      vertex 2.502 9.9 26.05
    endloop
  endfacet
  facet normal 0 1 -0
    outer loop
      vertex 8.502 12.9 24.8
      vertex 2.502 12.9 26.05
      vertex 8.502 12.9 26.05
    endloop
  endfacet
  facet normal 0 1 0
    outer loop
      vertex 2.502 12.9 26.05
      vertex 8.502 12.9 24.8
      vertex 2.502 12.9 24.8
    endloop
  endfacet
  facet normal 0 -1 0
    outer loop
      vertex 2.502 9.9 24.8
      vertex 8.502 9.9 26.05
      vertex 2.502 9.9 26.05
    endloop
  endfacet
  facet normal 0 -1 -0
    outer loop
      vertex 8.502 9.9 26.05
      vertex 2.502 9.9 24.8
      vertex 8.502 9.9 24.8
    endloop
  endfacet
  facet normal 1 -0 0
    outer loop
      vertex 57.138 9.9 26.05
      vertex 57.138 12.9 24.8
      vertex 57.138 12.9 26.05
    endloop
  endfacet
  facet normal 1 0 0
    outer loop
      vertex 57.138 12.9 24.8
      vertex 57.138 9.9 26.05
      vertex 57.138 9.9 24.8
    endloop
  endfacet
  facet normal 0 0 -1
    outer loop
      vertex 51.138 9.9 24.8
      vertex 57.138 12.9 24.8
      vertex 57.138 9.9 24.8
    endloop
  endfacet
  facet normal -0 0 -1
    outer loop
      vertex 57.138 12.9 24.8
      vertex 51.138 9.9 24.8
      vertex 51.138 12.9 24.8
    endloop
  endfacet
  facet normal -1 0 0
    outer loop
      vertex 51.138 9.9 24.8
      vertex 51.138 12.9 26.05
      vertex 51.138 12.9 24.8
    endloop
  endfacet
  facet normal -1 -0 0
    outer loop
      vertex 51.138 12.9 26.05
      vertex 51.138 9.9 24.8
      vertex 51.138 9.9 26.05
    endloop
  endfacet
  facet normal 0 1 -0
    outer loop
      vertex 57.138 12.9 24.8
      vertex 51.138 12.9 26.05
      vertex 57.138 12.9 26.05
    endloop
  endfacet
  facet normal 0 1 0
    outer loop
      vertex 51.138 12.9 26.05
      vertex 57.138 12.9 24.8
      vertex 51.138 12.9 24.8
    endloop
  endfacet
  facet normal 0 -1 0
    outer loop
      vertex 51.138 9.9 24.8
      vertex 57.138 9.9 26.05
      vertex 51.138 9.9 26.05
    endloop
  endfacet
  facet normal 0 -1 -0
    outer loop
      vertex 57.138 9.9 26.05
      vertex 51.138 9.9 24.8
      vertex 57.138 9.9 24.8
    endloop
  endfacet
  facet normal -0.321364 -0.946956 0
    outer loop
      vertex 28.7102 30.3207 2
      vertex 29.0694 30.1988 26.05
      vertex 28.7102 30.3207 26.05
    endloop
  endfacet
  facet normal -0.321364 -0.946956 -0
    outer loop
      vertex 29.0694 30.1988 26.05
      vertex 28.7102 30.3207 2
      vertex 29.0694 30.1988 2
    endloop
  endfacet
  facet normal 0.195052 -0.980793 0
    outer loop
      vertex 30.1985 30.1248 2
      vertex 30.5706 30.1988 26.05
      vertex 30.1985 30.1248 26.05
    endloop
  endfacet
  facet normal 0.195052 -0.980793 0
    outer loop
      vertex 30.5706 30.1988 26.05
      vertex 30.1985 30.1248 2
      vertex 30.5706 30.1988 2
    endloop
  endfacet
  facet normal 0.980793 0.195052 0
    outer loop
      vertex 32.6952 33.3785 26.05
      vertex 32.6212 33.7506 2
      vertex 32.6212 33.7506 26.05
    endloop
  endfacet
  facet normal 0.980793 0.195052 0
    outer loop
      vertex 32.6212 33.7506 2
      vertex 32.6952 33.3785 26.05
      vertex 32.6952 33.3785 2
    endloop
  endfacet
  facet normal 0.99786 0.0653816 0
    outer loop
      vertex 32.72 33 26.05
      vertex 32.6952 33.3785 2
      vertex 32.6952 33.3785 26.05
    endloop
  endfacet
  facet normal 0.99786 0.0653816 0
    outer loop
      vertex 32.6952 33.3785 2
      vertex 32.72 33 26.05
      vertex 32.72 33 2
    endloop
  endfacet
  facet normal 0.946956 0.321364 0
    outer loop
      vertex 32.6212 33.7506 26.05
      vertex 32.4993 34.1098 2
      vertex 32.4993 34.1098 26.05
    endloop
  endfacet
  facet normal 0.946956 0.321364 0
    outer loop
      vertex 32.4993 34.1098 2
      vertex 32.6212 33.7506 26.05
      vertex 32.6212 33.7506 2
    endloop
  endfacet
  facet normal 0.0653816 -0.99786 0
    outer loop
      vertex 29.82 30.1 2
      vertex 30.1985 30.1248 26.05
      vertex 29.82 30.1 26.05
    endloop
  endfacet
  facet normal 0.0653816 -0.99786 0
    outer loop
      vertex 30.1985 30.1248 26.05
      vertex 29.82 30.1 2
      vertex 30.1985 30.1248 2
    endloop
  endfacet
  facet normal -0.0653816 -0.99786 0
    outer loop
      vertex 29.4415 30.1248 2
      vertex 29.82 30.1 26.05
      vertex 29.4415 30.1248 26.05
    endloop
  endfacet
  facet normal -0.0653816 -0.99786 -0
    outer loop
      vertex 29.82 30.1 26.05
      vertex 29.4415 30.1248 2
      vertex 29.82 30.1 2
    endloop
  endfacet
  facet normal 0.946956 -0.321364 0
    outer loop
      vertex 32.4993 31.8902 26.05
      vertex 32.6212 32.2494 2
      vertex 32.6212 32.2494 26.05
    endloop
  endfacet
  facet normal 0.946956 -0.321364 0
    outer loop
      vertex 32.6212 32.2494 2
      vertex 32.4993 31.8902 26.05
      vertex 32.4993 31.8902 2
    endloop
  endfacet
  facet normal 0.980793 -0.195052 0
    outer loop
      vertex 32.6212 32.2494 26.05
      vertex 32.6952 32.6215 2
      vertex 32.6952 32.6215 26.05
    endloop
  endfacet
  facet normal 0.980793 -0.195052 0
    outer loop
      vertex 32.6952 32.6215 2
      vertex 32.6212 32.2494 26.05
      vertex 32.6212 32.2494 2
    endloop
  endfacet
  facet normal -0.3216 0.946876 0
    outer loop
      vertex 29.0694 35.8012 2
      vertex 28.7102 35.6792 26.05
      vertex 29.0694 35.8012 26.05
    endloop
  endfacet
  facet normal -0.3216 0.946876 0
    outer loop
      vertex 28.7102 35.6792 26.05
      vertex 29.0694 35.8012 2
      vertex 28.7102 35.6792 2
    endloop
  endfacet
  facet normal -0.195052 0.980793 0
    outer loop
      vertex 29.4415 35.8752 2
      vertex 29.0694 35.8012 26.05
      vertex 29.4415 35.8752 26.05
    endloop
  endfacet
  facet normal -0.195052 0.980793 0
    outer loop
      vertex 29.0694 35.8012 26.05
      vertex 29.4415 35.8752 2
      vertex 29.0694 35.8012 2
    endloop
  endfacet
  facet normal -0.555673 0.831401 0
    outer loop
      vertex 28.37 35.5115 2
      vertex 28.0546 35.3007 26.05
      vertex 28.37 35.5115 26.05
    endloop
  endfacet
  facet normal -0.555673 0.831401 0
    outer loop
      vertex 28.0546 35.3007 26.05
      vertex 28.37 35.5115 2
      vertex 28.0546 35.3007 2
    endloop
  endfacet
  facet normal 0.896839 0.442356 0
    outer loop
      vertex 32.4993 34.1098 26.05
      vertex 32.3315 34.45 2
      vertex 32.3315 34.45 26.05
    endloop
  endfacet
  facet normal 0.896839 0.442356 0
    outer loop
      vertex 32.3315 34.45 2
      vertex 32.4993 34.1098 26.05
      vertex 32.4993 34.1098 2
    endloop
  endfacet
  facet normal -0.99786 0.0653816 0
    outer loop
      vertex 26.92 33 2
      vertex 26.9448 33.3785 26.05
      vertex 26.9448 33.3785 2
    endloop
  endfacet
  facet normal -0.99786 0.0653816 0
    outer loop
      vertex 26.9448 33.3785 26.05
      vertex 26.92 33 2
      vertex 26.92 33 26.05
    endloop
  endfacet
  facet normal 0.831401 -0.555673 0
    outer loop
      vertex 32.1207 31.2346 26.05
      vertex 32.3315 31.55 2
      vertex 32.3315 31.55 26.05
    endloop
  endfacet
  facet normal 0.831401 -0.555673 0
    outer loop
      vertex 32.3315 31.55 2
      vertex 32.1207 31.2346 26.05
      vertex 32.1207 31.2346 2
    endloop
  endfacet
  facet normal 0.3216 0.946876 -0
    outer loop
      vertex 30.9298 35.6792 2
      vertex 30.5706 35.8012 26.05
      vertex 30.9298 35.6792 26.05
    endloop
  endfacet
  facet normal 0.3216 0.946876 0
    outer loop
      vertex 30.5706 35.8012 26.05
      vertex 30.9298 35.6792 2
      vertex 30.5706 35.8012 2
    endloop
  endfacet
  facet normal -0.442356 -0.896839 0
    outer loop
      vertex 28.37 30.4885 2
      vertex 28.7102 30.3207 26.05
      vertex 28.37 30.4885 26.05
    endloop
  endfacet
  facet normal -0.442356 -0.896839 -0
    outer loop
      vertex 28.7102 30.3207 26.05
      vertex 28.37 30.4885 2
      vertex 28.7102 30.3207 2
    endloop
  endfacet
  facet normal -0.751858 0.659325 0
    outer loop
      vertex 27.5193 34.7654 2
      vertex 27.7694 35.0506 26.05
      vertex 27.7694 35.0506 2
    endloop
  endfacet
  facet normal -0.751858 0.659325 0
    outer loop
      vertex 27.7694 35.0506 26.05
      vertex 27.5193 34.7654 2
      vertex 27.5193 34.7654 26.05
    endloop
  endfacet
  facet normal 0.555673 0.831401 -0
    outer loop
      vertex 31.5854 35.3007 2
      vertex 31.27 35.5115 26.05
      vertex 31.5854 35.3007 26.05
    endloop
  endfacet
  facet normal 0.555673 0.831401 0
    outer loop
      vertex 31.27 35.5115 26.05
      vertex 31.5854 35.3007 2
      vertex 31.27 35.5115 2
    endloop
  endfacet
  facet normal -0.99786 -0.0653816 0
    outer loop
      vertex 26.9448 32.6215 2
      vertex 26.92 33 26.05
      vertex 26.92 33 2
    endloop
  endfacet
  facet normal -0.99786 -0.0653816 0
    outer loop
      vertex 26.92 33 26.05
      vertex 26.9448 32.6215 2
      vertex 26.9448 32.6215 26.05
    endloop
  endfacet
  facet normal 0.659325 0.751858 -0
    outer loop
      vertex 31.8706 35.0506 2
      vertex 31.5854 35.3007 26.05
      vertex 31.8706 35.0506 26.05
    endloop
  endfacet
  facet normal 0.659325 0.751858 0
    outer loop
      vertex 31.5854 35.3007 26.05
      vertex 31.8706 35.0506 2
      vertex 31.5854 35.3007 2
    endloop
  endfacet
  facet normal 0.442144 0.896944 -0
    outer loop
      vertex 31.27 35.5115 2
      vertex 30.9298 35.6792 26.05
      vertex 31.27 35.5115 26.05
    endloop
  endfacet
  facet normal 0.442144 0.896944 0
    outer loop
      vertex 30.9298 35.6792 26.05
      vertex 31.27 35.5115 2
      vertex 30.9298 35.6792 2
    endloop
  endfacet
  facet normal -0.659325 0.751858 0
    outer loop
      vertex 28.0546 35.3007 2
      vertex 27.7694 35.0506 26.05
      vertex 28.0546 35.3007 26.05
    endloop
  endfacet
  facet normal -0.659325 0.751858 0
    outer loop
      vertex 27.7694 35.0506 26.05
      vertex 28.0546 35.3007 2
      vertex 27.7694 35.0506 2
    endloop
  endfacet
  facet normal -0.896839 0.442356 0
    outer loop
      vertex 27.1407 34.1098 2
      vertex 27.3085 34.45 26.05
      vertex 27.3085 34.45 2
    endloop
  endfacet
  facet normal -0.896839 0.442356 0
    outer loop
      vertex 27.3085 34.45 26.05
      vertex 27.1407 34.1098 2
      vertex 27.1407 34.1098 26.05
    endloop
  endfacet
  facet normal 0.751858 0.659325 0
    outer loop
      vertex 32.1207 34.7654 26.05
      vertex 31.8706 35.0506 2
      vertex 31.8706 35.0506 26.05
    endloop
  endfacet
  facet normal 0.751858 0.659325 0
    outer loop
      vertex 31.8706 35.0506 2
      vertex 32.1207 34.7654 26.05
      vertex 32.1207 34.7654 2
    endloop
  endfacet
  facet normal 0.99786 -0.0653816 0
    outer loop
      vertex 32.6952 32.6215 26.05
      vertex 32.72 33 2
      vertex 32.72 33 26.05
    endloop
  endfacet
  facet normal 0.99786 -0.0653816 0
    outer loop
      vertex 32.72 33 2
      vertex 32.6952 32.6215 26.05
      vertex 32.6952 32.6215 2
    endloop
  endfacet
  facet normal 0.831401 0.555673 0
    outer loop
      vertex 32.3315 34.45 26.05
      vertex 32.1207 34.7654 2
      vertex 32.1207 34.7654 26.05
    endloop
  endfacet
  facet normal 0.831401 0.555673 0
    outer loop
      vertex 32.1207 34.7654 2
      vertex 32.3315 34.45 26.05
      vertex 32.3315 34.45 2
    endloop
  endfacet
  facet normal -0.946956 -0.321364 0
    outer loop
      vertex 27.1407 31.8902 2
      vertex 27.0188 32.2494 26.05
      vertex 27.0188 32.2494 2
    endloop
  endfacet
  facet normal -0.946956 -0.321364 0
    outer loop
      vertex 27.0188 32.2494 26.05
      vertex 27.1407 31.8902 2
      vertex 27.1407 31.8902 26.05
    endloop
  endfacet
  facet normal -0.896839 -0.442356 0
    outer loop
      vertex 27.3085 31.55 2
      vertex 27.1407 31.8902 26.05
      vertex 27.1407 31.8902 2
    endloop
  endfacet
  facet normal -0.896839 -0.442356 0
    outer loop
      vertex 27.1407 31.8902 26.05
      vertex 27.3085 31.55 2
      vertex 27.3085 31.55 26.05
    endloop
  endfacet
  facet normal -0.980793 -0.195052 0
    outer loop
      vertex 27.0188 32.2494 2
      vertex 26.9448 32.6215 26.05
      vertex 26.9448 32.6215 2
    endloop
  endfacet
  facet normal -0.980793 -0.195052 0
    outer loop
      vertex 26.9448 32.6215 26.05
      vertex 27.0188 32.2494 2
      vertex 27.0188 32.2494 26.05
    endloop
  endfacet
  facet normal 0.751858 -0.659325 0
    outer loop
      vertex 31.8706 30.9494 26.05
      vertex 32.1207 31.2346 2
      vertex 32.1207 31.2346 26.05
    endloop
  endfacet
  facet normal 0.751858 -0.659325 0
    outer loop
      vertex 32.1207 31.2346 2
      vertex 31.8706 30.9494 26.05
      vertex 31.8706 30.9494 2
    endloop
  endfacet
  facet normal 0.195052 0.980793 -0
    outer loop
      vertex 30.5706 35.8012 2
      vertex 30.1985 35.8752 26.05
      vertex 30.5706 35.8012 26.05
    endloop
  endfacet
  facet normal 0.195052 0.980793 0
    outer loop
      vertex 30.1985 35.8752 26.05
      vertex 30.5706 35.8012 2
      vertex 30.1985 35.8752 2
    endloop
  endfacet
  facet normal -0.555673 -0.831401 0
    outer loop
      vertex 28.0546 30.6993 2
      vertex 28.37 30.4885 26.05
      vertex 28.0546 30.6993 26.05
    endloop
  endfacet
  facet normal -0.555673 -0.831401 -0
    outer loop
      vertex 28.37 30.4885 26.05
      vertex 28.0546 30.6993 2
      vertex 28.37 30.4885 2
    endloop
  endfacet
  facet normal -0.659325 -0.751858 0
    outer loop
      vertex 27.7694 30.9494 2
      vertex 28.0546 30.6993 26.05
      vertex 27.7694 30.9494 26.05
    endloop
  endfacet
  facet normal -0.659325 -0.751858 -0
    outer loop
      vertex 28.0546 30.6993 26.05
      vertex 27.7694 30.9494 2
      vertex 28.0546 30.6993 2
    endloop
  endfacet
  facet normal 0.659325 -0.751858 0
    outer loop
      vertex 31.5854 30.6993 2
      vertex 31.8706 30.9494 26.05
      vertex 31.5854 30.6993 26.05
    endloop
  endfacet
  facet normal 0.659325 -0.751858 0
    outer loop
      vertex 31.8706 30.9494 26.05
      vertex 31.5854 30.6993 2
      vertex 31.8706 30.9494 2
    endloop
  endfacet
  facet normal 0.555673 -0.831401 0
    outer loop
      vertex 31.27 30.4885 2
      vertex 31.5854 30.6993 26.05
      vertex 31.27 30.4885 26.05
    endloop
  endfacet
  facet normal 0.555673 -0.831401 0
    outer loop
      vertex 31.5854 30.6993 26.05
      vertex 31.27 30.4885 2
      vertex 31.5854 30.6993 2
    endloop
  endfacet
  facet normal -0.751858 -0.659325 0
    outer loop
      vertex 27.7694 30.9494 2
      vertex 27.5193 31.2346 26.05
      vertex 27.5193 31.2346 2
    endloop
  endfacet
  facet normal -0.751858 -0.659325 0
    outer loop
      vertex 27.5193 31.2346 26.05
      vertex 27.7694 30.9494 2
      vertex 27.7694 30.9494 26.05
    endloop
  endfacet
  facet normal -0.980793 0.195052 0
    outer loop
      vertex 26.9448 33.3785 2
      vertex 27.0188 33.7506 26.05
      vertex 27.0188 33.7506 2
    endloop
  endfacet
  facet normal -0.980793 0.195052 0
    outer loop
      vertex 27.0188 33.7506 26.05
      vertex 26.9448 33.3785 2
      vertex 26.9448 33.3785 26.05
    endloop
  endfacet
  facet normal 0.442356 -0.896839 0
    outer loop
      vertex 30.9298 30.3207 2
      vertex 31.27 30.4885 26.05
      vertex 30.9298 30.3207 26.05
    endloop
  endfacet
  facet normal 0.442356 -0.896839 0
    outer loop
      vertex 31.27 30.4885 26.05
      vertex 30.9298 30.3207 2
      vertex 31.27 30.4885 2
    endloop
  endfacet
  facet normal 0.896839 -0.442356 0
    outer loop
      vertex 32.3315 31.55 26.05
      vertex 32.4993 31.8902 2
      vertex 32.4993 31.8902 26.05
    endloop
  endfacet
  facet normal 0.896839 -0.442356 0
    outer loop
      vertex 32.4993 31.8902 2
      vertex 32.3315 31.55 26.05
      vertex 32.3315 31.55 2
    endloop
  endfacet
  facet normal -0.442144 0.896944 0
    outer loop
      vertex 28.7102 35.6792 2
      vertex 28.37 35.5115 26.05
      vertex 28.7102 35.6792 26.05
    endloop
  endfacet
  facet normal -0.442144 0.896944 0
    outer loop
      vertex 28.37 35.5115 26.05
      vertex 28.7102 35.6792 2
      vertex 28.37 35.5115 2
    endloop
  endfacet
  facet normal -0.831401 0.555673 0
    outer loop
      vertex 27.3085 34.45 2
      vertex 27.5193 34.7654 26.05
      vertex 27.5193 34.7654 2
    endloop
  endfacet
  facet normal -0.831401 0.555673 0
    outer loop
      vertex 27.5193 34.7654 26.05
      vertex 27.3085 34.45 2
      vertex 27.3085 34.45 26.05
    endloop
  endfacet
  facet normal 0.0653816 0.99786 -0
    outer loop
      vertex 30.1985 35.8752 2
      vertex 29.82 35.9 26.05
      vertex 30.1985 35.8752 26.05
    endloop
  endfacet
  facet normal 0.0653816 0.99786 0
    outer loop
      vertex 29.82 35.9 26.05
      vertex 30.1985 35.8752 2
      vertex 29.82 35.9 2
    endloop
  endfacet
  facet normal 0.321364 -0.946956 0
    outer loop
      vertex 30.5706 30.1988 2
      vertex 30.9298 30.3207 26.05
      vertex 30.5706 30.1988 26.05
    endloop
  endfacet
  facet normal 0.321364 -0.946956 0
    outer loop
      vertex 30.9298 30.3207 26.05
      vertex 30.5706 30.1988 2
      vertex 30.9298 30.3207 2
    endloop
  endfacet
  facet normal -0.195052 -0.980793 0
    outer loop
      vertex 29.0694 30.1988 2
      vertex 29.4415 30.1248 26.05
      vertex 29.0694 30.1988 26.05
    endloop
  endfacet
  facet normal -0.195052 -0.980793 -0
    outer loop
      vertex 29.4415 30.1248 26.05
      vertex 29.0694 30.1988 2
      vertex 29.4415 30.1248 2
    endloop
  endfacet
  facet normal -0.0653816 0.99786 0
    outer loop
      vertex 29.82 35.9 2
      vertex 29.4415 35.8752 26.05
      vertex 29.82 35.9 26.05
    endloop
  endfacet
  facet normal -0.0653816 0.99786 0
    outer loop
      vertex 29.4415 35.8752 26.05
      vertex 29.82 35.9 2
      vertex 29.4415 35.8752 2
    endloop
  endfacet
  facet normal -0.831401 -0.555673 0
    outer loop
      vertex 27.5193 31.2346 2
      vertex 27.3085 31.55 26.05
      vertex 27.3085 31.55 2
    endloop
  endfacet
  facet normal -0.831401 -0.555673 0
    outer loop
      vertex 27.3085 31.55 26.05
      vertex 27.5193 31.2346 2
      vertex 27.5193 31.2346 26.05
    endloop
  endfacet
  facet normal 0 0 -1
    outer loop
      vertex 31.12 33 2
      vertex 32.72 33 2
      vertex 32.6952 32.6215 2
    endloop
  endfacet
  facet normal 0 0 -1
    outer loop
      vertex 31.1089 32.8303 2
      vertex 32.6952 32.6215 2
      vertex 32.6212 32.2494 2
    endloop
  endfacet
  facet normal 0 0 -1
    outer loop
      vertex 32.72 33 2
      vertex 31.12 33 2
      vertex 32.6952 33.3785 2
    endloop
  endfacet
  facet normal 0 0 -1
    outer loop
      vertex 31.0757 32.6635 2
      vertex 32.6212 32.2494 2
      vertex 32.4993 31.8902 2
    endloop
  endfacet
  facet normal 0 0 -1
    outer loop
      vertex 31.1089 33.1697 2
      vertex 32.6952 33.3785 2
      vertex 31.12 33 2
    endloop
  endfacet
  facet normal 0 0 -1
    outer loop
      vertex 31.021 32.5025 2
      vertex 32.4993 31.8902 2
      vertex 32.3315 31.55 2
    endloop
  endfacet
  facet normal -0 0 -1
    outer loop
      vertex 32.6952 33.3785 2
      vertex 31.1089 33.1697 2
      vertex 32.6212 33.7506 2
    endloop
  endfacet
  facet normal 0 0 -1
    outer loop
      vertex 30.9458 32.35 2
      vertex 32.3315 31.55 2
      vertex 32.1207 31.2346 2
    endloop
  endfacet
  facet normal 0 0 -1
    outer loop
      vertex 31.0757 33.3365 2
      vertex 32.6212 33.7506 2
      vertex 31.1089 33.1697 2
    endloop
  endfacet
  facet normal 0 0 -1
    outer loop
      vertex 30.8514 32.2086 2
      vertex 32.1207 31.2346 2
      vertex 31.8706 30.9494 2
    endloop
  endfacet
  facet normal -0 0 -1
    outer loop
      vertex 32.6212 33.7506 2
      vertex 31.0757 33.3365 2
      vertex 32.4993 34.1098 2
    endloop
  endfacet
  facet normal 0 0 -1
    outer loop
      vertex 30.7392 32.0808 2
      vertex 31.8706 30.9494 2
      vertex 31.5854 30.6993 2
    endloop
  endfacet
  facet normal 0 0 -1
    outer loop
      vertex 31.021 33.4975 2
      vertex 32.4993 34.1098 2
      vertex 31.0757 33.3365 2
    endloop
  endfacet
  facet normal 0 0 -1
    outer loop
      vertex 30.6114 31.9686 2
      vertex 31.5854 30.6993 2
      vertex 31.27 30.4885 2
    endloop
  endfacet
  facet normal -0 0 -1
    outer loop
      vertex 32.4993 34.1098 2
      vertex 31.021 33.4975 2
      vertex 32.3315 34.45 2
    endloop
  endfacet
  facet normal 0 0 -1
    outer loop
      vertex 30.9458 33.65 2
      vertex 32.3315 34.45 2
      vertex 31.021 33.4975 2
    endloop
  endfacet
  facet normal 0 0 -1
    outer loop
      vertex 32.6952 32.6215 2
      vertex 31.1089 32.8303 2
      vertex 31.12 33 2
    endloop
  endfacet
  facet normal 0 0 -1
    outer loop
      vertex 32.6212 32.2494 2
      vertex 31.0757 32.6635 2
      vertex 31.1089 32.8303 2
    endloop
  endfacet
  facet normal 0 0 -1
    outer loop
      vertex 32.4993 31.8902 2
      vertex 31.021 32.5025 2
      vertex 31.0757 32.6635 2
    endloop
  endfacet
  facet normal 0 0 -1
    outer loop
      vertex 32.3315 31.55 2
      vertex 30.9458 32.35 2
      vertex 31.021 32.5025 2
    endloop
  endfacet
  facet normal 0 0 -1
    outer loop
      vertex 30.47 31.8742 2
      vertex 31.27 30.4885 2
      vertex 30.9298 30.3207 2
    endloop
  endfacet
  facet normal 0 0 -1
    outer loop
      vertex 32.1207 31.2346 2
      vertex 30.8514 32.2086 2
      vertex 30.9458 32.35 2
    endloop
  endfacet
  facet normal 0 0 -1
    outer loop
      vertex 31.8706 30.9494 2
      vertex 30.7392 32.0808 2
      vertex 30.8514 32.2086 2
    endloop
  endfacet
  facet normal 0 0 -1
    outer loop
      vertex 31.5854 30.6993 2
      vertex 30.6114 31.9686 2
      vertex 30.7392 32.0808 2
    endloop
  endfacet
  facet normal 0 0 -1
    outer loop
      vertex 30.3175 31.799 2
      vertex 30.9298 30.3207 2
      vertex 30.5706 30.1988 2
    endloop
  endfacet
  facet normal 0 0 -1
    outer loop
      vertex 31.27 30.4885 2
      vertex 30.47 31.8742 2
      vertex 30.6114 31.9686 2
    endloop
  endfacet
  facet normal 0 0 -1
    outer loop
      vertex 30.9298 30.3207 2
      vertex 30.3175 31.799 2
      vertex 30.47 31.8742 2
    endloop
  endfacet
  facet normal 0 0 -1
    outer loop
      vertex 30.1565 31.7443 2
      vertex 30.5706 30.1988 2
      vertex 30.1985 30.1248 2
    endloop
  endfacet
  facet normal 0 0 -1
    outer loop
      vertex 30.5706 30.1988 2
      vertex 30.1565 31.7443 2
      vertex 30.3175 31.799 2
    endloop
  endfacet
  facet normal 0 0 -1
    outer loop
      vertex 30.1985 30.1248 2
      vertex 29.9897 31.7111 2
      vertex 30.1565 31.7443 2
    endloop
  endfacet
  facet normal 0 0 -1
    outer loop
      vertex 29.82 30.1 2
      vertex 29.9897 31.7111 2
      vertex 30.1985 30.1248 2
    endloop
  endfacet
  facet normal 0 0 -1
    outer loop
      vertex 29.82 30.1 2
      vertex 29.82 31.7 2
      vertex 29.9897 31.7111 2
    endloop
  endfacet
  facet normal 0 0 -1
    outer loop
      vertex 29.82 30.1 2
      vertex 29.6503 31.7111 2
      vertex 29.82 31.7 2
    endloop
  endfacet
  facet normal 0 0 -1
    outer loop
      vertex 29.4415 30.1248 2
      vertex 29.6503 31.7111 2
      vertex 29.82 30.1 2
    endloop
  endfacet
  facet normal -0 0 -1
    outer loop
      vertex 29.6503 31.7111 2
      vertex 29.4415 30.1248 2
      vertex 29.4835 31.7443 2
    endloop
  endfacet
  facet normal 0 0 -1
    outer loop
      vertex 29.0694 30.1988 2
      vertex 29.4835 31.7443 2
      vertex 29.4415 30.1248 2
    endloop
  endfacet
  facet normal -0 0 -1
    outer loop
      vertex 29.4835 31.7443 2
      vertex 29.0694 30.1988 2
      vertex 29.3225 31.799 2
    endloop
  endfacet
  facet normal 0 0 -1
    outer loop
      vertex 28.7102 30.3207 2
      vertex 29.3225 31.799 2
      vertex 29.0694 30.1988 2
    endloop
  endfacet
  facet normal -0 0 -1
    outer loop
      vertex 29.3225 31.799 2
      vertex 28.7102 30.3207 2
      vertex 29.17 31.8742 2
    endloop
  endfacet
  facet normal 0 0 -1
    outer loop
      vertex 28.37 30.4885 2
      vertex 29.17 31.8742 2
      vertex 28.7102 30.3207 2
    endloop
  endfacet
  facet normal -0 0 -1
    outer loop
      vertex 29.17 31.8742 2
      vertex 28.37 30.4885 2
      vertex 29.0286 31.9686 2
    endloop
  endfacet
  facet normal 0 0 -1
    outer loop
      vertex 28.0546 30.6993 2
      vertex 29.0286 31.9686 2
      vertex 28.37 30.4885 2
    endloop
  endfacet
  facet normal -0 0 -1
    outer loop
      vertex 29.0286 31.9686 2
      vertex 28.0546 30.6993 2
      vertex 28.9008 32.0808 2
    endloop
  endfacet
  facet normal 0 0 -1
    outer loop
      vertex 27.7694 30.9494 2
      vertex 28.9008 32.0808 2
      vertex 28.0546 30.6993 2
    endloop
  endfacet
  facet normal -0 0 -1
    outer loop
      vertex 28.9008 32.0808 2
      vertex 27.7694 30.9494 2
      vertex 28.7886 32.2086 2
    endloop
  endfacet
  facet normal 0 0 -1
    outer loop
      vertex 27.5193 31.2346 2
      vertex 28.7886 32.2086 2
      vertex 27.7694 30.9494 2
    endloop
  endfacet
  facet normal 0 0 -1
    outer loop
      vertex 27.3085 31.55 2
      vertex 28.6942 32.35 2
      vertex 27.5193 31.2346 2
    endloop
  endfacet
  facet normal -0 0 -1
    outer loop
      vertex 28.7886 32.2086 2
      vertex 27.5193 31.2346 2
      vertex 28.6942 32.35 2
    endloop
  endfacet
  facet normal -0 0 -1
    outer loop
      vertex 32.3315 34.45 2
      vertex 30.9458 33.65 2
      vertex 32.1207 34.7654 2
    endloop
  endfacet
  facet normal 0 0 -1
    outer loop
      vertex 30.8514 33.7914 2
      vertex 32.1207 34.7654 2
      vertex 30.9458 33.65 2
    endloop
  endfacet
  facet normal -0 0 -1
    outer loop
      vertex 32.1207 34.7654 2
      vertex 30.8514 33.7914 2
      vertex 31.8706 35.0506 2
    endloop
  endfacet
  facet normal 0 0 -1
    outer loop
      vertex 30.7392 33.9192 2
      vertex 31.8706 35.0506 2
      vertex 30.8514 33.7914 2
    endloop
  endfacet
  facet normal -0 0 -1
    outer loop
      vertex 31.8706 35.0506 2
      vertex 30.7392 33.9192 2
      vertex 31.5854 35.3007 2
    endloop
  endfacet
  facet normal 0 0 -1
    outer loop
      vertex 30.6114 34.0314 2
      vertex 31.5854 35.3007 2
      vertex 30.7392 33.9192 2
    endloop
  endfacet
  facet normal -0 0 -1
    outer loop
      vertex 31.5854 35.3007 2
      vertex 30.6114 34.0314 2
      vertex 31.27 35.5115 2
    endloop
  endfacet
  facet normal 0 0 -1
    outer loop
      vertex 30.47 34.1258 2
      vertex 31.27 35.5115 2
      vertex 30.6114 34.0314 2
    endloop
  endfacet
  facet normal -0 0 -1
    outer loop
      vertex 31.27 35.5115 2
      vertex 30.47 34.1258 2
      vertex 30.9298 35.6792 2
    endloop
  endfacet
  facet normal 0 0 -1
    outer loop
      vertex 30.3175 34.201 2
      vertex 30.9298 35.6792 2
      vertex 30.47 34.1258 2
    endloop
  endfacet
  facet normal -0 0 -1
    outer loop
      vertex 30.9298 35.6792 2
      vertex 30.3175 34.201 2
      vertex 30.5706 35.8012 2
    endloop
  endfacet
  facet normal 0 0 -1
    outer loop
      vertex 30.1565 34.2557 2
      vertex 30.5706 35.8012 2
      vertex 30.3175 34.201 2
    endloop
  endfacet
  facet normal -0 0 -1
    outer loop
      vertex 30.5706 35.8012 2
      vertex 30.1565 34.2557 2
      vertex 30.1985 35.8752 2
    endloop
  endfacet
  facet normal 0 0 -1
    outer loop
      vertex 29.9897 34.2889 2
      vertex 30.1985 35.8752 2
      vertex 30.1565 34.2557 2
    endloop
  endfacet
  facet normal 0 0 -1
    outer loop
      vertex 29.82 34.3 2
      vertex 30.1985 35.8752 2
      vertex 29.9897 34.2889 2
    endloop
  endfacet
  facet normal 0 0 -1
    outer loop
      vertex 29.82 34.3 2
      vertex 29.82 35.9 2
      vertex 30.1985 35.8752 2
    endloop
  endfacet
  facet normal 0 0 -1
    outer loop
      vertex 29.6503 34.2889 2
      vertex 29.82 35.9 2
      vertex 29.82 34.3 2
    endloop
  endfacet
  facet normal 0 0 -1
    outer loop
      vertex 29.4415 35.8752 2
      vertex 29.6503 34.2889 2
      vertex 29.4835 34.2557 2
    endloop
  endfacet
  facet normal 0 0 -1
    outer loop
      vertex 29.6503 34.2889 2
      vertex 29.4415 35.8752 2
      vertex 29.82 35.9 2
    endloop
  endfacet
  facet normal 0 0 -1
    outer loop
      vertex 29.0694 35.8012 2
      vertex 29.4835 34.2557 2
      vertex 29.3225 34.201 2
    endloop
  endfacet
  facet normal 0 0 -1
    outer loop
      vertex 28.7102 35.6792 2
      vertex 29.3225 34.201 2
      vertex 29.17 34.1258 2
    endloop
  endfacet
  facet normal 0 0 -1
    outer loop
      vertex 29.4835 34.2557 2
      vertex 29.0694 35.8012 2
      vertex 29.4415 35.8752 2
    endloop
  endfacet
  facet normal 0 0 -1
    outer loop
      vertex 28.37 35.5115 2
      vertex 29.17 34.1258 2
      vertex 29.0286 34.0314 2
    endloop
  endfacet
  facet normal 0 0 -1
    outer loop
      vertex 28.0546 35.3007 2
      vertex 29.0286 34.0314 2
      vertex 28.9008 33.9192 2
    endloop
  endfacet
  facet normal 0 0 -1
    outer loop
      vertex 27.7694 35.0506 2
      vertex 28.9008 33.9192 2
      vertex 28.7886 33.7914 2
    endloop
  endfacet
  facet normal 0 0 -1
    outer loop
      vertex 29.3225 34.201 2
      vertex 28.7102 35.6792 2
      vertex 29.0694 35.8012 2
    endloop
  endfacet
  facet normal 0 0 -1
    outer loop
      vertex 27.5193 34.7654 2
      vertex 28.7886 33.7914 2
      vertex 28.6942 33.65 2
    endloop
  endfacet
  facet normal 0 0 -1
    outer loop
      vertex 27.3085 34.45 2
      vertex 28.6942 33.65 2
      vertex 28.619 33.4975 2
    endloop
  endfacet
  facet normal 0 0 -1
    outer loop
      vertex 27.1407 34.1098 2
      vertex 28.619 33.4975 2
      vertex 28.5643 33.3365 2
    endloop
  endfacet
  facet normal 0 0 -1
    outer loop
      vertex 27.0188 33.7506 2
      vertex 28.5643 33.3365 2
      vertex 28.5311 33.1697 2
    endloop
  endfacet
  facet normal 0 0 -1
    outer loop
      vertex 29.17 34.1258 2
      vertex 28.37 35.5115 2
      vertex 28.7102 35.6792 2
    endloop
  endfacet
  facet normal 0 0 -1
    outer loop
      vertex 26.9448 33.3785 2
      vertex 28.5311 33.1697 2
      vertex 28.52 33 2
    endloop
  endfacet
  facet normal -0 0 -1
    outer loop
      vertex 28.6942 32.35 2
      vertex 27.3085 31.55 2
      vertex 28.619 32.5025 2
    endloop
  endfacet
  facet normal 0 0 -1
    outer loop
      vertex 27.1407 31.8902 2
      vertex 28.619 32.5025 2
      vertex 27.3085 31.55 2
    endloop
  endfacet
  facet normal 0 0 -1
    outer loop
      vertex 29.0286 34.0314 2
      vertex 28.0546 35.3007 2
      vertex 28.37 35.5115 2
    endloop
  endfacet
  facet normal -0 0 -1
    outer loop
      vertex 28.619 32.5025 2
      vertex 27.1407 31.8902 2
      vertex 28.5643 32.6635 2
    endloop
  endfacet
  facet normal 0 0 -1
    outer loop
      vertex 28.9008 33.9192 2
      vertex 27.7694 35.0506 2
      vertex 28.0546 35.3007 2
    endloop
  endfacet
  facet normal 0 0 -1
    outer loop
      vertex 27.0188 32.2494 2
      vertex 28.5643 32.6635 2
      vertex 27.1407 31.8902 2
    endloop
  endfacet
  facet normal 0 0 -1
    outer loop
      vertex 28.7886 33.7914 2
      vertex 27.5193 34.7654 2
      vertex 27.7694 35.0506 2
    endloop
  endfacet
  facet normal -0 0 -1
    outer loop
      vertex 28.5643 32.6635 2
      vertex 27.0188 32.2494 2
      vertex 28.5311 32.8303 2
    endloop
  endfacet
  facet normal 0 0 -1
    outer loop
      vertex 28.6942 33.65 2
      vertex 27.3085 34.45 2
      vertex 27.5193 34.7654 2
    endloop
  endfacet
  facet normal 0 0 -1
    outer loop
      vertex 26.9448 32.6215 2
      vertex 28.5311 32.8303 2
      vertex 27.0188 32.2494 2
    endloop
  endfacet
  facet normal 0 0 -1
    outer loop
      vertex 28.619 33.4975 2
      vertex 27.1407 34.1098 2
      vertex 27.3085 34.45 2
    endloop
  endfacet
  facet normal -0 0 -1
    outer loop
      vertex 28.5311 32.8303 2
      vertex 26.9448 32.6215 2
      vertex 28.52 33 2
    endloop
  endfacet
  facet normal 0 0 -1
    outer loop
      vertex 28.5643 33.3365 2
      vertex 27.0188 33.7506 2
      vertex 27.1407 34.1098 2
    endloop
  endfacet
  facet normal 0 0 -1
    outer loop
      vertex 26.92 33 2
      vertex 28.52 33 2
      vertex 26.9448 32.6215 2
    endloop
  endfacet
  facet normal 0 0 -1
    outer loop
      vertex 28.5311 33.1697 2
      vertex 26.9448 33.3785 2
      vertex 27.0188 33.7506 2
    endloop
  endfacet
  facet normal 0 0 -1
    outer loop
      vertex 28.52 33 2
      vertex 26.92 33 2
      vertex 26.9448 33.3785 2
    endloop
  endfacet
  facet normal -0.946956 0.321364 0
    outer loop
      vertex 27.0188 33.7506 2
      vertex 27.1407 34.1098 26.05
      vertex 27.1407 34.1098 2
    endloop
  endfacet
  facet normal -0.946956 0.321364 0
    outer loop
      vertex 27.1407 34.1098 26.05
      vertex 27.0188 33.7506 2
      vertex 27.0188 33.7506 26.05
    endloop
  endfacet
  facet normal 0.980793 -0.195052 0
    outer loop
      vertex 23.0788 66.7494 26.05
      vertex 23.1528 67.1215 2
      vertex 23.1528 67.1215 26.05
    endloop
  endfacet
  facet normal 0.980793 -0.195052 0
    outer loop
      vertex 23.1528 67.1215 2
      vertex 23.0788 66.7494 26.05
      vertex 23.0788 66.7494 2
    endloop
  endfacet
  facet normal 0.980793 0.195052 0
    outer loop
      vertex 23.1528 67.8785 26.05
      vertex 23.0788 68.2506 2
      vertex 23.0788 68.2506 26.05
    endloop
  endfacet
  facet normal 0.980793 0.195052 0
    outer loop
      vertex 23.0788 68.2506 2
      vertex 23.1528 67.8785 26.05
      vertex 23.1528 67.8785 2
    endloop
  endfacet
  facet normal 0.99786 0.0653816 0
    outer loop
      vertex 23.1776 67.5 26.05
      vertex 23.1528 67.8785 2
      vertex 23.1528 67.8785 26.05
    endloop
  endfacet
  facet normal 0.99786 0.0653816 0
    outer loop
      vertex 23.1528 67.8785 2
      vertex 23.1776 67.5 26.05
      vertex 23.1776 67.5 2
    endloop
  endfacet
  facet normal 0.946956 0.321364 0
    outer loop
      vertex 23.0788 68.2506 26.05
      vertex 22.9569 68.6098 2
      vertex 22.9569 68.6098 26.05
    endloop
  endfacet
  facet normal 0.946956 0.321364 0
    outer loop
      vertex 22.9569 68.6098 2
      vertex 23.0788 68.2506 26.05
      vertex 23.0788 68.2506 2
    endloop
  endfacet
  facet normal 0.896839 -0.442356 0
    outer loop
      vertex 22.7891 66.05 26.05
      vertex 22.9569 66.3902 2
      vertex 22.9569 66.3902 26.05
    endloop
  endfacet
  facet normal 0.896839 -0.442356 0
    outer loop
      vertex 22.9569 66.3902 2
      vertex 22.7891 66.05 26.05
      vertex 22.7891 66.05 2
    endloop
  endfacet
  facet normal -0.555673 0.831401 0
    outer loop
      vertex 18.8276 70.0115 2
      vertex 18.5122 69.8007 26.05
      vertex 18.8276 70.0115 26.05
    endloop
  endfacet
  facet normal -0.555673 0.831401 0
    outer loop
      vertex 18.5122 69.8007 26.05
      vertex 18.8276 70.0115 2
      vertex 18.5122 69.8007 2
    endloop
  endfacet
  facet normal -0.195052 0.980793 0
    outer loop
      vertex 19.8991 70.3752 2
      vertex 19.527 70.3012 26.05
      vertex 19.8991 70.3752 26.05
    endloop
  endfacet
  facet normal -0.195052 0.980793 0
    outer loop
      vertex 19.527 70.3012 26.05
      vertex 19.8991 70.3752 2
      vertex 19.527 70.3012 2
    endloop
  endfacet
  facet normal -0.751858 -0.659325 0
    outer loop
      vertex 18.227 65.4494 2
      vertex 17.9769 65.7346 26.05
      vertex 17.9769 65.7346 2
    endloop
  endfacet
  facet normal -0.751858 -0.659325 0
    outer loop
      vertex 17.9769 65.7346 26.05
      vertex 18.227 65.4494 2
      vertex 18.227 65.4494 26.05
    endloop
  endfacet
  facet normal -0.831401 0.555673 0
    outer loop
      vertex 17.7661 68.95 2
      vertex 17.9769 69.2654 26.05
      vertex 17.9769 69.2654 2
    endloop
  endfacet
  facet normal -0.831401 0.555673 0
    outer loop
      vertex 17.9769 69.2654 26.05
      vertex 17.7661 68.95 2
      vertex 17.7661 68.95 26.05
    endloop
  endfacet
  facet normal 0.99786 -0.0653816 0
    outer loop
      vertex 23.1528 67.1215 26.05
      vertex 23.1776 67.5 2
      vertex 23.1776 67.5 26.05
    endloop
  endfacet
  facet normal 0.99786 -0.0653816 0
    outer loop
      vertex 23.1776 67.5 2
      vertex 23.1528 67.1215 26.05
      vertex 23.1528 67.1215 2
    endloop
  endfacet
  facet normal 0.896839 0.442356 0
    outer loop
      vertex 22.9569 68.6098 26.05
      vertex 22.7891 68.95 2
      vertex 22.7891 68.95 26.05
    endloop
  endfacet
  facet normal 0.896839 0.442356 0
    outer loop
      vertex 22.7891 68.95 2
      vertex 22.9569 68.6098 26.05
      vertex 22.9569 68.6098 2
    endloop
  endfacet
  facet normal -0.659325 0.751858 0
    outer loop
      vertex 18.5122 69.8007 2
      vertex 18.227 69.5506 26.05
      vertex 18.5122 69.8007 26.05
    endloop
  endfacet
  facet normal -0.659325 0.751858 0
    outer loop
      vertex 18.227 69.5506 26.05
      vertex 18.5122 69.8007 2
      vertex 18.227 69.5506 2
    endloop
  endfacet
  facet normal 0.831401 -0.555673 0
    outer loop
      vertex 22.5783 65.7346 26.05
      vertex 22.7891 66.05 2
      vertex 22.7891 66.05 26.05
    endloop
  endfacet
  facet normal 0.831401 -0.555673 0
    outer loop
      vertex 22.7891 66.05 2
      vertex 22.5783 65.7346 26.05
      vertex 22.5783 65.7346 2
    endloop
  endfacet
  facet normal -0.946956 -0.321364 0
    outer loop
      vertex 17.5983 66.3902 2
      vertex 17.4764 66.7494 26.05
      vertex 17.4764 66.7494 2
    endloop
  endfacet
  facet normal -0.946956 -0.321364 0
    outer loop
      vertex 17.4764 66.7494 26.05
      vertex 17.5983 66.3902 2
      vertex 17.5983 66.3902 26.05
    endloop
  endfacet
  facet normal -0.751858 0.659325 0
    outer loop
      vertex 17.9769 69.2654 2
      vertex 18.227 69.5506 26.05
      vertex 18.227 69.5506 2
    endloop
  endfacet
  facet normal -0.751858 0.659325 0
    outer loop
      vertex 18.227 69.5506 26.05
      vertex 17.9769 69.2654 2
      vertex 17.9769 69.2654 26.05
    endloop
  endfacet
  facet normal -0.195052 -0.980793 0
    outer loop
      vertex 19.527 64.6988 2
      vertex 19.8991 64.6248 26.05
      vertex 19.527 64.6988 26.05
    endloop
  endfacet
  facet normal -0.195052 -0.980793 -0
    outer loop
      vertex 19.8991 64.6248 26.05
      vertex 19.527 64.6988 2
      vertex 19.8991 64.6248 2
    endloop
  endfacet
  facet normal 0.555673 0.831401 -0
    outer loop
      vertex 22.043 69.8007 2
      vertex 21.7276 70.0115 26.05
      vertex 22.043 69.8007 26.05
    endloop
  endfacet
  facet normal 0.555673 0.831401 0
    outer loop
      vertex 21.7276 70.0115 26.05
      vertex 22.043 69.8007 2
      vertex 21.7276 70.0115 2
    endloop
  endfacet
  facet normal 0.442356 -0.896839 0
    outer loop
      vertex 21.3874 64.8207 2
      vertex 21.7276 64.9885 26.05
      vertex 21.3874 64.8207 26.05
    endloop
  endfacet
  facet normal 0.442356 -0.896839 0
    outer loop
      vertex 21.7276 64.9885 26.05
      vertex 21.3874 64.8207 2
      vertex 21.7276 64.9885 2
    endloop
  endfacet
  facet normal 0.442356 0.896839 -0
    outer loop
      vertex 21.7276 70.0115 2
      vertex 21.3874 70.1793 26.05
      vertex 21.7276 70.0115 26.05
    endloop
  endfacet
  facet normal 0.442356 0.896839 0
    outer loop
      vertex 21.3874 70.1793 26.05
      vertex 21.7276 70.0115 2
      vertex 21.3874 70.1793 2
    endloop
  endfacet
  facet normal 0.946956 -0.321364 0
    outer loop
      vertex 22.9569 66.3902 26.05
      vertex 23.0788 66.7494 2
      vertex 23.0788 66.7494 26.05
    endloop
  endfacet
  facet normal 0.946956 -0.321364 0
    outer loop
      vertex 23.0788 66.7494 2
      vertex 22.9569 66.3902 26.05
      vertex 22.9569 66.3902 2
    endloop
  endfacet
  facet normal 0.0653816 -0.99786 0
    outer loop
      vertex 20.2776 64.6 2
      vertex 20.6561 64.6248 26.05
      vertex 20.2776 64.6 26.05
    endloop
  endfacet
  facet normal 0.0653816 -0.99786 0
    outer loop
      vertex 20.6561 64.6248 26.05
      vertex 20.2776 64.6 2
      vertex 20.6561 64.6248 2
    endloop
  endfacet
  facet normal -0.321364 0.946956 0
    outer loop
      vertex 19.527 70.3012 2
      vertex 19.1678 70.1793 26.05
      vertex 19.527 70.3012 26.05
    endloop
  endfacet
  facet normal -0.321364 0.946956 0
    outer loop
      vertex 19.1678 70.1793 26.05
      vertex 19.527 70.3012 2
      vertex 19.1678 70.1793 2
    endloop
  endfacet
  facet normal 0.195052 0.980793 -0
    outer loop
      vertex 21.0282 70.3012 2
      vertex 20.6561 70.3752 26.05
      vertex 21.0282 70.3012 26.05
    endloop
  endfacet
  facet normal 0.195052 0.980793 0
    outer loop
      vertex 20.6561 70.3752 26.05
      vertex 21.0282 70.3012 2
      vertex 20.6561 70.3752 2
    endloop
  endfacet
  facet normal -0.980793 -0.195052 0
    outer loop
      vertex 17.4764 66.7494 2
      vertex 17.4024 67.1215 26.05
      vertex 17.4024 67.1215 2
    endloop
  endfacet
  facet normal -0.980793 -0.195052 0
    outer loop
      vertex 17.4024 67.1215 26.05
      vertex 17.4764 66.7494 2
      vertex 17.4764 66.7494 26.05
    endloop
  endfacet
  facet normal 0.195052 -0.980793 0
    outer loop
      vertex 20.6561 64.6248 2
      vertex 21.0282 64.6988 26.05
      vertex 20.6561 64.6248 26.05
    endloop
  endfacet
  facet normal 0.195052 -0.980793 0
    outer loop
      vertex 21.0282 64.6988 26.05
      vertex 20.6561 64.6248 2
      vertex 21.0282 64.6988 2
    endloop
  endfacet
  facet normal 0.751858 0.659325 0
    outer loop
      vertex 22.5783 69.2654 26.05
      vertex 22.3282 69.5506 2
      vertex 22.3282 69.5506 26.05
    endloop
  endfacet
  facet normal 0.751858 0.659325 0
    outer loop
      vertex 22.3282 69.5506 2
      vertex 22.5783 69.2654 26.05
      vertex 22.5783 69.2654 2
    endloop
  endfacet
  facet normal -0.0653816 -0.99786 0
    outer loop
      vertex 19.8991 64.6248 2
      vertex 20.2776 64.6 26.05
      vertex 19.8991 64.6248 26.05
    endloop
  endfacet
  facet normal -0.0653816 -0.99786 -0
    outer loop
      vertex 20.2776 64.6 26.05
      vertex 19.8991 64.6248 2
      vertex 20.2776 64.6 2
    endloop
  endfacet
  facet normal 0.659325 0.751858 -0
    outer loop
      vertex 22.3282 69.5506 2
      vertex 22.043 69.8007 26.05
      vertex 22.3282 69.5506 26.05
    endloop
  endfacet
  facet normal 0.659325 0.751858 0
    outer loop
      vertex 22.043 69.8007 26.05
      vertex 22.3282 69.5506 2
      vertex 22.043 69.8007 2
    endloop
  endfacet
  facet normal -0.980793 0.195052 0
    outer loop
      vertex 17.4024 67.8785 2
      vertex 17.4764 68.2506 26.05
      vertex 17.4764 68.2506 2
    endloop
  endfacet
  facet normal -0.980793 0.195052 0
    outer loop
      vertex 17.4764 68.2506 26.05
      vertex 17.4024 67.8785 2
      vertex 17.4024 67.8785 26.05
    endloop
  endfacet
  facet normal -0.442356 -0.896839 0
    outer loop
      vertex 18.8276 64.9885 2
      vertex 19.1678 64.8207 26.05
      vertex 18.8276 64.9885 26.05
    endloop
  endfacet
  facet normal -0.442356 -0.896839 -0
    outer loop
      vertex 19.1678 64.8207 26.05
      vertex 18.8276 64.9885 2
      vertex 19.1678 64.8207 2
    endloop
  endfacet
  facet normal -0.896839 -0.442356 0
    outer loop
      vertex 17.7661 66.05 2
      vertex 17.5983 66.3902 26.05
      vertex 17.5983 66.3902 2
    endloop
  endfacet
  facet normal -0.896839 -0.442356 0
    outer loop
      vertex 17.5983 66.3902 26.05
      vertex 17.7661 66.05 2
      vertex 17.7661 66.05 26.05
    endloop
  endfacet
  facet normal 0.321364 0.946956 -0
    outer loop
      vertex 21.3874 70.1793 2
      vertex 21.0282 70.3012 26.05
      vertex 21.3874 70.1793 26.05
    endloop
  endfacet
  facet normal 0.321364 0.946956 0
    outer loop
      vertex 21.0282 70.3012 26.05
      vertex 21.3874 70.1793 2
      vertex 21.0282 70.3012 2
    endloop
  endfacet
  facet normal 0.751858 -0.659325 0
    outer loop
      vertex 22.3282 65.4494 26.05
      vertex 22.5783 65.7346 2
      vertex 22.5783 65.7346 26.05
    endloop
  endfacet
  facet normal 0.751858 -0.659325 0
    outer loop
      vertex 22.5783 65.7346 2
      vertex 22.3282 65.4494 26.05
      vertex 22.3282 65.4494 2
    endloop
  endfacet
  facet normal -0.659325 -0.751858 0
    outer loop
      vertex 18.227 65.4494 2
      vertex 18.5122 65.1993 26.05
      vertex 18.227 65.4494 26.05
    endloop
  endfacet
  facet normal -0.659325 -0.751858 -0
    outer loop
      vertex 18.5122 65.1993 26.05
      vertex 18.227 65.4494 2
      vertex 18.5122 65.1993 2
    endloop
  endfacet
  facet normal 0.555673 -0.831401 0
    outer loop
      vertex 21.7276 64.9885 2
      vertex 22.043 65.1993 26.05
      vertex 21.7276 64.9885 26.05
    endloop
  endfacet
  facet normal 0.555673 -0.831401 0
    outer loop
      vertex 22.043 65.1993 26.05
      vertex 21.7276 64.9885 2
      vertex 22.043 65.1993 2
    endloop
  endfacet
  facet normal 0.831401 0.555673 0
    outer loop
      vertex 22.7891 68.95 26.05
      vertex 22.5783 69.2654 2
      vertex 22.5783 69.2654 26.05
    endloop
  endfacet
  facet normal 0.831401 0.555673 0
    outer loop
      vertex 22.5783 69.2654 2
      vertex 22.7891 68.95 26.05
      vertex 22.7891 68.95 2
    endloop
  endfacet
  facet normal -0.99786 0.0653816 0
    outer loop
      vertex 17.3776 67.5 2
      vertex 17.4024 67.8785 26.05
      vertex 17.4024 67.8785 2
    endloop
  endfacet
  facet normal -0.99786 0.0653816 0
    outer loop
      vertex 17.4024 67.8785 26.05
      vertex 17.3776 67.5 2
      vertex 17.3776 67.5 26.05
    endloop
  endfacet
  facet normal 0.321364 -0.946956 0
    outer loop
      vertex 21.0282 64.6988 2
      vertex 21.3874 64.8207 26.05
      vertex 21.0282 64.6988 26.05
    endloop
  endfacet
  facet normal 0.321364 -0.946956 0
    outer loop
      vertex 21.3874 64.8207 26.05
      vertex 21.0282 64.6988 2
      vertex 21.3874 64.8207 2
    endloop
  endfacet
  facet normal 0.0653816 0.99786 -0
    outer loop
      vertex 20.6561 70.3752 2
      vertex 20.2776 70.4 26.05
      vertex 20.6561 70.3752 26.05
    endloop
  endfacet
  facet normal 0.0653816 0.99786 0
    outer loop
      vertex 20.2776 70.4 26.05
      vertex 20.6561 70.3752 2
      vertex 20.2776 70.4 2
    endloop
  endfacet
  facet normal -0.99786 -0.0653816 0
    outer loop
      vertex 17.4024 67.1215 2
      vertex 17.3776 67.5 26.05
      vertex 17.3776 67.5 2
    endloop
  endfacet
  facet normal -0.99786 -0.0653816 0
    outer loop
      vertex 17.3776 67.5 26.05
      vertex 17.4024 67.1215 2
      vertex 17.4024 67.1215 26.05
    endloop
  endfacet
  facet normal -0.442356 0.896839 0
    outer loop
      vertex 19.1678 70.1793 2
      vertex 18.8276 70.0115 26.05
      vertex 19.1678 70.1793 26.05
    endloop
  endfacet
  facet normal -0.442356 0.896839 0
    outer loop
      vertex 18.8276 70.0115 26.05
      vertex 19.1678 70.1793 2
      vertex 18.8276 70.0115 2
    endloop
  endfacet
  facet normal -0.896839 0.442356 0
    outer loop
      vertex 17.5983 68.6098 2
      vertex 17.7661 68.95 26.05
      vertex 17.7661 68.95 2
    endloop
  endfacet
  facet normal -0.896839 0.442356 0
    outer loop
      vertex 17.7661 68.95 26.05
      vertex 17.5983 68.6098 2
      vertex 17.5983 68.6098 26.05
    endloop
  endfacet
  facet normal 0.659325 -0.751858 0
    outer loop
      vertex 22.043 65.1993 2
      vertex 22.3282 65.4494 26.05
      vertex 22.043 65.1993 26.05
    endloop
  endfacet
  facet normal 0.659325 -0.751858 0
    outer loop
      vertex 22.3282 65.4494 26.05
      vertex 22.043 65.1993 2
      vertex 22.3282 65.4494 2
    endloop
  endfacet
  facet normal -0.321364 -0.946956 0
    outer loop
      vertex 19.1678 64.8207 2
      vertex 19.527 64.6988 26.05
      vertex 19.1678 64.8207 26.05
    endloop
  endfacet
  facet normal -0.321364 -0.946956 -0
    outer loop
      vertex 19.527 64.6988 26.05
      vertex 19.1678 64.8207 2
      vertex 19.527 64.6988 2
    endloop
  endfacet
  facet normal -0.0653816 0.99786 0
    outer loop
      vertex 20.2776 70.4 2
      vertex 19.8991 70.3752 26.05
      vertex 20.2776 70.4 26.05
    endloop
  endfacet
  facet normal -0.0653816 0.99786 0
    outer loop
      vertex 19.8991 70.3752 26.05
      vertex 20.2776 70.4 2
      vertex 19.8991 70.3752 2
    endloop
  endfacet
  facet normal -0.555673 -0.831401 0
    outer loop
      vertex 18.5122 65.1993 2
      vertex 18.8276 64.9885 26.05
      vertex 18.5122 65.1993 26.05
    endloop
  endfacet
  facet normal -0.555673 -0.831401 -0
    outer loop
      vertex 18.8276 64.9885 26.05
      vertex 18.5122 65.1993 2
      vertex 18.8276 64.9885 2
    endloop
  endfacet
  facet normal -0.831401 -0.555673 0
    outer loop
      vertex 17.9769 65.7346 2
      vertex 17.7661 66.05 26.05
      vertex 17.7661 66.05 2
    endloop
  endfacet
  facet normal -0.831401 -0.555673 0
    outer loop
      vertex 17.7661 66.05 26.05
      vertex 17.9769 65.7346 2
      vertex 17.9769 65.7346 26.05
    endloop
  endfacet
  facet normal 0 0 -1
    outer loop
      vertex 21.5776 67.5 2
      vertex 23.1776 67.5 2
      vertex 23.1528 67.1215 2
    endloop
  endfacet
  facet normal 0 0 -1
    outer loop
      vertex 21.5665 67.3303 2
      vertex 23.1528 67.1215 2
      vertex 23.0788 66.7494 2
    endloop
  endfacet
  facet normal 0 0 -1
    outer loop
      vertex 23.1776 67.5 2
      vertex 21.5776 67.5 2
      vertex 23.1528 67.8785 2
    endloop
  endfacet
  facet normal 0 0 -1
    outer loop
      vertex 21.5333 67.1635 2
      vertex 23.0788 66.7494 2
      vertex 22.9569 66.3902 2
    endloop
  endfacet
  facet normal 0 0 -1
    outer loop
      vertex 21.5665 67.6697 2
      vertex 23.1528 67.8785 2
      vertex 21.5776 67.5 2
    endloop
  endfacet
  facet normal 0 0 -1
    outer loop
      vertex 21.4786 67.0025 2
      vertex 22.9569 66.3902 2
      vertex 22.7891 66.05 2
    endloop
  endfacet
  facet normal -0 0 -1
    outer loop
      vertex 23.1528 67.8785 2
      vertex 21.5665 67.6697 2
      vertex 23.0788 68.2506 2
    endloop
  endfacet
  facet normal 0 0 -1
    outer loop
      vertex 21.4034 66.85 2
      vertex 22.7891 66.05 2
      vertex 22.5783 65.7346 2
    endloop
  endfacet
  facet normal 0 0 -1
    outer loop
      vertex 21.5333 67.8365 2
      vertex 23.0788 68.2506 2
      vertex 21.5665 67.6697 2
    endloop
  endfacet
  facet normal 0 0 -1
    outer loop
      vertex 21.309 66.7086 2
      vertex 22.5783 65.7346 2
      vertex 22.3282 65.4494 2
    endloop
  endfacet
  facet normal -0 0 -1
    outer loop
      vertex 23.0788 68.2506 2
      vertex 21.5333 67.8365 2
      vertex 22.9569 68.6098 2
    endloop
  endfacet
  facet normal 0 0 -1
    outer loop
      vertex 21.1968 66.5808 2
      vertex 22.3282 65.4494 2
      vertex 22.043 65.1993 2
    endloop
  endfacet
  facet normal 0 0 -1
    outer loop
      vertex 21.4786 67.9975 2
      vertex 22.9569 68.6098 2
      vertex 21.5333 67.8365 2
    endloop
  endfacet
  facet normal 0 0 -1
    outer loop
      vertex 21.069 66.4686 2
      vertex 22.043 65.1993 2
      vertex 21.7276 64.9885 2
    endloop
  endfacet
  facet normal -0 0 -1
    outer loop
      vertex 22.9569 68.6098 2
      vertex 21.4786 67.9975 2
      vertex 22.7891 68.95 2
    endloop
  endfacet
  facet normal 0 0 -1
    outer loop
      vertex 21.4034 68.15 2
      vertex 22.7891 68.95 2
      vertex 21.4786 67.9975 2
    endloop
  endfacet
  facet normal 0 0 -1
    outer loop
      vertex 23.1528 67.1215 2
      vertex 21.5665 67.3303 2
      vertex 21.5776 67.5 2
    endloop
  endfacet
  facet normal 0 0 -1
    outer loop
      vertex 23.0788 66.7494 2
      vertex 21.5333 67.1635 2
      vertex 21.5665 67.3303 2
    endloop
  endfacet
  facet normal 0 0 -1
    outer loop
      vertex 22.9569 66.3902 2
      vertex 21.4786 67.0025 2
      vertex 21.5333 67.1635 2
    endloop
  endfacet
  facet normal 0 0 -1
    outer loop
      vertex 22.7891 66.05 2
      vertex 21.4034 66.85 2
      vertex 21.4786 67.0025 2
    endloop
  endfacet
  facet normal 0 0 -1
    outer loop
      vertex 20.9276 66.3742 2
      vertex 21.7276 64.9885 2
      vertex 21.3874 64.8207 2
    endloop
  endfacet
  facet normal 0 0 -1
    outer loop
      vertex 22.5783 65.7346 2
      vertex 21.309 66.7086 2
      vertex 21.4034 66.85 2
    endloop
  endfacet
  facet normal 0 0 -1
    outer loop
      vertex 22.3282 65.4494 2
      vertex 21.1968 66.5808 2
      vertex 21.309 66.7086 2
    endloop
  endfacet
  facet normal 0 0 -1
    outer loop
      vertex 22.043 65.1993 2
      vertex 21.069 66.4686 2
      vertex 21.1968 66.5808 2
    endloop
  endfacet
  facet normal 0 0 -1
    outer loop
      vertex 20.7751 66.299 2
      vertex 21.3874 64.8207 2
      vertex 21.0282 64.6988 2
    endloop
  endfacet
  facet normal 0 0 -1
    outer loop
      vertex 21.7276 64.9885 2
      vertex 20.9276 66.3742 2
      vertex 21.069 66.4686 2
    endloop
  endfacet
  facet normal 0 0 -1
    outer loop
      vertex 21.3874 64.8207 2
      vertex 20.7751 66.299 2
      vertex 20.9276 66.3742 2
    endloop
  endfacet
  facet normal 0 0 -1
    outer loop
      vertex 20.6141 66.2443 2
      vertex 21.0282 64.6988 2
      vertex 20.6561 64.6248 2
    endloop
  endfacet
  facet normal 0 0 -1
    outer loop
      vertex 21.0282 64.6988 2
      vertex 20.6141 66.2443 2
      vertex 20.7751 66.299 2
    endloop
  endfacet
  facet normal 0 0 -1
    outer loop
      vertex 20.6561 64.6248 2
      vertex 20.4473 66.2111 2
      vertex 20.6141 66.2443 2
    endloop
  endfacet
  facet normal 0 0 -1
    outer loop
      vertex 20.2776 64.6 2
      vertex 20.4473 66.2111 2
      vertex 20.6561 64.6248 2
    endloop
  endfacet
  facet normal 0 0 -1
    outer loop
      vertex 20.2776 64.6 2
      vertex 20.2776 66.2 2
      vertex 20.4473 66.2111 2
    endloop
  endfacet
  facet normal 0 0 -1
    outer loop
      vertex 20.2776 64.6 2
      vertex 20.1079 66.2111 2
      vertex 20.2776 66.2 2
    endloop
  endfacet
  facet normal 0 0 -1
    outer loop
      vertex 19.8991 64.6248 2
      vertex 20.1079 66.2111 2
      vertex 20.2776 64.6 2
    endloop
  endfacet
  facet normal -0 0 -1
    outer loop
      vertex 20.1079 66.2111 2
      vertex 19.8991 64.6248 2
      vertex 19.9411 66.2443 2
    endloop
  endfacet
  facet normal 0 0 -1
    outer loop
      vertex 19.527 64.6988 2
      vertex 19.9411 66.2443 2
      vertex 19.8991 64.6248 2
    endloop
  endfacet
  facet normal -0 0 -1
    outer loop
      vertex 19.9411 66.2443 2
      vertex 19.527 64.6988 2
      vertex 19.7801 66.299 2
    endloop
  endfacet
  facet normal 0 0 -1
    outer loop
      vertex 19.1678 64.8207 2
      vertex 19.7801 66.299 2
      vertex 19.527 64.6988 2
    endloop
  endfacet
  facet normal -0 0 -1
    outer loop
      vertex 19.7801 66.299 2
      vertex 19.1678 64.8207 2
      vertex 19.6276 66.3742 2
    endloop
  endfacet
  facet normal 0 0 -1
    outer loop
      vertex 18.8276 64.9885 2
      vertex 19.6276 66.3742 2
      vertex 19.1678 64.8207 2
    endloop
  endfacet
  facet normal -0 0 -1
    outer loop
      vertex 19.6276 66.3742 2
      vertex 18.8276 64.9885 2
      vertex 19.4862 66.4686 2
    endloop
  endfacet
  facet normal 0 0 -1
    outer loop
      vertex 18.5122 65.1993 2
      vertex 19.4862 66.4686 2
      vertex 18.8276 64.9885 2
    endloop
  endfacet
  facet normal -0 0 -1
    outer loop
      vertex 19.4862 66.4686 2
      vertex 18.5122 65.1993 2
      vertex 19.3584 66.5808 2
    endloop
  endfacet
  facet normal 0 0 -1
    outer loop
      vertex 18.227 65.4494 2
      vertex 19.3584 66.5808 2
      vertex 18.5122 65.1993 2
    endloop
  endfacet
  facet normal -0 0 -1
    outer loop
      vertex 19.3584 66.5808 2
      vertex 18.227 65.4494 2
      vertex 19.2462 66.7086 2
    endloop
  endfacet
  facet normal 0 0 -1
    outer loop
      vertex 17.9769 65.7346 2
      vertex 19.2462 66.7086 2
      vertex 18.227 65.4494 2
    endloop
  endfacet
  facet normal 0 0 -1
    outer loop
      vertex 17.7661 66.05 2
      vertex 19.1518 66.85 2
      vertex 17.9769 65.7346 2
    endloop
  endfacet
  facet normal -0 0 -1
    outer loop
      vertex 19.2462 66.7086 2
      vertex 17.9769 65.7346 2
      vertex 19.1518 66.85 2
    endloop
  endfacet
  facet normal -0 0 -1
    outer loop
      vertex 22.7891 68.95 2
      vertex 21.4034 68.15 2
      vertex 22.5783 69.2654 2
    endloop
  endfacet
  facet normal 0 0 -1
    outer loop
      vertex 21.309 68.2914 2
      vertex 22.5783 69.2654 2
      vertex 21.4034 68.15 2
    endloop
  endfacet
  facet normal -0 0 -1
    outer loop
      vertex 22.5783 69.2654 2
      vertex 21.309 68.2914 2
      vertex 22.3282 69.5506 2
    endloop
  endfacet
  facet normal 0 0 -1
    outer loop
      vertex 21.1968 68.4192 2
      vertex 22.3282 69.5506 2
      vertex 21.309 68.2914 2
    endloop
  endfacet
  facet normal -0 0 -1
    outer loop
      vertex 22.3282 69.5506 2
      vertex 21.1968 68.4192 2
      vertex 22.043 69.8007 2
    endloop
  endfacet
  facet normal 0 0 -1
    outer loop
      vertex 21.069 68.5314 2
      vertex 22.043 69.8007 2
      vertex 21.1968 68.4192 2
    endloop
  endfacet
  facet normal -0 0 -1
    outer loop
      vertex 22.043 69.8007 2
      vertex 21.069 68.5314 2
      vertex 21.7276 70.0115 2
    endloop
  endfacet
  facet normal 0 0 -1
    outer loop
      vertex 20.9276 68.6258 2
      vertex 21.7276 70.0115 2
      vertex 21.069 68.5314 2
    endloop
  endfacet
  facet normal -0 0 -1
    outer loop
      vertex 21.7276 70.0115 2
      vertex 20.9276 68.6258 2
      vertex 21.3874 70.1793 2
    endloop
  endfacet
  facet normal 0 0 -1
    outer loop
      vertex 20.7751 68.701 2
      vertex 21.3874 70.1793 2
      vertex 20.9276 68.6258 2
    endloop
  endfacet
  facet normal -0 0 -1
    outer loop
      vertex 21.3874 70.1793 2
      vertex 20.7751 68.701 2
      vertex 21.0282 70.3012 2
    endloop
  endfacet
  facet normal 0 0 -1
    outer loop
      vertex 20.6141 68.7557 2
      vertex 21.0282 70.3012 2
      vertex 20.7751 68.701 2
    endloop
  endfacet
  facet normal -0 0 -1
    outer loop
      vertex 21.0282 70.3012 2
      vertex 20.6141 68.7557 2
      vertex 20.6561 70.3752 2
    endloop
  endfacet
  facet normal 0 0 -1
    outer loop
      vertex 20.4473 68.7889 2
      vertex 20.6561 70.3752 2
      vertex 20.6141 68.7557 2
    endloop
  endfacet
  facet normal 0 0 -1
    outer loop
      vertex 20.2776 68.8 2
      vertex 20.6561 70.3752 2
      vertex 20.4473 68.7889 2
    endloop
  endfacet
  facet normal 0 0 -1
    outer loop
      vertex 20.2776 68.8 2
      vertex 20.2776 70.4 2
      vertex 20.6561 70.3752 2
    endloop
  endfacet
  facet normal 0 0 -1
    outer loop
      vertex 20.1079 68.7889 2
      vertex 20.2776 70.4 2
      vertex 20.2776 68.8 2
    endloop
  endfacet
  facet normal 0 0 -1
    outer loop
      vertex 19.8991 70.3752 2
      vertex 20.1079 68.7889 2
      vertex 19.9411 68.7557 2
    endloop
  endfacet
  facet normal 0 0 -1
    outer loop
      vertex 20.1079 68.7889 2
      vertex 19.8991 70.3752 2
      vertex 20.2776 70.4 2
    endloop
  endfacet
  facet normal 0 0 -1
    outer loop
      vertex 19.527 70.3012 2
      vertex 19.9411 68.7557 2
      vertex 19.7801 68.701 2
    endloop
  endfacet
  facet normal 0 0 -1
    outer loop
      vertex 19.1678 70.1793 2
      vertex 19.7801 68.701 2
      vertex 19.6276 68.6258 2
    endloop
  endfacet
  facet normal 0 0 -1
    outer loop
      vertex 19.9411 68.7557 2
      vertex 19.527 70.3012 2
      vertex 19.8991 70.3752 2
    endloop
  endfacet
  facet normal 0 0 -1
    outer loop
      vertex 18.8276 70.0115 2
      vertex 19.6276 68.6258 2
      vertex 19.4862 68.5314 2
    endloop
  endfacet
  facet normal 0 0 -1
    outer loop
      vertex 18.5122 69.8007 2
      vertex 19.4862 68.5314 2
      vertex 19.3584 68.4192 2
    endloop
  endfacet
  facet normal 0 0 -1
    outer loop
      vertex 18.227 69.5506 2
      vertex 19.3584 68.4192 2
      vertex 19.2462 68.2914 2
    endloop
  endfacet
  facet normal 0 0 -1
    outer loop
      vertex 19.7801 68.701 2
      vertex 19.1678 70.1793 2
      vertex 19.527 70.3012 2
    endloop
  endfacet
  facet normal 0 0 -1
    outer loop
      vertex 17.9769 69.2654 2
      vertex 19.2462 68.2914 2
      vertex 19.1518 68.15 2
    endloop
  endfacet
  facet normal 0 0 -1
    outer loop
      vertex 17.7661 68.95 2
      vertex 19.1518 68.15 2
      vertex 19.0766 67.9975 2
    endloop
  endfacet
  facet normal 0 0 -1
    outer loop
      vertex 17.5983 68.6098 2
      vertex 19.0766 67.9975 2
      vertex 19.0219 67.8365 2
    endloop
  endfacet
  facet normal 0 0 -1
    outer loop
      vertex 17.4764 68.2506 2
      vertex 19.0219 67.8365 2
      vertex 18.9887 67.6697 2
    endloop
  endfacet
  facet normal 0 0 -1
    outer loop
      vertex 19.6276 68.6258 2
      vertex 18.8276 70.0115 2
      vertex 19.1678 70.1793 2
    endloop
  endfacet
  facet normal 0 0 -1
    outer loop
      vertex 17.4024 67.8785 2
      vertex 18.9887 67.6697 2
      vertex 18.9776 67.5 2
    endloop
  endfacet
  facet normal -0 0 -1
    outer loop
      vertex 19.1518 66.85 2
      vertex 17.7661 66.05 2
      vertex 19.0766 67.0025 2
    endloop
  endfacet
  facet normal 0 0 -1
    outer loop
      vertex 17.5983 66.3902 2
      vertex 19.0766 67.0025 2
      vertex 17.7661 66.05 2
    endloop
  endfacet
  facet normal 0 0 -1
    outer loop
      vertex 19.4862 68.5314 2
      vertex 18.5122 69.8007 2
      vertex 18.8276 70.0115 2
    endloop
  endfacet
  facet normal -0 0 -1
    outer loop
      vertex 19.0766 67.0025 2
      vertex 17.5983 66.3902 2
      vertex 19.0219 67.1635 2
    endloop
  endfacet
  facet normal 0 0 -1
    outer loop
      vertex 19.3584 68.4192 2
      vertex 18.227 69.5506 2
      vertex 18.5122 69.8007 2
    endloop
  endfacet
  facet normal 0 0 -1
    outer loop
      vertex 17.4764 66.7494 2
      vertex 19.0219 67.1635 2
      vertex 17.5983 66.3902 2
    endloop
  endfacet
  facet normal 0 0 -1
    outer loop
      vertex 19.2462 68.2914 2
      vertex 17.9769 69.2654 2
      vertex 18.227 69.5506 2
    endloop
  endfacet
  facet normal -0 0 -1
    outer loop
      vertex 19.0219 67.1635 2
      vertex 17.4764 66.7494 2
      vertex 18.9887 67.3303 2
    endloop
  endfacet
  facet normal 0 0 -1
    outer loop
      vertex 19.1518 68.15 2
      vertex 17.7661 68.95 2
      vertex 17.9769 69.2654 2
    endloop
  endfacet
  facet normal 0 0 -1
    outer loop
      vertex 17.4024 67.1215 2
      vertex 18.9887 67.3303 2
      vertex 17.4764 66.7494 2
    endloop
  endfacet
  facet normal 0 0 -1
    outer loop
      vertex 19.0766 67.9975 2
      vertex 17.5983 68.6098 2
      vertex 17.7661 68.95 2
    endloop
  endfacet
  facet normal -0 0 -1
    outer loop
      vertex 18.9887 67.3303 2
      vertex 17.4024 67.1215 2
      vertex 18.9776 67.5 2
    endloop
  endfacet
  facet normal 0 0 -1
    outer loop
      vertex 19.0219 67.8365 2
      vertex 17.4764 68.2506 2
      vertex 17.5983 68.6098 2
    endloop
  endfacet
  facet normal 0 0 -1
    outer loop
      vertex 17.3776 67.5 2
      vertex 18.9776 67.5 2
      vertex 17.4024 67.1215 2
    endloop
  endfacet
  facet normal 0 0 -1
    outer loop
      vertex 18.9887 67.6697 2
      vertex 17.4024 67.8785 2
      vertex 17.4764 68.2506 2
    endloop
  endfacet
  facet normal 0 0 -1
    outer loop
      vertex 18.9776 67.5 2
      vertex 17.3776 67.5 2
      vertex 17.4024 67.8785 2
    endloop
  endfacet
  facet normal -0.946956 0.321364 0
    outer loop
      vertex 17.4764 68.2506 2
      vertex 17.5983 68.6098 26.05
      vertex 17.5983 68.6098 2
    endloop
  endfacet
  facet normal -0.946956 0.321364 0
    outer loop
      vertex 17.5983 68.6098 26.05
      vertex 17.4764 68.2506 2
      vertex 17.4764 68.2506 26.05
    endloop
  endfacet
  facet normal 0.980793 0.195052 0
    outer loop
      vertex 42.2376 67.8785 26.05
      vertex 42.1636 68.2506 2
      vertex 42.1636 68.2506 26.05
    endloop
  endfacet
  facet normal 0.980793 0.195052 0
    outer loop
      vertex 42.1636 68.2506 2
      vertex 42.2376 67.8785 26.05
      vertex 42.2376 67.8785 2
    endloop
  endfacet
  facet normal 0.99786 0.0653816 0
    outer loop
      vertex 42.2624 67.5 26.05
      vertex 42.2376 67.8785 2
      vertex 42.2376 67.8785 26.05
    endloop
  endfacet
  facet normal 0.99786 0.0653816 0
    outer loop
      vertex 42.2376 67.8785 2
      vertex 42.2624 67.5 26.05
      vertex 42.2624 67.5 2
    endloop
  endfacet
  facet normal -0.195052 -0.980793 0
    outer loop
      vertex 38.6118 64.6988 2
      vertex 38.9839 64.6248 26.05
      vertex 38.6118 64.6988 26.05
    endloop
  endfacet
  facet normal -0.195052 -0.980793 -0
    outer loop
      vertex 38.9839 64.6248 26.05
      vertex 38.6118 64.6988 2
      vertex 38.9839 64.6248 2
    endloop
  endfacet
  facet normal 0.980793 -0.195052 0
    outer loop
      vertex 42.1636 66.7494 26.05
      vertex 42.2376 67.1215 2
      vertex 42.2376 67.1215 26.05
    endloop
  endfacet
  facet normal 0.980793 -0.195052 0
    outer loop
      vertex 42.2376 67.1215 2
      vertex 42.1636 66.7494 26.05
      vertex 42.1636 66.7494 2
    endloop
  endfacet
  facet normal -0.321364 0.946956 0
    outer loop
      vertex 38.6118 70.3012 2
      vertex 38.2526 70.1793 26.05
      vertex 38.6118 70.3012 26.05
    endloop
  endfacet
  facet normal -0.321364 0.946956 0
    outer loop
      vertex 38.2526 70.1793 26.05
      vertex 38.6118 70.3012 2
      vertex 38.2526 70.1793 2
    endloop
  endfacet
  facet normal 0.99786 -0.0653816 0
    outer loop
      vertex 42.2376 67.1215 26.05
      vertex 42.2624 67.5 2
      vertex 42.2624 67.5 26.05
    endloop
  endfacet
  facet normal 0.99786 -0.0653816 0
    outer loop
      vertex 42.2624 67.5 2
      vertex 42.2376 67.1215 26.05
      vertex 42.2376 67.1215 2
    endloop
  endfacet
  facet normal 0.442356 0.896839 -0
    outer loop
      vertex 40.8124 70.0115 2
      vertex 40.4722 70.1793 26.05
      vertex 40.8124 70.0115 26.05
    endloop
  endfacet
  facet normal 0.442356 0.896839 0
    outer loop
      vertex 40.4722 70.1793 26.05
      vertex 40.8124 70.0115 2
      vertex 40.4722 70.1793 2
    endloop
  endfacet
  facet normal 0.946876 -0.3216 0
    outer loop
      vertex 42.0416 66.3902 26.05
      vertex 42.1636 66.7494 2
      vertex 42.1636 66.7494 26.05
    endloop
  endfacet
  facet normal 0.946876 -0.3216 0
    outer loop
      vertex 42.1636 66.7494 2
      vertex 42.0416 66.3902 26.05
      vertex 42.0416 66.3902 2
    endloop
  endfacet
  facet normal 0.831401 -0.555673 0
    outer loop
      vertex 41.6631 65.7346 26.05
      vertex 41.8739 66.05 2
      vertex 41.8739 66.05 26.05
    endloop
  endfacet
  facet normal 0.831401 -0.555673 0
    outer loop
      vertex 41.8739 66.05 2
      vertex 41.6631 65.7346 26.05
      vertex 41.6631 65.7346 2
    endloop
  endfacet
  facet normal -0.751858 -0.659325 0
    outer loop
      vertex 37.3118 65.4494 2
      vertex 37.0617 65.7346 26.05
      vertex 37.0617 65.7346 2
    endloop
  endfacet
  facet normal -0.751858 -0.659325 0
    outer loop
      vertex 37.0617 65.7346 26.05
      vertex 37.3118 65.4494 2
      vertex 37.3118 65.4494 26.05
    endloop
  endfacet
  facet normal -0.946876 -0.3216 0
    outer loop
      vertex 36.6832 66.3902 2
      vertex 36.5612 66.7494 26.05
      vertex 36.5612 66.7494 2
    endloop
  endfacet
  facet normal -0.946876 -0.3216 0
    outer loop
      vertex 36.5612 66.7494 26.05
      vertex 36.6832 66.3902 2
      vertex 36.6832 66.3902 26.05
    endloop
  endfacet
  facet normal 0.831401 0.555673 0
    outer loop
      vertex 41.8739 68.95 26.05
      vertex 41.6631 69.2654 2
      vertex 41.6631 69.2654 26.05
    endloop
  endfacet
  facet normal 0.831401 0.555673 0
    outer loop
      vertex 41.6631 69.2654 2
      vertex 41.8739 68.95 26.05
      vertex 41.8739 68.95 2
    endloop
  endfacet
  facet normal -0.0653816 -0.99786 0
    outer loop
      vertex 38.9839 64.6248 2
      vertex 39.3624 64.6 26.05
      vertex 38.9839 64.6248 26.05
    endloop
  endfacet
  facet normal -0.0653816 -0.99786 -0
    outer loop
      vertex 39.3624 64.6 26.05
      vertex 38.9839 64.6248 2
      vertex 39.3624 64.6 2
    endloop
  endfacet
  facet normal -0.980793 -0.195052 0
    outer loop
      vertex 36.5612 66.7494 2
      vertex 36.4872 67.1215 26.05
      vertex 36.4872 67.1215 2
    endloop
  endfacet
  facet normal -0.980793 -0.195052 0
    outer loop
      vertex 36.4872 67.1215 26.05
      vertex 36.5612 66.7494 2
      vertex 36.5612 66.7494 26.05
    endloop
  endfacet
  facet normal 0.0653816 0.99786 -0
    outer loop
      vertex 39.7409 70.3752 2
      vertex 39.3624 70.4 26.05
      vertex 39.7409 70.3752 26.05
    endloop
  endfacet
  facet normal 0.0653816 0.99786 0
    outer loop
      vertex 39.3624 70.4 26.05
      vertex 39.7409 70.3752 2
      vertex 39.3624 70.4 2
    endloop
  endfacet
  facet normal 0.321364 0.946956 -0
    outer loop
      vertex 40.4722 70.1793 2
      vertex 40.113 70.3012 26.05
      vertex 40.4722 70.1793 26.05
    endloop
  endfacet
  facet normal 0.321364 0.946956 0
    outer loop
      vertex 40.113 70.3012 26.05
      vertex 40.4722 70.1793 2
      vertex 40.113 70.3012 2
    endloop
  endfacet
  facet normal 0.195052 0.980793 -0
    outer loop
      vertex 40.113 70.3012 2
      vertex 39.7409 70.3752 26.05
      vertex 40.113 70.3012 26.05
    endloop
  endfacet
  facet normal 0.195052 0.980793 0
    outer loop
      vertex 39.7409 70.3752 26.05
      vertex 40.113 70.3012 2
      vertex 39.7409 70.3752 2
    endloop
  endfacet
  facet normal 0.659325 0.751858 -0
    outer loop
      vertex 41.413 69.5506 2
      vertex 41.1278 69.8007 26.05
      vertex 41.413 69.5506 26.05
    endloop
  endfacet
  facet normal 0.659325 0.751858 0
    outer loop
      vertex 41.1278 69.8007 26.05
      vertex 41.413 69.5506 2
      vertex 41.1278 69.8007 2
    endloop
  endfacet
  facet normal 0.195052 -0.980793 0
    outer loop
      vertex 39.7409 64.6248 2
      vertex 40.113 64.6988 26.05
      vertex 39.7409 64.6248 26.05
    endloop
  endfacet
  facet normal 0.195052 -0.980793 0
    outer loop
      vertex 40.113 64.6988 26.05
      vertex 39.7409 64.6248 2
      vertex 40.113 64.6988 2
    endloop
  endfacet
  facet normal -0.751858 0.659325 0
    outer loop
      vertex 37.0617 69.2654 2
      vertex 37.3118 69.5506 26.05
      vertex 37.3118 69.5506 2
    endloop
  endfacet
  facet normal -0.751858 0.659325 0
    outer loop
      vertex 37.3118 69.5506 26.05
      vertex 37.0617 69.2654 2
      vertex 37.0617 69.2654 26.05
    endloop
  endfacet
  facet normal 0.659325 -0.751858 0
    outer loop
      vertex 41.1278 65.1993 2
      vertex 41.413 65.4494 26.05
      vertex 41.1278 65.1993 26.05
    endloop
  endfacet
  facet normal 0.659325 -0.751858 0
    outer loop
      vertex 41.413 65.4494 26.05
      vertex 41.1278 65.1993 2
      vertex 41.413 65.4494 2
    endloop
  endfacet
  facet normal -0.896944 -0.442144 0
    outer loop
      vertex 36.8509 66.05 2
      vertex 36.6832 66.3902 26.05
      vertex 36.6832 66.3902 2
    endloop
  endfacet
  facet normal -0.896944 -0.442144 0
    outer loop
      vertex 36.6832 66.3902 26.05
      vertex 36.8509 66.05 2
      vertex 36.8509 66.05 26.05
    endloop
  endfacet
  facet normal 0.555673 0.831401 -0
    outer loop
      vertex 41.1278 69.8007 2
      vertex 40.8124 70.0115 26.05
      vertex 41.1278 69.8007 26.05
    endloop
  endfacet
  facet normal 0.555673 0.831401 0
    outer loop
      vertex 40.8124 70.0115 26.05
      vertex 41.1278 69.8007 2
      vertex 40.8124 70.0115 2
    endloop
  endfacet
  facet normal -0.99786 -0.0653816 0
    outer loop
      vertex 36.4872 67.1215 2
      vertex 36.4624 67.5 26.05
      vertex 36.4624 67.5 2
    endloop
  endfacet
  facet normal -0.99786 -0.0653816 0
    outer loop
      vertex 36.4624 67.5 26.05
      vertex 36.4872 67.1215 2
      vertex 36.4872 67.1215 26.05
    endloop
  endfacet
  facet normal -0.831401 -0.555673 0
    outer loop
      vertex 37.0617 65.7346 2
      vertex 36.8509 66.05 26.05
      vertex 36.8509 66.05 2
    endloop
  endfacet
  facet normal -0.831401 -0.555673 0
    outer loop
      vertex 36.8509 66.05 26.05
      vertex 37.0617 65.7346 2
      vertex 37.0617 65.7346 26.05
    endloop
  endfacet
  facet normal 0.0653816 -0.99786 0
    outer loop
      vertex 39.3624 64.6 2
      vertex 39.7409 64.6248 26.05
      vertex 39.3624 64.6 26.05
    endloop
  endfacet
  facet normal 0.0653816 -0.99786 0
    outer loop
      vertex 39.7409 64.6248 26.05
      vertex 39.3624 64.6 2
      vertex 39.7409 64.6248 2
    endloop
  endfacet
  facet normal -0.195052 0.980793 0
    outer loop
      vertex 38.9839 70.3752 2
      vertex 38.6118 70.3012 26.05
      vertex 38.9839 70.3752 26.05
    endloop
  endfacet
  facet normal -0.195052 0.980793 0
    outer loop
      vertex 38.6118 70.3012 26.05
      vertex 38.9839 70.3752 2
      vertex 38.6118 70.3012 2
    endloop
  endfacet
  facet normal 0.896944 0.442144 0
    outer loop
      vertex 42.0416 68.6098 26.05
      vertex 41.8739 68.95 2
      vertex 41.8739 68.95 26.05
    endloop
  endfacet
  facet normal 0.896944 0.442144 0
    outer loop
      vertex 41.8739 68.95 2
      vertex 42.0416 68.6098 26.05
      vertex 42.0416 68.6098 2
    endloop
  endfacet
  facet normal 0.555673 -0.831401 0
    outer loop
      vertex 40.8124 64.9885 2
      vertex 41.1278 65.1993 26.05
      vertex 40.8124 64.9885 26.05
    endloop
  endfacet
  facet normal 0.555673 -0.831401 0
    outer loop
      vertex 41.1278 65.1993 26.05
      vertex 40.8124 64.9885 2
      vertex 41.1278 65.1993 2
    endloop
  endfacet
  facet normal -0.659325 -0.751858 0
    outer loop
      vertex 37.3118 65.4494 2
      vertex 37.597 65.1993 26.05
      vertex 37.3118 65.4494 26.05
    endloop
  endfacet
  facet normal -0.659325 -0.751858 -0
    outer loop
      vertex 37.597 65.1993 26.05
      vertex 37.3118 65.4494 2
      vertex 37.597 65.1993 2
    endloop
  endfacet
  facet normal -0.980793 0.195052 0
    outer loop
      vertex 36.4872 67.8785 2
      vertex 36.5612 68.2506 26.05
      vertex 36.5612 68.2506 2
    endloop
  endfacet
  facet normal -0.980793 0.195052 0
    outer loop
      vertex 36.5612 68.2506 26.05
      vertex 36.4872 67.8785 2
      vertex 36.4872 67.8785 26.05
    endloop
  endfacet
  facet normal -0.442356 -0.896839 0
    outer loop
      vertex 37.9124 64.9885 2
      vertex 38.2526 64.8207 26.05
      vertex 37.9124 64.9885 26.05
    endloop
  endfacet
  facet normal -0.442356 -0.896839 -0
    outer loop
      vertex 38.2526 64.8207 26.05
      vertex 37.9124 64.9885 2
      vertex 38.2526 64.8207 2
    endloop
  endfacet
  facet normal 0.751858 -0.659325 0
    outer loop
      vertex 41.413 65.4494 26.05
      vertex 41.6631 65.7346 2
      vertex 41.6631 65.7346 26.05
    endloop
  endfacet
  facet normal 0.751858 -0.659325 0
    outer loop
      vertex 41.6631 65.7346 2
      vertex 41.413 65.4494 26.05
      vertex 41.413 65.4494 2
    endloop
  endfacet
  facet normal -0.555673 -0.831401 0
    outer loop
      vertex 37.597 65.1993 2
      vertex 37.9124 64.9885 26.05
      vertex 37.597 65.1993 26.05
    endloop
  endfacet
  facet normal -0.555673 -0.831401 -0
    outer loop
      vertex 37.9124 64.9885 26.05
      vertex 37.597 65.1993 2
      vertex 37.9124 64.9885 2
    endloop
  endfacet
  facet normal 0.442356 -0.896839 0
    outer loop
      vertex 40.4722 64.8207 2
      vertex 40.8124 64.9885 26.05
      vertex 40.4722 64.8207 26.05
    endloop
  endfacet
  facet normal 0.442356 -0.896839 0
    outer loop
      vertex 40.8124 64.9885 26.05
      vertex 40.4722 64.8207 2
      vertex 40.8124 64.9885 2
    endloop
  endfacet
  facet normal 0.751858 0.659325 0
    outer loop
      vertex 41.6631 69.2654 26.05
      vertex 41.413 69.5506 2
      vertex 41.413 69.5506 26.05
    endloop
  endfacet
  facet normal 0.751858 0.659325 0
    outer loop
      vertex 41.413 69.5506 2
      vertex 41.6631 69.2654 26.05
      vertex 41.6631 69.2654 2
    endloop
  endfacet
  facet normal 0.946876 0.3216 0
    outer loop
      vertex 42.1636 68.2506 26.05
      vertex 42.0416 68.6098 2
      vertex 42.0416 68.6098 26.05
    endloop
  endfacet
  facet normal 0.946876 0.3216 0
    outer loop
      vertex 42.0416 68.6098 2
      vertex 42.1636 68.2506 26.05
      vertex 42.1636 68.2506 2
    endloop
  endfacet
  facet normal -0.442356 0.896839 0
    outer loop
      vertex 38.2526 70.1793 2
      vertex 37.9124 70.0115 26.05
      vertex 38.2526 70.1793 26.05
    endloop
  endfacet
  facet normal -0.442356 0.896839 0
    outer loop
      vertex 37.9124 70.0115 26.05
      vertex 38.2526 70.1793 2
      vertex 37.9124 70.0115 2
    endloop
  endfacet
  facet normal -0.831401 0.555673 0
    outer loop
      vertex 36.8509 68.95 2
      vertex 37.0617 69.2654 26.05
      vertex 37.0617 69.2654 2
    endloop
  endfacet
  facet normal -0.831401 0.555673 0
    outer loop
      vertex 37.0617 69.2654 26.05
      vertex 36.8509 68.95 2
      vertex 36.8509 68.95 26.05
    endloop
  endfacet
  facet normal -0.555673 0.831401 0
    outer loop
      vertex 37.9124 70.0115 2
      vertex 37.597 69.8007 26.05
      vertex 37.9124 70.0115 26.05
    endloop
  endfacet
  facet normal -0.555673 0.831401 0
    outer loop
      vertex 37.597 69.8007 26.05
      vertex 37.9124 70.0115 2
      vertex 37.597 69.8007 2
    endloop
  endfacet
  facet normal -0.99786 0.0653816 0
    outer loop
      vertex 36.4624 67.5 2
      vertex 36.4872 67.8785 26.05
      vertex 36.4872 67.8785 2
    endloop
  endfacet
  facet normal -0.99786 0.0653816 0
    outer loop
      vertex 36.4872 67.8785 26.05
      vertex 36.4624 67.5 2
      vertex 36.4624 67.5 26.05
    endloop
  endfacet
  facet normal 0.321364 -0.946956 0
    outer loop
      vertex 40.113 64.6988 2
      vertex 40.4722 64.8207 26.05
      vertex 40.113 64.6988 26.05
    endloop
  endfacet
  facet normal 0.321364 -0.946956 0
    outer loop
      vertex 40.4722 64.8207 26.05
      vertex 40.113 64.6988 2
      vertex 40.4722 64.8207 2
    endloop
  endfacet
  facet normal -0.896944 0.442144 0
    outer loop
      vertex 36.6832 68.6098 2
      vertex 36.8509 68.95 26.05
      vertex 36.8509 68.95 2
    endloop
  endfacet
  facet normal -0.896944 0.442144 0
    outer loop
      vertex 36.8509 68.95 26.05
      vertex 36.6832 68.6098 2
      vertex 36.6832 68.6098 26.05
    endloop
  endfacet
  facet normal -0.659325 0.751858 0
    outer loop
      vertex 37.597 69.8007 2
      vertex 37.3118 69.5506 26.05
      vertex 37.597 69.8007 26.05
    endloop
  endfacet
  facet normal -0.659325 0.751858 0
    outer loop
      vertex 37.3118 69.5506 26.05
      vertex 37.597 69.8007 2
      vertex 37.3118 69.5506 2
    endloop
  endfacet
  facet normal 0.896944 -0.442144 0
    outer loop
      vertex 41.8739 66.05 26.05
      vertex 42.0416 66.3902 2
      vertex 42.0416 66.3902 26.05
    endloop
  endfacet
  facet normal 0.896944 -0.442144 0
    outer loop
      vertex 42.0416 66.3902 2
      vertex 41.8739 66.05 26.05
      vertex 41.8739 66.05 2
    endloop
  endfacet
  facet normal -0.321364 -0.946956 0
    outer loop
      vertex 38.2526 64.8207 2
      vertex 38.6118 64.6988 26.05
      vertex 38.2526 64.8207 26.05
    endloop
  endfacet
  facet normal -0.321364 -0.946956 -0
    outer loop
      vertex 38.6118 64.6988 26.05
      vertex 38.2526 64.8207 2
      vertex 38.6118 64.6988 2
    endloop
  endfacet
  facet normal -0.0653816 0.99786 0
    outer loop
      vertex 39.3624 70.4 2
      vertex 38.9839 70.3752 26.05
      vertex 39.3624 70.4 26.05
    endloop
  endfacet
  facet normal -0.0653816 0.99786 0
    outer loop
      vertex 38.9839 70.3752 26.05
      vertex 39.3624 70.4 2
      vertex 38.9839 70.3752 2
    endloop
  endfacet
  facet normal 0 0 -1
    outer loop
      vertex 40.6624 67.5 2
      vertex 42.2624 67.5 2
      vertex 42.2376 67.1215 2
    endloop
  endfacet
  facet normal 0 0 -1
    outer loop
      vertex 40.6513 67.3303 2
      vertex 42.2376 67.1215 2
      vertex 42.1636 66.7494 2
    endloop
  endfacet
  facet normal 0 0 -1
    outer loop
      vertex 42.2624 67.5 2
      vertex 40.6624 67.5 2
      vertex 42.2376 67.8785 2
    endloop
  endfacet
  facet normal 0 0 -1
    outer loop
      vertex 40.6181 67.1635 2
      vertex 42.1636 66.7494 2
      vertex 42.0416 66.3902 2
    endloop
  endfacet
  facet normal 0 0 -1
    outer loop
      vertex 40.6513 67.6697 2
      vertex 42.2376 67.8785 2
      vertex 40.6624 67.5 2
    endloop
  endfacet
  facet normal 0 0 -1
    outer loop
      vertex 40.5634 67.0025 2
      vertex 42.0416 66.3902 2
      vertex 41.8739 66.05 2
    endloop
  endfacet
  facet normal -0 0 -1
    outer loop
      vertex 42.2376 67.8785 2
      vertex 40.6513 67.6697 2
      vertex 42.1636 68.2506 2
    endloop
  endfacet
  facet normal 0 0 -1
    outer loop
      vertex 40.4882 66.85 2
      vertex 41.8739 66.05 2
      vertex 41.6631 65.7346 2
    endloop
  endfacet
  facet normal 0 0 -1
    outer loop
      vertex 40.6181 67.8365 2
      vertex 42.1636 68.2506 2
      vertex 40.6513 67.6697 2
    endloop
  endfacet
  facet normal 0 0 -1
    outer loop
      vertex 40.3938 66.7086 2
      vertex 41.6631 65.7346 2
      vertex 41.413 65.4494 2
    endloop
  endfacet
  facet normal -0 0 -1
    outer loop
      vertex 42.1636 68.2506 2
      vertex 40.6181 67.8365 2
      vertex 42.0416 68.6098 2
    endloop
  endfacet
  facet normal 0 0 -1
    outer loop
      vertex 40.2816 66.5808 2
      vertex 41.413 65.4494 2
      vertex 41.1278 65.1993 2
    endloop
  endfacet
  facet normal 0 0 -1
    outer loop
      vertex 40.5634 67.9975 2
      vertex 42.0416 68.6098 2
      vertex 40.6181 67.8365 2
    endloop
  endfacet
  facet normal 0 0 -1
    outer loop
      vertex 40.1538 66.4686 2
      vertex 41.1278 65.1993 2
      vertex 40.8124 64.9885 2
    endloop
  endfacet
  facet normal -0 0 -1
    outer loop
      vertex 42.0416 68.6098 2
      vertex 40.5634 67.9975 2
      vertex 41.8739 68.95 2
    endloop
  endfacet
  facet normal 0 0 -1
    outer loop
      vertex 40.4882 68.15 2
      vertex 41.8739 68.95 2
      vertex 40.5634 67.9975 2
    endloop
  endfacet
  facet normal 0 0 -1
    outer loop
      vertex 42.2376 67.1215 2
      vertex 40.6513 67.3303 2
      vertex 40.6624 67.5 2
    endloop
  endfacet
  facet normal 0 0 -1
    outer loop
      vertex 42.1636 66.7494 2
      vertex 40.6181 67.1635 2
      vertex 40.6513 67.3303 2
    endloop
  endfacet
  facet normal 0 0 -1
    outer loop
      vertex 42.0416 66.3902 2
      vertex 40.5634 67.0025 2
      vertex 40.6181 67.1635 2
    endloop
  endfacet
  facet normal 0 0 -1
    outer loop
      vertex 41.8739 66.05 2
      vertex 40.4882 66.85 2
      vertex 40.5634 67.0025 2
    endloop
  endfacet
  facet normal 0 0 -1
    outer loop
      vertex 40.0124 66.3742 2
      vertex 40.8124 64.9885 2
      vertex 40.4722 64.8207 2
    endloop
  endfacet
  facet normal 0 0 -1
    outer loop
      vertex 41.6631 65.7346 2
      vertex 40.3938 66.7086 2
      vertex 40.4882 66.85 2
    endloop
  endfacet
  facet normal 0 0 -1
    outer loop
      vertex 41.413 65.4494 2
      vertex 40.2816 66.5808 2
      vertex 40.3938 66.7086 2
    endloop
  endfacet
  facet normal 0 0 -1
    outer loop
      vertex 41.1278 65.1993 2
      vertex 40.1538 66.4686 2
      vertex 40.2816 66.5808 2
    endloop
  endfacet
  facet normal 0 0 -1
    outer loop
      vertex 39.8599 66.299 2
      vertex 40.4722 64.8207 2
      vertex 40.113 64.6988 2
    endloop
  endfacet
  facet normal 0 0 -1
    outer loop
      vertex 40.8124 64.9885 2
      vertex 40.0124 66.3742 2
      vertex 40.1538 66.4686 2
    endloop
  endfacet
  facet normal 0 0 -1
    outer loop
      vertex 40.4722 64.8207 2
      vertex 39.8599 66.299 2
      vertex 40.0124 66.3742 2
    endloop
  endfacet
  facet normal 0 0 -1
    outer loop
      vertex 39.6989 66.2443 2
      vertex 40.113 64.6988 2
      vertex 39.7409 64.6248 2
    endloop
  endfacet
  facet normal 0 0 -1
    outer loop
      vertex 40.113 64.6988 2
      vertex 39.6989 66.2443 2
      vertex 39.8599 66.299 2
    endloop
  endfacet
  facet normal 0 0 -1
    outer loop
      vertex 39.7409 64.6248 2
      vertex 39.5321 66.2111 2
      vertex 39.6989 66.2443 2
    endloop
  endfacet
  facet normal 0 0 -1
    outer loop
      vertex 39.3624 64.6 2
      vertex 39.5321 66.2111 2
      vertex 39.7409 64.6248 2
    endloop
  endfacet
  facet normal 0 0 -1
    outer loop
      vertex 39.3624 64.6 2
      vertex 39.3624 66.2 2
      vertex 39.5321 66.2111 2
    endloop
  endfacet
  facet normal 0 0 -1
    outer loop
      vertex 39.3624 64.6 2
      vertex 39.1927 66.2111 2
      vertex 39.3624 66.2 2
    endloop
  endfacet
  facet normal 0 0 -1
    outer loop
      vertex 38.9839 64.6248 2
      vertex 39.1927 66.2111 2
      vertex 39.3624 64.6 2
    endloop
  endfacet
  facet normal -0 0 -1
    outer loop
      vertex 39.1927 66.2111 2
      vertex 38.9839 64.6248 2
      vertex 39.0259 66.2443 2
    endloop
  endfacet
  facet normal 0 0 -1
    outer loop
      vertex 38.6118 64.6988 2
      vertex 39.0259 66.2443 2
      vertex 38.9839 64.6248 2
    endloop
  endfacet
  facet normal -0 0 -1
    outer loop
      vertex 39.0259 66.2443 2
      vertex 38.6118 64.6988 2
      vertex 38.8649 66.299 2
    endloop
  endfacet
  facet normal 0 0 -1
    outer loop
      vertex 38.2526 64.8207 2
      vertex 38.8649 66.299 2
      vertex 38.6118 64.6988 2
    endloop
  endfacet
  facet normal -0 0 -1
    outer loop
      vertex 38.8649 66.299 2
      vertex 38.2526 64.8207 2
      vertex 38.7124 66.3742 2
    endloop
  endfacet
  facet normal 0 0 -1
    outer loop
      vertex 37.9124 64.9885 2
      vertex 38.7124 66.3742 2
      vertex 38.2526 64.8207 2
    endloop
  endfacet
  facet normal -0 0 -1
    outer loop
      vertex 38.7124 66.3742 2
      vertex 37.9124 64.9885 2
      vertex 38.571 66.4686 2
    endloop
  endfacet
  facet normal 0 0 -1
    outer loop
      vertex 37.597 65.1993 2
      vertex 38.571 66.4686 2
      vertex 37.9124 64.9885 2
    endloop
  endfacet
  facet normal -0 0 -1
    outer loop
      vertex 38.571 66.4686 2
      vertex 37.597 65.1993 2
      vertex 38.4432 66.5808 2
    endloop
  endfacet
  facet normal 0 0 -1
    outer loop
      vertex 37.3118 65.4494 2
      vertex 38.4432 66.5808 2
      vertex 37.597 65.1993 2
    endloop
  endfacet
  facet normal -0 0 -1
    outer loop
      vertex 38.4432 66.5808 2
      vertex 37.3118 65.4494 2
      vertex 38.331 66.7086 2
    endloop
  endfacet
  facet normal 0 0 -1
    outer loop
      vertex 37.0617 65.7346 2
      vertex 38.331 66.7086 2
      vertex 37.3118 65.4494 2
    endloop
  endfacet
  facet normal 0 0 -1
    outer loop
      vertex 36.8509 66.05 2
      vertex 38.2366 66.85 2
      vertex 37.0617 65.7346 2
    endloop
  endfacet
  facet normal -0 0 -1
    outer loop
      vertex 38.331 66.7086 2
      vertex 37.0617 65.7346 2
      vertex 38.2366 66.85 2
    endloop
  endfacet
  facet normal -0 0 -1
    outer loop
      vertex 41.8739 68.95 2
      vertex 40.4882 68.15 2
      vertex 41.6631 69.2654 2
    endloop
  endfacet
  facet normal 0 0 -1
    outer loop
      vertex 40.3938 68.2914 2
      vertex 41.6631 69.2654 2
      vertex 40.4882 68.15 2
    endloop
  endfacet
  facet normal -0 0 -1
    outer loop
      vertex 41.6631 69.2654 2
      vertex 40.3938 68.2914 2
      vertex 41.413 69.5506 2
    endloop
  endfacet
  facet normal 0 0 -1
    outer loop
      vertex 40.2816 68.4192 2
      vertex 41.413 69.5506 2
      vertex 40.3938 68.2914 2
    endloop
  endfacet
  facet normal -0 0 -1
    outer loop
      vertex 41.413 69.5506 2
      vertex 40.2816 68.4192 2
      vertex 41.1278 69.8007 2
    endloop
  endfacet
  facet normal 0 0 -1
    outer loop
      vertex 40.1538 68.5314 2
      vertex 41.1278 69.8007 2
      vertex 40.2816 68.4192 2
    endloop
  endfacet
  facet normal -0 0 -1
    outer loop
      vertex 41.1278 69.8007 2
      vertex 40.1538 68.5314 2
      vertex 40.8124 70.0115 2
    endloop
  endfacet
  facet normal 0 0 -1
    outer loop
      vertex 40.0124 68.6258 2
      vertex 40.8124 70.0115 2
      vertex 40.1538 68.5314 2
    endloop
  endfacet
  facet normal -0 0 -1
    outer loop
      vertex 40.8124 70.0115 2
      vertex 40.0124 68.6258 2
      vertex 40.4722 70.1793 2
    endloop
  endfacet
  facet normal 0 0 -1
    outer loop
      vertex 39.8599 68.701 2
      vertex 40.4722 70.1793 2
      vertex 40.0124 68.6258 2
    endloop
  endfacet
  facet normal -0 0 -1
    outer loop
      vertex 40.4722 70.1793 2
      vertex 39.8599 68.701 2
      vertex 40.113 70.3012 2
    endloop
  endfacet
  facet normal 0 0 -1
    outer loop
      vertex 39.6989 68.7557 2
      vertex 40.113 70.3012 2
      vertex 39.8599 68.701 2
    endloop
  endfacet
  facet normal -0 0 -1
    outer loop
      vertex 40.113 70.3012 2
      vertex 39.6989 68.7557 2
      vertex 39.7409 70.3752 2
    endloop
  endfacet
  facet normal 0 0 -1
    outer loop
      vertex 39.5321 68.7889 2
      vertex 39.7409 70.3752 2
      vertex 39.6989 68.7557 2
    endloop
  endfacet
  facet normal 0 0 -1
    outer loop
      vertex 39.3624 68.8 2
      vertex 39.7409 70.3752 2
      vertex 39.5321 68.7889 2
    endloop
  endfacet
  facet normal 0 0 -1
    outer loop
      vertex 39.3624 68.8 2
      vertex 39.3624 70.4 2
      vertex 39.7409 70.3752 2
    endloop
  endfacet
  facet normal 0 0 -1
    outer loop
      vertex 39.1927 68.7889 2
      vertex 39.3624 70.4 2
      vertex 39.3624 68.8 2
    endloop
  endfacet
  facet normal 0 0 -1
    outer loop
      vertex 38.9839 70.3752 2
      vertex 39.1927 68.7889 2
      vertex 39.0259 68.7557 2
    endloop
  endfacet
  facet normal 0 0 -1
    outer loop
      vertex 39.1927 68.7889 2
      vertex 38.9839 70.3752 2
      vertex 39.3624 70.4 2
    endloop
  endfacet
  facet normal 0 0 -1
    outer loop
      vertex 38.6118 70.3012 2
      vertex 39.0259 68.7557 2
      vertex 38.8649 68.701 2
    endloop
  endfacet
  facet normal 0 0 -1
    outer loop
      vertex 38.2526 70.1793 2
      vertex 38.8649 68.701 2
      vertex 38.7124 68.6258 2
    endloop
  endfacet
  facet normal 0 0 -1
    outer loop
      vertex 39.0259 68.7557 2
      vertex 38.6118 70.3012 2
      vertex 38.9839 70.3752 2
    endloop
  endfacet
  facet normal 0 0 -1
    outer loop
      vertex 37.9124 70.0115 2
      vertex 38.7124 68.6258 2
      vertex 38.571 68.5314 2
    endloop
  endfacet
  facet normal 0 0 -1
    outer loop
      vertex 37.597 69.8007 2
      vertex 38.571 68.5314 2
      vertex 38.4432 68.4192 2
    endloop
  endfacet
  facet normal 0 0 -1
    outer loop
      vertex 37.3118 69.5506 2
      vertex 38.4432 68.4192 2
      vertex 38.331 68.2914 2
    endloop
  endfacet
  facet normal 0 0 -1
    outer loop
      vertex 38.8649 68.701 2
      vertex 38.2526 70.1793 2
      vertex 38.6118 70.3012 2
    endloop
  endfacet
  facet normal 0 0 -1
    outer loop
      vertex 37.0617 69.2654 2
      vertex 38.331 68.2914 2
      vertex 38.2366 68.15 2
    endloop
  endfacet
  facet normal 0 0 -1
    outer loop
      vertex 36.8509 68.95 2
      vertex 38.2366 68.15 2
      vertex 38.1614 67.9975 2
    endloop
  endfacet
  facet normal 0 0 -1
    outer loop
      vertex 36.6832 68.6098 2
      vertex 38.1614 67.9975 2
      vertex 38.1067 67.8365 2
    endloop
  endfacet
  facet normal 0 0 -1
    outer loop
      vertex 36.5612 68.2506 2
      vertex 38.1067 67.8365 2
      vertex 38.0735 67.6697 2
    endloop
  endfacet
  facet normal 0 0 -1
    outer loop
      vertex 38.7124 68.6258 2
      vertex 37.9124 70.0115 2
      vertex 38.2526 70.1793 2
    endloop
  endfacet
  facet normal 0 0 -1
    outer loop
      vertex 36.4872 67.8785 2
      vertex 38.0735 67.6697 2
      vertex 38.0624 67.5 2
    endloop
  endfacet
  facet normal -0 0 -1
    outer loop
      vertex 38.2366 66.85 2
      vertex 36.8509 66.05 2
      vertex 38.1614 67.0025 2
    endloop
  endfacet
  facet normal 0 0 -1
    outer loop
      vertex 36.6832 66.3902 2
      vertex 38.1614 67.0025 2
      vertex 36.8509 66.05 2
    endloop
  endfacet
  facet normal 0 0 -1
    outer loop
      vertex 38.571 68.5314 2
      vertex 37.597 69.8007 2
      vertex 37.9124 70.0115 2
    endloop
  endfacet
  facet normal -0 0 -1
    outer loop
      vertex 38.1614 67.0025 2
      vertex 36.6832 66.3902 2
      vertex 38.1067 67.1635 2
    endloop
  endfacet
  facet normal 0 0 -1
    outer loop
      vertex 38.4432 68.4192 2
      vertex 37.3118 69.5506 2
      vertex 37.597 69.8007 2
    endloop
  endfacet
  facet normal 0 0 -1
    outer loop
      vertex 36.5612 66.7494 2
      vertex 38.1067 67.1635 2
      vertex 36.6832 66.3902 2
    endloop
  endfacet
  facet normal 0 0 -1
    outer loop
      vertex 38.331 68.2914 2
      vertex 37.0617 69.2654 2
      vertex 37.3118 69.5506 2
    endloop
  endfacet
  facet normal -0 0 -1
    outer loop
      vertex 38.1067 67.1635 2
      vertex 36.5612 66.7494 2
      vertex 38.0735 67.3303 2
    endloop
  endfacet
  facet normal 0 0 -1
    outer loop
      vertex 38.2366 68.15 2
      vertex 36.8509 68.95 2
      vertex 37.0617 69.2654 2
    endloop
  endfacet
  facet normal 0 0 -1
    outer loop
      vertex 36.4872 67.1215 2
      vertex 38.0735 67.3303 2
      vertex 36.5612 66.7494 2
    endloop
  endfacet
  facet normal 0 0 -1
    outer loop
      vertex 38.1614 67.9975 2
      vertex 36.6832 68.6098 2
      vertex 36.8509 68.95 2
    endloop
  endfacet
  facet normal -0 0 -1
    outer loop
      vertex 38.0735 67.3303 2
      vertex 36.4872 67.1215 2
      vertex 38.0624 67.5 2
    endloop
  endfacet
  facet normal 0 0 -1
    outer loop
      vertex 38.1067 67.8365 2
      vertex 36.5612 68.2506 2
      vertex 36.6832 68.6098 2
    endloop
  endfacet
  facet normal 0 0 -1
    outer loop
      vertex 36.4624 67.5 2
      vertex 38.0624 67.5 2
      vertex 36.4872 67.1215 2
    endloop
  endfacet
  facet normal 0 0 -1
    outer loop
      vertex 38.0735 67.6697 2
      vertex 36.4872 67.8785 2
      vertex 36.5612 68.2506 2
    endloop
  endfacet
  facet normal 0 0 -1
    outer loop
      vertex 38.0624 67.5 2
      vertex 36.4624 67.5 2
      vertex 36.4872 67.8785 2
    endloop
  endfacet
  facet normal -0.946876 0.3216 0
    outer loop
      vertex 36.5612 68.2506 2
      vertex 36.6832 68.6098 26.05
      vertex 36.6832 68.6098 2
    endloop
  endfacet
  facet normal -0.946876 0.3216 0
    outer loop
      vertex 36.6832 68.6098 26.05
      vertex 36.5612 68.2506 2
      vertex 36.5612 68.2506 26.05
    endloop
  endfacet
  facet normal -0.980761 -0.195211 0
    outer loop
      vertex 31.1089 33.1697 2
      vertex 31.0757 33.3365 26.05
      vertex 31.0757 33.3365 2
    endloop
  endfacet
  facet normal -0.980761 -0.195211 0
    outer loop
      vertex 31.0757 33.3365 26.05
      vertex 31.1089 33.1697 2
      vertex 31.1089 33.1697 26.05
    endloop
  endfacet
  facet normal -0.997868 -0.0652701 0
    outer loop
      vertex 31.12 33 2
      vertex 31.1089 33.1697 26.05
      vertex 31.1089 33.1697 2
    endloop
  endfacet
  facet normal -0.997868 -0.0652701 0
    outer loop
      vertex 31.1089 33.1697 26.05
      vertex 31.12 33 2
      vertex 31.12 33 26.05
    endloop
  endfacet
  facet normal -0.946844 -0.321692 0
    outer loop
      vertex 31.0757 33.3365 2
      vertex 31.021 33.4975 26.05
      vertex 31.021 33.4975 2
    endloop
  endfacet
  facet normal -0.946844 -0.321692 0
    outer loop
      vertex 31.021 33.4975 26.05
      vertex 31.0757 33.3365 2
      vertex 31.0757 33.3365 26.05
    endloop
  endfacet
  facet normal 0.831688 -0.555243 0
    outer loop
      vertex 28.6942 33.65 26.05
      vertex 28.7886 33.7914 2
      vertex 28.7886 33.7914 26.05
    endloop
  endfacet
  facet normal 0.831688 -0.555243 0
    outer loop
      vertex 28.7886 33.7914 2
      vertex 28.6942 33.65 26.05
      vertex 28.6942 33.65 2
    endloop
  endfacet
  facet normal -0.321692 -0.946844 0
    outer loop
      vertex 30.1565 34.2557 2
      vertex 30.3175 34.201 26.05
      vertex 30.1565 34.2557 26.05
    endloop
  endfacet
  facet normal -0.321692 -0.946844 -0
    outer loop
      vertex 30.3175 34.201 26.05
      vertex 30.1565 34.2557 2
      vertex 30.3175 34.201 2
    endloop
  endfacet
  facet normal -0.659753 0.751483 0
    outer loop
      vertex 30.7392 32.0808 2
      vertex 30.6114 31.9686 26.05
      vertex 30.7392 32.0808 26.05
    endloop
  endfacet
  facet normal -0.659753 0.751483 0
    outer loop
      vertex 30.6114 31.9686 26.05
      vertex 30.7392 32.0808 2
      vertex 30.6114 31.9686 2
    endloop
  endfacet
  facet normal 0.831688 0.555243 0
    outer loop
      vertex 28.7886 32.2086 26.05
      vertex 28.6942 32.35 2
      vertex 28.6942 32.35 26.05
    endloop
  endfacet
  facet normal 0.831688 0.555243 0
    outer loop
      vertex 28.6942 32.35 2
      vertex 28.7886 32.2086 26.05
      vertex 28.7886 32.2086 2
    endloop
  endfacet
  facet normal -0.321692 0.946844 0
    outer loop
      vertex 30.3175 31.799 2
      vertex 30.1565 31.7443 26.05
      vertex 30.3175 31.799 26.05
    endloop
  endfacet
  facet normal -0.321692 0.946844 0
    outer loop
      vertex 30.1565 31.7443 26.05
      vertex 30.3175 31.799 2
      vertex 30.1565 31.7443 2
    endloop
  endfacet
  facet normal -0.896884 -0.442267 0
    outer loop
      vertex 31.021 33.4975 2
      vertex 30.9458 33.65 26.05
      vertex 30.9458 33.65 2
    endloop
  endfacet
  facet normal -0.896884 -0.442267 0
    outer loop
      vertex 30.9458 33.65 26.05
      vertex 31.021 33.4975 2
      vertex 31.021 33.4975 26.05
    endloop
  endfacet
  facet normal -0.195211 -0.980761 0
    outer loop
      vertex 29.9897 34.2889 2
      vertex 30.1565 34.2557 26.05
      vertex 29.9897 34.2889 26.05
    endloop
  endfacet
  facet normal -0.195211 -0.980761 -0
    outer loop
      vertex 30.1565 34.2557 26.05
      vertex 29.9897 34.2889 2
      vertex 30.1565 34.2557 2
    endloop
  endfacet
  facet normal 0.896884 0.442267 0
    outer loop
      vertex 28.6942 32.35 26.05
      vertex 28.619 32.5025 2
      vertex 28.619 32.5025 26.05
    endloop
  endfacet
  facet normal 0.896884 0.442267 0
    outer loop
      vertex 28.619 32.5025 2
      vertex 28.6942 32.35 26.05
      vertex 28.6942 32.35 2
    endloop
  endfacet
  facet normal 0.980761 -0.195211 0
    outer loop
      vertex 28.5311 33.1697 26.05
      vertex 28.5643 33.3365 2
      vertex 28.5643 33.3365 26.05
    endloop
  endfacet
  facet normal 0.980761 -0.195211 0
    outer loop
      vertex 28.5643 33.3365 2
      vertex 28.5311 33.1697 26.05
      vertex 28.5311 33.1697 2
    endloop
  endfacet
  facet normal 0.896884 -0.442267 0
    outer loop
      vertex 28.619 33.4975 26.05
      vertex 28.6942 33.65 2
      vertex 28.6942 33.65 26.05
    endloop
  endfacet
  facet normal 0.896884 -0.442267 0
    outer loop
      vertex 28.6942 33.65 2
      vertex 28.619 33.4975 26.05
      vertex 28.619 33.4975 2
    endloop
  endfacet
  facet normal -0.751483 0.659753 0
    outer loop
      vertex 30.7392 32.0808 2
      vertex 30.8514 32.2086 26.05
      vertex 30.8514 32.2086 2
    endloop
  endfacet
  facet normal -0.751483 0.659753 0
    outer loop
      vertex 30.8514 32.2086 26.05
      vertex 30.7392 32.0808 2
      vertex 30.7392 32.0808 26.05
    endloop
  endfacet
  facet normal -0.946844 0.321692 0
    outer loop
      vertex 31.021 32.5025 2
      vertex 31.0757 32.6635 26.05
      vertex 31.0757 32.6635 2
    endloop
  endfacet
  facet normal -0.946844 0.321692 0
    outer loop
      vertex 31.0757 32.6635 26.05
      vertex 31.021 32.5025 2
      vertex 31.021 32.5025 26.05
    endloop
  endfacet
  facet normal 0.946844 0.321692 0
    outer loop
      vertex 28.619 32.5025 26.05
      vertex 28.5643 32.6635 2
      vertex 28.5643 32.6635 26.05
    endloop
  endfacet
  facet normal 0.946844 0.321692 0
    outer loop
      vertex 28.5643 32.6635 2
      vertex 28.619 32.5025 26.05
      vertex 28.619 32.5025 2
    endloop
  endfacet
  facet normal -0.442267 0.896884 0
    outer loop
      vertex 30.47 31.8742 2
      vertex 30.3175 31.799 26.05
      vertex 30.47 31.8742 26.05
    endloop
  endfacet
  facet normal -0.442267 0.896884 0
    outer loop
      vertex 30.3175 31.799 26.05
      vertex 30.47 31.8742 2
      vertex 30.3175 31.799 2
    endloop
  endfacet
  facet normal -0.555243 0.831688 0
    outer loop
      vertex 30.6114 31.9686 2
      vertex 30.47 31.8742 26.05
      vertex 30.6114 31.9686 26.05
    endloop
  endfacet
  facet normal -0.555243 0.831688 0
    outer loop
      vertex 30.47 31.8742 26.05
      vertex 30.6114 31.9686 2
      vertex 30.47 31.8742 2
    endloop
  endfacet
  facet normal 0.442267 -0.896884 0
    outer loop
      vertex 29.17 34.1258 2
      vertex 29.3225 34.201 26.05
      vertex 29.17 34.1258 26.05
    endloop
  endfacet
  facet normal 0.442267 -0.896884 0
    outer loop
      vertex 29.3225 34.201 26.05
      vertex 29.17 34.1258 2
      vertex 29.3225 34.201 2
    endloop
  endfacet
  facet normal -0.831688 -0.555243 0
    outer loop
      vertex 30.9458 33.65 2
      vertex 30.8514 33.7914 26.05
      vertex 30.8514 33.7914 2
    endloop
  endfacet
  facet normal -0.831688 -0.555243 0
    outer loop
      vertex 30.8514 33.7914 26.05
      vertex 30.9458 33.65 2
      vertex 30.9458 33.65 26.05
    endloop
  endfacet
  facet normal -0.195211 0.980761 0
    outer loop
      vertex 30.1565 31.7443 2
      vertex 29.9897 31.7111 26.05
      vertex 30.1565 31.7443 26.05
    endloop
  endfacet
  facet normal -0.195211 0.980761 0
    outer loop
      vertex 29.9897 31.7111 26.05
      vertex 30.1565 31.7443 2
      vertex 29.9897 31.7111 2
    endloop
  endfacet
  facet normal 0.195211 -0.980761 0
    outer loop
      vertex 29.4835 34.2557 2
      vertex 29.6503 34.2889 26.05
      vertex 29.4835 34.2557 26.05
    endloop
  endfacet
  facet normal 0.195211 -0.980761 0
    outer loop
      vertex 29.6503 34.2889 26.05
      vertex 29.4835 34.2557 2
      vertex 29.6503 34.2889 2
    endloop
  endfacet
  facet normal -0.659753 -0.751483 0
    outer loop
      vertex 30.6114 34.0314 2
      vertex 30.7392 33.9192 26.05
      vertex 30.6114 34.0314 26.05
    endloop
  endfacet
  facet normal -0.659753 -0.751483 -0
    outer loop
      vertex 30.7392 33.9192 26.05
      vertex 30.6114 34.0314 2
      vertex 30.7392 33.9192 2
    endloop
  endfacet
  facet normal 0.0652701 0.997868 -0
    outer loop
      vertex 29.82 31.7 2
      vertex 29.6503 31.7111 26.05
      vertex 29.82 31.7 26.05
    endloop
  endfacet
  facet normal 0.0652701 0.997868 0
    outer loop
      vertex 29.6503 31.7111 26.05
      vertex 29.82 31.7 2
      vertex 29.6503 31.7111 2
    endloop
  endfacet
  facet normal 0.555243 -0.831688 0
    outer loop
      vertex 29.0286 34.0314 2
      vertex 29.17 34.1258 26.05
      vertex 29.0286 34.0314 26.05
    endloop
  endfacet
  facet normal 0.555243 -0.831688 0
    outer loop
      vertex 29.17 34.1258 26.05
      vertex 29.0286 34.0314 2
      vertex 29.17 34.1258 2
    endloop
  endfacet
  facet normal -0.555243 -0.831688 0
    outer loop
      vertex 30.47 34.1258 2
      vertex 30.6114 34.0314 26.05
      vertex 30.47 34.1258 26.05
    endloop
  endfacet
  facet normal -0.555243 -0.831688 -0
    outer loop
      vertex 30.6114 34.0314 26.05
      vertex 30.47 34.1258 2
      vertex 30.6114 34.0314 2
    endloop
  endfacet
  facet normal -0.751483 -0.659753 0
    outer loop
      vertex 30.8514 33.7914 2
      vertex 30.7392 33.9192 26.05
      vertex 30.7392 33.9192 2
    endloop
  endfacet
  facet normal -0.751483 -0.659753 0
    outer loop
      vertex 30.7392 33.9192 26.05
      vertex 30.8514 33.7914 2
      vertex 30.8514 33.7914 26.05
    endloop
  endfacet
  facet normal 0.321692 0.946844 -0
    outer loop
      vertex 29.4835 31.7443 2
      vertex 29.3225 31.799 26.05
      vertex 29.4835 31.7443 26.05
    endloop
  endfacet
  facet normal 0.321692 0.946844 0
    outer loop
      vertex 29.3225 31.799 26.05
      vertex 29.4835 31.7443 2
      vertex 29.3225 31.799 2
    endloop
  endfacet
  facet normal 0.555243 0.831688 -0
    outer loop
      vertex 29.17 31.8742 2
      vertex 29.0286 31.9686 26.05
      vertex 29.17 31.8742 26.05
    endloop
  endfacet
  facet normal 0.555243 0.831688 0
    outer loop
      vertex 29.0286 31.9686 26.05
      vertex 29.17 31.8742 2
      vertex 29.0286 31.9686 2
    endloop
  endfacet
  facet normal 0.321692 -0.946844 0
    outer loop
      vertex 29.3225 34.201 2
      vertex 29.4835 34.2557 26.05
      vertex 29.3225 34.201 26.05
    endloop
  endfacet
  facet normal 0.321692 -0.946844 0
    outer loop
      vertex 29.4835 34.2557 26.05
      vertex 29.3225 34.201 2
      vertex 29.4835 34.2557 2
    endloop
  endfacet
  facet normal -0.0652701 -0.997868 0
    outer loop
      vertex 29.82 34.3 2
      vertex 29.9897 34.2889 26.05
      vertex 29.82 34.3 26.05
    endloop
  endfacet
  facet normal -0.0652701 -0.997868 -0
    outer loop
      vertex 29.9897 34.2889 26.05
      vertex 29.82 34.3 2
      vertex 29.9897 34.2889 2
    endloop
  endfacet
  facet normal -0.896884 0.442267 0
    outer loop
      vertex 30.9458 32.35 2
      vertex 31.021 32.5025 26.05
      vertex 31.021 32.5025 2
    endloop
  endfacet
  facet normal -0.896884 0.442267 0
    outer loop
      vertex 31.021 32.5025 26.05
      vertex 30.9458 32.35 2
      vertex 30.9458 32.35 26.05
    endloop
  endfacet
  facet normal 0.659753 0.751483 -0
    outer loop
      vertex 29.0286 31.9686 2
      vertex 28.9008 32.0808 26.05
      vertex 29.0286 31.9686 26.05
    endloop
  endfacet
  facet normal 0.659753 0.751483 0
    outer loop
      vertex 28.9008 32.0808 26.05
      vertex 29.0286 31.9686 2
      vertex 28.9008 32.0808 2
    endloop
  endfacet
  facet normal 0.659753 -0.751483 0
    outer loop
      vertex 28.9008 33.9192 2
      vertex 29.0286 34.0314 26.05
      vertex 28.9008 33.9192 26.05
    endloop
  endfacet
  facet normal 0.659753 -0.751483 0
    outer loop
      vertex 29.0286 34.0314 26.05
      vertex 28.9008 33.9192 2
      vertex 29.0286 34.0314 2
    endloop
  endfacet
  facet normal -0.980761 0.195211 0
    outer loop
      vertex 31.0757 32.6635 2
      vertex 31.1089 32.8303 26.05
      vertex 31.1089 32.8303 2
    endloop
  endfacet
  facet normal -0.980761 0.195211 0
    outer loop
      vertex 31.1089 32.8303 26.05
      vertex 31.0757 32.6635 2
      vertex 31.0757 32.6635 26.05
    endloop
  endfacet
  facet normal -0.997868 0.0652701 0
    outer loop
      vertex 31.1089 32.8303 2
      vertex 31.12 33 26.05
      vertex 31.12 33 2
    endloop
  endfacet
  facet normal -0.997868 0.0652701 0
    outer loop
      vertex 31.12 33 26.05
      vertex 31.1089 32.8303 2
      vertex 31.1089 32.8303 26.05
    endloop
  endfacet
  facet normal -0.0652701 0.997868 0
    outer loop
      vertex 29.9897 31.7111 2
      vertex 29.82 31.7 26.05
      vertex 29.9897 31.7111 26.05
    endloop
  endfacet
  facet normal -0.0652701 0.997868 0
    outer loop
      vertex 29.82 31.7 26.05
      vertex 29.9897 31.7111 2
      vertex 29.82 31.7 2
    endloop
  endfacet
  facet normal 0.980761 0.195211 0
    outer loop
      vertex 28.5643 32.6635 26.05
      vertex 28.5311 32.8303 2
      vertex 28.5311 32.8303 26.05
    endloop
  endfacet
  facet normal 0.980761 0.195211 0
    outer loop
      vertex 28.5311 32.8303 2
      vertex 28.5643 32.6635 26.05
      vertex 28.5643 32.6635 2
    endloop
  endfacet
  facet normal 0.0652701 -0.997868 0
    outer loop
      vertex 29.6503 34.2889 2
      vertex 29.82 34.3 26.05
      vertex 29.6503 34.2889 26.05
    endloop
  endfacet
  facet normal 0.0652701 -0.997868 0
    outer loop
      vertex 29.82 34.3 26.05
      vertex 29.6503 34.2889 2
      vertex 29.82 34.3 2
    endloop
  endfacet
  facet normal 0.751483 -0.659753 0
    outer loop
      vertex 28.7886 33.7914 26.05
      vertex 28.9008 33.9192 2
      vertex 28.9008 33.9192 26.05
    endloop
  endfacet
  facet normal 0.751483 -0.659753 0
    outer loop
      vertex 28.9008 33.9192 2
      vertex 28.7886 33.7914 26.05
      vertex 28.7886 33.7914 2
    endloop
  endfacet
  facet normal 0.997868 0.0652701 0
    outer loop
      vertex 28.5311 32.8303 26.05
      vertex 28.52 33 2
      vertex 28.52 33 26.05
    endloop
  endfacet
  facet normal 0.997868 0.0652701 0
    outer loop
      vertex 28.52 33 2
      vertex 28.5311 32.8303 26.05
      vertex 28.5311 32.8303 2
    endloop
  endfacet
  facet normal -0.442267 -0.896884 0
    outer loop
      vertex 30.3175 34.201 2
      vertex 30.47 34.1258 26.05
      vertex 30.3175 34.201 26.05
    endloop
  endfacet
  facet normal -0.442267 -0.896884 -0
    outer loop
      vertex 30.47 34.1258 26.05
      vertex 30.3175 34.201 2
      vertex 30.47 34.1258 2
    endloop
  endfacet
  facet normal -0.831688 0.555243 0
    outer loop
      vertex 30.8514 32.2086 2
      vertex 30.9458 32.35 26.05
      vertex 30.9458 32.35 2
    endloop
  endfacet
  facet normal -0.831688 0.555243 0
    outer loop
      vertex 30.9458 32.35 26.05
      vertex 30.8514 32.2086 2
      vertex 30.8514 32.2086 26.05
    endloop
  endfacet
  facet normal 0.751483 0.659753 0
    outer loop
      vertex 28.9008 32.0808 26.05
      vertex 28.7886 32.2086 2
      vertex 28.7886 32.2086 26.05
    endloop
  endfacet
  facet normal 0.751483 0.659753 0
    outer loop
      vertex 28.7886 32.2086 2
      vertex 28.9008 32.0808 26.05
      vertex 28.9008 32.0808 2
    endloop
  endfacet
  facet normal 0.946844 -0.321692 0
    outer loop
      vertex 28.5643 33.3365 26.05
      vertex 28.619 33.4975 2
      vertex 28.619 33.4975 26.05
    endloop
  endfacet
  facet normal 0.946844 -0.321692 0
    outer loop
      vertex 28.619 33.4975 2
      vertex 28.5643 33.3365 26.05
      vertex 28.5643 33.3365 2
    endloop
  endfacet
  facet normal 0.195211 0.980761 -0
    outer loop
      vertex 29.6503 31.7111 2
      vertex 29.4835 31.7443 26.05
      vertex 29.6503 31.7111 26.05
    endloop
  endfacet
  facet normal 0.195211 0.980761 0
    outer loop
      vertex 29.4835 31.7443 26.05
      vertex 29.6503 31.7111 2
      vertex 29.4835 31.7443 2
    endloop
  endfacet
  facet normal 0.997868 -0.0652701 0
    outer loop
      vertex 28.52 33 26.05
      vertex 28.5311 33.1697 2
      vertex 28.5311 33.1697 26.05
    endloop
  endfacet
  facet normal 0.997868 -0.0652701 0
    outer loop
      vertex 28.5311 33.1697 2
      vertex 28.52 33 26.05
      vertex 28.52 33 2
    endloop
  endfacet
  facet normal 0.442267 0.896884 -0
    outer loop
      vertex 29.3225 31.799 2
      vertex 29.17 31.8742 26.05
      vertex 29.3225 31.799 26.05
    endloop
  endfacet
  facet normal 0.442267 0.896884 0
    outer loop
      vertex 29.17 31.8742 26.05
      vertex 29.3225 31.799 2
      vertex 29.17 31.8742 2
    endloop
  endfacet
  facet normal 0.896884 -0.442267 0
    outer loop
      vertex 19.0766 67.9975 26.05
      vertex 19.1518 68.15 2
      vertex 19.1518 68.15 26.05
    endloop
  endfacet
  facet normal 0.896884 -0.442267 0
    outer loop
      vertex 19.1518 68.15 2
      vertex 19.0766 67.9975 26.05
      vertex 19.0766 67.9975 2
    endloop
  endfacet
  facet normal -0.980761 -0.195211 0
    outer loop
      vertex 21.5665 67.6697 2
      vertex 21.5333 67.8365 26.05
      vertex 21.5333 67.8365 2
    endloop
  endfacet
  facet normal -0.980761 -0.195211 0
    outer loop
      vertex 21.5333 67.8365 26.05
      vertex 21.5665 67.6697 2
      vertex 21.5665 67.6697 26.05
    endloop
  endfacet
  facet normal -0.997868 -0.0652701 0
    outer loop
      vertex 21.5776 67.5 2
      vertex 21.5665 67.6697 26.05
      vertex 21.5665 67.6697 2
    endloop
  endfacet
  facet normal -0.997868 -0.0652701 0
    outer loop
      vertex 21.5665 67.6697 26.05
      vertex 21.5776 67.5 2
      vertex 21.5776 67.5 26.05
    endloop
  endfacet
  facet normal 0.0652701 -0.997868 0
    outer loop
      vertex 20.1079 68.7889 2
      vertex 20.2776 68.8 26.05
      vertex 20.1079 68.7889 26.05
    endloop
  endfacet
  facet normal 0.0652701 -0.997868 0
    outer loop
      vertex 20.2776 68.8 26.05
      vertex 20.1079 68.7889 2
      vertex 20.2776 68.8 2
    endloop
  endfacet
  facet normal -0.555243 0.831688 0
    outer loop
      vertex 21.069 66.4686 2
      vertex 20.9276 66.3742 26.05
      vertex 21.069 66.4686 26.05
    endloop
  endfacet
  facet normal -0.555243 0.831688 0
    outer loop
      vertex 20.9276 66.3742 26.05
      vertex 21.069 66.4686 2
      vertex 20.9276 66.3742 2
    endloop
  endfacet
  facet normal 0.946844 0.321692 0
    outer loop
      vertex 19.0766 67.0025 26.05
      vertex 19.0219 67.1635 2
      vertex 19.0219 67.1635 26.05
    endloop
  endfacet
  facet normal 0.946844 0.321692 0
    outer loop
      vertex 19.0219 67.1635 2
      vertex 19.0766 67.0025 26.05
      vertex 19.0766 67.0025 2
    endloop
  endfacet
  facet normal -0.831688 -0.555243 0
    outer loop
      vertex 21.4034 68.15 2
      vertex 21.309 68.2914 26.05
      vertex 21.309 68.2914 2
    endloop
  endfacet
  facet normal -0.831688 -0.555243 0
    outer loop
      vertex 21.309 68.2914 26.05
      vertex 21.4034 68.15 2
      vertex 21.4034 68.15 26.05
    endloop
  endfacet
  facet normal 0.980761 0.195211 0
    outer loop
      vertex 19.0219 67.1635 26.05
      vertex 18.9887 67.3303 2
      vertex 18.9887 67.3303 26.05
    endloop
  endfacet
  facet normal 0.980761 0.195211 0
    outer loop
      vertex 18.9887 67.3303 2
      vertex 19.0219 67.1635 26.05
      vertex 19.0219 67.1635 2
    endloop
  endfacet
  facet normal -0.555243 -0.831688 0
    outer loop
      vertex 20.9276 68.6258 2
      vertex 21.069 68.5314 26.05
      vertex 20.9276 68.6258 26.05
    endloop
  endfacet
  facet normal -0.555243 -0.831688 -0
    outer loop
      vertex 21.069 68.5314 26.05
      vertex 20.9276 68.6258 2
      vertex 21.069 68.5314 2
    endloop
  endfacet
  facet normal -0.321692 0.946844 0
    outer loop
      vertex 20.7751 66.299 2
      vertex 20.6141 66.2443 26.05
      vertex 20.7751 66.299 26.05
    endloop
  endfacet
  facet normal -0.321692 0.946844 0
    outer loop
      vertex 20.6141 66.2443 26.05
      vertex 20.7751 66.299 2
      vertex 20.6141 66.2443 2
    endloop
  endfacet
  facet normal -0.980761 0.195211 0
    outer loop
      vertex 21.5333 67.1635 2
      vertex 21.5665 67.3303 26.05
      vertex 21.5665 67.3303 2
    endloop
  endfacet
  facet normal -0.980761 0.195211 0
    outer loop
      vertex 21.5665 67.3303 26.05
      vertex 21.5333 67.1635 2
      vertex 21.5333 67.1635 26.05
    endloop
  endfacet
  facet normal -0.946844 0.321692 0
    outer loop
      vertex 21.4786 67.0025 2
      vertex 21.5333 67.1635 26.05
      vertex 21.5333 67.1635 2
    endloop
  endfacet
  facet normal -0.946844 0.321692 0
    outer loop
      vertex 21.5333 67.1635 26.05
      vertex 21.4786 67.0025 2
      vertex 21.4786 67.0025 26.05
    endloop
  endfacet
  facet normal -0.321692 -0.946844 0
    outer loop
      vertex 20.6141 68.7557 2
      vertex 20.7751 68.701 26.05
      vertex 20.6141 68.7557 26.05
    endloop
  endfacet
  facet normal -0.321692 -0.946844 -0
    outer loop
      vertex 20.7751 68.701 26.05
      vertex 20.6141 68.7557 2
      vertex 20.7751 68.701 2
    endloop
  endfacet
  facet normal -0.442267 0.896884 0
    outer loop
      vertex 20.9276 66.3742 2
      vertex 20.7751 66.299 26.05
      vertex 20.9276 66.3742 26.05
    endloop
  endfacet
  facet normal -0.442267 0.896884 0
    outer loop
      vertex 20.7751 66.299 26.05
      vertex 20.9276 66.3742 2
      vertex 20.7751 66.299 2
    endloop
  endfacet
  facet normal 0.997868 0.0652701 0
    outer loop
      vertex 18.9887 67.3303 26.05
      vertex 18.9776 67.5 2
      vertex 18.9776 67.5 26.05
    endloop
  endfacet
  facet normal 0.997868 0.0652701 0
    outer loop
      vertex 18.9776 67.5 2
      vertex 18.9887 67.3303 26.05
      vertex 18.9887 67.3303 2
    endloop
  endfacet
  facet normal -0.896884 -0.442267 0
    outer loop
      vertex 21.4786 67.9975 2
      vertex 21.4034 68.15 26.05
      vertex 21.4034 68.15 2
    endloop
  endfacet
  facet normal -0.896884 -0.442267 0
    outer loop
      vertex 21.4034 68.15 26.05
      vertex 21.4786 67.9975 2
      vertex 21.4786 67.9975 26.05
    endloop
  endfacet
  facet normal -0.195211 0.980761 0
    outer loop
      vertex 20.6141 66.2443 2
      vertex 20.4473 66.2111 26.05
      vertex 20.6141 66.2443 26.05
    endloop
  endfacet
  facet normal -0.195211 0.980761 0
    outer loop
      vertex 20.4473 66.2111 26.05
      vertex 20.6141 66.2443 2
      vertex 20.4473 66.2111 2
    endloop
  endfacet
  facet normal 0.831688 -0.555243 0
    outer loop
      vertex 19.1518 68.15 26.05
      vertex 19.2462 68.2914 2
      vertex 19.2462 68.2914 26.05
    endloop
  endfacet
  facet normal 0.831688 -0.555243 0
    outer loop
      vertex 19.2462 68.2914 2
      vertex 19.1518 68.15 26.05
      vertex 19.1518 68.15 2
    endloop
  endfacet
  facet normal 0.751483 -0.659753 0
    outer loop
      vertex 19.2462 68.2914 26.05
      vertex 19.3584 68.4192 2
      vertex 19.3584 68.4192 26.05
    endloop
  endfacet
  facet normal 0.751483 -0.659753 0
    outer loop
      vertex 19.3584 68.4192 2
      vertex 19.2462 68.2914 26.05
      vertex 19.2462 68.2914 2
    endloop
  endfacet
  facet normal -0.751483 -0.659753 0
    outer loop
      vertex 21.309 68.2914 2
      vertex 21.1968 68.4192 26.05
      vertex 21.1968 68.4192 2
    endloop
  endfacet
  facet normal -0.751483 -0.659753 0
    outer loop
      vertex 21.1968 68.4192 26.05
      vertex 21.309 68.2914 2
      vertex 21.309 68.2914 26.05
    endloop
  endfacet
  facet normal -0.659753 -0.751483 0
    outer loop
      vertex 21.069 68.5314 2
      vertex 21.1968 68.4192 26.05
      vertex 21.069 68.5314 26.05
    endloop
  endfacet
  facet normal -0.659753 -0.751483 -0
    outer loop
      vertex 21.1968 68.4192 26.05
      vertex 21.069 68.5314 2
      vertex 21.1968 68.4192 2
    endloop
  endfacet
  facet normal -0.195211 -0.980761 0
    outer loop
      vertex 20.4473 68.7889 2
      vertex 20.6141 68.7557 26.05
      vertex 20.4473 68.7889 26.05
    endloop
  endfacet
  facet normal -0.195211 -0.980761 -0
    outer loop
      vertex 20.6141 68.7557 26.05
      vertex 20.4473 68.7889 2
      vertex 20.6141 68.7557 2
    endloop
  endfacet
  facet normal 0.442267 0.896884 -0
    outer loop
      vertex 19.7801 66.299 2
      vertex 19.6276 66.3742 26.05
      vertex 19.7801 66.299 26.05
    endloop
  endfacet
  facet normal 0.442267 0.896884 0
    outer loop
      vertex 19.6276 66.3742 26.05
      vertex 19.7801 66.299 2
      vertex 19.6276 66.3742 2
    endloop
  endfacet
  facet normal 0.555243 0.831688 -0
    outer loop
      vertex 19.6276 66.3742 2
      vertex 19.4862 66.4686 26.05
      vertex 19.6276 66.3742 26.05
    endloop
  endfacet
  facet normal 0.555243 0.831688 0
    outer loop
      vertex 19.4862 66.4686 26.05
      vertex 19.6276 66.3742 2
      vertex 19.4862 66.4686 2
    endloop
  endfacet
  facet normal 0.195211 -0.980761 0
    outer loop
      vertex 19.9411 68.7557 2
      vertex 20.1079 68.7889 26.05
      vertex 19.9411 68.7557 26.05
    endloop
  endfacet
  facet normal 0.195211 -0.980761 0
    outer loop
      vertex 20.1079 68.7889 26.05
      vertex 19.9411 68.7557 2
      vertex 20.1079 68.7889 2
    endloop
  endfacet
  facet normal -0.831688 0.555243 0
    outer loop
      vertex 21.309 66.7086 2
      vertex 21.4034 66.85 26.05
      vertex 21.4034 66.85 2
    endloop
  endfacet
  facet normal -0.831688 0.555243 0
    outer loop
      vertex 21.4034 66.85 26.05
      vertex 21.309 66.7086 2
      vertex 21.309 66.7086 26.05
    endloop
  endfacet
  facet normal -0.997868 0.0652701 0
    outer loop
      vertex 21.5665 67.3303 2
      vertex 21.5776 67.5 26.05
      vertex 21.5776 67.5 2
    endloop
  endfacet
  facet normal -0.997868 0.0652701 0
    outer loop
      vertex 21.5776 67.5 26.05
      vertex 21.5665 67.3303 2
      vertex 21.5665 67.3303 26.05
    endloop
  endfacet
  facet normal 0.442267 -0.896884 0
    outer loop
      vertex 19.6276 68.6258 2
      vertex 19.7801 68.701 26.05
      vertex 19.6276 68.6258 26.05
    endloop
  endfacet
  facet normal 0.442267 -0.896884 0
    outer loop
      vertex 19.7801 68.701 26.05
      vertex 19.6276 68.6258 2
      vertex 19.7801 68.701 2
    endloop
  endfacet
  facet normal -0.896884 0.442267 0
    outer loop
      vertex 21.4034 66.85 2
      vertex 21.4786 67.0025 26.05
      vertex 21.4786 67.0025 2
    endloop
  endfacet
  facet normal -0.896884 0.442267 0
    outer loop
      vertex 21.4786 67.0025 26.05
      vertex 21.4034 66.85 2
      vertex 21.4034 66.85 26.05
    endloop
  endfacet
  facet normal 0.831688 0.555243 0
    outer loop
      vertex 19.2462 66.7086 26.05
      vertex 19.1518 66.85 2
      vertex 19.1518 66.85 26.05
    endloop
  endfacet
  facet normal 0.831688 0.555243 0
    outer loop
      vertex 19.1518 66.85 2
      vertex 19.2462 66.7086 26.05
      vertex 19.2462 66.7086 2
    endloop
  endfacet
  facet normal 0.555243 -0.831688 0
    outer loop
      vertex 19.4862 68.5314 2
      vertex 19.6276 68.6258 26.05
      vertex 19.4862 68.5314 26.05
    endloop
  endfacet
  facet normal 0.555243 -0.831688 0
    outer loop
      vertex 19.6276 68.6258 26.05
      vertex 19.4862 68.5314 2
      vertex 19.6276 68.6258 2
    endloop
  endfacet
  facet normal 0.321692 -0.946844 0
    outer loop
      vertex 19.7801 68.701 2
      vertex 19.9411 68.7557 26.05
      vertex 19.7801 68.701 26.05
    endloop
  endfacet
  facet normal 0.321692 -0.946844 0
    outer loop
      vertex 19.9411 68.7557 26.05
      vertex 19.7801 68.701 2
      vertex 19.9411 68.7557 2
    endloop
  endfacet
  facet normal -0.0652701 0.997868 0
    outer loop
      vertex 20.4473 66.2111 2
      vertex 20.2776 66.2 26.05
      vertex 20.4473 66.2111 26.05
    endloop
  endfacet
  facet normal -0.0652701 0.997868 0
    outer loop
      vertex 20.2776 66.2 26.05
      vertex 20.4473 66.2111 2
      vertex 20.2776 66.2 2
    endloop
  endfacet
  facet normal 0.659753 -0.751483 0
    outer loop
      vertex 19.3584 68.4192 2
      vertex 19.4862 68.5314 26.05
      vertex 19.3584 68.4192 26.05
    endloop
  endfacet
  facet normal 0.659753 -0.751483 0
    outer loop
      vertex 19.4862 68.5314 26.05
      vertex 19.3584 68.4192 2
      vertex 19.4862 68.5314 2
    endloop
  endfacet
  facet normal 0.321692 0.946844 -0
    outer loop
      vertex 19.9411 66.2443 2
      vertex 19.7801 66.299 26.05
      vertex 19.9411 66.2443 26.05
    endloop
  endfacet
  facet normal 0.321692 0.946844 0
    outer loop
      vertex 19.7801 66.299 26.05
      vertex 19.9411 66.2443 2
      vertex 19.7801 66.299 2
    endloop
  endfacet
  facet normal 0.980761 -0.195211 0
    outer loop
      vertex 18.9887 67.6697 26.05
      vertex 19.0219 67.8365 2
      vertex 19.0219 67.8365 26.05
    endloop
  endfacet
  facet normal 0.980761 -0.195211 0
    outer loop
      vertex 19.0219 67.8365 2
      vertex 18.9887 67.6697 26.05
      vertex 18.9887 67.6697 2
    endloop
  endfacet
  facet normal -0.442267 -0.896884 0
    outer loop
      vertex 20.7751 68.701 2
      vertex 20.9276 68.6258 26.05
      vertex 20.7751 68.701 26.05
    endloop
  endfacet
  facet normal -0.442267 -0.896884 -0
    outer loop
      vertex 20.9276 68.6258 26.05
      vertex 20.7751 68.701 2
      vertex 20.9276 68.6258 2
    endloop
  endfacet
  facet normal -0.946844 -0.321692 0
    outer loop
      vertex 21.5333 67.8365 2
      vertex 21.4786 67.9975 26.05
      vertex 21.4786 67.9975 2
    endloop
  endfacet
  facet normal -0.946844 -0.321692 0
    outer loop
      vertex 21.4786 67.9975 26.05
      vertex 21.5333 67.8365 2
      vertex 21.5333 67.8365 26.05
    endloop
  endfacet
  facet normal 0.946844 -0.321692 0
    outer loop
      vertex 19.0219 67.8365 26.05
      vertex 19.0766 67.9975 2
      vertex 19.0766 67.9975 26.05
    endloop
  endfacet
  facet normal 0.946844 -0.321692 0
    outer loop
      vertex 19.0766 67.9975 2
      vertex 19.0219 67.8365 26.05
      vertex 19.0219 67.8365 2
    endloop
  endfacet
  facet normal -0.0652701 -0.997868 0
    outer loop
      vertex 20.2776 68.8 2
      vertex 20.4473 68.7889 26.05
      vertex 20.2776 68.8 26.05
    endloop
  endfacet
  facet normal -0.0652701 -0.997868 -0
    outer loop
      vertex 20.4473 68.7889 26.05
      vertex 20.2776 68.8 2
      vertex 20.4473 68.7889 2
    endloop
  endfacet
  facet normal -0.751483 0.659753 0
    outer loop
      vertex 21.1968 66.5808 2
      vertex 21.309 66.7086 26.05
      vertex 21.309 66.7086 2
    endloop
  endfacet
  facet normal -0.751483 0.659753 0
    outer loop
      vertex 21.309 66.7086 26.05
      vertex 21.1968 66.5808 2
      vertex 21.1968 66.5808 26.05
    endloop
  endfacet
  facet normal 0.896884 0.442267 0
    outer loop
      vertex 19.1518 66.85 26.05
      vertex 19.0766 67.0025 2
      vertex 19.0766 67.0025 26.05
    endloop
  endfacet
  facet normal 0.896884 0.442267 0
    outer loop
      vertex 19.0766 67.0025 2
      vertex 19.1518 66.85 26.05
      vertex 19.1518 66.85 2
    endloop
  endfacet
  facet normal -0.659753 0.751483 0
    outer loop
      vertex 21.1968 66.5808 2
      vertex 21.069 66.4686 26.05
      vertex 21.1968 66.5808 26.05
    endloop
  endfacet
  facet normal -0.659753 0.751483 0
    outer loop
      vertex 21.069 66.4686 26.05
      vertex 21.1968 66.5808 2
      vertex 21.069 66.4686 2
    endloop
  endfacet
  facet normal 0.997868 -0.0652701 0
    outer loop
      vertex 18.9776 67.5 26.05
      vertex 18.9887 67.6697 2
      vertex 18.9887 67.6697 26.05
    endloop
  endfacet
  facet normal 0.997868 -0.0652701 0
    outer loop
      vertex 18.9887 67.6697 2
      vertex 18.9776 67.5 26.05
      vertex 18.9776 67.5 2
    endloop
  endfacet
  facet normal 0.195211 0.980761 -0
    outer loop
      vertex 20.1079 66.2111 2
      vertex 19.9411 66.2443 26.05
      vertex 20.1079 66.2111 26.05
    endloop
  endfacet
  facet normal 0.195211 0.980761 0
    outer loop
      vertex 19.9411 66.2443 26.05
      vertex 20.1079 66.2111 2
      vertex 19.9411 66.2443 2
    endloop
  endfacet
  facet normal 0.0652701 0.997868 -0
    outer loop
      vertex 20.2776 66.2 2
      vertex 20.1079 66.2111 26.05
      vertex 20.2776 66.2 26.05
    endloop
  endfacet
  facet normal 0.0652701 0.997868 0
    outer loop
      vertex 20.1079 66.2111 26.05
      vertex 20.2776 66.2 2
      vertex 20.1079 66.2111 2
    endloop
  endfacet
  facet normal 0.659753 0.751483 -0
    outer loop
      vertex 19.4862 66.4686 2
      vertex 19.3584 66.5808 26.05
      vertex 19.4862 66.4686 26.05
    endloop
  endfacet
  facet normal 0.659753 0.751483 0
    outer loop
      vertex 19.3584 66.5808 26.05
      vertex 19.4862 66.4686 2
      vertex 19.3584 66.5808 2
    endloop
  endfacet
  facet normal 0.751483 0.659753 0
    outer loop
      vertex 19.3584 66.5808 26.05
      vertex 19.2462 66.7086 2
      vertex 19.2462 66.7086 26.05
    endloop
  endfacet
  facet normal 0.751483 0.659753 0
    outer loop
      vertex 19.2462 66.7086 2
      vertex 19.3584 66.5808 26.05
      vertex 19.3584 66.5808 2
    endloop
  endfacet
  facet normal 0.896884 0.442267 0
    outer loop
      vertex 38.2366 66.85 26.05
      vertex 38.1614 67.0025 2
      vertex 38.1614 67.0025 26.05
    endloop
  endfacet
  facet normal 0.896884 0.442267 0
    outer loop
      vertex 38.1614 67.0025 2
      vertex 38.2366 66.85 26.05
      vertex 38.2366 66.85 2
    endloop
  endfacet
  facet normal -0.321692 0.946844 0
    outer loop
      vertex 39.8599 66.299 2
      vertex 39.6989 66.2443 26.05
      vertex 39.8599 66.299 26.05
    endloop
  endfacet
  facet normal -0.321692 0.946844 0
    outer loop
      vertex 39.6989 66.2443 26.05
      vertex 39.8599 66.299 2
      vertex 39.6989 66.2443 2
    endloop
  endfacet
  facet normal -0.980761 -0.195211 0
    outer loop
      vertex 40.6513 67.6697 2
      vertex 40.6181 67.8365 26.05
      vertex 40.6181 67.8365 2
    endloop
  endfacet
  facet normal -0.980761 -0.195211 0
    outer loop
      vertex 40.6181 67.8365 26.05
      vertex 40.6513 67.6697 2
      vertex 40.6513 67.6697 26.05
    endloop
  endfacet
  facet normal -0.997868 -0.0652701 0
    outer loop
      vertex 40.6624 67.5 2
      vertex 40.6513 67.6697 26.05
      vertex 40.6513 67.6697 2
    endloop
  endfacet
  facet normal -0.997868 -0.0652701 0
    outer loop
      vertex 40.6513 67.6697 26.05
      vertex 40.6624 67.5 2
      vertex 40.6624 67.5 26.05
    endloop
  endfacet
  facet normal -0.946844 -0.321692 0
    outer loop
      vertex 40.6181 67.8365 2
      vertex 40.5634 67.9975 26.05
      vertex 40.5634 67.9975 2
    endloop
  endfacet
  facet normal -0.946844 -0.321692 0
    outer loop
      vertex 40.5634 67.9975 26.05
      vertex 40.6181 67.8365 2
      vertex 40.6181 67.8365 26.05
    endloop
  endfacet
  facet normal -0.321692 -0.946844 0
    outer loop
      vertex 39.6989 68.7557 2
      vertex 39.8599 68.701 26.05
      vertex 39.6989 68.7557 26.05
    endloop
  endfacet
  facet normal -0.321692 -0.946844 -0
    outer loop
      vertex 39.8599 68.701 26.05
      vertex 39.6989 68.7557 2
      vertex 39.8599 68.701 2
    endloop
  endfacet
  facet normal 0.831688 -0.555243 0
    outer loop
      vertex 38.2366 68.15 26.05
      vertex 38.331 68.2914 2
      vertex 38.331 68.2914 26.05
    endloop
  endfacet
  facet normal 0.831688 -0.555243 0
    outer loop
      vertex 38.331 68.2914 2
      vertex 38.2366 68.15 26.05
      vertex 38.2366 68.15 2
    endloop
  endfacet
  facet normal 0.896884 -0.442267 0
    outer loop
      vertex 38.1614 67.9975 26.05
      vertex 38.2366 68.15 2
      vertex 38.2366 68.15 26.05
    endloop
  endfacet
  facet normal 0.896884 -0.442267 0
    outer loop
      vertex 38.2366 68.15 2
      vertex 38.1614 67.9975 26.05
      vertex 38.1614 67.9975 2
    endloop
  endfacet
  facet normal -0.831688 -0.555243 0
    outer loop
      vertex 40.4882 68.15 2
      vertex 40.3938 68.2914 26.05
      vertex 40.3938 68.2914 2
    endloop
  endfacet
  facet normal -0.831688 -0.555243 0
    outer loop
      vertex 40.3938 68.2914 26.05
      vertex 40.4882 68.15 2
      vertex 40.4882 68.15 26.05
    endloop
  endfacet
  facet normal -0.896884 -0.442267 0
    outer loop
      vertex 40.5634 67.9975 2
      vertex 40.4882 68.15 26.05
      vertex 40.4882 68.15 2
    endloop
  endfacet
  facet normal -0.896884 -0.442267 0
    outer loop
      vertex 40.4882 68.15 26.05
      vertex 40.5634 67.9975 2
      vertex 40.5634 67.9975 26.05
    endloop
  endfacet
  facet normal 0.442267 0.896884 -0
    outer loop
      vertex 38.8649 66.299 2
      vertex 38.7124 66.3742 26.05
      vertex 38.8649 66.299 26.05
    endloop
  endfacet
  facet normal 0.442267 0.896884 0
    outer loop
      vertex 38.7124 66.3742 26.05
      vertex 38.8649 66.299 2
      vertex 38.7124 66.3742 2
    endloop
  endfacet
  facet normal 0.946844 -0.321692 0
    outer loop
      vertex 38.1067 67.8365 26.05
      vertex 38.1614 67.9975 2
      vertex 38.1614 67.9975 26.05
    endloop
  endfacet
  facet normal 0.946844 -0.321692 0
    outer loop
      vertex 38.1614 67.9975 2
      vertex 38.1067 67.8365 26.05
      vertex 38.1067 67.8365 2
    endloop
  endfacet
  facet normal 0.751483 -0.659753 0
    outer loop
      vertex 38.331 68.2914 26.05
      vertex 38.4432 68.4192 2
      vertex 38.4432 68.4192 26.05
    endloop
  endfacet
  facet normal 0.751483 -0.659753 0
    outer loop
      vertex 38.4432 68.4192 2
      vertex 38.331 68.2914 26.05
      vertex 38.331 68.2914 2
    endloop
  endfacet
  facet normal -0.946844 0.321692 0
    outer loop
      vertex 40.5634 67.0025 2
      vertex 40.6181 67.1635 26.05
      vertex 40.6181 67.1635 2
    endloop
  endfacet
  facet normal -0.946844 0.321692 0
    outer loop
      vertex 40.6181 67.1635 26.05
      vertex 40.5634 67.0025 2
      vertex 40.5634 67.0025 26.05
    endloop
  endfacet
  facet normal -0.659753 -0.751483 0
    outer loop
      vertex 40.1538 68.5314 2
      vertex 40.2816 68.4192 26.05
      vertex 40.1538 68.5314 26.05
    endloop
  endfacet
  facet normal -0.659753 -0.751483 -0
    outer loop
      vertex 40.2816 68.4192 26.05
      vertex 40.1538 68.5314 2
      vertex 40.2816 68.4192 2
    endloop
  endfacet
  facet normal -0.442267 0.896884 0
    outer loop
      vertex 40.0124 66.3742 2
      vertex 39.8599 66.299 26.05
      vertex 40.0124 66.3742 26.05
    endloop
  endfacet
  facet normal -0.442267 0.896884 0
    outer loop
      vertex 39.8599 66.299 26.05
      vertex 40.0124 66.3742 2
      vertex 39.8599 66.299 2
    endloop
  endfacet
  facet normal 0.442267 -0.896884 0
    outer loop
      vertex 38.7124 68.6258 2
      vertex 38.8649 68.701 26.05
      vertex 38.7124 68.6258 26.05
    endloop
  endfacet
  facet normal 0.442267 -0.896884 0
    outer loop
      vertex 38.8649 68.701 26.05
      vertex 38.7124 68.6258 2
      vertex 38.8649 68.701 2
    endloop
  endfacet
  facet normal -0.831688 0.555243 0
    outer loop
      vertex 40.3938 66.7086 2
      vertex 40.4882 66.85 26.05
      vertex 40.4882 66.85 2
    endloop
  endfacet
  facet normal -0.831688 0.555243 0
    outer loop
      vertex 40.4882 66.85 26.05
      vertex 40.3938 66.7086 2
      vertex 40.3938 66.7086 26.05
    endloop
  endfacet
  facet normal 0.321692 0.946844 -0
    outer loop
      vertex 39.0259 66.2443 2
      vertex 38.8649 66.299 26.05
      vertex 39.0259 66.2443 26.05
    endloop
  endfacet
  facet normal 0.321692 0.946844 0
    outer loop
      vertex 38.8649 66.299 26.05
      vertex 39.0259 66.2443 2
      vertex 38.8649 66.299 2
    endloop
  endfacet
  facet normal -0.195211 0.980761 0
    outer loop
      vertex 39.6989 66.2443 2
      vertex 39.5321 66.2111 26.05
      vertex 39.6989 66.2443 26.05
    endloop
  endfacet
  facet normal -0.195211 0.980761 0
    outer loop
      vertex 39.5321 66.2111 26.05
      vertex 39.6989 66.2443 2
      vertex 39.5321 66.2111 2
    endloop
  endfacet
  facet normal -0.0652701 -0.997868 0
    outer loop
      vertex 39.3624 68.8 2
      vertex 39.5321 68.7889 26.05
      vertex 39.3624 68.8 26.05
    endloop
  endfacet
  facet normal -0.0652701 -0.997868 -0
    outer loop
      vertex 39.5321 68.7889 26.05
      vertex 39.3624 68.8 2
      vertex 39.5321 68.7889 2
    endloop
  endfacet
  facet normal -0.980761 0.195211 0
    outer loop
      vertex 40.6181 67.1635 2
      vertex 40.6513 67.3303 26.05
      vertex 40.6513 67.3303 2
    endloop
  endfacet
  facet normal -0.980761 0.195211 0
    outer loop
      vertex 40.6513 67.3303 26.05
      vertex 40.6181 67.1635 2
      vertex 40.6181 67.1635 26.05
    endloop
  endfacet
  facet normal 0.659753 0.751483 -0
    outer loop
      vertex 38.571 66.4686 2
      vertex 38.4432 66.5808 26.05
      vertex 38.571 66.4686 26.05
    endloop
  endfacet
  facet normal 0.659753 0.751483 0
    outer loop
      vertex 38.4432 66.5808 26.05
      vertex 38.571 66.4686 2
      vertex 38.4432 66.5808 2
    endloop
  endfacet
  facet normal -0.555243 0.831688 0
    outer loop
      vertex 40.1538 66.4686 2
      vertex 40.0124 66.3742 26.05
      vertex 40.1538 66.4686 26.05
    endloop
  endfacet
  facet normal -0.555243 0.831688 0
    outer loop
      vertex 40.0124 66.3742 26.05
      vertex 40.1538 66.4686 2
      vertex 40.0124 66.3742 2
    endloop
  endfacet
  facet normal -0.555243 -0.831688 0
    outer loop
      vertex 40.0124 68.6258 2
      vertex 40.1538 68.5314 26.05
      vertex 40.0124 68.6258 26.05
    endloop
  endfacet
  facet normal -0.555243 -0.831688 -0
    outer loop
      vertex 40.1538 68.5314 26.05
      vertex 40.0124 68.6258 2
      vertex 40.1538 68.5314 2
    endloop
  endfacet
  facet normal -0.896884 0.442267 0
    outer loop
      vertex 40.4882 66.85 2
      vertex 40.5634 67.0025 26.05
      vertex 40.5634 67.0025 2
    endloop
  endfacet
  facet normal -0.896884 0.442267 0
    outer loop
      vertex 40.5634 67.0025 26.05
      vertex 40.4882 66.85 2
      vertex 40.4882 66.85 26.05
    endloop
  endfacet
  facet normal 0.555243 -0.831688 0
    outer loop
      vertex 38.571 68.5314 2
      vertex 38.7124 68.6258 26.05
      vertex 38.571 68.5314 26.05
    endloop
  endfacet
  facet normal 0.555243 -0.831688 0
    outer loop
      vertex 38.7124 68.6258 26.05
      vertex 38.571 68.5314 2
      vertex 38.7124 68.6258 2
    endloop
  endfacet
  facet normal -0.751483 0.659753 0
    outer loop
      vertex 40.2816 66.5808 2
      vertex 40.3938 66.7086 26.05
      vertex 40.3938 66.7086 2
    endloop
  endfacet
  facet normal -0.751483 0.659753 0
    outer loop
      vertex 40.3938 66.7086 26.05
      vertex 40.2816 66.5808 2
      vertex 40.2816 66.5808 26.05
    endloop
  endfacet
  facet normal -0.195211 -0.980761 0
    outer loop
      vertex 39.5321 68.7889 2
      vertex 39.6989 68.7557 26.05
      vertex 39.5321 68.7889 26.05
    endloop
  endfacet
  facet normal -0.195211 -0.980761 -0
    outer loop
      vertex 39.6989 68.7557 26.05
      vertex 39.5321 68.7889 2
      vertex 39.6989 68.7557 2
    endloop
  endfacet
  facet normal 0.997868 -0.0652701 0
    outer loop
      vertex 38.0624 67.5 26.05
      vertex 38.0735 67.6697 2
      vertex 38.0735 67.6697 26.05
    endloop
  endfacet
  facet normal 0.997868 -0.0652701 0
    outer loop
      vertex 38.0735 67.6697 2
      vertex 38.0624 67.5 26.05
      vertex 38.0624 67.5 2
    endloop
  endfacet
  facet normal 0.659753 -0.751483 0
    outer loop
      vertex 38.4432 68.4192 2
      vertex 38.571 68.5314 26.05
      vertex 38.4432 68.4192 26.05
    endloop
  endfacet
  facet normal 0.659753 -0.751483 0
    outer loop
      vertex 38.571 68.5314 26.05
      vertex 38.4432 68.4192 2
      vertex 38.571 68.5314 2
    endloop
  endfacet
  facet normal 0.321692 -0.946844 0
    outer loop
      vertex 38.8649 68.701 2
      vertex 39.0259 68.7557 26.05
      vertex 38.8649 68.701 26.05
    endloop
  endfacet
  facet normal 0.321692 -0.946844 0
    outer loop
      vertex 39.0259 68.7557 26.05
      vertex 38.8649 68.701 2
      vertex 39.0259 68.7557 2
    endloop
  endfacet
  facet normal -0.997868 0.0652701 0
    outer loop
      vertex 40.6513 67.3303 2
      vertex 40.6624 67.5 26.05
      vertex 40.6624 67.5 2
    endloop
  endfacet
  facet normal -0.997868 0.0652701 0
    outer loop
      vertex 40.6624 67.5 26.05
      vertex 40.6513 67.3303 2
      vertex 40.6513 67.3303 26.05
    endloop
  endfacet
  facet normal 0.980761 0.195211 0
    outer loop
      vertex 38.1067 67.1635 26.05
      vertex 38.0735 67.3303 2
      vertex 38.0735 67.3303 26.05
    endloop
  endfacet
  facet normal 0.980761 0.195211 0
    outer loop
      vertex 38.0735 67.3303 2
      vertex 38.1067 67.1635 26.05
      vertex 38.1067 67.1635 2
    endloop
  endfacet
  facet normal -0.0652701 0.997868 0
    outer loop
      vertex 39.5321 66.2111 2
      vertex 39.3624 66.2 26.05
      vertex 39.5321 66.2111 26.05
    endloop
  endfacet
  facet normal -0.0652701 0.997868 0
    outer loop
      vertex 39.3624 66.2 26.05
      vertex 39.5321 66.2111 2
      vertex 39.3624 66.2 2
    endloop
  endfacet
  facet normal 0.831688 0.555243 0
    outer loop
      vertex 38.331 66.7086 26.05
      vertex 38.2366 66.85 2
      vertex 38.2366 66.85 26.05
    endloop
  endfacet
  facet normal 0.831688 0.555243 0
    outer loop
      vertex 38.2366 66.85 2
      vertex 38.331 66.7086 26.05
      vertex 38.331 66.7086 2
    endloop
  endfacet
  facet normal 0.0652701 -0.997868 0
    outer loop
      vertex 39.1927 68.7889 2
      vertex 39.3624 68.8 26.05
      vertex 39.1927 68.7889 26.05
    endloop
  endfacet
  facet normal 0.0652701 -0.997868 0
    outer loop
      vertex 39.3624 68.8 26.05
      vertex 39.1927 68.7889 2
      vertex 39.3624 68.8 2
    endloop
  endfacet
  facet normal 0.751483 0.659753 0
    outer loop
      vertex 38.4432 66.5808 26.05
      vertex 38.331 66.7086 2
      vertex 38.331 66.7086 26.05
    endloop
  endfacet
  facet normal 0.751483 0.659753 0
    outer loop
      vertex 38.331 66.7086 2
      vertex 38.4432 66.5808 26.05
      vertex 38.4432 66.5808 2
    endloop
  endfacet
  facet normal -0.442267 -0.896884 0
    outer loop
      vertex 39.8599 68.701 2
      vertex 40.0124 68.6258 26.05
      vertex 39.8599 68.701 26.05
    endloop
  endfacet
  facet normal -0.442267 -0.896884 -0
    outer loop
      vertex 40.0124 68.6258 26.05
      vertex 39.8599 68.701 2
      vertex 40.0124 68.6258 2
    endloop
  endfacet
  facet normal 0.946844 0.321692 0
    outer loop
      vertex 38.1614 67.0025 26.05
      vertex 38.1067 67.1635 2
      vertex 38.1067 67.1635 26.05
    endloop
  endfacet
  facet normal 0.946844 0.321692 0
    outer loop
      vertex 38.1067 67.1635 2
      vertex 38.1614 67.0025 26.05
      vertex 38.1614 67.0025 2
    endloop
  endfacet
  facet normal 0.195211 -0.980761 0
    outer loop
      vertex 39.0259 68.7557 2
      vertex 39.1927 68.7889 26.05
      vertex 39.0259 68.7557 26.05
    endloop
  endfacet
  facet normal 0.195211 -0.980761 0
    outer loop
      vertex 39.1927 68.7889 26.05
      vertex 39.0259 68.7557 2
      vertex 39.1927 68.7889 2
    endloop
  endfacet
  facet normal 0.997868 0.0652701 0
    outer loop
      vertex 38.0735 67.3303 26.05
      vertex 38.0624 67.5 2
      vertex 38.0624 67.5 26.05
    endloop
  endfacet
  facet normal 0.997868 0.0652701 0
    outer loop
      vertex 38.0624 67.5 2
      vertex 38.0735 67.3303 26.05
      vertex 38.0735 67.3303 2
    endloop
  endfacet
  facet normal 0.195211 0.980761 -0
    outer loop
      vertex 39.1927 66.2111 2
      vertex 39.0259 66.2443 26.05
      vertex 39.1927 66.2111 26.05
    endloop
  endfacet
  facet normal 0.195211 0.980761 0
    outer loop
      vertex 39.0259 66.2443 26.05
      vertex 39.1927 66.2111 2
      vertex 39.0259 66.2443 2
    endloop
  endfacet
  facet normal -0.751483 -0.659753 0
    outer loop
      vertex 40.3938 68.2914 2
      vertex 40.2816 68.4192 26.05
      vertex 40.2816 68.4192 2
    endloop
  endfacet
  facet normal -0.751483 -0.659753 0
    outer loop
      vertex 40.2816 68.4192 26.05
      vertex 40.3938 68.2914 2
      vertex 40.3938 68.2914 26.05
    endloop
  endfacet
  facet normal 0.555243 0.831688 -0
    outer loop
      vertex 38.7124 66.3742 2
      vertex 38.571 66.4686 26.05
      vertex 38.7124 66.3742 26.05
    endloop
  endfacet
  facet normal 0.555243 0.831688 0
    outer loop
      vertex 38.571 66.4686 26.05
      vertex 38.7124 66.3742 2
      vertex 38.571 66.4686 2
    endloop
  endfacet
  facet normal 0.980761 -0.195211 0
    outer loop
      vertex 38.0735 67.6697 26.05
      vertex 38.1067 67.8365 2
      vertex 38.1067 67.8365 26.05
    endloop
  endfacet
  facet normal 0.980761 -0.195211 0
    outer loop
      vertex 38.1067 67.8365 2
      vertex 38.0735 67.6697 26.05
      vertex 38.0735 67.6697 2
    endloop
  endfacet
  facet normal 0.0652701 0.997868 -0
    outer loop
      vertex 39.3624 66.2 2
      vertex 39.1927 66.2111 26.05
      vertex 39.3624 66.2 26.05
    endloop
  endfacet
  facet normal 0.0652701 0.997868 0
    outer loop
      vertex 39.1927 66.2111 26.05
      vertex 39.3624 66.2 2
      vertex 39.1927 66.2111 2
    endloop
  endfacet
  facet normal -0.659753 0.751483 0
    outer loop
      vertex 40.2816 66.5808 2
      vertex 40.1538 66.4686 26.05
      vertex 40.2816 66.5808 26.05
    endloop
  endfacet
  facet normal -0.659753 0.751483 0
    outer loop
      vertex 40.1538 66.4686 26.05
      vertex 40.2816 66.5808 2
      vertex 40.1538 66.4686 2
    endloop
  endfacet
endsolid OpenSCAD_Model
